asset_id,category,source,source_identifier,relative_path,kind,required_by,expected_shape,status,bytes,sha256,archive_doi,notes
sentinel2_urban,primary_input,Copernicus Sentinel-2 L2A,S2B_MSIL2A_20260527T105619_N0512_R094_T31UDQ_20260527T133135,notebooks/data/urban_data.zarr,zarr,test-resample-paper.ipynb;noise_sensitivity.ipynb;real_groundtruth_downscale.ipynb,256x256 native 10 m patch,available,1182777,a02542b7e9567ecaa7c616688e7bed1ab4957181867e234a2991b43533628d7d,10.5281/zenodo.22210945,"Must retain B04, projected/geographic coordinates, CRS and source provenance attributes."
esri_latent_urban,regenerated_input,Esri World Imagery Wayback release 26334 (2026-08-05),zoom=17;scene=urban;wayback=26334,notebooks/data/esri_latent/urban__z17_n256_os4.zarr,zarr,test-resample-paper.ipynb;noise_sensitivity.ipynb,latent_hr:1024x1024 float32;x_hr:1024;y_hr:1024,available,3747669,bfb5c99fe230d39f9f56ee8e5b9495769f52d9cfc42ceed752b25e7db44dbd27,,NOT redistributed (Esri terms). Regenerated locally by the notebook's acquisition cells from the pinned Wayback release; the SHA-256 here pins the expected regeneration.
sentinel2_water,primary_input,Copernicus Sentinel-2 L2A,S2A_MSIL2A_20260624T103041_N0512_R108_T32TLS_20260624T182910,notebooks/data/water_data.zarr,zarr,test-resample-paper.ipynb;noise_sensitivity.ipynb;real_groundtruth_downscale.ipynb,256x256 native 10 m patch,available,1163123,2b3ae55320df9cfe8261630e22e75b2f103f32d453a752e353294f549afdd978,10.5281/zenodo.22210945,"Must retain B04, projected/geographic coordinates, CRS and source provenance attributes."
esri_latent_water,regenerated_input,Esri World Imagery Wayback release 26334 (2026-08-05),zoom=17;scene=water;wayback=26334,notebooks/data/esri_latent/water__z17_n256_os4.zarr,zarr,test-resample-paper.ipynb;noise_sensitivity.ipynb,latent_hr:1024x1024 float32;x_hr:1024;y_hr:1024,available,1620917,181e417323b8b0c245ddf5762cfb4892fc712ee28b891986f13c93c1359824d0,,NOT redistributed (Esri terms). Regenerated locally by the notebook's acquisition cells from the pinned Wayback release; the SHA-256 here pins the expected regeneration.
sentinel2_forest,primary_input,Copernicus Sentinel-2 L2A,S2A_MSIL2A_20260704T102701_N0512_R108_T32UMU_20260704T170718,notebooks/data/forest_data.zarr,zarr,test-resample-paper.ipynb;noise_sensitivity.ipynb;real_groundtruth_downscale.ipynb,256x256 native 10 m patch,available,1168351,3efe18521bc9e175fa5146ecf106ba85ef4560b5130ff05e30e1906a018200c9,10.5281/zenodo.22210945,"Must retain B04, projected/geographic coordinates, CRS and source provenance attributes."
esri_latent_forest,regenerated_input,Esri World Imagery Wayback release 26334 (2026-08-05),zoom=17;scene=forest;wayback=26334,notebooks/data/esri_latent/forest__z17_n256_os4.zarr,zarr,test-resample-paper.ipynb;noise_sensitivity.ipynb,latent_hr:1024x1024 float32;x_hr:1024;y_hr:1024,available,3541205,58193baddb466f3ab1d64f33f064a150c2159a9151747a6ea8d90b2734c93a6f,,NOT redistributed (Esri terms). Regenerated locally by the notebook's acquisition cells from the pinned Wayback release; the SHA-256 here pins the expected regeneration.
sentinel2_agriculture,primary_input,Copernicus Sentinel-2 L2A,S2B_MSIL2A_20260623T104619_N0512_R051_T31UCP_20260623T132606,notebooks/data/agriculture_data.zarr,zarr,test-resample-paper.ipynb;noise_sensitivity.ipynb;real_groundtruth_downscale.ipynb,256x256 native 10 m patch,available,1184399,5dcdc21595afc5d6388685f7d13675149566fb9a3a6260e79b933c8fa32e43b9,10.5281/zenodo.22210945,"Must retain B04, projected/geographic coordinates, CRS and source provenance attributes."
esri_latent_agriculture,regenerated_input,Esri World Imagery Wayback release 26334 (2026-08-05),zoom=17;scene=agriculture;wayback=26334,notebooks/data/esri_latent/agriculture__z17_n256_os4.zarr,zarr,test-resample-paper.ipynb;noise_sensitivity.ipynb,latent_hr:1024x1024 float32;x_hr:1024;y_hr:1024,available,3360256,06b0465510b2f2ff1ca71863e95b7f459982ecdbbc078280e1a9eb1837cce693,,NOT redistributed (Esri terms). Regenerated locally by the notebook's acquisition cells from the pinned Wayback release; the SHA-256 here pins the expected regeneration.
esri_multipatch_urban__singapore__r0c0,regenerated_input,Esri World Imagery Wayback release 26334 (2026-08-05),zoom=17;lat=1.2541021198934994;lon=103.81596794666491;wayback=26334,notebooks/data/multi_patch_latitude/esri_patch_cache/urban__singapore__r0c0__z17_n256_os4_gsd10.zarr,zarr,multi_patch_latitude_validation.ipynb;throughput_scaling_benchmark.ipynb,latent_hr:1024x1024 float32,available,2775314,8f527f3b70126fde8682e97ca40ad71c834f017026388eae5b4236d0ba93b983,,NOT redistributed (Esri terms). One of 360 patches regenerated locally from the pinned Wayback release; the SHA-256 here pins the expected regeneration.
esri_multipatch_urban__singapore__r0c1,regenerated_input,Esri World Imagery Wayback release 26334 (2026-08-05),zoom=17;lat=1.2541182383741496;lon=103.85191599538406;wayback=26334,notebooks/data/multi_patch_latitude/esri_patch_cache/urban__singapore__r0c1__z17_n256_os4_gsd10.zarr,zarr,multi_patch_latitude_validation.ipynb;throughput_scaling_benchmark.ipynb,latent_hr:1024x1024 float32,available,3356622,fe40ada680f92220b707a9e921aaa8a832b0e91bddfa7e4e7b9ea15eba4030a5,,NOT redistributed (Esri terms). One of 360 patches regenerated locally from the pinned Wayback release; the SHA-256 here pins the expected regeneration.
esri_multipatch_urban__singapore__r0c2,regenerated_input,Esri World Imagery Wayback release 26334 (2026-08-05),zoom=17;lat=1.254133860201693;lon=103.88786449936873;wayback=26334,notebooks/data/multi_patch_latitude/esri_patch_cache/urban__singapore__r0c2__z17_n256_os4_gsd10.zarr,zarr,multi_patch_latitude_validation.ipynb;throughput_scaling_benchmark.ipynb,latent_hr:1024x1024 float32,available,3482415,514a910b805d0aa9899c0724739ab7777be8959a6c61d0cf76b0c57d850a62df,,NOT redistributed (Esri terms). One of 360 patches regenerated locally from the pinned Wayback release; the SHA-256 here pins the expected regeneration.
esri_multipatch_urban__singapore__r1c0,regenerated_input,Esri World Imagery Wayback release 26334 (2026-08-05),zoom=17;lat=1.2902834163465642;lon=103.81595145072481;wayback=26334,notebooks/data/multi_patch_latitude/esri_patch_cache/urban__singapore__r1c0__z17_n256_os4_gsd10.zarr,zarr,multi_patch_latitude_validation.ipynb;throughput_scaling_benchmark.ipynb,latent_hr:1024x1024 float32,available,3633862,c5381e633f90e8758be45044b5ccf00c9f098cfdc877e0159b570280c1b4f240,,NOT redistributed (Esri terms). One of 360 patches regenerated locally from the pinned Wayback release; the SHA-256 here pins the expected regeneration.
esri_multipatch_urban__singapore__r1c1,regenerated_input,Esri World Imagery Wayback release 26334 (2026-08-05),zoom=17;lat=1.2902999999999998;lon=103.8519;wayback=26334,notebooks/data/multi_patch_latitude/esri_patch_cache/urban__singapore__r1c1__z17_n256_os4_gsd10.zarr,zarr,multi_patch_latitude_validation.ipynb;throughput_scaling_benchmark.ipynb,latent_hr:1024x1024 float32,available,3596455,1672839a7e728261468b8308be3d54fddc6ea7bd86c1ee8c02098bf7e8c501e9,,NOT redistributed (Esri terms). One of 360 patches regenerated locally from the pinned Wayback release; the SHA-256 here pins the expected regeneration.
esri_multipatch_urban__singapore__r1c2,regenerated_input,Esri World Imagery Wayback release 26334 (2026-08-05),zoom=17;lat=1.290316072667127;lon=103.88784900457223;wayback=26334,notebooks/data/multi_patch_latitude/esri_patch_cache/urban__singapore__r1c2__z17_n256_os4_gsd10.zarr,zarr,multi_patch_latitude_validation.ipynb;throughput_scaling_benchmark.ipynb,latent_hr:1024x1024 float32,available,3616411,ddaf6fca9e46ffd33f8b807db5ec271fa94619cd4b64d0b5fc215386fc7c554b,,NOT redistributed (Esri terms). One of 360 patches regenerated locally from the pinned Wayback release; the SHA-256 here pins the expected regeneration.
esri_multipatch_urban__singapore__r2c0,regenerated_input,Esri World Imagery Wayback release 26334 (2026-08-05),zoom=17;lat=1.3264647022528997;lon=103.81593448523955;wayback=26334,notebooks/data/multi_patch_latitude/esri_patch_cache/urban__singapore__r2c0__z17_n256_os4_gsd10.zarr,zarr,multi_patch_latitude_validation.ipynb;throughput_scaling_benchmark.ipynb,latent_hr:1024x1024 float32,available,3548422,54ad5b288f86a1834cf945f3d55ca47a5f9b72bc2130f2e34e74f3f60f955059,,NOT redistributed (Esri terms). One of 360 patches regenerated locally from the pinned Wayback release; the SHA-256 here pins the expected regeneration.
esri_multipatch_urban__singapore__r2c1,regenerated_input,Esri World Imagery Wayback release 26334 (2026-08-05),zoom=17;lat=1.3264817510916866;lon=103.85188354931874;wayback=26334,notebooks/data/multi_patch_latitude/esri_patch_cache/urban__singapore__r2c1__z17_n256_os4_gsd10.zarr,zarr,multi_patch_latitude_validation.ipynb;throughput_scaling_benchmark.ipynb,latent_hr:1024x1024 float32,available,3595390,b48a84ec8273d6f98d93c4f38ef3537791b10adc13dea968a2433ec0311a4d8f,,NOT redistributed (Esri terms). One of 360 patches regenerated locally from the pinned Wayback release; the SHA-256 here pins the expected regeneration.
esri_multipatch_urban__singapore__r2c2,regenerated_input,Esri World Imagery Wayback release 26334 (2026-08-05),zoom=17;lat=1.326498274610578;lon=103.88783306872739;wayback=26334,notebooks/data/multi_patch_latitude/esri_patch_cache/urban__singapore__r2c2__z17_n256_os4_gsd10.zarr,zarr,multi_patch_latitude_validation.ipynb;throughput_scaling_benchmark.ipynb,latent_hr:1024x1024 float32,available,3622885,c4d7edc54102f32c98cfcd27c41bddc1ae4b0824361633c4aaada685f211f44b,,NOT redistributed (Esri terms). One of 360 patches regenerated locally from the pinned Wayback release; the SHA-256 here pins the expected regeneration.
esri_multipatch_urban__nairobi__r0c0,regenerated_input,Esri World Imagery Wayback release 26334 (2026-08-05),zoom=17;lat=-1.3225305542879326;lon=36.78123901895743;wayback=26334,notebooks/data/multi_patch_latitude/esri_patch_cache/urban__nairobi__r0c0__z17_n256_os4_gsd10.zarr,zarr,multi_patch_latitude_validation.ipynb;throughput_scaling_benchmark.ipynb,latent_hr:1024x1024 float32,available,3601346,f971e7f21ac11f9eea52b3178f22ff1f7b703af0cb58108f248103eb14e4760e,,NOT redistributed (Esri terms). One of 360 patches regenerated locally from the pinned Wayback release; the SHA-256 here pins the expected regeneration.
esri_multipatch_urban__nairobi__r0c1,regenerated_input,Esri World Imagery Wayback release 26334 (2026-08-05),zoom=17;lat=-1.3225626302473925;lon=36.8171688223362;wayback=26334,notebooks/data/multi_patch_latitude/esri_patch_cache/urban__nairobi__r0c1__z17_n256_os4_gsd10.zarr,zarr,multi_patch_latitude_validation.ipynb;throughput_scaling_benchmark.ipynb,latent_hr:1024x1024 float32,available,3520175,24b3931681c7a3520b3c2de47bac19ae8bf10f0d7e3909eafc2db266f1faaff7,,NOT redistributed (Esri terms). One of 360 patches regenerated locally from the pinned Wayback release; the SHA-256 here pins the expected regeneration.
esri_multipatch_urban__nairobi__r0c2,regenerated_input,Esri World Imagery Wayback release 26334 (2026-08-05),zoom=17;lat=-1.3225941835392068;lon=36.85309949078891;wayback=26334,notebooks/data/multi_patch_latitude/esri_patch_cache/urban__nairobi__r0c2__z17_n256_os4_gsd10.zarr,zarr,multi_patch_latitude_validation.ipynb;throughput_scaling_benchmark.ipynb,latent_hr:1024x1024 float32,available,3528418,885920a5ff868c0ef5cc48170e0f18b74cd1bce35aaaf2bfdda3337ffcd440ab,,NOT redistributed (Esri terms). One of 360 patches regenerated locally from the pinned Wayback release; the SHA-256 here pins the expected regeneration.
esri_multipatch_urban__nairobi__r1c0,regenerated_input,Esri World Imagery Wayback release 26334 (2026-08-05),zoom=17;lat=-1.286368801375594;lon=36.781270708793215;wayback=26334,notebooks/data/multi_patch_latitude/esri_patch_cache/urban__nairobi__r1c0__z17_n256_os4_gsd10.zarr,zarr,multi_patch_latitude_validation.ipynb;throughput_scaling_benchmark.ipynb,latent_hr:1024x1024 float32,available,3657081,2bd4a9e7e137d8d4295e4ce9a15e5c80d928d1748cf564623264cdf76516cf7a,,NOT redistributed (Esri terms). One of 360 patches regenerated locally from the pinned Wayback release; the SHA-256 here pins the expected regeneration.
esri_multipatch_urban__nairobi__r1c1,regenerated_input,Esri World Imagery Wayback release 26334 (2026-08-05),zoom=17;lat=-1.2863999999999969;lon=36.8172;wayback=26334,notebooks/data/multi_patch_latitude/esri_patch_cache/urban__nairobi__r1c1__z17_n256_os4_gsd10.zarr,zarr,multi_patch_latitude_validation.ipynb;throughput_scaling_benchmark.ipynb,latent_hr:1024x1024 float32,available,3633703,2ca923c9d59cf0d3586506b9635d717ac60ee849d04abf55a560dd2bbcbcb7f7,,NOT redistributed (Esri terms). One of 360 patches regenerated locally from the pinned Wayback release; the SHA-256 here pins the expected regeneration.
esri_multipatch_urban__nairobi__r1c2,regenerated_input,Esri World Imagery Wayback release 26334 (2026-08-05),zoom=17;lat=-1.2864306902526315;lon=36.85313015621936;wayback=26334,notebooks/data/multi_patch_latitude/esri_patch_cache/urban__nairobi__r1c2__z17_n256_os4_gsd10.zarr,zarr,multi_patch_latitude_validation.ipynb;throughput_scaling_benchmark.ipynb,latent_hr:1024x1024 float32,available,3579495,65f3fc8a1dc0478b460577058c90b3b7396b1edb13bb1e200bbe49d503c03642,,NOT redistributed (Esri terms). One of 360 patches regenerated locally from the pinned Wayback release; the SHA-256 here pins the expected regeneration.
esri_multipatch_urban__nairobi__r2c0,regenerated_input,Esri World Imagery Wayback release 26334 (2026-08-05),zoom=17;lat=-1.2502070374169012;lon=36.781301519406156;wayback=26334,notebooks/data/multi_patch_latitude/esri_patch_cache/urban__nairobi__r2c0__z17_n256_os4_gsd10.zarr,zarr,multi_patch_latitude_validation.ipynb;throughput_scaling_benchmark.ipynb,latent_hr:1024x1024 float32,available,3579305,87750a41ce2df5c819791d210bf1106a19c98db3e513a26046f230b5989105d4,,NOT redistributed (Esri terms). One of 360 patches regenerated locally from the pinned Wayback release; the SHA-256 here pins the expected regeneration.
esri_multipatch_urban__nairobi__r2c1,regenerated_input,Esri World Imagery Wayback release 26334 (2026-08-05),zoom=17;lat=-1.2502373587298494;lon=36.817230312650956;wayback=26334,notebooks/data/multi_patch_latitude/esri_patch_cache/urban__nairobi__r2c1__z17_n256_os4_gsd10.zarr,zarr,multi_patch_latitude_validation.ipynb;throughput_scaling_benchmark.ipynb,latent_hr:1024x1024 float32,available,3622073,06ae4fe044a846ecfd4767fdc3084ce7db19ff45fd7539eff82e10eca98eee82,,NOT redistributed (Esri terms). One of 360 patches regenerated locally from the pinned Wayback release; the SHA-256 here pins the expected regeneration.
esri_multipatch_urban__nairobi__r2c2,regenerated_input,Esri World Imagery Wayback release 26334 (2026-08-05),zoom=17;lat=-1.2502671859665244;lon=36.85315997084865;wayback=26334,notebooks/data/multi_patch_latitude/esri_patch_cache/urban__nairobi__r2c2__z17_n256_os4_gsd10.zarr,zarr,multi_patch_latitude_validation.ipynb;throughput_scaling_benchmark.ipynb,latent_hr:1024x1024 float32,available,3523472,4de613cba69f0376d28566905b68f1694e121827f134704e7e3210a969da5f7e,,NOT redistributed (Esri terms). One of 360 patches regenerated locally from the pinned Wayback release; the SHA-256 here pins the expected regeneration.
esri_multipatch_urban__sao_paulo__r0c0,regenerated_input,Esri World Imagery Wayback release 26334 (2026-08-05),zoom=17;lat=-23.586199295303587;lon=-46.672933198899024;wayback=26334,notebooks/data/multi_patch_latitude/esri_patch_cache/urban__sao_paulo__r0c0__z17_n256_os4_gsd10.zarr,zarr,multi_patch_latitude_validation.ipynb;throughput_scaling_benchmark.ipynb,latent_hr:1024x1024 float32,available,3747323,1b7ad0515bd3b6863926d0307c214b1300c407be46072fb4dbbf191023c7bf75,,NOT redistributed (Esri terms). One of 360 patches regenerated locally from the pinned Wayback release; the SHA-256 here pins the expected regeneration.
esri_multipatch_urban__sao_paulo__r0c1,regenerated_input,Esri World Imagery Wayback release 26334 (2026-08-05),zoom=17;lat=-23.58661641824638;lon=-46.633746782506876;wayback=26334,notebooks/data/multi_patch_latitude/esri_patch_cache/urban__sao_paulo__r0c1__z17_n256_os4_gsd10.zarr,zarr,multi_patch_latitude_validation.ipynb;throughput_scaling_benchmark.ipynb,latent_hr:1024x1024 float32,available,3715658,c867ecd2f915066fcce062536c3582e73301df59e4351cf16917760888095999,,NOT redistributed (Esri terms). One of 360 patches regenerated locally from the pinned Wayback release; the SHA-256 here pins the expected regeneration.
esri_multipatch_urban__sao_paulo__r0c2,regenerated_input,Esri World Imagery Wayback release 26334 (2026-08-05),zoom=17;lat=-23.58702366399111;lon=-46.594559475654854;wayback=26334,notebooks/data/multi_patch_latitude/esri_patch_cache/urban__sao_paulo__r0c2__z17_n256_os4_gsd10.zarr,zarr,multi_patch_latitude_validation.ipynb;throughput_scaling_benchmark.ipynb,latent_hr:1024x1024 float32,available,3689227,7b700d2b39a2efd2be479767f228128abfc26a69de2894fa840c2eea3d463d92,,NOT redistributed (Esri terms). One of 360 patches regenerated locally from the pinned Wayback release; the SHA-256 here pins the expected regeneration.
esri_multipatch_urban__sao_paulo__r1c0,regenerated_input,Esri World Imagery Wayback release 26334 (2026-08-05),zoom=17;lat=-23.550083591293532;lon=-46.672475712076306;wayback=26334,notebooks/data/multi_patch_latitude/esri_patch_cache/urban__sao_paulo__r1c0__z17_n256_os4_gsd10.zarr,zarr,multi_patch_latitude_validation.ipynb;throughput_scaling_benchmark.ipynb,latent_hr:1024x1024 float32,available,3781979,ccc3e1d31a2b5c7963b5cba236a79de559638fe680b068568b2934c612d948b0,,NOT redistributed (Esri terms). One of 360 patches regenerated locally from the pinned Wayback release; the SHA-256 here pins the expected regeneration.
esri_multipatch_urban__sao_paulo__r1c1,regenerated_input,Esri World Imagery Wayback release 26334 (2026-08-05),zoom=17;lat=-23.5505;lon=-46.6333;wayback=26334,notebooks/data/multi_patch_latitude/esri_patch_cache/urban__sao_paulo__r1c1__z17_n256_os4_gsd10.zarr,zarr,multi_patch_latitude_validation.ipynb;throughput_scaling_benchmark.ipynb,latent_hr:1024x1024 float32,available,3705656,9ccdc9ff95f7679b1469f5801be1e7fcf7cb85adddfe9ef639b4ed4190d85a41,,NOT redistributed (Esri terms). One of 360 patches regenerated locally from the pinned Wayback release; the SHA-256 here pins the expected regeneration.
esri_multipatch_urban__sao_paulo__r1c2,regenerated_input,Esri World Imagery Wayback release 26334 (2026-08-05),zoom=17;lat=-23.550906548416815;lon=-46.594123398542685;wayback=26334,notebooks/data/multi_patch_latitude/esri_patch_cache/urban__sao_paulo__r1c2__z17_n256_os4_gsd10.zarr,zarr,multi_patch_latitude_validation.ipynb;throughput_scaling_benchmark.ipynb,latent_hr:1024x1024 float32,available,3702932,6f0521df2d62f64eb037421f896fab2f91dcde02e65cd6d53c06623a61751601,,NOT redistributed (Esri terms). One of 360 patches regenerated locally from the pinned Wayback release; the SHA-256 here pins the expected regeneration.
esri_multipatch_urban__sao_paulo__r2c0,regenerated_input,Esri World Imagery Wayback release 26334 (2026-08-05),zoom=17;lat=-23.513967711274553;lon=-46.672019135933624;wayback=26334,notebooks/data/multi_patch_latitude/esri_patch_cache/urban__sao_paulo__r2c0__z17_n256_os4_gsd10.zarr,zarr,multi_patch_latitude_validation.ipynb;throughput_scaling_benchmark.ipynb,latent_hr:1024x1024 float32,available,3700810,10f2b56adbbdb5f985135b08252143cbfafb9a5fe79d68d459b62deb389e6610,,NOT redistributed (Esri terms). One of 360 patches regenerated locally from the pinned Wayback release; the SHA-256 here pins the expected regeneration.
esri_multipatch_urban__sao_paulo__r2c1,regenerated_input,Esri World Imagery Wayback release 26334 (2026-08-05),zoom=17;lat=-23.51438340612312;lon=-46.63285410687462;wayback=26334,notebooks/data/multi_patch_latitude/esri_patch_cache/urban__sao_paulo__r2c1__z17_n256_os4_gsd10.zarr,zarr,multi_patch_latitude_validation.ipynb;throughput_scaling_benchmark.ipynb,latent_hr:1024x1024 float32,available,3618762,0b50f1af05219a73c50ea9faa39ab1e74869aa3ca587c401e012af304c7db410,,NOT redistributed (Esri terms). One of 360 patches regenerated locally from the pinned Wayback release; the SHA-256 here pins the expected regeneration.
esri_multipatch_urban__sao_paulo__r2c2,regenerated_input,Esri World Imagery Wayback release 26334 (2026-08-05),zoom=17;lat=-23.51478925758149;lon=-46.59368818951062;wayback=26334,notebooks/data/multi_patch_latitude/esri_patch_cache/urban__sao_paulo__r2c2__z17_n256_os4_gsd10.zarr,zarr,multi_patch_latitude_validation.ipynb;throughput_scaling_benchmark.ipynb,latent_hr:1024x1024 float32,available,3727992,00efb68a80db2dfdc54828724866c6c802e0d074c37703ec24ccdde4b1c05ea2,,NOT redistributed (Esri terms). One of 360 patches regenerated locally from the pinned Wayback release; the SHA-256 here pins the expected regeneration.
esri_multipatch_urban__cape_town__r0c0,regenerated_input,Esri World Imagery Wayback release 26334 (2026-08-05),zoom=17;lat=-33.960025727460355;lon=18.379763738660497;wayback=26334,notebooks/data/multi_patch_latitude/esri_patch_cache/urban__cape_town__r0c0__z17_n256_os4_gsd10.zarr,zarr,multi_patch_latitude_validation.ipynb;throughput_scaling_benchmark.ipynb,latent_hr:1024x1024 float32,available,3329271,b605f2ead45a4aabfb3c76b04d7316d0141e4bedbab05260f80cff1c04fd4221,,NOT redistributed (Esri terms). One of 360 patches regenerated locally from the pinned Wayback release; the SHA-256 here pins the expected regeneration.
esri_multipatch_urban__cape_town__r0c1,regenerated_input,Esri World Imagery Wayback release 26334 (2026-08-05),zoom=17;lat=-33.9609394320875;lon=18.423013535287144;wayback=26334,notebooks/data/multi_patch_latitude/esri_patch_cache/urban__cape_town__r0c1__z17_n256_os4_gsd10.zarr,zarr,multi_patch_latitude_validation.ipynb;throughput_scaling_benchmark.ipynb,latent_hr:1024x1024 float32,available,3497622,62ff0745d1ad2ad9c17c47ee76380c71bfee3505568742a0e709d7cd2eb54d11,,NOT redistributed (Esri terms). One of 360 patches regenerated locally from the pinned Wayback release; the SHA-256 here pins the expected regeneration.
esri_multipatch_urban__cape_town__r0c2,regenerated_input,Esri World Imagery Wayback release 26334 (2026-08-05),zoom=17;lat=-33.96183796023641;lon=18.466265264593428;wayback=26334,notebooks/data/multi_patch_latitude/esri_patch_cache/urban__cape_town__r0c2__z17_n256_os4_gsd10.zarr,zarr,multi_patch_latitude_validation.ipynb;throughput_scaling_benchmark.ipynb,latent_hr:1024x1024 float32,available,3615445,618983cf4f9c425125584b8b510ce657c15c24508832dc73b05f663780d29b11,,NOT redistributed (Esri terms). One of 360 patches regenerated locally from the pinned Wayback release; the SHA-256 here pins the expected regeneration.
esri_multipatch_urban__cape_town__r1c0,regenerated_input,Esri World Imagery Wayback release 26334 (2026-08-05),zoom=17;lat=-33.923987528109855;lon=18.38086838718791;wayback=26334,notebooks/data/multi_patch_latitude/esri_patch_cache/urban__cape_town__r1c0__z17_n256_os4_gsd10.zarr,zarr,multi_patch_latitude_validation.ipynb;throughput_scaling_benchmark.ipynb,latent_hr:1024x1024 float32,available,3266565,69ee2c307b80134348d6d03c2af3ac651c0d07762b26508b572e57b8f5830eb4,,NOT redistributed (Esri terms). One of 360 patches regenerated locally from the pinned Wayback release; the SHA-256 here pins the expected regeneration.
esri_multipatch_urban__cape_town__r1c1,regenerated_input,Esri World Imagery Wayback release 26334 (2026-08-05),zoom=17;lat=-33.924899999999994;lon=18.4241;wayback=26334,notebooks/data/multi_patch_latitude/esri_patch_cache/urban__cape_town__r1c1__z17_n256_os4_gsd10.zarr,zarr,multi_patch_latitude_validation.ipynb;throughput_scaling_benchmark.ipynb,latent_hr:1024x1024 float32,available,3642104,99786c613b426f8ab42df6ba6292e485471b59b09da25a798099675b381adf61,,NOT redistributed (Esri terms). One of 360 patches regenerated locally from the pinned Wayback release; the SHA-256 here pins the expected regeneration.
esri_multipatch_urban__cape_town__r1c2,regenerated_input,Esri World Imagery Wayback release 26334 (2026-08-05),zoom=17;lat=-33.9257973158621;lon=18.46733354220432;wayback=26334,notebooks/data/multi_patch_latitude/esri_patch_cache/urban__cape_town__r1c2__z17_n256_os4_gsd10.zarr,zarr,multi_patch_latitude_validation.ipynb;throughput_scaling_benchmark.ipynb,latent_hr:1024x1024 float32,available,3633514,e37525d470c2ee7c513a0c9000b8e9748001de32577507217b23aed82b691516,,NOT redistributed (Esri terms). One of 360 patches regenerated locally from the pinned Wayback release; the SHA-256 here pins the expected regeneration.
esri_multipatch_urban__cape_town__r2c0,regenerated_input,Esri World Imagery Wayback release 26334 (2026-08-05),zoom=17;lat=-33.88794908584836;lon=18.381971074093535;wayback=26334,notebooks/data/multi_patch_latitude/esri_patch_cache/urban__cape_town__r2c0__z17_n256_os4_gsd10.zarr,zarr,multi_patch_latitude_validation.ipynb;throughput_scaling_benchmark.ipynb,latent_hr:1024x1024 float32,available,473071,383f7e528597b3abc79a152edc04b8750a2092e1066a54a7c761b20ebbd7de18,,NOT redistributed (Esri terms). One of 360 patches regenerated locally from the pinned Wayback release; the SHA-256 here pins the expected regeneration.
esri_multipatch_urban__cape_town__r2c1,regenerated_input,Esri World Imagery Wayback release 26334 (2026-08-05),zoom=17;lat=-33.88886032601885;lon=18.42518453531914;wayback=26334,notebooks/data/multi_patch_latitude/esri_patch_cache/urban__cape_town__r2c1__z17_n256_os4_gsd10.zarr,zarr,multi_patch_latitude_validation.ipynb;throughput_scaling_benchmark.ipynb,latent_hr:1024x1024 float32,available,1377346,4e62a63d928cc4f391e5c7979d3a375f96975b7b5c9fd04006be2d795c52ef6a,,NOT redistributed (Esri terms). One of 360 patches regenerated locally from the pinned Wayback release; the SHA-256 here pins the expected regeneration.
esri_multipatch_urban__cape_town__r2c2,regenerated_input,Esri World Imagery Wayback release 26334 (2026-08-05),zoom=17;lat=-33.88975643059475;lon=18.46839992265851;wayback=26334,notebooks/data/multi_patch_latitude/esri_patch_cache/urban__cape_town__r2c2__z17_n256_os4_gsd10.zarr,zarr,multi_patch_latitude_validation.ipynb;throughput_scaling_benchmark.ipynb,latent_hr:1024x1024 float32,available,1426946,6f9b3eb3e02445dffbc027cc1dd639214bf63f18272e303ae2a44ce8d630687d,,NOT redistributed (Esri terms). One of 360 patches regenerated locally from the pinned Wayback release; the SHA-256 here pins the expected regeneration.
esri_multipatch_urban__sydney__r0c0,regenerated_input,Esri World Imagery Wayback release 26334 (2026-08-05),zoom=17;lat=-33.904221970944;lon=151.16530175038037;wayback=26334,notebooks/data/multi_patch_latitude/esri_patch_cache/urban__sydney__r0c0__z17_n256_os4_gsd10.zarr,zarr,multi_patch_latitude_validation.ipynb;throughput_scaling_benchmark.ipynb,latent_hr:1024x1024 float32,available,3733599,58f8a07140e33d530bd05640f642438ab2bf058cec476cf4bff8e1d600b92c53,,NOT redistributed (Esri terms). One of 360 patches regenerated locally from the pinned Wayback release; the SHA-256 here pins the expected regeneration.
esri_multipatch_urban__sydney__r0c1,regenerated_input,Esri World Imagery Wayback release 26334 (2026-08-05),zoom=17;lat=-33.904858663668826;lon=151.20854618059698;wayback=26334,notebooks/data/multi_patch_latitude/esri_patch_cache/urban__sydney__r0c1__z17_n256_os4_gsd10.zarr,zarr,multi_patch_latitude_validation.ipynb;throughput_scaling_benchmark.ipynb,latent_hr:1024x1024 float32,available,3688288,1763bf2502e84092af1e934e89aa634a95fe4ed05c673902b3036afd898006e8,,NOT redistributed (Esri terms). One of 360 patches regenerated locally from the pinned Wayback release; the SHA-256 here pins the expected regeneration.
esri_multipatch_urban__sydney__r0c2,regenerated_input,Esri World Imagery Wayback release 26334 (2026-08-05),zoom=17;lat=-33.90548018506739;lon=151.25179195262064;wayback=26334,notebooks/data/multi_patch_latitude/esri_patch_cache/urban__sydney__r0c2__z17_n256_os4_gsd10.zarr,zarr,multi_patch_latitude_validation.ipynb;throughput_scaling_benchmark.ipynb,latent_hr:1024x1024 float32,available,3737965,3b2b60deea1a2461e75888c2ea58c1e206908acb1d19861311da05315f4bc8a2,,NOT redistributed (Esri terms). One of 360 patches regenerated locally from the pinned Wayback release; the SHA-256 here pins the expected regeneration.
esri_multipatch_urban__sydney__r1c0,regenerated_input,Esri World Imagery Wayback release 26334 (2026-08-05),zoom=17;lat=-33.86816416743214;lon=151.16607374187643;wayback=26334,notebooks/data/multi_patch_latitude/esri_patch_cache/urban__sydney__r1c0__z17_n256_os4_gsd10.zarr,zarr,multi_patch_latitude_validation.ipynb;throughput_scaling_benchmark.ipynb,latent_hr:1024x1024 float32,available,3621038,aa99de9d8290ff67c2cce4b7fff09adc8f4d248cb4230a67a688b698fe32df71,,NOT redistributed (Esri terms). One of 360 patches regenerated locally from the pinned Wayback release; the SHA-256 here pins the expected regeneration.
esri_multipatch_urban__sydney__r1c1,regenerated_input,Esri World Imagery Wayback release 26334 (2026-08-05),zoom=17;lat=-33.86879999999999;lon=151.2093;wayback=26334,notebooks/data/multi_patch_latitude/esri_patch_cache/urban__sydney__r1c1__z17_n256_os4_gsd10.zarr,zarr,multi_patch_latitude_validation.ipynb;throughput_scaling_benchmark.ipynb,latent_hr:1024x1024 float32,available,3680852,bc155ffd362f41350b2570b54920d193d5f6ce8db26490fc2a5a025a969e94df,,NOT redistributed (Esri terms). One of 360 patches regenerated locally from the pinned Wayback release; the SHA-256 here pins the expected regeneration.
esri_multipatch_urban__sydney__r1c2,regenerated_input,Esri World Imagery Wayback release 26334 (2026-08-05),zoom=17;lat=-33.869420681725536;lon=151.25252759765013;wayback=26334,notebooks/data/multi_patch_latitude/esri_patch_cache/urban__sydney__r1c2__z17_n256_os4_gsd10.zarr,zarr,multi_patch_latitude_validation.ipynb;throughput_scaling_benchmark.ipynb,latent_hr:1024x1024 float32,available,3344342,0732041a48eaa0b3799ca5a067e9c2bdaa6b55331412849955db4abdac10bfca,,NOT redistributed (Esri terms). One of 360 patches regenerated locally from the pinned Wayback release; the SHA-256 here pins the expected regeneration.
esri_multipatch_urban__sydney__r2c0,regenerated_input,Esri World Imagery Wayback release 26334 (2026-08-05),zoom=17;lat=-33.83210613711003;lon=151.16684436158428;wayback=26334,notebooks/data/multi_patch_latitude/esri_patch_cache/urban__sydney__r2c0__z17_n256_os4_gsd10.zarr,zarr,multi_patch_latitude_validation.ipynb;throughput_scaling_benchmark.ipynb,latent_hr:1024x1024 float32,available,3286338,8db38a91cfacd9a5e36d926bb9c7573ad6552f92d28fd50b13d6bc331247e3b8,,NOT redistributed (Esri terms). One of 360 patches regenerated locally from the pinned Wayback release; the SHA-256 here pins the expected regeneration.
esri_multipatch_urban__sydney__r2c1,regenerated_input,Esri World Imagery Wayback release 26334 (2026-08-05),zoom=17;lat=-33.83274111023;lon=151.2100524798755;wayback=26334,notebooks/data/multi_patch_latitude/esri_patch_cache/urban__sydney__r2c1__z17_n256_os4_gsd10.zarr,zarr,multi_patch_latitude_validation.ipynb;throughput_scaling_benchmark.ipynb,latent_hr:1024x1024 float32,available,3690993,fef0d783214e187d5ab1d4b3be75dbdc5bcc990e2319f7fea8c879017bf5e52a,,NOT redistributed (Esri terms). One of 360 patches regenerated locally from the pinned Wayback release; the SHA-256 here pins the expected regeneration.
esri_multipatch_urban__sydney__r2c2,regenerated_input,Esri World Imagery Wayback release 26334 (2026-08-05),zoom=17;lat=-33.83336095297478;lon=151.2532619354189;wayback=26334,notebooks/data/multi_patch_latitude/esri_patch_cache/urban__sydney__r2c2__z17_n256_os4_gsd10.zarr,zarr,multi_patch_latitude_validation.ipynb;throughput_scaling_benchmark.ipynb,latent_hr:1024x1024 float32,available,3649826,0a6cde1416130a8287b0c0fd2d14080533d24f7b63a7bc5cd027b2fa41faeaf0,,NOT redistributed (Esri terms). One of 360 patches regenerated locally from the pinned Wayback release; the SHA-256 here pins the expected regeneration.
esri_multipatch_urban__mexico_city__r0c0,regenerated_input,Esri World Imagery Wayback release 26334 (2026-08-05),zoom=17;lat=19.396419093262978;lon=-99.17126634016445;wayback=26334,notebooks/data/multi_patch_latitude/esri_patch_cache/urban__mexico_city__r0c0__z17_n256_os4_gsd10.zarr,zarr,multi_patch_latitude_validation.ipynb;throughput_scaling_benchmark.ipynb,latent_hr:1024x1024 float32,available,3759009,0a18bb07d5b58d55f9f5b2a96ba8d6a84f3fb8d57c49b74630c7db1af70ad859,,NOT redistributed (Esri terms). One of 360 patches regenerated locally from the pinned Wayback release; the SHA-256 here pins the expected regeneration.
esri_multipatch_urban__mexico_city__r0c1,regenerated_input,Esri World Imagery Wayback release 26334 (2026-08-05),zoom=17;lat=19.396450987683966;lon=-99.13317056114029;wayback=26334,notebooks/data/multi_patch_latitude/esri_patch_cache/urban__mexico_city__r0c1__z17_n256_os4_gsd10.zarr,zarr,multi_patch_latitude_validation.ipynb;throughput_scaling_benchmark.ipynb,latent_hr:1024x1024 float32,available,3718032,8a2c18845cb4860f76ca8c7967a08872d4efc5ad1a1d070108dd16b92f52b143,,NOT redistributed (Esri terms). One of 360 patches regenerated locally from the pinned Wayback release; the SHA-256 here pins the expected regeneration.
esri_multipatch_urban__mexico_city__r0c2,regenerated_input,Esri World Imagery Wayback release 26334 (2026-08-05),zoom=17;lat=19.396474899912338;lon=-99.0950747164355;wayback=26334,notebooks/data/multi_patch_latitude/esri_patch_cache/urban__mexico_city__r0c2__z17_n256_os4_gsd10.zarr,zarr,multi_patch_latitude_validation.ipynb;throughput_scaling_benchmark.ipynb,latent_hr:1024x1024 float32,available,3698919,3a2fe19dceee95eaa2a4c38105775c05284274102dcff160847aa5f86cca5a89,,NOT redistributed (Esri terms). One of 360 patches regenerated locally from the pinned Wayback release; the SHA-256 here pins the expected regeneration.
esri_multipatch_urban__mexico_city__r1c0,regenerated_input,Esri World Imagery Wayback release 26334 (2026-08-05),zoom=17;lat=19.432568041496072;lon=-99.17130420043806;wayback=26334,notebooks/data/multi_patch_latitude/esri_patch_cache/urban__mexico_city__r1c0__z17_n256_os4_gsd10.zarr,zarr,multi_patch_latitude_validation.ipynb;throughput_scaling_benchmark.ipynb,latent_hr:1024x1024 float32,available,3731192,c4f3c912c1266413b90a24968524086fdb1958c845495d5d67f18512126f3253,,NOT redistributed (Esri terms). One of 360 patches regenerated locally from the pinned Wayback release; the SHA-256 here pins the expected regeneration.
esri_multipatch_urban__mexico_city__r1c1,regenerated_input,Esri World Imagery Wayback release 26334 (2026-08-05),zoom=17;lat=19.4326;lon=-99.1332;wayback=26334,notebooks/data/multi_patch_latitude/esri_patch_cache/urban__mexico_city__r1c1__z17_n256_os4_gsd10.zarr,zarr,multi_patch_latitude_validation.ipynb;throughput_scaling_benchmark.ipynb,latent_hr:1024x1024 float32,available,3713807,10e9e1885f01800d26ba02786f33baab8eb7520d350e6832918a79f76b77b7b3,,NOT redistributed (Esri terms). One of 360 patches regenerated locally from the pinned Wayback release; the SHA-256 here pins the expected regeneration.
esri_multipatch_urban__mexico_city__r1c2,regenerated_input,Esri World Imagery Wayback release 26334 (2026-08-05),zoom=17;lat=19.43262396027334;lon=-99.09509573381472;wayback=26334,notebooks/data/multi_patch_latitude/esri_patch_cache/urban__mexico_city__r1c2__z17_n256_os4_gsd10.zarr,zarr,multi_patch_latitude_validation.ipynb;throughput_scaling_benchmark.ipynb,latent_hr:1024x1024 float32,available,3706051,4b90980143bdd5de0db028edc0539d4f6e3bcbc03199fd65d267299ff99dc7d9,,NOT redistributed (Esri terms). One of 360 patches regenerated locally from the pinned Wayback release; the SHA-256 here pins the expected regeneration.
esri_multipatch_urban__mexico_city__r2c0,regenerated_input,Esri World Imagery Wayback release 26334 (2026-08-05),zoom=17;lat=19.46871684584549;lon=-99.17134214526682;wayback=26334,notebooks/data/multi_patch_latitude/esri_patch_cache/urban__mexico_city__r2c0__z17_n256_os4_gsd10.zarr,zarr,multi_patch_latitude_validation.ipynb;throughput_scaling_benchmark.ipynb,latent_hr:1024x1024 float32,available,3750143,37495a0ea88b984d71b8b275e61e400f0c97c9da0ab96a799b7584deeb64d5e6,,NOT redistributed (Esri terms). One of 360 patches regenerated locally from the pinned Wayback release; the SHA-256 here pins the expected regeneration.
esri_multipatch_urban__mexico_city__r2c1,regenerated_input,Esri World Imagery Wayback release 26334 (2026-08-05),zoom=17;lat=19.468748868459762;lon=-99.13322950460694;wayback=26334,notebooks/data/multi_patch_latitude/esri_patch_cache/urban__mexico_city__r2c1__z17_n256_os4_gsd10.zarr,zarr,multi_patch_latitude_validation.ipynb;throughput_scaling_benchmark.ipynb,latent_hr:1024x1024 float32,available,3736698,070fc5f070d39de841c37c2b07c9ba7c46d42de4238a4a4231ccd061d72b999c,,NOT redistributed (Esri terms). One of 360 patches regenerated locally from the pinned Wayback release; the SHA-256 here pins the expected regeneration.
esri_multipatch_urban__mexico_city__r2c2,regenerated_input,Esri World Imagery Wayback release 26334 (2026-08-05),zoom=17;lat=19.468772876798614;lon=-99.09511679813309;wayback=26334,notebooks/data/multi_patch_latitude/esri_patch_cache/urban__mexico_city__r2c2__z17_n256_os4_gsd10.zarr,zarr,multi_patch_latitude_validation.ipynb;throughput_scaling_benchmark.ipynb,latent_hr:1024x1024 float32,available,3740447,d7b1b1caedd1cd2ee448dd978c3da7162a8f2964876003f0fbf901f23be9fad0,,NOT redistributed (Esri terms). One of 360 patches regenerated locally from the pinned Wayback release; the SHA-256 here pins the expected regeneration.
esri_multipatch_urban__tokyo__r0c0,regenerated_input,Esri World Imagery Wayback release 26334 (2026-08-05),zoom=17;lat=35.63964131912426;lon=139.6067378271551;wayback=26334,notebooks/data/multi_patch_latitude/esri_patch_cache/urban__tokyo__r0c0__z17_n256_os4_gsd10.zarr,zarr,multi_patch_latitude_validation.ipynb;throughput_scaling_benchmark.ipynb,latent_hr:1024x1024 float32,available,3753166,4d3140d9a03f09ed4b86f58a5ddca47ecb32b70276131ebec3703abe888236d2,,NOT redistributed (Esri terms). One of 360 patches regenerated locally from the pinned Wayback release; the SHA-256 here pins the expected regeneration.
esri_multipatch_urban__tokyo__r0c1,regenerated_input,Esri World Imagery Wayback release 26334 (2026-08-05),zoom=17;lat=35.640144198849526;lon=139.65090666203452;wayback=26334,notebooks/data/multi_patch_latitude/esri_patch_cache/urban__tokyo__r0c1__z17_n256_os4_gsd10.zarr,zarr,multi_patch_latitude_validation.ipynb;throughput_scaling_benchmark.ipynb,latent_hr:1024x1024 float32,available,3790219,b8401e66b470aeefced43283d77971baefc2d017726efd15c4fc28f8a6aeee76,,NOT redistributed (Esri terms). One of 360 patches regenerated locally from the pinned Wayback release; the SHA-256 here pins the expected regeneration.
esri_multipatch_urban__tokyo__r0c2,regenerated_input,Esri World Imagery Wayback release 26334 (2026-08-05),zoom=17;lat=35.64063088818847;lon=139.69507657344073;wayback=26334,notebooks/data/multi_patch_latitude/esri_patch_cache/urban__tokyo__r0c2__z17_n256_os4_gsd10.zarr,zarr,multi_patch_latitude_validation.ipynb;throughput_scaling_benchmark.ipynb,latent_hr:1024x1024 float32,available,3790591,5f5a4aef44eadb39445c68afdd266fceec4212e25e3398248d2a8b9489c8865d,,NOT redistributed (Esri terms). One of 360 patches regenerated locally from the pinned Wayback release; the SHA-256 here pins the expected regeneration.
esri_multipatch_urban__tokyo__r1c0,regenerated_input,Esri World Imagery Wayback release 26334 (2026-08-05),zoom=17;lat=35.67569645573704;lon=139.6061113186456;wayback=26334,notebooks/data/multi_patch_latitude/esri_patch_cache/urban__tokyo__r1c0__z17_n256_os4_gsd10.zarr,zarr,multi_patch_latitude_validation.ipynb;throughput_scaling_benchmark.ipynb,latent_hr:1024x1024 float32,available,3759166,d5f75ebe740277f44670dc14c31ab923bc128b8c9ce19a775868a38dc13e869b,,NOT redistributed (Esri terms). One of 360 patches regenerated locally from the pinned Wayback release; the SHA-256 here pins the expected regeneration.
esri_multipatch_urban__tokyo__r1c1,regenerated_input,Esri World Imagery Wayback release 26334 (2026-08-05),zoom=17;lat=35.676200000000016;lon=139.6503;wayback=26334,notebooks/data/multi_patch_latitude/esri_patch_cache/urban__tokyo__r1c1__z17_n256_os4_gsd10.zarr,zarr,multi_patch_latitude_validation.ipynb;throughput_scaling_benchmark.ipynb,latent_hr:1024x1024 float32,available,3781490,41c96036e9020c0d932bf188e189405d0aa6b62436a9888aa9b1252b9143f83f,,NOT redistributed (Esri terms). One of 360 patches regenerated locally from the pinned Wayback release; the SHA-256 here pins the expected regeneration.
esri_multipatch_urban__tokyo__r1c2,regenerated_input,Esri World Imagery Wayback release 26334 (2026-08-05),zoom=17;lat=35.67668733248947;lon=139.69448975980802;wayback=26334,notebooks/data/multi_patch_latitude/esri_patch_cache/urban__tokyo__r1c2__z17_n256_os4_gsd10.zarr,zarr,multi_patch_latitude_validation.ipynb;throughput_scaling_benchmark.ipynb,latent_hr:1024x1024 float32,available,3746092,cbe43e6af3f0c85e55aaa5b2be2d72ec0555c2c6aa26b06019794aa3a151e090,,NOT redistributed (Esri terms). One of 360 patches regenerated locally from the pinned Wayback release; the SHA-256 here pins the expected regeneration.
esri_multipatch_urban__tokyo__r2c0,regenerated_input,Esri World Imagery Wayback release 26334 (2026-08-05),zoom=17;lat=35.711751366415804;lon=139.60548369642157;wayback=26334,notebooks/data/multi_patch_latitude/esri_patch_cache/urban__tokyo__r2c0__z17_n256_os4_gsd10.zarr,zarr,multi_patch_latitude_validation.ipynb;throughput_scaling_benchmark.ipynb,latent_hr:1024x1024 float32,available,3767881,3c69c75d2b92a500c067489a7a63136b21a9f690c5895c71fd80e968969ab5fb,,NOT redistributed (Esri terms). One of 360 patches regenerated locally from the pinned Wayback release; the SHA-256 here pins the expected regeneration.
esri_multipatch_urban__tokyo__r2c1,regenerated_input,Esri World Imagery Wayback release 26334 (2026-08-05),zoom=17;lat=35.71225557580426;lon=139.6496922595109;wayback=26334,notebooks/data/multi_patch_latitude/esri_patch_cache/urban__tokyo__r2c1__z17_n256_os4_gsd10.zarr,zarr,multi_patch_latitude_validation.ipynb;throughput_scaling_benchmark.ipynb,latent_hr:1024x1024 float32,available,3793946,b1d590572e13d491e6691984c0376847e0cfcbcb38522afcd4dafe84a518ef7a,,NOT redistributed (Esri terms). One of 360 patches regenerated locally from the pinned Wayback release; the SHA-256 here pins the expected regeneration.
esri_multipatch_urban__tokyo__r2c2,regenerated_input,Esri World Imagery Wayback release 26334 (2026-08-05),zoom=17;lat=35.71274355201317;lon=139.69390190298608;wayback=26334,notebooks/data/multi_patch_latitude/esri_patch_cache/urban__tokyo__r2c2__z17_n256_os4_gsd10.zarr,zarr,multi_patch_latitude_validation.ipynb;throughput_scaling_benchmark.ipynb,latent_hr:1024x1024 float32,available,3788747,e4ade4f50c327f670b84276a9c90089ed88a4c557fa20efc04b434153288ef2d,,NOT redistributed (Esri terms). One of 360 patches regenerated locally from the pinned Wayback release; the SHA-256 here pins the expected regeneration.
esri_multipatch_urban__montreal__r0c0,regenerated_input,Esri World Imagery Wayback release 26334 (2026-08-05),zoom=17;lat=45.466536422456436;lon=-73.61946497358554;wayback=26334,notebooks/data/multi_patch_latitude/esri_patch_cache/urban__montreal__r0c0__z17_n256_os4_gsd10.zarr,zarr,multi_patch_latitude_validation.ipynb;throughput_scaling_benchmark.ipynb,latent_hr:1024x1024 float32,available,3700462,8b71ac44e3fdc579fcf1f96c2eb59e936737999ec8e087e4fe720edb544d0bec,,NOT redistributed (Esri terms). One of 360 patches regenerated locally from the pinned Wayback release; the SHA-256 here pins the expected regeneration.
esri_multipatch_urban__montreal__r0c1,regenerated_input,Esri World Imagery Wayback release 26334 (2026-08-05),zoom=17;lat=45.46590662060698;lon=-73.56831217339206;wayback=26334,notebooks/data/multi_patch_latitude/esri_patch_cache/urban__montreal__r0c1__z17_n256_os4_gsd10.zarr,zarr,multi_patch_latitude_validation.ipynb;throughput_scaling_benchmark.ipynb,latent_hr:1024x1024 float32,available,3486768,f32e7fe89fadfac8724d00f174f85fc451b74cb506ce99d2244d68daf7da5a66,,NOT redistributed (Esri terms). One of 360 patches regenerated locally from the pinned Wayback release; the SHA-256 here pins the expected regeneration.
esri_multipatch_urban__montreal__r0c2,regenerated_input,Esri World Imagery Wayback release 26334 (2026-08-05),zoom=17;lat=45.46525391958254;lon=-73.51716109636185;wayback=26334,notebooks/data/multi_patch_latitude/esri_patch_cache/urban__montreal__r0c2__z17_n256_os4_gsd10.zarr,zarr,multi_patch_latitude_validation.ipynb;throughput_scaling_benchmark.ipynb,latent_hr:1024x1024 float32,available,1122156,982632e3c015965b35ace67b2d64d4d171d9244398d3c96d0d579a896256e007,,NOT redistributed (Esri terms). One of 360 patches regenerated locally from the pinned Wayback release; the SHA-256 here pins the expected regeneration.
esri_multipatch_urban__montreal__r1c0,regenerated_input,Esri World Imagery Wayback release 26334 (2026-08-05),zoom=17;lat=45.502530588434226;lon=-73.61858536552852;wayback=26334,notebooks/data/multi_patch_latitude/esri_patch_cache/urban__montreal__r1c0__z17_n256_os4_gsd10.zarr,zarr,multi_patch_latitude_validation.ipynb;throughput_scaling_benchmark.ipynb,latent_hr:1024x1024 float32,available,3719811,d9b9dd4aaaaced3c47b277df27a834331efe4ce87234fdbb02bd1b4aef09442e,,NOT redistributed (Esri terms). One of 360 patches regenerated locally from the pinned Wayback release; the SHA-256 here pins the expected regeneration.
esri_multipatch_urban__montreal__r1c1,regenerated_input,Esri World Imagery Wayback release 26334 (2026-08-05),zoom=17;lat=45.501900000000006;lon=-73.5674;wayback=26334,notebooks/data/multi_patch_latitude/esri_patch_cache/urban__montreal__r1c1__z17_n256_os4_gsd10.zarr,zarr,multi_patch_latitude_validation.ipynb;throughput_scaling_benchmark.ipynb,latent_hr:1024x1024 float32,available,3745857,33c790a6e8210895d9b4b0e7a1e5d5e7f045b8da71f1b4235823ac8d00f6620a,,NOT redistributed (Esri terms). One of 360 patches regenerated locally from the pinned Wayback release; the SHA-256 here pins the expected regeneration.
esri_multipatch_urban__montreal__r1c2,regenerated_input,Esri World Imagery Wayback release 26334 (2026-08-05),zoom=17;lat=45.501246483809574;lon=-73.51621636164262;wayback=26334,notebooks/data/multi_patch_latitude/esri_patch_cache/urban__montreal__r1c2__z17_n256_os4_gsd10.zarr,zarr,multi_patch_latitude_validation.ipynb;throughput_scaling_benchmark.ipynb,latent_hr:1024x1024 float32,available,3318485,92ff278553560a7b7e2897c83e3fe4ab94d186f4c5b1f73618c5dfd5d86bdce4,,NOT redistributed (Esri terms). One of 360 patches regenerated locally from the pinned Wayback release; the SHA-256 here pins the expected regeneration.
esri_multipatch_urban__montreal__r2c0,regenerated_input,Esri World Imagery Wayback release 26334 (2026-08-05),zoom=17;lat=45.538524513295016;lon=-73.61770409191038;wayback=26334,notebooks/data/multi_patch_latitude/esri_patch_cache/urban__montreal__r2c0__z17_n256_os4_gsd10.zarr,zarr,multi_patch_latitude_validation.ipynb;throughput_scaling_benchmark.ipynb,latent_hr:1024x1024 float32,available,3776729,910e0e8bf537eecdccb44f17f6f83ee34878a988ab36d4867431e74b5b699f1f,,NOT redistributed (Esri terms). One of 360 patches regenerated locally from the pinned Wayback release; the SHA-256 here pins the expected regeneration.
esri_multipatch_urban__montreal__r2c1,regenerated_input,Esri World Imagery Wayback release 26334 (2026-08-05),zoom=17;lat=45.537893137281365;lon=-73.56648609943463;wayback=26334,notebooks/data/multi_patch_latitude/esri_patch_cache/urban__montreal__r2c1__z17_n256_os4_gsd10.zarr,zarr,multi_patch_latitude_validation.ipynb;throughput_scaling_benchmark.ipynb,latent_hr:1024x1024 float32,available,3770321,8d4094d4ee96a39f99c565bebfe4e498e99d1bc98de19947d500f20908cc3aa6,,NOT redistributed (Esri terms). One of 360 patches regenerated locally from the pinned Wayback release; the SHA-256 here pins the expected regeneration.
esri_multipatch_urban__montreal__r2c2,regenerated_input,Esri World Imagery Wayback release 26334 (2026-08-05),zoom=17;lat=45.53723880489418;lon=-73.51526983815103;wayback=26334,notebooks/data/multi_patch_latitude/esri_patch_cache/urban__montreal__r2c2__z17_n256_os4_gsd10.zarr,zarr,multi_patch_latitude_validation.ipynb;throughput_scaling_benchmark.ipynb,latent_hr:1024x1024 float32,available,3018869,dae0f10c2e4001d9383ce51106e68bf77759fbcd9f661d5ac9ba3666e5293675,,NOT redistributed (Esri terms). One of 360 patches regenerated locally from the pinned Wayback release; the SHA-256 here pins the expected regeneration.
esri_multipatch_urban__paris__r0c0,regenerated_input,Esri World Imagery Wayback release 26334 (2026-08-05),zoom=17;lat=48.82029996377494;lon=2.2981754547839266;wayback=26334,notebooks/data/multi_patch_latitude/esri_patch_cache/urban__paris__r0c0__z17_n256_os4_gsd10.zarr,zarr,multi_patch_latitude_validation.ipynb;throughput_scaling_benchmark.ipynb,latent_hr:1024x1024 float32,available,3657744,1025e1ac30c98e61a098a6250d71003daf97d4c0a382c2f6ad7527ed4f1fb913,,NOT redistributed (Esri terms). One of 360 patches regenerated locally from the pinned Wayback release; the SHA-256 here pins the expected regeneration.
esri_multipatch_urban__paris__r0c1,regenerated_input,Esri World Imagery Wayback release 26334 (2026-08-05),zoom=17;lat=48.820618822804924;lon=2.35266382896826;wayback=26334,notebooks/data/multi_patch_latitude/esri_patch_cache/urban__paris__r0c1__z17_n256_os4_gsd10.zarr,zarr,multi_patch_latitude_validation.ipynb;throughput_scaling_benchmark.ipynb,latent_hr:1024x1024 float32,available,3725325,77bb928fd6f8e09186dc753956409d7027468c0b15ae48598d01433474a59713,,NOT redistributed (Esri terms). One of 360 patches regenerated locally from the pinned Wayback release; the SHA-256 here pins the expected regeneration.
esri_multipatch_urban__paris__r0c2,regenerated_input,Esri World Imagery Wayback release 26334 (2026-08-05),zoom=17;lat=48.82091192858306;lon=2.407153121052389;wayback=26334,notebooks/data/multi_patch_latitude/esri_patch_cache/urban__paris__r0c2__z17_n256_os4_gsd10.zarr,zarr,multi_patch_latitude_validation.ipynb;throughput_scaling_benchmark.ipynb,latent_hr:1024x1024 float32,available,3572956,d8e2602a67f4d0ee51ef49a6f2ae93fd681138983d3a851eef1073d04daa717a,,NOT redistributed (Esri terms). One of 360 patches regenerated locally from the pinned Wayback release; the SHA-256 here pins the expected regeneration.
esri_multipatch_urban__paris__r1c0,regenerated_input,Esri World Imagery Wayback release 26334 (2026-08-05),zoom=17;lat=48.856280739284;lon=2.2976725913504663;wayback=26334,notebooks/data/multi_patch_latitude/esri_patch_cache/urban__paris__r1c0__z17_n256_os4_gsd10.zarr,zarr,multi_patch_latitude_validation.ipynb;throughput_scaling_benchmark.ipynb,latent_hr:1024x1024 float32,available,3691900,fefd5b736b510c2a759229d6ccb07343e280086aa806dfb958f4a8186c4ee37a,,NOT redistributed (Esri terms). One of 360 patches regenerated locally from the pinned Wayback release; the SHA-256 here pins the expected regeneration.
esri_multipatch_urban__paris__r1c1,regenerated_input,Esri World Imagery Wayback release 26334 (2026-08-05),zoom=17;lat=48.85660000000001;lon=2.3522;wayback=26334,notebooks/data/multi_patch_latitude/esri_patch_cache/urban__paris__r1c1__z17_n256_os4_gsd10.zarr,zarr,multi_patch_latitude_validation.ipynb;throughput_scaling_benchmark.ipynb,latent_hr:1024x1024 float32,available,3798949,0b9a323320a7c565ccaa0bd06bb2021bc19af8198023e124f654f2fedae402b4,,NOT redistributed (Esri terms). One of 360 patches regenerated locally from the pinned Wayback release; the SHA-256 here pins the expected regeneration.
esri_multipatch_urban__paris__r1c2,regenerated_input,Esri World Imagery Wayback release 26334 (2026-08-05),zoom=17;lat=48.85689347502571;lon=2.4067283288866896;wayback=26334,notebooks/data/multi_patch_latitude/esri_patch_cache/urban__paris__r1c2__z17_n256_os4_gsd10.zarr,zarr,multi_patch_latitude_validation.ipynb;throughput_scaling_benchmark.ipynb,latent_hr:1024x1024 float32,available,3766585,3b6b76eccd509e5fec7aca3525688446aa5472a20876dc22b77a19fe3f3206bc,,NOT redistributed (Esri terms). One of 360 patches regenerated locally from the pinned Wayback release; the SHA-256 here pins the expected regeneration.
esri_multipatch_urban__paris__r2c0,regenerated_input,Esri World Imagery Wayback release 26334 (2026-08-05),zoom=17;lat=48.892261285227754;lon=2.297168730250136;wayback=26334,notebooks/data/multi_patch_latitude/esri_patch_cache/urban__paris__r2c0__z17_n256_os4_gsd10.zarr,zarr,multi_patch_latitude_validation.ipynb;throughput_scaling_benchmark.ipynb,latent_hr:1024x1024 float32,available,3766550,d75a39f8606825bb0b7c054f51b54bfbb0217688197e826980e5c6d94cfd350c,,NOT redistributed (Esri terms). One of 360 patches regenerated locally from the pinned Wayback release; the SHA-256 here pins the expected regeneration.
esri_multipatch_urban__paris__r2c1,regenerated_input,Esri World Imagery Wayback release 26334 (2026-08-05),zoom=17;lat=48.892580948202585;lon=2.3517352507932077;wayback=26334,notebooks/data/multi_patch_latitude/esri_patch_cache/urban__paris__r2c1__z17_n256_os4_gsd10.zarr,zarr,multi_patch_latitude_validation.ipynb;throughput_scaling_benchmark.ipynb,latent_hr:1024x1024 float32,available,3772509,936aac1dc65dc3aeafd871c19dd66ad9942769d77c60d432d6e27a79dc05c291,,NOT redistributed (Esri terms). One of 360 patches regenerated locally from the pinned Wayback release; the SHA-256 here pins the expected regeneration.
esri_multipatch_urban__paris__r2c2,regenerated_input,Esri World Imagery Wayback release 26334 (2026-08-05),zoom=17;lat=48.89287479300247;lon=2.406302693919052;wayback=26334,notebooks/data/multi_patch_latitude/esri_patch_cache/urban__paris__r2c2__z17_n256_os4_gsd10.zarr,zarr,multi_patch_latitude_validation.ipynb;throughput_scaling_benchmark.ipynb,latent_hr:1024x1024 float32,available,3666988,7580f1e02340fa64a9497600373f6238a72ddf5ab6bc7eb7d91e25effa9702d9,,NOT redistributed (Esri terms). One of 360 patches regenerated locally from the pinned Wayback release; the SHA-256 here pins the expected regeneration.
esri_multipatch_urban__reykjavik__r0c0,regenerated_input,Esri World Imagery Wayback release 26334 (2026-08-05),zoom=17;lat=64.11015571466663;lon=-22.02347605636371;wayback=26334,notebooks/data/multi_patch_latitude/esri_patch_cache/urban__reykjavik__r0c0__z17_n256_os4_gsd10.zarr,zarr,multi_patch_latitude_validation.ipynb;throughput_scaling_benchmark.ipynb,latent_hr:1024x1024 float32,available,3125026,28929838c13260af65942bb8598516009efa1d05c7c4f0980219d6a6b029aa05,,NOT redistributed (Esri terms). One of 360 patches regenerated locally from the pinned Wayback release; the SHA-256 here pins the expected regeneration.
esri_multipatch_urban__reykjavik__r0c1,regenerated_input,Esri World Imagery Wayback release 26334 (2026-08-05),zoom=17;lat=64.11070940369189;lon=-21.94138469496526;wayback=26334,notebooks/data/multi_patch_latitude/esri_patch_cache/urban__reykjavik__r0c1__z17_n256_os4_gsd10.zarr,zarr,multi_patch_latitude_validation.ipynb;throughput_scaling_benchmark.ipynb,latent_hr:1024x1024 float32,available,2963633,003e3632614e6238422f15582dd9ee6f6c2b2cadaf248798a0a4e9129ac31c70,,NOT redistributed (Esri terms). One of 360 patches regenerated locally from the pinned Wayback release; the SHA-256 here pins the expected regeneration.
esri_multipatch_urban__reykjavik__r0c2,regenerated_input,Esri World Imagery Wayback release 26334 (2026-08-05),zoom=17;lat=64.11121683199232;lon=-21.859289836082795;wayback=26334,notebooks/data/multi_patch_latitude/esri_patch_cache/urban__reykjavik__r0c2__z17_n256_os4_gsd10.zarr,zarr,multi_patch_latitude_validation.ipynb;throughput_scaling_benchmark.ipynb,latent_hr:1024x1024 float32,available,3713532,1ad57c5d84ed346ebf9f4d54534748f6dcb3d6067a6b56e45ed4f5f5b3c3dc43,,NOT redistributed (Esri terms). One of 360 patches regenerated locally from the pinned Wayback release; the SHA-256 here pins the expected regeneration.
esri_multipatch_urban__reykjavik__r1c0,regenerated_input,Esri World Imagery Wayback release 26334 (2026-08-05),zoom=17;lat=64.14604543056885;lon=-22.024797296008014;wayback=26334,notebooks/data/multi_patch_latitude/esri_patch_cache/urban__reykjavik__r1c0__z17_n256_os4_gsd10.zarr,zarr,multi_patch_latitude_validation.ipynb;throughput_scaling_benchmark.ipynb,latent_hr:1024x1024 float32,available,2393773,9a51f901baf7b9830f099d56e7d7026e98ea8b09ce917d5744581926c1b79c50,,NOT redistributed (Esri terms). One of 360 patches regenerated locally from the pinned Wayback release; the SHA-256 here pins the expected regeneration.
esri_multipatch_urban__reykjavik__r1c1,regenerated_input,Esri World Imagery Wayback release 26334 (2026-08-05),zoom=17;lat=64.1466;lon=-21.942600000000002;wayback=26334,notebooks/data/multi_patch_latitude/esri_patch_cache/urban__reykjavik__r1c1__z17_n256_os4_gsd10.zarr,zarr,multi_patch_latitude_validation.ipynb;throughput_scaling_benchmark.ipynb,latent_hr:1024x1024 float32,available,3348889,53bd85b4001f3a8eb5fbedb0698637907b393fcf508b0e4a7f84cf799565e8bf,,NOT redistributed (Esri terms). One of 360 patches regenerated locally from the pinned Wayback release; the SHA-256 here pins the expected regeneration.
esri_multipatch_urban__reykjavik__r1c2,regenerated_input,Esri World Imagery Wayback release 26334 (2026-08-05),zoom=17;lat=64.14710823517932;lon=-21.86039919199552;wayback=26334,notebooks/data/multi_patch_latitude/esri_patch_cache/urban__reykjavik__r1c2__z17_n256_os4_gsd10.zarr,zarr,multi_patch_latitude_validation.ipynb;throughput_scaling_benchmark.ipynb,latent_hr:1024x1024 float32,available,3412668,01d57ad648bdb4e60199ce831d0d25704876ba5751f08b741d91afe4592ab55b,,NOT redistributed (Esri terms). One of 360 patches regenerated locally from the pinned Wayback release; the SHA-256 here pins the expected regeneration.
esri_multipatch_urban__reykjavik__r2c0,regenerated_input,Esri World Imagery Wayback release 26334 (2026-08-05),zoom=17;lat=64.1819349535051;lon=-22.0261223536254;wayback=26334,notebooks/data/multi_patch_latitude/esri_patch_cache/urban__reykjavik__r2c0__z17_n256_os4_gsd10.zarr,zarr,multi_patch_latitude_validation.ipynb;throughput_scaling_benchmark.ipynb,latent_hr:1024x1024 float32,available,625515,08feaf5c1de8113e889c952ce1480a9f579f3354485cdb8f9b5ac48c8a704d1c,,NOT redistributed (Esri terms). One of 360 patches regenerated locally from the pinned Wayback release; the SHA-256 here pins the expected regeneration.
esri_multipatch_urban__reykjavik__r2c1,regenerated_input,Esri World Imagery Wayback release 26334 (2026-08-05),zoom=17;lat=64.18249040561801;lon=-21.94381881704467;wayback=26334,notebooks/data/multi_patch_latitude/esri_patch_cache/urban__reykjavik__r2c1__z17_n256_os4_gsd10.zarr,zarr,multi_patch_latitude_validation.ipynb;throughput_scaling_benchmark.ipynb,latent_hr:1024x1024 float32,available,1101771,52248f8d12452ad339938b82b4a1f759585783501381fa940a6564aa9825ada8,,NOT redistributed (Esri terms). One of 360 patches regenerated locally from the pinned Wayback release; the SHA-256 here pins the expected regeneration.
esri_multipatch_urban__reykjavik__r2c2,regenerated_input,Esri World Imagery Wayback release 26334 (2026-08-05),zoom=17;lat=64.18299944976205;lon=-21.86151175387424;wayback=26334,notebooks/data/multi_patch_latitude/esri_patch_cache/urban__reykjavik__r2c2__z17_n256_os4_gsd10.zarr,zarr,multi_patch_latitude_validation.ipynb;throughput_scaling_benchmark.ipynb,latent_hr:1024x1024 float32,available,1645247,578005554f0703989d3208de0e946d5757f668d1be542db65d475b968e846091,,NOT redistributed (Esri terms). One of 360 patches regenerated locally from the pinned Wayback release; the SHA-256 here pins the expected regeneration.
esri_multipatch_water__lake_victoria__r0c0,regenerated_input,Esri World Imagery Wayback release 26334 (2026-08-05),zoom=17;lat=-1.0361889347151867;lon=32.96404717228493;wayback=26334,notebooks/data/multi_patch_latitude/esri_patch_cache/water__lake_victoria__r0c0__z17_n256_os4_gsd10.zarr,zarr,multi_patch_latitude_validation.ipynb;throughput_scaling_benchmark.ipynb,latent_hr:1024x1024 float32,available,189632,83b31a8742e2410debe7d47a879e10219284950910dbf9c153babbe8e2d5dfd1,,NOT redistributed (Esri terms). One of 360 patches regenerated locally from the pinned Wayback release; the SHA-256 here pins the expected regeneration.
esri_multipatch_water__lake_victoria__r0c1,regenerated_input,Esri World Imagery Wayback release 26334 (2026-08-05),zoom=17;lat=-1.036189140044676;lon=33.0;wayback=26334,notebooks/data/multi_patch_latitude/esri_patch_cache/water__lake_victoria__r0c1__z17_n256_os4_gsd10.zarr,zarr,multi_patch_latitude_validation.ipynb;throughput_scaling_benchmark.ipynb,latent_hr:1024x1024 float32,available,157272,f13afc00077d1cce99078f908f2b5dfeb77036dbd54a91a8ceaabb5cdf7effba,,NOT redistributed (Esri terms). One of 360 patches regenerated locally from the pinned Wayback release; the SHA-256 here pins the expected regeneration.
esri_multipatch_water__lake_victoria__r0c2,regenerated_input,Esri World Imagery Wayback release 26334 (2026-08-05),zoom=17;lat=-1.0361889347151867;lon=33.03595282771507;wayback=26334,notebooks/data/multi_patch_latitude/esri_patch_cache/water__lake_victoria__r0c2__z17_n256_os4_gsd10.zarr,zarr,multi_patch_latitude_validation.ipynb;throughput_scaling_benchmark.ipynb,latent_hr:1024x1024 float32,available,140518,ddfe31e9d27c813ed4fb94681bf9ab3f57a4b63de584484777c4e886f082e022,,NOT redistributed (Esri terms). One of 360 patches regenerated locally from the pinned Wayback release; the SHA-256 here pins the expected regeneration.
esri_multipatch_water__lake_victoria__r1c0,regenerated_input,Esri World Imagery Wayback release 26334 (2026-08-05),zoom=17;lat=-0.9999998018431085;lon=32.96404757313427;wayback=26334,notebooks/data/multi_patch_latitude/esri_patch_cache/water__lake_victoria__r1c0__z17_n256_os4_gsd10.zarr,zarr,multi_patch_latitude_validation.ipynb;throughput_scaling_benchmark.ipynb,latent_hr:1024x1024 float32,available,180278,4cc3527b659db6420f7514d09ff505f331e91d118e7797eb45ef3b57194f0c95,,NOT redistributed (Esri terms). One of 360 patches regenerated locally from the pinned Wayback release; the SHA-256 here pins the expected regeneration.
esri_multipatch_water__lake_victoria__r1c1,regenerated_input,Esri World Imagery Wayback release 26334 (2026-08-05),zoom=17;lat=-0.9999999999999957;lon=33.0;wayback=26334,notebooks/data/multi_patch_latitude/esri_patch_cache/water__lake_victoria__r1c1__z17_n256_os4_gsd10.zarr,zarr,multi_patch_latitude_validation.ipynb;throughput_scaling_benchmark.ipynb,latent_hr:1024x1024 float32,available,171451,403ab45ca3e34e8e6d70ddb6ccefe0769028620c0613563b1eeaaa8d1b913fc3,,NOT redistributed (Esri terms). One of 360 patches regenerated locally from the pinned Wayback release; the SHA-256 here pins the expected regeneration.
esri_multipatch_water__lake_victoria__r1c2,regenerated_input,Esri World Imagery Wayback release 26334 (2026-08-05),zoom=17;lat=-0.9999998018431085;lon=33.03595242686573;wayback=26334,notebooks/data/multi_patch_latitude/esri_patch_cache/water__lake_victoria__r1c2__z17_n256_os4_gsd10.zarr,zarr,multi_patch_latitude_validation.ipynb;throughput_scaling_benchmark.ipynb,latent_hr:1024x1024 float32,available,157835,f7ff24053dd1ab2c2d48d0f8bd6ccadb247ce5ebc4fd403865aca271fa6da220,,NOT redistributed (Esri terms). One of 360 patches regenerated locally from the pinned Wayback release; the SHA-256 here pins the expected regeneration.
esri_multipatch_water__lake_victoria__r2c0,regenerated_input,Esri World Imagery Wayback release 26334 (2026-08-05),zoom=17;lat=-0.9638106609604543;lon=32.96404795972799;wayback=26334,notebooks/data/multi_patch_latitude/esri_patch_cache/water__lake_victoria__r2c0__z17_n256_os4_gsd10.zarr,zarr,multi_patch_latitude_validation.ipynb;throughput_scaling_benchmark.ipynb,latent_hr:1024x1024 float32,available,181987,a0f82bd5a45e8eebc8b524c8e3b48b0c8fd635e525480161de933397ff7c307d,,NOT redistributed (Esri terms). One of 360 patches regenerated locally from the pinned Wayback release; the SHA-256 here pins the expected regeneration.
esri_multipatch_water__lake_victoria__r2c1,regenerated_input,Esri World Imagery Wayback release 26334 (2026-08-05),zoom=17;lat=-0.9638108519448894;lon=33.0;wayback=26334,notebooks/data/multi_patch_latitude/esri_patch_cache/water__lake_victoria__r2c1__z17_n256_os4_gsd10.zarr,zarr,multi_patch_latitude_validation.ipynb;throughput_scaling_benchmark.ipynb,latent_hr:1024x1024 float32,available,159971,077fec93318eba4eb748495d048d173efd055bb7a4cc6d78dba2a9e8e5382b51,,NOT redistributed (Esri terms). One of 360 patches regenerated locally from the pinned Wayback release; the SHA-256 here pins the expected regeneration.
esri_multipatch_water__lake_victoria__r2c2,regenerated_input,Esri World Imagery Wayback release 26334 (2026-08-05),zoom=17;lat=-0.9638106609604543;lon=33.03595204027201;wayback=26334,notebooks/data/multi_patch_latitude/esri_patch_cache/water__lake_victoria__r2c2__z17_n256_os4_gsd10.zarr,zarr,multi_patch_latitude_validation.ipynb;throughput_scaling_benchmark.ipynb,latent_hr:1024x1024 float32,available,145558,6549c94289ae6816f4c36be5d5bc11ba088bb349fd11fedaec0a835a00366fe9,,NOT redistributed (Esri terms). One of 360 patches regenerated locally from the pinned Wayback release; the SHA-256 here pins the expected regeneration.
esri_multipatch_water__lake_titicaca__r0c0,regenerated_input,Esri World Imagery Wayback release 26334 (2026-08-05),zoom=17;lat=-15.83608924910252;lon=-69.43742591070479;wayback=26334,notebooks/data/multi_patch_latitude/esri_patch_cache/water__lake_titicaca__r0c0__z17_n256_os4_gsd10.zarr,zarr,multi_patch_latitude_validation.ipynb;throughput_scaling_benchmark.ipynb,latent_hr:1024x1024 float32,available,2014930,6be8f00488751665c69e7365b5d11526989109bf8af4429ae80872ec975734c3,,NOT redistributed (Esri terms). One of 360 patches regenerated locally from the pinned Wayback release; the SHA-256 here pins the expected regeneration.
esri_multipatch_water__lake_titicaca__r0c1,regenerated_input,Esri World Imagery Wayback release 26334 (2026-08-05),zoom=17;lat=-15.836161370527593;lon=-69.40007108737676;wayback=26334,notebooks/data/multi_patch_latitude/esri_patch_cache/water__lake_titicaca__r0c1__z17_n256_os4_gsd10.zarr,zarr,multi_patch_latitude_validation.ipynb;throughput_scaling_benchmark.ipynb,latent_hr:1024x1024 float32,available,3018364,0430e4aad786151269fcb60e60ab1c9cd9489c68a81af80b2b07dc8745ae41ff,,NOT redistributed (Esri terms). One of 360 patches regenerated locally from the pinned Wayback release; the SHA-256 here pins the expected regeneration.
esri_multipatch_water__lake_titicaca__r0c2,regenerated_input,Esri World Imagery Wayback release 26334 (2026-08-05),zoom=17;lat=-15.83622705865855;lon=-69.36271608034622;wayback=26334,notebooks/data/multi_patch_latitude/esri_patch_cache/water__lake_titicaca__r0c2__z17_n256_os4_gsd10.zarr,zarr,multi_patch_latitude_validation.ipynb;throughput_scaling_benchmark.ipynb,latent_hr:1024x1024 float32,available,3625871,eac3afafc6ef0dc3e9bfb155df5f7ec670d0793ef442d1b19b37331b752bfe5d,,NOT redistributed (Esri terms). One of 360 patches regenerated locally from the pinned Wayback release; the SHA-256 here pins the expected regeneration.
esri_multipatch_water__lake_titicaca__r1c0,regenerated_input,Esri World Imagery Wayback release 26334 (2026-08-05),zoom=17;lat=-15.799928051608038;lon=-69.43734818636031;wayback=26334,notebooks/data/multi_patch_latitude/esri_patch_cache/water__lake_titicaca__r1c0__z17_n256_os4_gsd10.zarr,zarr,multi_patch_latitude_validation.ipynb;throughput_scaling_benchmark.ipynb,latent_hr:1024x1024 float32,available,2898531,cc500d16b326ce8db20e19baed4ea23c93a819f57039fc10301e594d71f03688,,NOT redistributed (Esri terms). One of 360 patches regenerated locally from the pinned Wayback release; the SHA-256 here pins the expected regeneration.
esri_multipatch_water__lake_titicaca__r1c1,regenerated_input,Esri World Imagery Wayback release 26334 (2026-08-05),zoom=17;lat=-15.8;lon=-69.4;wayback=26334,notebooks/data/multi_patch_latitude/esri_patch_cache/water__lake_titicaca__r1c1__z17_n256_os4_gsd10.zarr,zarr,multi_patch_latitude_validation.ipynb;throughput_scaling_benchmark.ipynb,latent_hr:1024x1024 float32,available,3232572,1b383946ac67b6c9d45c555c7b096bd16fe28ec6c0d941f0b79e5f7e583e6faf,,NOT redistributed (Esri terms). One of 360 patches regenerated locally from the pinned Wayback release; the SHA-256 here pins the expected regeneration.
esri_multipatch_water__lake_titicaca__r1c2,regenerated_input,Esri World Imagery Wayback release 26334 (2026-08-05),zoom=17;lat=-15.800065530532443;lon=-69.36265163009068;wayback=26334,notebooks/data/multi_patch_latitude/esri_patch_cache/water__lake_titicaca__r1c2__z17_n256_os4_gsd10.zarr,zarr,multi_patch_latitude_validation.ipynb;throughput_scaling_benchmark.ipynb,latent_hr:1024x1024 float32,available,3620562,161707855916aec1d1a6f5e0b5f93272d68e46028fb55001fa11e513d5bba336,,NOT redistributed (Esri terms). One of 360 patches regenerated locally from the pinned Wayback release; the SHA-256 here pins the expected regeneration.
esri_multipatch_water__lake_titicaca__r2c0,regenerated_input,Esri World Imagery Wayback release 26334 (2026-08-05),zoom=17;lat=-15.76376673359853;lon=-69.43727066270147;wayback=26334,notebooks/data/multi_patch_latitude/esri_patch_cache/water__lake_titicaca__r2c0__z17_n256_os4_gsd10.zarr,zarr,multi_patch_latitude_validation.ipynb;throughput_scaling_benchmark.ipynb,latent_hr:1024x1024 float32,available,3108986,affd5fa38a2d6499aa89f9cc087333ba2fcb9f73078b356641f3fec014c3a272,,NOT redistributed (Esri terms). One of 360 patches regenerated locally from the pinned Wayback release; the SHA-256 here pins the expected regeneration.
esri_multipatch_water__lake_titicaca__r2c1,regenerated_input,Esri World Imagery Wayback release 26334 (2026-08-05),zoom=17;lat=-15.76383850901652;lon=-69.39992909617239;wayback=26334,notebooks/data/multi_patch_latitude/esri_patch_cache/water__lake_titicaca__r2c1__z17_n256_os4_gsd10.zarr,zarr,multi_patch_latitude_validation.ipynb;throughput_scaling_benchmark.ipynb,latent_hr:1024x1024 float32,available,3478527,f295e392047bd5da7a6684792403551066d265e24cc23d635e4db16cc70251ce,,NOT redistributed (Esri terms). One of 360 patches regenerated locally from the pinned Wayback release; the SHA-256 here pins the expected regeneration.
esri_multipatch_water__lake_titicaca__r2c2,regenerated_input,Esri World Imagery Wayback release 26334 (2026-08-05),zoom=17;lat=-15.763903882004312;lon=-69.36258734624727;wayback=26334,notebooks/data/multi_patch_latitude/esri_patch_cache/water__lake_titicaca__r2c2__z17_n256_os4_gsd10.zarr,zarr,multi_patch_latitude_validation.ipynb;throughput_scaling_benchmark.ipynb,latent_hr:1024x1024 float32,available,3743508,a56db8b6d78e8f0f1cfb0c544dda595ea7ca555df2d3ccb0ac51def0496105a8,,NOT redistributed (Esri terms). One of 360 patches regenerated locally from the pinned Wayback release; the SHA-256 here pins the expected regeneration.
esri_multipatch_water__lake_taupo__r0c0,regenerated_input,Esri World Imagery Wayback release 26334 (2026-08-05),zoom=17;lat=-38.81566187073572;lon=176.01345833384605;wayback=26334,notebooks/data/multi_patch_latitude/esri_patch_cache/water__lake_taupo__r0c0__z17_n256_os4_gsd10.zarr,zarr,multi_patch_latitude_validation.ipynb;throughput_scaling_benchmark.ipynb,latent_hr:1024x1024 float32,available,3645897,45a239df5bb649ee0a7839020b52ac4802bfff436fe9095a8e5fc8fae6aa6f84,,NOT redistributed (Esri terms). One of 360 patches regenerated locally from the pinned Wayback release; the SHA-256 here pins the expected regeneration.
esri_multipatch_water__lake_taupo__r0c1,regenerated_input,Esri World Imagery Wayback release 26334 (2026-08-05),zoom=17;lat=-38.81604181387148;lon=176.05952638784726;wayback=26334,notebooks/data/multi_patch_latitude/esri_patch_cache/water__lake_taupo__r0c1__z17_n256_os4_gsd10.zarr,zarr,multi_patch_latitude_validation.ipynb;throughput_scaling_benchmark.ipynb,latent_hr:1024x1024 float32,available,3477000,6b2a1c36b0a1d3f78bdcb5b4a61ccafa077f6eab8f0691b7fbd3bf90fb82a97f,,NOT redistributed (Esri terms). One of 360 patches regenerated locally from the pinned Wayback release; the SHA-256 here pins the expected regeneration.
esri_multipatch_water__lake_taupo__r0c2,regenerated_input,Esri World Imagery Wayback release 26334 (2026-08-05),zoom=17;lat=-38.8164035951402;lon=176.10559529033287;wayback=26334,notebooks/data/multi_patch_latitude/esri_patch_cache/water__lake_taupo__r0c2__z17_n256_os4_gsd10.zarr,zarr,multi_patch_latitude_validation.ipynb;throughput_scaling_benchmark.ipynb,latent_hr:1024x1024 float32,available,3645531,b09ad13fdb51bba5e001b8349a40df7963a441eb7a99ee295914df589517076a,,NOT redistributed (Esri terms). One of 360 patches regenerated locally from the pinned Wayback release; the SHA-256 here pins the expected regeneration.
esri_multipatch_water__lake_taupo__r1c0,regenerated_input,Esri World Imagery Wayback release 26334 (2026-08-05),zoom=17;lat=-38.77962054284687;lon=176.01395513641307;wayback=26334,notebooks/data/multi_patch_latitude/esri_patch_cache/water__lake_taupo__r1c0__z17_n256_os4_gsd10.zarr,zarr,multi_patch_latitude_validation.ipynb;throughput_scaling_benchmark.ipynb,latent_hr:1024x1024 float32,available,3723492,c0a6d3ba1c7ff4400c64da9cd31f7e13a264154e51d74c3db55397ba0084a78f,,NOT redistributed (Esri terms). One of 360 patches regenerated locally from the pinned Wayback release; the SHA-256 here pins the expected regeneration.
esri_multipatch_water__lake_taupo__r1c1,regenerated_input,Esri World Imagery Wayback release 26334 (2026-08-05),zoom=17;lat=-38.78;lon=176.06;wayback=26334,notebooks/data/multi_patch_latitude/esri_patch_cache/water__lake_taupo__r1c1__z17_n256_os4_gsd10.zarr,zarr,multi_patch_latitude_validation.ipynb;throughput_scaling_benchmark.ipynb,latent_hr:1024x1024 float32,available,3659370,f9765746b4c9eff5af8f34d412cc2d6d48bc2031710f3c758052c4accbaf1e22,,NOT redistributed (Esri terms). One of 360 patches regenerated locally from the pinned Wayback release; the SHA-256 here pins the expected regeneration.
esri_multipatch_water__lake_taupo__r1c2,regenerated_input,Esri World Imagery Wayback release 26334 (2026-08-05),zoom=17;lat=-38.78036131851204;lon=176.10604571042035;wayback=26334,notebooks/data/multi_patch_latitude/esri_patch_cache/water__lake_taupo__r1c2__z17_n256_os4_gsd10.zarr,zarr,multi_patch_latitude_validation.ipynb;throughput_scaling_benchmark.ipynb,latent_hr:1024x1024 float32,available,3560534,2e30c39f3dbc520221069cfaf2a69462e91fe1a07de91f0ac411b51911caf393,,NOT redistributed (Esri terms). One of 360 patches regenerated locally from the pinned Wayback release; the SHA-256 here pins the expected regeneration.
esri_multipatch_water__lake_taupo__r2c0,regenerated_input,Esri World Imagery Wayback release 26334 (2026-08-05),zoom=17;lat=-38.74357898669962;lon=176.01445105069422;wayback=26334,notebooks/data/multi_patch_latitude/esri_patch_cache/water__lake_taupo__r2c0__z17_n256_os4_gsd10.zarr,zarr,multi_patch_latitude_validation.ipynb;throughput_scaling_benchmark.ipynb,latent_hr:1024x1024 float32,available,3571036,6f7ba9a2afd81e096731ef3fd39682271d291f043c378a5d1f75eff5acb80fe2,,NOT redistributed (Esri terms). One of 360 patches regenerated locally from the pinned Wayback release; the SHA-256 here pins the expected regeneration.
esri_multipatch_water__lake_taupo__r2c1,regenerated_input,Esri World Imagery Wayback release 26334 (2026-08-05),zoom=17;lat=-38.74395795835227;lon=176.06047276531856;wayback=26334,notebooks/data/multi_patch_latitude/esri_patch_cache/water__lake_taupo__r2c1__z17_n256_os4_gsd10.zarr,zarr,multi_patch_latitude_validation.ipynb;throughput_scaling_benchmark.ipynb,latent_hr:1024x1024 float32,available,3626699,c3adee2fafa9f3fd332ce480f144a5003f5d04b69072f45cb30c3de6a0043186,,NOT redistributed (Esri terms). One of 360 patches regenerated locally from the pinned Wayback release; the SHA-256 here pins the expected regeneration.
esri_multipatch_water__lake_taupo__r2c2,regenerated_input,Esri World Imagery Wayback release 26334 (2026-08-05),zoom=17;lat=-38.744318814566775;lon=176.10649532513014;wayback=26334,notebooks/data/multi_patch_latitude/esri_patch_cache/water__lake_taupo__r2c2__z17_n256_os4_gsd10.zarr,zarr,multi_patch_latitude_validation.ipynb;throughput_scaling_benchmark.ipynb,latent_hr:1024x1024 float32,available,3386535,c7c80d135132125b24d3b58bef8bc23c840fd0822fcefd2ad51ef7df70dc1443,,NOT redistributed (Esri terms). One of 360 patches regenerated locally from the pinned Wayback release; the SHA-256 here pins the expected regeneration.
esri_multipatch_water__lake_geneva__r0c0,regenerated_input,Esri World Imagery Wayback release 26334 (2026-08-05),zoom=17;lat=46.42185721598893;lon=6.379689345780408;wayback=26334,notebooks/data/multi_patch_latitude/esri_patch_cache/water__lake_geneva__r0c0__z17_n256_os4_gsd10.zarr,zarr,multi_patch_latitude_validation.ipynb;throughput_scaling_benchmark.ipynb,latent_hr:1024x1024 float32,available,1100753,c365812f3f6f6849a52847e2441876bd2e60d382f217a2525fd0ceb4798187d6,,NOT redistributed (Esri terms). One of 360 patches regenerated locally from the pinned Wayback release; the SHA-256 here pins the expected regeneration.
esri_multipatch_water__lake_geneva__r0c1,regenerated_input,Esri World Imagery Wayback release 26334 (2026-08-05),zoom=17;lat=46.423037650688954;lon=6.4316915123654566;wayback=26334,notebooks/data/multi_patch_latitude/esri_patch_cache/water__lake_geneva__r0c1__z17_n256_os4_gsd10.zarr,zarr,multi_patch_latitude_validation.ipynb;throughput_scaling_benchmark.ipynb,latent_hr:1024x1024 float32,available,1081603,f55862b52530cbdbfa8047f41be51b872fccf8d502c4461b16559631aab39cb5,,NOT redistributed (Esri terms). One of 360 patches regenerated locally from the pinned Wayback release; the SHA-256 here pins the expected regeneration.
esri_multipatch_water__lake_geneva__r0c2,regenerated_input,Esri World Imagery Wayback release 26334 (2026-08-05),zoom=17;lat=46.42419446102112;lon=6.483696910550786;wayback=26334,notebooks/data/multi_patch_latitude/esri_patch_cache/water__lake_geneva__r0c2__z17_n256_os4_gsd10.zarr,zarr,multi_patch_latitude_validation.ipynb;throughput_scaling_benchmark.ipynb,latent_hr:1024x1024 float32,available,1371791,8f3a0029b5c38f94ba821fc04e43a3c22c9fea5a5979ded2c9721d0ee6227419,,NOT redistributed (Esri terms). One of 360 patches regenerated locally from the pinned Wayback release; the SHA-256 here pins the expected regeneration.
esri_multipatch_water__lake_geneva__r1c0,regenerated_input,Esri World Imagery Wayback release 26334 (2026-08-05),zoom=17;lat=46.45781809065042;lon=6.377963678998391;wayback=26334,notebooks/data/multi_patch_latitude/esri_patch_cache/water__lake_geneva__r1c0__z17_n256_os4_gsd10.zarr,zarr,multi_patch_latitude_validation.ipynb;throughput_scaling_benchmark.ipynb,latent_hr:1024x1024 float32,available,2094549,07ec972e72ac680d1f4f919dcafcee8fdb040ae7eb9b1382e480a4f903e89127,,NOT redistributed (Esri terms). One of 360 patches regenerated locally from the pinned Wayback release; the SHA-256 here pins the expected regeneration.
esri_multipatch_water__lake_geneva__r1c1,regenerated_input,Esri World Imagery Wayback release 26334 (2026-08-05),zoom=17;lat=46.459;lon=6.43;wayback=26334,notebooks/data/multi_patch_latitude/esri_patch_cache/water__lake_geneva__r1c1__z17_n256_os4_gsd10.zarr,zarr,multi_patch_latitude_validation.ipynb;throughput_scaling_benchmark.ipynb,latent_hr:1024x1024 float32,available,1445773,6864ce6238bd0bcf377110c11e109fba28449334ce9b1ef2e2f808eacf47d222,,NOT redistributed (Esri terms). One of 360 patches regenerated locally from the pinned Wayback release; the SHA-256 here pins the expected regeneration.
esri_multipatch_water__lake_geneva__r1c2,regenerated_input,Esri World Imagery Wayback release 26334 (2026-08-05),zoom=17;lat=46.46015825553086;lon=6.48203956030391;wayback=26334,notebooks/data/multi_patch_latitude/esri_patch_cache/water__lake_geneva__r1c2__z17_n256_os4_gsd10.zarr,zarr,multi_patch_latitude_validation.ipynb;throughput_scaling_benchmark.ipynb,latent_hr:1024x1024 float32,available,1440044,765f95aeffcb55ed49fcd43c3662483aded821c5013b999b75212090001a0367,,NOT redistributed (Esri terms). One of 360 patches regenerated locally from the pinned Wayback release; the SHA-256 here pins the expected regeneration.
esri_multipatch_water__lake_geneva__r2c0,regenerated_input,Esri World Imagery Wayback release 26334 (2026-08-05),zoom=17;lat=46.49377868859477;lon=6.376234707690337;wayback=26334,notebooks/data/multi_patch_latitude/esri_patch_cache/water__lake_geneva__r2c0__z17_n256_os4_gsd10.zarr,zarr,multi_patch_latitude_validation.ipynb;throughput_scaling_benchmark.ipynb,latent_hr:1024x1024 float32,available,3406448,eb1968d364d446983ca7f7cf2da658f0d8e81eaabb0d43c8f9579fdd5ebeb525,,NOT redistributed (Esri terms). One of 360 patches regenerated locally from the pinned Wayback release; the SHA-256 here pins the expected regeneration.
esri_multipatch_water__lake_geneva__r2c1,regenerated_input,Esri World Imagery Wayback release 26334 (2026-08-05),zoom=17;lat=46.49496207452051;lon=6.42830524832795;wayback=26334,notebooks/data/multi_patch_latitude/esri_patch_cache/water__lake_geneva__r2c1__z17_n256_os4_gsd10.zarr,zarr,multi_patch_latitude_validation.ipynb;throughput_scaling_benchmark.ipynb,latent_hr:1024x1024 float32,available,3399055,4e2180eaffd713b54ee68c429064230e4a6913aa663fb90d66f16c6a54f8421e,,NOT redistributed (Esri terms). One of 360 patches regenerated locally from the pinned Wayback release; the SHA-256 here pins the expected regeneration.
esri_multipatch_water__lake_geneva__r2c2,regenerated_input,Esri World Imagery Wayback release 26334 (2026-08-05),zoom=17;lat=46.496121777138406;lon=6.480379035995644;wayback=26334,notebooks/data/multi_patch_latitude/esri_patch_cache/water__lake_geneva__r2c2__z17_n256_os4_gsd10.zarr,zarr,multi_patch_latitude_validation.ipynb;throughput_scaling_benchmark.ipynb,latent_hr:1024x1024 float32,available,2902589,6b1d7debf6ab4ce287e8ed40399881eb35c7d8cc6895ee3061f15522cf42e2f1,,NOT redistributed (Esri terms). One of 360 patches regenerated locally from the pinned Wayback release; the SHA-256 here pins the expected regeneration.
esri_multipatch_water__lake_michigan__r0c0,regenerated_input,Esri World Imagery Wayback release 26334 (2026-08-05),zoom=17;lat=42.96360901691799;lon=-87.89854417672127;wayback=26334,notebooks/data/multi_patch_latitude/esri_patch_cache/water__lake_michigan__r0c0__z17_n256_os4_gsd10.zarr,zarr,multi_patch_latitude_validation.ipynb;throughput_scaling_benchmark.ipynb,latent_hr:1024x1024 float32,available,3604653,f2269421da2cf3babb64c6232e7889678a6571c3bbdb973105a3caa75c85bd0d,,NOT redistributed (Esri terms). One of 360 patches regenerated locally from the pinned Wayback release; the SHA-256 here pins the expected regeneration.
esri_multipatch_water__lake_michigan__r0c1,regenerated_input,Esri World Imagery Wayback release 26334 (2026-08-05),zoom=17;lat=42.96398349270397;lon=-87.84950395424866;wayback=26334,notebooks/data/multi_patch_latitude/esri_patch_cache/water__lake_michigan__r0c1__z17_n256_os4_gsd10.zarr,zarr,multi_patch_latitude_validation.ipynb;throughput_scaling_benchmark.ipynb,latent_hr:1024x1024 float32,available,3455702,7597822357ed0081ff30c4fe595d6f089bc1526422cb8f3a4576b96fbbfacd0f,,NOT redistributed (Esri terms). One of 360 patches regenerated locally from the pinned Wayback release; the SHA-256 here pins the expected regeneration.
esri_multipatch_water__lake_michigan__r0c2,regenerated_input,Esri World Imagery Wayback release 26334 (2026-08-05),zoom=17;lat=42.96433696087617;lon=-87.80046281908129;wayback=26334,notebooks/data/multi_patch_latitude/esri_patch_cache/water__lake_michigan__r0c2__z17_n256_os4_gsd10.zarr,zarr,multi_patch_latitude_validation.ipynb;throughput_scaling_benchmark.ipynb,latent_hr:1024x1024 float32,available,326593,111e289b0e5b01e4c2e677af4561d50474f9d9f954bda245e1ccc6d4c72258c7,,NOT redistributed (Esri terms). One of 360 patches regenerated locally from the pinned Wayback release; the SHA-256 here pins the expected regeneration.
esri_multipatch_water__lake_michigan__r1c0,regenerated_input,Esri World Imagery Wayback release 26334 (2026-08-05),zoom=17;lat=42.999625055110535;lon=-87.89906884909321;wayback=26334,notebooks/data/multi_patch_latitude/esri_patch_cache/water__lake_michigan__r1c0__z17_n256_os4_gsd10.zarr,zarr,multi_patch_latitude_validation.ipynb;throughput_scaling_benchmark.ipynb,latent_hr:1024x1024 float32,available,3570745,e2b315168991fda393945dc57f3e08df5f23668a821159c5bcab4b0120e93f8d,,NOT redistributed (Esri terms). One of 360 patches regenerated locally from the pinned Wayback release; the SHA-256 here pins the expected regeneration.
esri_multipatch_water__lake_michigan__r1c1,regenerated_input,Esri World Imagery Wayback release 26334 (2026-08-05),zoom=17;lat=43.0;lon=-87.85;wayback=26334,notebooks/data/multi_patch_latitude/esri_patch_cache/water__lake_michigan__r1c1__z17_n256_os4_gsd10.zarr,zarr,multi_patch_latitude_validation.ipynb;throughput_scaling_benchmark.ipynb,latent_hr:1024x1024 float32,available,1312004,e51322c627bcdc55bec7783373f410aba4b5c0493a9f75a1c769637878adda8b,,NOT redistributed (Esri terms). One of 360 patches regenerated locally from the pinned Wayback release; the SHA-256 here pins the expected regeneration.
esri_multipatch_water__lake_michigan__r1c2,regenerated_input,Esri World Imagery Wayback release 26334 (2026-08-05),zoom=17;lat=43.0003539109648;lon=-87.80093023622433;wayback=26334,notebooks/data/multi_patch_latitude/esri_patch_cache/water__lake_michigan__r1c2__z17_n256_os4_gsd10.zarr,zarr,multi_patch_latitude_validation.ipynb;throughput_scaling_benchmark.ipynb,latent_hr:1024x1024 float32,available,390884,4bb5ec312983cb86d8714e42989217b63103166f843fd108b7af3543cc2e715e,,NOT redistributed (Esri terms). One of 360 patches regenerated locally from the pinned Wayback release; the SHA-256 here pins the expected regeneration.
esri_multipatch_water__lake_michigan__r2c0,regenerated_input,Esri World Imagery Wayback release 26334 (2026-08-05),zoom=17;lat=43.035640860642474;lon=-87.89959448891861;wayback=26334,notebooks/data/multi_patch_latitude/esri_patch_cache/water__lake_michigan__r2c0__z17_n256_os4_gsd10.zarr,zarr,multi_patch_latitude_validation.ipynb;throughput_scaling_benchmark.ipynb,latent_hr:1024x1024 float32,available,3193074,ce4fa188d0afd3936e2f2f06aa5c0507cd852763adcad599d9631751160e5975,,NOT redistributed (Esri terms). One of 360 patches regenerated locally from the pinned Wayback release; the SHA-256 here pins the expected regeneration.
esri_multipatch_water__lake_michigan__r2c1,regenerated_input,Esri World Imagery Wayback release 26334 (2026-08-05),zoom=17;lat=43.03601627517815;lon=-87.8504969604348;wayback=26334,notebooks/data/multi_patch_latitude/esri_patch_cache/water__lake_michigan__r2c1__z17_n256_os4_gsd10.zarr,zarr,multi_patch_latitude_validation.ipynb;throughput_scaling_benchmark.ipynb,latent_hr:1024x1024 float32,available,434094,f6d9203d7118d56ab6e5c7cfa098a5897dde1ebf32c4169604f456fe1b57399f,,NOT redistributed (Esri terms). One of 360 patches regenerated locally from the pinned Wayback release; the SHA-256 here pins the expected regeneration.
esri_multipatch_water__lake_michigan__r2c2,regenerated_input,Esri World Imagery Wayback release 26334 (2026-08-05),zoom=17;lat=43.03637062944784;lon=-87.80139851527466;wayback=26334,notebooks/data/multi_patch_latitude/esri_patch_cache/water__lake_michigan__r2c2__z17_n256_os4_gsd10.zarr,zarr,multi_patch_latitude_validation.ipynb;throughput_scaling_benchmark.ipynb,latent_hr:1024x1024 float32,available,366639,a9e5387233d87c9e78181194ea8fef4f2f653d1f43b1639bc4d8ba6d25e290a6,,NOT redistributed (Esri terms). One of 360 patches regenerated locally from the pinned Wayback release; the SHA-256 here pins the expected regeneration.
esri_multipatch_water__lake_tahoe__r0c0,regenerated_input,Esri World Imagery Wayback release 26334 (2026-08-05),zoom=17;lat=39.06280722943713;lon=-120.04464512393872;wayback=26334,notebooks/data/multi_patch_latitude/esri_patch_cache/water__lake_tahoe__r0c0__z17_n256_os4_gsd10.zarr,zarr,multi_patch_latitude_validation.ipynb;throughput_scaling_benchmark.ipynb,latent_hr:1024x1024 float32,available,1678712,cf2ae46b9d610f7584e70c403cbece1aef8347698599f325e2d49a809fc9a419,,NOT redistributed (Esri terms). One of 360 patches regenerated locally from the pinned Wayback release; the SHA-256 here pins the expected regeneration.
esri_multipatch_water__lake_tahoe__r0c1,regenerated_input,Esri World Imagery Wayback release 26334 (2026-08-05),zoom=17;lat=39.06400457318178;lon=-119.99847449002667;wayback=26334,notebooks/data/multi_patch_latitude/esri_patch_cache/water__lake_tahoe__r0c1__z17_n256_os4_gsd10.zarr,zarr,multi_patch_latitude_validation.ipynb;throughput_scaling_benchmark.ipynb,latent_hr:1024x1024 float32,available,909206,62c0fe73d9ff2254c2ed8b05490ad6d0147ed7bb936a8b5ab4cbcd87334773c5,,NOT redistributed (Esri terms). One of 360 patches regenerated locally from the pinned Wayback release; the SHA-256 here pins the expected regeneration.
esri_multipatch_water__lake_tahoe__r0c2,regenerated_input,Esri World Imagery Wayback release 26334 (2026-08-05),zoom=17;lat=39.06518366683893;lon=-119.95230112831956;wayback=26334,notebooks/data/multi_patch_latitude/esri_patch_cache/water__lake_tahoe__r0c2__z17_n256_os4_gsd10.zarr,zarr,multi_patch_latitude_validation.ipynb;throughput_scaling_benchmark.ipynb,latent_hr:1024x1024 float32,available,2428918,ecf1c6ae0a6c2f62b9cc41b4817a01fc99b994fe992db42b7211eafa786698bc,,NOT redistributed (Esri terms). One of 360 patches regenerated locally from the pinned Wayback release; the SHA-256 here pins the expected regeneration.
esri_multipatch_water__lake_tahoe__r1c0,regenerated_input,Esri World Imagery Wayback release 26334 (2026-08-05),zoom=17;lat=39.098801128073546;lon=-120.04619403587961;wayback=26334,notebooks/data/multi_patch_latitude/esri_patch_cache/water__lake_tahoe__r1c0__z17_n256_os4_gsd10.zarr,zarr,multi_patch_latitude_validation.ipynb;throughput_scaling_benchmark.ipynb,latent_hr:1024x1024 float32,available,1481932,1835693d87cd411e21edd326ae600cb46a1336fa648fc576bb1f4f4963167d8f,,NOT redistributed (Esri terms). One of 360 patches regenerated locally from the pinned Wayback release; the SHA-256 here pins the expected regeneration.
esri_multipatch_water__lake_tahoe__r1c1,regenerated_input,Esri World Imagery Wayback release 26334 (2026-08-05),zoom=17;lat=39.1;lon=-119.99999999999999;wayback=26334,notebooks/data/multi_patch_latitude/esri_patch_cache/water__lake_tahoe__r1c1__z17_n256_os4_gsd10.zarr,zarr,multi_patch_latitude_validation.ipynb;throughput_scaling_benchmark.ipynb,latent_hr:1024x1024 float32,available,702468,acdb97d295551f57595963438530353e3e7a4c2f220e2c0fbdb56b6bd7fba806,,NOT redistributed (Esri terms). One of 360 patches regenerated locally from the pinned Wayback release; the SHA-256 here pins the expected regeneration.
esri_multipatch_water__lake_tahoe__r1c2,regenerated_input,Esri World Imagery Wayback release 26334 (2026-08-05),zoom=17;lat=39.10118059859638;lon=-119.95380323097694;wayback=26334,notebooks/data/multi_patch_latitude/esri_patch_cache/water__lake_tahoe__r1c2__z17_n256_os4_gsd10.zarr,zarr,multi_patch_latitude_validation.ipynb;throughput_scaling_benchmark.ipynb,latent_hr:1024x1024 float32,available,2617081,0a1d0ada83536cdbd912a0c546c98a95331630f8780ca29ce07d6c28cd63aa25,,NOT redistributed (Esri terms). One of 360 patches regenerated locally from the pinned Wayback release; the SHA-256 here pins the expected regeneration.
esri_multipatch_water__lake_tahoe__r2c0,regenerated_input,Esri World Imagery Wayback release 26334 (2026-08-05),zoom=17;lat=39.1347947521602;lon=-120.04774572275976;wayback=26334,notebooks/data/multi_patch_latitude/esri_patch_cache/water__lake_tahoe__r2c0__z17_n256_os4_gsd10.zarr,zarr,multi_patch_latitude_validation.ipynb;throughput_scaling_benchmark.ipynb,latent_hr:1024x1024 float32,available,1456135,3a461d224fe19e81529cb71d282d9db27032de04be761bbc3726fd1ec74f4272,,NOT redistributed (Esri terms). One of 360 patches regenerated locally from the pinned Wayback release; the SHA-256 here pins the expected regeneration.
esri_multipatch_water__lake_tahoe__r2c1,regenerated_input,Esri World Imagery Wayback release 26334 (2026-08-05),zoom=17;lat=39.13599515380014;lon=-120.00152824311934;wayback=26334,notebooks/data/multi_patch_latitude/esri_patch_cache/water__lake_tahoe__r2c1__z17_n256_os4_gsd10.zarr,zarr,multi_patch_latitude_validation.ipynb;throughput_scaling_benchmark.ipynb,latent_hr:1024x1024 float32,available,885090,78c81c9b2234e417ae4ebbe5d394d5334d87adedee7c0ba1c537b83872282906,,NOT redistributed (Esri terms). One of 360 patches regenerated locally from the pinned Wayback release; the SHA-256 here pins the expected regeneration.
esri_multipatch_water__lake_tahoe__r2c2,regenerated_input,Esri World Imagery Wayback release 26334 (2026-08-05),zoom=17;lat=39.13717725884428;lon=-119.95530802497149;wayback=26334,notebooks/data/multi_patch_latitude/esri_patch_cache/water__lake_tahoe__r2c2__z17_n256_os4_gsd10.zarr,zarr,multi_patch_latitude_validation.ipynb;throughput_scaling_benchmark.ipynb,latent_hr:1024x1024 float32,available,1442537,43b437b86da255e8f6e53d2a8606718ca0d9d7347d638b4098cf61d0def560cd,,NOT redistributed (Esri terms). One of 360 patches regenerated locally from the pinned Wayback release; the SHA-256 here pins the expected regeneration.
esri_multipatch_water__great_salt_lake__r0c0,regenerated_input,Esri World Imagery Wayback release 26334 (2026-08-05),zoom=17;lat=41.263305868872024;lon=-112.65684772756683;wayback=26334,notebooks/data/multi_patch_latitude/esri_patch_cache/water__great_salt_lake__r0c0__z17_n256_os4_gsd10.zarr,zarr,multi_patch_latitude_validation.ipynb;throughput_scaling_benchmark.ipynb,latent_hr:1024x1024 float32,available,1903199,f128d6cfb886d718475c5bc8b4652589e28b7e7f78d534b73c661d7c4dd83e94,,NOT redistributed (Esri terms). One of 360 patches regenerated locally from the pinned Wayback release; the SHA-256 here pins the expected regeneration.
esri_multipatch_water__great_salt_lake__r0c1,regenerated_input,Esri World Imagery Wayback release 26334 (2026-08-05),zoom=17;lat=41.26398306005126;lon=-112.6091148171065;wayback=26334,notebooks/data/multi_patch_latitude/esri_patch_cache/water__great_salt_lake__r0c1__z17_n256_os4_gsd10.zarr,zarr,multi_patch_latitude_validation.ipynb;throughput_scaling_benchmark.ipynb,latent_hr:1024x1024 float32,available,2346734,2414ad8b2a054a1fbedb0de91608a248154c9481532f3ff90d39b9b35dc73525,,NOT redistributed (Esri terms). One of 360 patches regenerated locally from the pinned Wayback release; the SHA-256 here pins the expected regeneration.
esri_multipatch_water__great_salt_lake__r0c2,regenerated_input,Esri World Imagery Wayback release 26334 (2026-08-05),zoom=17;lat=41.26464046998351;lon=-112.56138030117226;wayback=26334,notebooks/data/multi_patch_latitude/esri_patch_cache/water__great_salt_lake__r0c2__z17_n256_os4_gsd10.zarr,zarr,multi_patch_latitude_validation.ipynb;throughput_scaling_benchmark.ipynb,latent_hr:1024x1024 float32,available,2336233,eedc7936b8bc402906e46710eaa0fef67676d2bb7fc6bdf92d4ebaa51ae1e666,,NOT redistributed (Esri terms). One of 360 patches regenerated locally from the pinned Wayback release; the SHA-256 here pins the expected regeneration.
esri_multipatch_water__great_salt_lake__r1c0,regenerated_input,Esri World Imagery Wayback release 26334 (2026-08-05),zoom=17;lat=41.299321955355346;lon=-112.657759139712;wayback=26334,notebooks/data/multi_patch_latitude/esri_patch_cache/water__great_salt_lake__r1c0__z17_n256_os4_gsd10.zarr,zarr,multi_patch_latitude_validation.ipynb;throughput_scaling_benchmark.ipynb,latent_hr:1024x1024 float32,available,2414988,1484a84615ab3f498c3bc246cb53175904e8e321e4c179a7319888c10304f3fb,,NOT redistributed (Esri terms). One of 360 patches regenerated locally from the pinned Wayback release; the SHA-256 here pins the expected regeneration.
esri_multipatch_water__great_salt_lake__r1c1,regenerated_input,Esri World Imagery Wayback release 26334 (2026-08-05),zoom=17;lat=41.29999999999999;lon=-112.61;wayback=26334,notebooks/data/multi_patch_latitude/esri_patch_cache/water__great_salt_lake__r1c1__z17_n256_os4_gsd10.zarr,zarr,multi_patch_latitude_validation.ipynb;throughput_scaling_benchmark.ipynb,latent_hr:1024x1024 float32,available,2121431,5ca9f99ca0ab71c632b4904445e0a3c116c5b990ff2a5d869574b8a7f583c482,,NOT redistributed (Esri terms). One of 360 patches regenerated locally from the pinned Wayback release; the SHA-256 here pins the expected regeneration.
esri_multipatch_water__great_salt_lake__r1c2,regenerated_input,Esri World Imagery Wayback release 26334 (2026-08-05),zoom=17;lat=41.30065823848409;lon=-112.56223925147232;wayback=26334,notebooks/data/multi_patch_latitude/esri_patch_cache/water__great_salt_lake__r1c2__z17_n256_os4_gsd10.zarr,zarr,multi_patch_latitude_validation.ipynb;throughput_scaling_benchmark.ipynb,latent_hr:1024x1024 float32,available,2948742,5e8068e128cae0a96e8fd35ef1c8d1ae2b7fee6d543237390cb8675c003f7182,,NOT redistributed (Esri terms). One of 360 patches regenerated locally from the pinned Wayback release; the SHA-256 here pins the expected regeneration.
esri_multipatch_water__great_salt_lake__r2c0,regenerated_input,Esri World Imagery Wayback release 26334 (2026-08-05),zoom=17;lat=41.33533779917703;lon=-112.65867220829838;wayback=26334,notebooks/data/multi_patch_latitude/esri_patch_cache/water__great_salt_lake__r2c0__z17_n256_os4_gsd10.zarr,zarr,multi_patch_latitude_validation.ipynb;throughput_scaling_benchmark.ipynb,latent_hr:1024x1024 float32,available,2319498,96ba2103f084b7d0d11273f4ab407b8b2939f48ac60fd334386b215564ed152f,,NOT redistributed (Esri terms). One of 360 patches regenerated locally from the pinned Wayback release; the SHA-256 here pins the expected regeneration.
esri_multipatch_water__great_salt_lake__r2c1,regenerated_input,Esri World Imagery Wayback release 26334 (2026-08-05),zoom=17;lat=41.33601669821545;lon=-112.6108867917109;wayback=26334,notebooks/data/multi_patch_latitude/esri_patch_cache/water__great_salt_lake__r2c1__z17_n256_os4_gsd10.zarr,zarr,multi_patch_latitude_validation.ipynb;throughput_scaling_benchmark.ipynb,latent_hr:1024x1024 float32,available,2407315,750cf0f6de98408ba43495648baf21a36345bf9f9e9fd9fd62fec79649b05425,,NOT redistributed (Esri terms). One of 360 patches regenerated locally from the pinned Wayback release; the SHA-256 here pins the expected regeneration.
esri_multipatch_water__great_salt_lake__r2c2,regenerated_input,Esri World Imagery Wayback release 26334 (2026-08-05),zoom=17;lat=41.336675766152744;lon=-112.56309976295579;wayback=26334,notebooks/data/multi_patch_latitude/esri_patch_cache/water__great_salt_lake__r2c2__z17_n256_os4_gsd10.zarr,zarr,multi_patch_latitude_validation.ipynb;throughput_scaling_benchmark.ipynb,latent_hr:1024x1024 float32,available,2167652,6cf4b1d5eaa309a25f55303a65d4972a66484bd01c1ecb088d865ce0e287d166,,NOT redistributed (Esri terms). One of 360 patches regenerated locally from the pinned Wayback release; the SHA-256 here pins the expected regeneration.
esri_multipatch_water__caspian_sea__r0c0,regenerated_input,Esri World Imagery Wayback release 26334 (2026-08-05),zoom=17;lat=41.962890474981585;lon=48.308271183739436;wayback=26334,notebooks/data/multi_patch_latitude/esri_patch_cache/water__caspian_sea__r0c0__z17_n256_os4_gsd10.zarr,zarr,multi_patch_latitude_validation.ipynb;throughput_scaling_benchmark.ipynb,latent_hr:1024x1024 float32,available,3433132,82ebd491ed2e3c6512f007836999d359b66f573172e12ae082d0a6dbe203ee64,,NOT redistributed (Esri terms). One of 360 patches regenerated locally from the pinned Wayback release; the SHA-256 here pins the expected regeneration.
esri_multipatch_water__caspian_sea__r0c1,regenerated_input,Esri World Imagery Wayback release 26334 (2026-08-05),zoom=17;lat=41.964011654720714;lon=48.3564900532219;wayback=26334,notebooks/data/multi_patch_latitude/esri_patch_cache/water__caspian_sea__r0c1__z17_n256_os4_gsd10.zarr,zarr,multi_patch_latitude_validation.ipynb;throughput_scaling_benchmark.ipynb,latent_hr:1024x1024 float32,available,3119323,037b1e722e6ead56b324b393d17a05d89dcf1ed7ea7422bf988a28c547b69d43,,NOT redistributed (Esri terms). One of 360 patches regenerated locally from the pinned Wayback release; the SHA-256 here pins the expected regeneration.
esri_multipatch_water__caspian_sea__r0c2,regenerated_input,Esri World Imagery Wayback release 26334 (2026-08-05),zoom=17;lat=41.96511260556185;lon=48.40471163804328;wayback=26334,notebooks/data/multi_patch_latitude/esri_patch_cache/water__caspian_sea__r0c2__z17_n256_os4_gsd10.zarr,zarr,multi_patch_latitude_validation.ipynb;throughput_scaling_benchmark.ipynb,latent_hr:1024x1024 float32,available,67368,fd29a7655b01ddedd6398de78b1a7d0ab06af61bf250b3feb1ca719a8a099ddc,,NOT redistributed (Esri terms). One of 360 patches regenerated locally from the pinned Wayback release; the SHA-256 here pins the expected regeneration.
esri_multipatch_water__caspian_sea__r1c0,regenerated_input,Esri World Imagery Wayback release 26334 (2026-08-05),zoom=17;lat=41.99887741249511;lon=48.3067540306194;wayback=26334,notebooks/data/multi_patch_latitude/esri_patch_cache/water__caspian_sea__r1c0__z17_n256_os4_gsd10.zarr,zarr,multi_patch_latitude_validation.ipynb;throughput_scaling_benchmark.ipynb,latent_hr:1024x1024 float32,available,3544822,826dfea9b01f7d7f50babe107a504fedf464a801b52e5338b4c5115305a6a2ad,,NOT redistributed (Esri terms). One of 360 patches regenerated locally from the pinned Wayback release; the SHA-256 here pins the expected regeneration.
esri_multipatch_water__caspian_sea__r1c1,regenerated_input,Esri World Imagery Wayback release 26334 (2026-08-05),zoom=17;lat=41.99999999999999;lon=48.355;wayback=26334,notebooks/data/multi_patch_latitude/esri_patch_cache/water__caspian_sea__r1c1__z17_n256_os4_gsd10.zarr,zarr,multi_patch_latitude_validation.ipynb;throughput_scaling_benchmark.ipynb,latent_hr:1024x1024 float32,available,1506688,ab0484a73a04a85a0e0cba21ecff6a934abe1c5adbf4746eee17fd041d3a1c3b,,NOT redistributed (Esri terms). One of 360 patches regenerated locally from the pinned Wayback release; the SHA-256 here pins the expected regeneration.
esri_multipatch_water__caspian_sea__r1c2,regenerated_input,Esri World Imagery Wayback release 26334 (2026-08-05),zoom=17;lat=42.00110233325514;lon=48.4032486904708;wayback=26334,notebooks/data/multi_patch_latitude/esri_patch_cache/water__caspian_sea__r1c2__z17_n256_os4_gsd10.zarr,zarr,multi_patch_latitude_validation.ipynb;throughput_scaling_benchmark.ipynb,latent_hr:1024x1024 float32,available,66441,eeae8c015c9e91a439c99bc074895ba40d3594a751d15fdcd33ef987b52585eb,,NOT redistributed (Esri terms). One of 360 patches regenerated locally from the pinned Wayback release; the SHA-256 here pins the expected regeneration.
esri_multipatch_water__caspian_sea__r2c0,regenerated_input,Esri World Imagery Wayback release 26334 (2026-08-05),zoom=17;lat=42.03486407883251;lon=48.305234107051625;wayback=26334,notebooks/data/multi_patch_latitude/esri_patch_cache/water__caspian_sea__r2c0__z17_n256_os4_gsd10.zarr,zarr,multi_patch_latitude_validation.ipynb;throughput_scaling_benchmark.ipynb,latent_hr:1024x1024 float32,available,3536650,ebb8635ef7fbd891fd1ec5012d8b8d607e09e040843c66e14c361e732ef69bd7,,NOT redistributed (Esri terms). One of 360 patches regenerated locally from the pinned Wayback release; the SHA-256 here pins the expected regeneration.
esri_multipatch_water__caspian_sea__r2c1,regenerated_input,Esri World Imagery Wayback release 26334 (2026-08-05),zoom=17;lat=42.0359880756714;lon=48.353507225684936;wayback=26334,notebooks/data/multi_patch_latitude/esri_patch_cache/water__caspian_sea__r2c1__z17_n256_os4_gsd10.zarr,zarr,multi_patch_latitude_validation.ipynb;throughput_scaling_benchmark.ipynb,latent_hr:1024x1024 float32,available,366888,f15fcabdbf2bcea1c4f7749900814b18767cfa4037f5ac3c1b446bae9392f4e0,,NOT redistributed (Esri terms). One of 360 patches regenerated locally from the pinned Wayback release; the SHA-256 here pins the expected regeneration.
esri_multipatch_water__caspian_sea__r2c2,regenerated_input,Esri World Imagery Wayback release 26334 (2026-08-05),zoom=17;lat=42.037091792880695;lon=48.4017830711774;wayback=26334,notebooks/data/multi_patch_latitude/esri_patch_cache/water__caspian_sea__r2c2__z17_n256_os4_gsd10.zarr,zarr,multi_patch_latitude_validation.ipynb;throughput_scaling_benchmark.ipynb,latent_hr:1024x1024 float32,available,67080,c3d1ca40df9abe0926754edd38cfa759bf7b86f6ab6c5b16e8afe4ece30660c5,,NOT redistributed (Esri terms). One of 360 patches regenerated locally from the pinned Wayback release; the SHA-256 here pins the expected regeneration.
esri_multipatch_water__lake_constance__r0c0,regenerated_input,Esri World Imagery Wayback release 26334 (2026-08-05),zoom=17;lat=47.56418248428852;lon=9.34655093568043;wayback=26334,notebooks/data/multi_patch_latitude/esri_patch_cache/water__lake_constance__r0c0__z17_n256_os4_gsd10.zarr,zarr,multi_patch_latitude_validation.ipynb;throughput_scaling_benchmark.ipynb,latent_hr:1024x1024 float32,available,3612102,fcaa47db53b2652b1c3f176f5f247d6a39b6eef064938fc8cc96f9af70196b0f,,NOT redistributed (Esri terms). One of 360 patches regenerated locally from the pinned Wayback release; the SHA-256 here pins the expected regeneration.
esri_multipatch_water__lake_constance__r0c1,regenerated_input,Esri World Imagery Wayback release 26334 (2026-08-05),zoom=17;lat=47.56400949476512;lon=9.399725937570112;wayback=26334,notebooks/data/multi_patch_latitude/esri_patch_cache/water__lake_constance__r0c1__z17_n256_os4_gsd10.zarr,zarr,multi_patch_latitude_validation.ipynb;throughput_scaling_benchmark.ipynb,latent_hr:1024x1024 float32,available,2618538,b5d0ac533baca812924d39faa6918774c98a74a2191e17b87dc08b54b88f44d0,,NOT redistributed (Esri terms). One of 360 patches regenerated locally from the pinned Wayback release; the SHA-256 here pins the expected regeneration.
esri_multipatch_water__lake_constance__r0c2,regenerated_input,Esri World Imagery Wayback release 26334 (2026-08-05),zoom=17;lat=47.56381185407448;lon=9.452900407144588;wayback=26334,notebooks/data/multi_patch_latitude/esri_patch_cache/water__lake_constance__r0c2__z17_n256_os4_gsd10.zarr,zarr,multi_patch_latitude_validation.ipynb;throughput_scaling_benchmark.ipynb,latent_hr:1024x1024 float32,available,2264438,a2514822a6fc17d07c837e8412c5ae5db33d8d85ae277456a102b0cef667b87f,,NOT redistributed (Esri terms). One of 360 patches regenerated locally from the pinned Wayback release; the SHA-256 here pins the expected regeneration.
esri_multipatch_water__lake_constance__r1c0,regenerated_input,Esri World Imagery Wayback release 26334 (2026-08-05),zoom=17;lat=47.600173206419115;lon=9.346788541872023;wayback=26334,notebooks/data/multi_patch_latitude/esri_patch_cache/water__lake_constance__r1c0__z17_n256_os4_gsd10.zarr,zarr,multi_patch_latitude_validation.ipynb;throughput_scaling_benchmark.ipynb,latent_hr:1024x1024 float32,available,2518912,a9eda0794b4e8728f1da9051e92feefeeeb07672c4f35598f0cdc86539cffed8,,NOT redistributed (Esri terms). One of 360 patches regenerated locally from the pinned Wayback release; the SHA-256 here pins the expected regeneration.
esri_multipatch_water__lake_constance__r1c1,regenerated_input,Esri World Imagery Wayback release 26334 (2026-08-05),zoom=17;lat=47.599999999999994;lon=9.4;wayback=26334,notebooks/data/multi_patch_latitude/esri_patch_cache/water__lake_constance__r1c1__z17_n256_os4_gsd10.zarr,zarr,multi_patch_latitude_validation.ipynb;throughput_scaling_benchmark.ipynb,latent_hr:1024x1024 float32,available,2388768,d054cbdb7cdca5e0c9e086dbaf2954b6fbec5d910206a2ff7fa0f5ffac172dc3,,NOT redistributed (Esri terms). One of 360 patches regenerated locally from the pinned Wayback release; the SHA-256 here pins the expected regeneration.
esri_multipatch_water__lake_constance__r1c2,regenerated_input,Esri World Imagery Wayback release 26334 (2026-08-05),zoom=17;lat=47.59980211150753;lon=9.45321092450264;wayback=26334,notebooks/data/multi_patch_latitude/esri_patch_cache/water__lake_constance__r1c2__z17_n256_os4_gsd10.zarr,zarr,multi_patch_latitude_validation.ipynb;throughput_scaling_benchmark.ipynb,latent_hr:1024x1024 float32,available,2505627,a45f27150c80c4d20a75f90b51fb1b975fc65dbf74db25485672f85e37189423,,NOT redistributed (Esri terms). One of 360 patches regenerated locally from the pinned Wayback release; the SHA-256 here pins the expected regeneration.
esri_multipatch_water__lake_constance__r2c0,regenerated_input,Esri World Imagery Wayback release 26334 (2026-08-05),zoom=17;lat=47.63616370073636;lon=9.347026610709834;wayback=26334,notebooks/data/multi_patch_latitude/esri_patch_cache/water__lake_constance__r2c0__z17_n256_os4_gsd10.zarr,zarr,multi_patch_latitude_validation.ipynb;throughput_scaling_benchmark.ipynb,latent_hr:1024x1024 float32,available,2415368,50fc47e545caeb5a579345f832edb4386416f2c86f19e304577faa3a86ec8cdd,,NOT redistributed (Esri terms). One of 360 patches regenerated locally from the pinned Wayback release; the SHA-256 here pins the expected regeneration.
esri_multipatch_water__lake_constance__r2c1,regenerated_input,Esri World Imagery Wayback release 26334 (2026-08-05),zoom=17;lat=47.63599027712578;lon=9.400274596055981;wayback=26334,notebooks/data/multi_patch_latitude/esri_patch_cache/water__lake_constance__r2c1__z17_n256_os4_gsd10.zarr,zarr,multi_patch_latitude_validation.ipynb;throughput_scaling_benchmark.ipynb,latent_hr:1024x1024 float32,available,2418349,37e105b67b2234ac6d942d6524eee06f6ce9708b5440b9d7813c4411b6584e28,,NOT redistributed (Esri terms). One of 360 patches regenerated locally from the pinned Wayback release; the SHA-256 here pins the expected regeneration.
esri_multipatch_water__lake_constance__r2c2,regenerated_input,Esri World Imagery Wayback release 26334 (2026-08-05),zoom=17;lat=47.63579214049363;lon=9.453522046462153;wayback=26334,notebooks/data/multi_patch_latitude/esri_patch_cache/water__lake_constance__r2c2__z17_n256_os4_gsd10.zarr,zarr,multi_patch_latitude_validation.ipynb;throughput_scaling_benchmark.ipynb,latent_hr:1024x1024 float32,available,2903464,61cbf5b9f6a1aa81a6482d93e37d1f010f95594e090d126c447ab6ff51b371eb,,NOT redistributed (Esri terms). One of 360 patches regenerated locally from the pinned Wayback release; the SHA-256 here pins the expected regeneration.
esri_multipatch_water__lake_baikal__r0c0,regenerated_input,Esri World Imagery Wayback release 26334 (2026-08-05),zoom=17;lat=53.46256867747913;lon=107.94236810894071;wayback=26334,notebooks/data/multi_patch_latitude/esri_patch_cache/water__lake_baikal__r0c0__z17_n256_os4_gsd10.zarr,zarr,multi_patch_latitude_validation.ipynb;throughput_scaling_benchmark.ipynb,latent_hr:1024x1024 float32,available,296126,e9746cc8faae690487825e89f19f3bc3f945f985ce1ee1c692b2a7cc5bfeef9c,,NOT redistributed (Esri terms). One of 360 patches regenerated locally from the pinned Wayback release; the SHA-256 here pins the expected regeneration.
esri_multipatch_water__lake_baikal__r0c1,regenerated_input,Esri World Imagery Wayback release 26334 (2026-08-05),zoom=17;lat=53.4640944791155;lon=108.00253422709692;wayback=26334,notebooks/data/multi_patch_latitude/esri_patch_cache/water__lake_baikal__r0c1__z17_n256_os4_gsd10.zarr,zarr,multi_patch_latitude_validation.ipynb;throughput_scaling_benchmark.ipynb,latent_hr:1024x1024 float32,available,270852,8c72b188c623ca98ad69d169a10e7d7bfc4559dc1af1c290fae17642b0c7c26a,,NOT redistributed (Esri terms). One of 360 patches regenerated locally from the pinned Wayback release; the SHA-256 here pins the expected regeneration.
esri_multipatch_water__lake_baikal__r0c2,regenerated_input,Esri World Imagery Wayback release 26334 (2026-08-05),zoom=17;lat=53.46559001346179;lon=108.06270579270809;wayback=26334,notebooks/data/multi_patch_latitude/esri_patch_cache/water__lake_baikal__r0c2__z17_n256_os4_gsd10.zarr,zarr,multi_patch_latitude_validation.ipynb;throughput_scaling_benchmark.ipynb,latent_hr:1024x1024 float32,available,348402,9ccff0e612fe5de7d0146deb50926db320503387355fb26327b5a41915460c59,,NOT redistributed (Esri terms). One of 360 patches regenerated locally from the pinned Wayback release; the SHA-256 here pins the expected regeneration.
esri_multipatch_water__lake_baikal__r1c0,regenerated_input,Esri World Imagery Wayback release 26334 (2026-08-05),zoom=17;lat=53.49847221009595;lon=107.93978320563744;wayback=26334,notebooks/data/multi_patch_latitude/esri_patch_cache/water__lake_baikal__r1c0__z17_n256_os4_gsd10.zarr,zarr,multi_patch_latitude_validation.ipynb;throughput_scaling_benchmark.ipynb,latent_hr:1024x1024 float32,available,283000,f7c63c3602e85eafbeacdb3b51d6de2a516836113ed8d3417333d42484d72f9a,,NOT redistributed (Esri terms). One of 360 patches regenerated locally from the pinned Wayback release; the SHA-256 here pins the expected regeneration.
esri_multipatch_water__lake_baikal__r1c1,regenerated_input,Esri World Imagery Wayback release 26334 (2026-08-05),zoom=17;lat=53.499999999999986;lon=108.0;wayback=26334,notebooks/data/multi_patch_latitude/esri_patch_cache/water__lake_baikal__r1c1__z17_n256_os4_gsd10.zarr,zarr,multi_patch_latitude_validation.ipynb;throughput_scaling_benchmark.ipynb,latent_hr:1024x1024 float32,available,292823,e9c3802353934e486aaa4f97fdc62a99a2c9d4daa375f3891741d9ed398a2c3e,,NOT redistributed (Esri terms). One of 360 patches regenerated locally from the pinned Wayback release; the SHA-256 here pins the expected regeneration.
esri_multipatch_water__lake_baikal__r1c2,regenerated_input,Esri World Imagery Wayback release 26334 (2026-08-05),zoom=17;lat=53.50149748331145;lon=108.0602222575994;wayback=26334,notebooks/data/multi_patch_latitude/esri_patch_cache/water__lake_baikal__r1c2__z17_n256_os4_gsd10.zarr,zarr,multi_patch_latitude_validation.ipynb;throughput_scaling_benchmark.ipynb,latent_hr:1024x1024 float32,available,370221,a7249520202f100824e586df257927ea1496886ae65a1e9dccfaab67b44acb49,,NOT redistributed (Esri terms). One of 360 patches regenerated locally from the pinned Wayback release; the SHA-256 here pins the expected regeneration.
esri_multipatch_water__lake_baikal__r2c0,regenerated_input,Esri World Imagery Wayback release 26334 (2026-08-05),zoom=17;lat=53.5343754391084;lon=107.93719273032696;wayback=26334,notebooks/data/multi_patch_latitude/esri_patch_cache/water__lake_baikal__r2c0__z17_n256_os4_gsd10.zarr,zarr,multi_patch_latitude_validation.ipynb;throughput_scaling_benchmark.ipynb,latent_hr:1024x1024 float32,available,257456,781d3ec55c1d94af69407673857d600890e866d6af9e310d0822ec0d62809a69,,NOT redistributed (Esri terms). One of 360 patches regenerated locally from the pinned Wayback release; the SHA-256 here pins the expected regeneration.
esri_multipatch_water__lake_baikal__r2c1,regenerated_input,Esri World Imagery Wayback release 26334 (2026-08-05),zoom=17;lat=53.535905220627086;lon=107.99746030965586;wayback=26334,notebooks/data/multi_patch_latitude/esri_patch_cache/water__lake_baikal__r2c1__z17_n256_os4_gsd10.zarr,zarr,multi_patch_latitude_validation.ipynb;throughput_scaling_benchmark.ipynb,latent_hr:1024x1024 float32,available,358414,deb771e02da0202faf0652178c1d0e4a0e996bcfa285589cc454a32db11cac0f,,NOT redistributed (Esri terms). One of 360 patches regenerated locally from the pinned Wayback release; the SHA-256 here pins the expected regeneration.
esri_multipatch_water__lake_baikal__r2c2,regenerated_input,Esri World Imagery Wayback release 26334 (2026-08-05),zoom=17;lat=53.53740465618505;lon=108.05773336806578;wayback=26334,notebooks/data/multi_patch_latitude/esri_patch_cache/water__lake_baikal__r2c2__z17_n256_os4_gsd10.zarr,zarr,multi_patch_latitude_validation.ipynb;throughput_scaling_benchmark.ipynb,latent_hr:1024x1024 float32,available,342083,e414703ceaee9e071b20cf3ade871a96463019e8c44172012ef442b3e2fe3869,,NOT redistributed (Esri terms). One of 360 patches regenerated locally from the pinned Wayback release; the SHA-256 here pins the expected regeneration.
esri_multipatch_forest__amazon__r0c0,regenerated_input,Esri World Imagery Wayback release 26334 (2026-08-05),zoom=17;lat=-3.0360374009743705;lon=-60.03604610728331;wayback=26334,notebooks/data/multi_patch_latitude/esri_patch_cache/forest__amazon__r0c0__z17_n256_os4_gsd10.zarr,zarr,multi_patch_latitude_validation.ipynb;throughput_scaling_benchmark.ipynb,latent_hr:1024x1024 float32,available,3486170,380dd8b2a9a764e563424e2cf1b5a7c3559d7f98f1945730b0fe804d419d40c5,,NOT redistributed (Esri terms). One of 360 patches regenerated locally from the pinned Wayback release; the SHA-256 here pins the expected regeneration.
esri_multipatch_forest__amazon__r0c1,regenerated_input,Esri World Imagery Wayback release 26334 (2026-08-05),zoom=17;lat=-3.036138318393608;lon=-60.00009919239565;wayback=26334,notebooks/data/multi_patch_latitude/esri_patch_cache/forest__amazon__r0c1__z17_n256_os4_gsd10.zarr,zarr,multi_patch_latitude_validation.ipynb;throughput_scaling_benchmark.ipynb,latent_hr:1024x1024 float32,available,3703471,71de2784704440b878f9eb8c74351b62df7e6d3b134ee0e836b5e6640de59fea,,NOT redistributed (Esri terms). One of 360 patches regenerated locally from the pinned Wayback release; the SHA-256 here pins the expected regeneration.
esri_multipatch_forest__amazon__r0c2,regenerated_input,Esri World Imagery Wayback release 26334 (2026-08-05),zoom=17;lat=-3.0362380381720877;lon=-59.964151084227396;wayback=26334,notebooks/data/multi_patch_latitude/esri_patch_cache/forest__amazon__r0c2__z17_n256_os4_gsd10.zarr,zarr,multi_patch_latitude_validation.ipynb;throughput_scaling_benchmark.ipynb,latent_hr:1024x1024 float32,available,3727274,161dcf44275895fad646cd540bbca05133eb4aafb8e6f8b8361329e549e786d8,,NOT redistributed (Esri terms). One of 360 patches regenerated locally from the pinned Wayback release; the SHA-256 here pins the expected regeneration.
esri_multipatch_forest__amazon__r1c0,regenerated_input,Esri World Imagery Wayback release 26334 (2026-08-05),zoom=17;lat=-2.9999002858958455;lon=-60.03594573079937;wayback=26334,notebooks/data/multi_patch_latitude/esri_patch_cache/forest__amazon__r1c0__z17_n256_os4_gsd10.zarr,zarr,multi_patch_latitude_validation.ipynb;throughput_scaling_benchmark.ipynb,latent_hr:1024x1024 float32,available,3607664,f64405d0f84d26f6197f3d009331875490f9d494392eb8750166aacffa035089,,NOT redistributed (Esri terms). One of 360 patches regenerated locally from the pinned Wayback release; the SHA-256 here pins the expected regeneration.
esri_multipatch_forest__amazon__r1c1,regenerated_input,Esri World Imagery Wayback release 26334 (2026-08-05),zoom=17;lat=-2.9999999999999996;lon=-59.99999999999999;wayback=26334,notebooks/data/multi_patch_latitude/esri_patch_cache/forest__amazon__r1c1__z17_n256_os4_gsd10.zarr,zarr,multi_patch_latitude_validation.ipynb;throughput_scaling_benchmark.ipynb,latent_hr:1024x1024 float32,available,3702500,3f1f9d41f0089c22b8524c44e0db518ddff2d08f84e5f3c1ca112ef85845b885,,NOT redistributed (Esri terms). One of 360 patches regenerated locally from the pinned Wayback release; the SHA-256 here pins the expected regeneration.
esri_multipatch_forest__amazon__r1c2,regenerated_input,Esri World Imagery Wayback release 26334 (2026-08-05),zoom=17;lat=-3.0000985307435695;lon=-59.96405307611551;wayback=26334,notebooks/data/multi_patch_latitude/esri_patch_cache/forest__amazon__r1c2__z17_n256_os4_gsd10.zarr,zarr,multi_patch_latitude_validation.ipynb;throughput_scaling_benchmark.ipynb,latent_hr:1024x1024 float32,available,3622972,0d0879b283e9039d148b5233b05117fe7a2aa7335c923f4177233b3b48daffd4,,NOT redistributed (Esri terms). One of 360 patches regenerated locally from the pinned Wayback release; the SHA-256 here pins the expected regeneration.
esri_multipatch_forest__amazon__r2c0,regenerated_input,Esri World Imagery Wayback release 26334 (2026-08-05),zoom=17;lat=-2.963763143579563;lon=-60.03584656164271;wayback=26334,notebooks/data/multi_patch_latitude/esri_patch_cache/forest__amazon__r2c0__z17_n256_os4_gsd10.zarr,zarr,multi_patch_latitude_validation.ipynb;throughput_scaling_benchmark.ipynb,latent_hr:1024x1024 float32,available,3516040,1300b16ee4e569aab4adeff84ca99742e1c10b286547fadc5aac123d1e308f32,,NOT redistributed (Esri terms). One of 360 patches regenerated locally from the pinned Wayback release; the SHA-256 here pins the expected regeneration.
esri_multipatch_forest__amazon__r2c1,regenerated_input,Esri World Imagery Wayback release 26334 (2026-08-05),zoom=17;lat=-2.9638616544441003;lon=-59.999902000689836;wayback=26334,notebooks/data/multi_patch_latitude/esri_patch_cache/forest__amazon__r2c1__z17_n256_os4_gsd10.zarr,zarr,multi_patch_latitude_validation.ipynb;throughput_scaling_benchmark.ipynb,latent_hr:1024x1024 float32,available,3571067,3047803c4ef2937d81b693483d24a6f9342650ad8a162c74abbdf62af38daac8,,NOT redistributed (Esri terms). One of 360 patches regenerated locally from the pinned Wayback release; the SHA-256 here pins the expected regeneration.
esri_multipatch_forest__amazon__r2c2,regenerated_input,Esri World Imagery Wayback release 26334 (2026-08-05),zoom=17;lat=-2.9639589962273365;lon=-59.96395624684498;wayback=26334,notebooks/data/multi_patch_latitude/esri_patch_cache/forest__amazon__r2c2__z17_n256_os4_gsd10.zarr,zarr,multi_patch_latitude_validation.ipynb;throughput_scaling_benchmark.ipynb,latent_hr:1024x1024 float32,available,3553934,315c522c4e38fd3947aa049fa5d4760c48097e83781551c9beb6db372d5def9f,,NOT redistributed (Esri terms). One of 360 patches regenerated locally from the pinned Wayback release; the SHA-256 here pins the expected regeneration.
esri_multipatch_forest__congo__r0c0,regenerated_input,Esri World Imagery Wayback release 26334 (2026-08-05),zoom=17;lat=-1.0361719642168652;lon=19.964041734513273;wayback=26334,notebooks/data/multi_patch_latitude/esri_patch_cache/forest__congo__r0c0__z17_n256_os4_gsd10.zarr,zarr,multi_patch_latitude_validation.ipynb;throughput_scaling_benchmark.ipynb,latent_hr:1024x1024 float32,available,3178803,cec1dbb6807b1ad5a5bc770851971b91623a69b79159c18d52f24318e5030108,,NOT redistributed (Esri terms). One of 360 patches regenerated locally from the pinned Wayback release; the SHA-256 here pins the expected regeneration.
esri_multipatch_forest__congo__r0c1,regenerated_input,Esri World Imagery Wayback release 26334 (2026-08-05),zoom=17;lat=-1.036183591076444;lon=19.999988851144316;wayback=26334,notebooks/data/multi_patch_latitude/esri_patch_cache/forest__congo__r0c1__z17_n256_os4_gsd10.zarr,zarr,multi_patch_latitude_validation.ipynb;throughput_scaling_benchmark.ipynb,latent_hr:1024x1024 float32,available,3180957,91b815dead58c26e9384be12116888dbfc17ecc26f836f1b3ec0bf389fe36ade,,NOT redistributed (Esri terms). One of 360 patches regenerated locally from the pinned Wayback release; the SHA-256 here pins the expected regeneration.
esri_multipatch_forest__congo__r0c2,regenerated_input,Esri World Imagery Wayback release 26334 (2026-08-05),zoom=17;lat=-1.0361948075293572;lon=20.035936364230206;wayback=26334,notebooks/data/multi_patch_latitude/esri_patch_cache/forest__congo__r0c2__z17_n256_os4_gsd10.zarr,zarr,multi_patch_latitude_validation.ipynb;throughput_scaling_benchmark.ipynb,latent_hr:1024x1024 float32,available,3180225,41b858daa648a42f0f08081fad4c48b47085918d49f44502b967e896a5740bfd,,NOT redistributed (Esri terms). One of 360 patches regenerated locally from the pinned Wayback release; the SHA-256 here pins the expected regeneration.
esri_multipatch_forest__congo__r1c0,regenerated_input,Esri World Imagery Wayback release 26334 (2026-08-05),zoom=17;lat=-0.999988779231608;lon=19.96405328396204;wayback=26334,notebooks/data/multi_patch_latitude/esri_patch_cache/forest__congo__r1c0__z17_n256_os4_gsd10.zarr,zarr,multi_patch_latitude_validation.ipynb;throughput_scaling_benchmark.ipynb,latent_hr:1024x1024 float32,available,3221304,c46906dff2e7366bf752d308f4be8a35f2df16a748a4881f7695b851c02c7976,,NOT redistributed (Esri terms). One of 360 patches regenerated locally from the pinned Wayback release; the SHA-256 here pins the expected regeneration.
esri_multipatch_forest__congo__r1c1,regenerated_input,Esri World Imagery Wayback release 26334 (2026-08-05),zoom=17;lat=-0.9999999999999925;lon=20.0;wayback=26334,notebooks/data/multi_patch_latitude/esri_patch_cache/forest__congo__r1c1__z17_n256_os4_gsd10.zarr,zarr,multi_patch_latitude_validation.ipynb;throughput_scaling_benchmark.ipynb,latent_hr:1024x1024 float32,available,3220786,2451675dfe358ab0bf307f6deddd1b127a49b7ba0eecd99d68ed7658a0d98177,,NOT redistributed (Esri terms). One of 360 patches regenerated locally from the pinned Wayback release; the SHA-256 here pins the expected regeneration.
esri_multipatch_forest__congo__r1c2,regenerated_input,Esri World Imagery Wayback release 26334 (2026-08-05),zoom=17;lat=-1.0000108246959782;lon=20.035947112470833;wayback=26334,notebooks/data/multi_patch_latitude/esri_patch_cache/forest__congo__r1c2__z17_n256_os4_gsd10.zarr,zarr,multi_patch_latitude_validation.ipynb;throughput_scaling_benchmark.ipynb,latent_hr:1024x1024 float32,available,3183742,051bb6b02dadbd55218e4b8c7b6270bfab14607e8c7aa438ca4ed2f4e95e1d07,,NOT redistributed (Esri terms). One of 360 patches regenerated locally from the pinned Wayback release; the SHA-256 here pins the expected regeneration.
esri_multipatch_forest__congo__r2c0,regenerated_input,Esri World Imagery Wayback release 26334 (2026-08-05),zoom=17;lat=-0.963805586109991;lon=19.964064422733447;wayback=26334,notebooks/data/multi_patch_latitude/esri_patch_cache/forest__congo__r2c0__z17_n256_os4_gsd10.zarr,zarr,multi_patch_latitude_validation.ipynb;throughput_scaling_benchmark.ipynb,latent_hr:1024x1024 float32,available,3196501,bf5cdd4bad4d0a3ed1727dc7fe2c4d74fd1acabf31e84f45613c1e3775785c61,,NOT redistributed (Esri terms). One of 360 patches regenerated locally from the pinned Wayback release; the SHA-256 here pins the expected regeneration.
esri_multipatch_forest__congo__r2c1,regenerated_input,Esri World Imagery Wayback release 26334 (2026-08-05),zoom=17;lat=-0.963816400795684;lon=20.00001075242268;wayback=26334,notebooks/data/multi_patch_latitude/esri_patch_cache/forest__congo__r2c1__z17_n256_os4_gsd10.zarr,zarr,multi_patch_latitude_validation.ipynb;throughput_scaling_benchmark.ipynb,latent_hr:1024x1024 float32,available,3258044,53db25671aca27fb5a4785e72b274f2f3c095dd1fb929a914413ef1584e580f3,,NOT redistributed (Esri terms). One of 360 patches regenerated locally from the pinned Wayback release; the SHA-256 here pins the expected regeneration.
esri_multipatch_forest__congo__r2c2,regenerated_input,Esri World Imagery Wayback release 26334 (2026-08-05),zoom=17;lat=-0.9638268337429444;lon=20.03595747852359;wayback=26334,notebooks/data/multi_patch_latitude/esri_patch_cache/forest__congo__r2c2__z17_n256_os4_gsd10.zarr,zarr,multi_patch_latitude_validation.ipynb;throughput_scaling_benchmark.ipynb,latent_hr:1024x1024 float32,available,3258365,c39c267b4cee8cecae61f72d9825811516dc938dc1c4d0fcfac1d32eee04d40a,,NOT redistributed (Esri terms). One of 360 patches regenerated locally from the pinned Wayback release; the SHA-256 here pins the expected regeneration.
esri_multipatch_forest__borneo__r0c0,regenerated_input,Esri World Imagery Wayback release 26334 (2026-08-05),zoom=17;lat=0.9638287314823707;lon=113.9641304000693;wayback=26334,notebooks/data/multi_patch_latitude/esri_patch_cache/forest__borneo__r0c0__z17_n256_os4_gsd10.zarr,zarr,multi_patch_latitude_validation.ipynb;throughput_scaling_benchmark.ipynb,latent_hr:1024x1024 float32,available,3481168,e2670a6bf5b9669ab29d393150c359991b950850550736de94b71f0a34c7e7e5,,NOT redistributed (Esri terms). One of 360 patches regenerated locally from the pinned Wayback release; the SHA-256 here pins the expected regeneration.
esri_multipatch_forest__borneo__r0c1,regenerated_input,Esri World Imagery Wayback release 26334 (2026-08-05),zoom=17;lat=0.9638607816682334;lon=114.00003224516448;wayback=26334,notebooks/data/multi_patch_latitude/esri_patch_cache/forest__borneo__r0c1__z17_n256_os4_gsd10.zarr,zarr,multi_patch_latitude_validation.ipynb;throughput_scaling_benchmark.ipynb,latent_hr:1024x1024 float32,available,3484116,4ceea15b00a3ee38f32bc31d8a3341797f4aa3aacec65f16a20fa043a64eb045,,NOT redistributed (Esri terms). One of 360 patches regenerated locally from the pinned Wayback release; the SHA-256 here pins the expected regeneration.
esri_multipatch_forest__borneo__r0c2,regenerated_input,Esri World Imagery Wayback release 26334 (2026-08-05),zoom=17;lat=0.9638924519575655;lon=114.03593527756362;wayback=26334,notebooks/data/multi_patch_latitude/esri_patch_cache/forest__borneo__r0c2__z17_n256_os4_gsd10.zarr,zarr,multi_patch_latitude_validation.ipynb;throughput_scaling_benchmark.ipynb,latent_hr:1024x1024 float32,available,3353056,40af28f6f0d380787c5b7a450ac454e68a6b4912c395a54844ca4448e39de00e,,NOT redistributed (Esri terms). One of 360 patches regenerated locally from the pinned Wayback release; the SHA-256 here pins the expected regeneration.
esri_multipatch_forest__borneo__r1c0,regenerated_input,Esri World Imagery Wayback release 26334 (2026-08-05),zoom=17;lat=0.9999667478870533;lon=113.96409777045069;wayback=26334,notebooks/data/multi_patch_latitude/esri_patch_cache/forest__borneo__r1c0__z17_n256_os4_gsd10.zarr,zarr,multi_patch_latitude_validation.ipynb;throughput_scaling_benchmark.ipynb,latent_hr:1024x1024 float32,available,3488616,bc6e356952f38756685e7ab2ef459d31f64c0c0e6797789e224967d7c6d66cc1,,NOT redistributed (Esri terms). One of 360 patches regenerated locally from the pinned Wayback release; the SHA-256 here pins the expected regeneration.
esri_multipatch_forest__borneo__r1c1,regenerated_input,Esri World Imagery Wayback release 26334 (2026-08-05),zoom=17;lat=1.0000000000000002;lon=114.00000000000001;wayback=26334,notebooks/data/multi_patch_latitude/esri_patch_cache/forest__borneo__r1c1__z17_n256_os4_gsd10.zarr,zarr,multi_patch_latitude_validation.ipynb;throughput_scaling_benchmark.ipynb,latent_hr:1024x1024 float32,available,3424643,f50080d15eb3d73b0c3ccddcf54d895386e0abbeb3677044254a2468a2d8a008,,NOT redistributed (Esri terms). One of 360 patches regenerated locally from the pinned Wayback release; the SHA-256 here pins the expected regeneration.
esri_multipatch_forest__borneo__r1c2,regenerated_input,Esri World Imagery Wayback release 26334 (2026-08-05),zoom=17;lat=1.0000328579697848;lon=114.03590341691667;wayback=26334,notebooks/data/multi_patch_latitude/esri_patch_cache/forest__borneo__r1c2__z17_n256_os4_gsd10.zarr,zarr,multi_patch_latitude_validation.ipynb;throughput_scaling_benchmark.ipynb,latent_hr:1024x1024 float32,available,3096954,c5e73c4b840fac121bdff6baf059a71d76e5212930e512edf7fd6296fd661c94,,NOT redistributed (Esri terms). One of 360 patches regenerated locally from the pinned Wayback release; the SHA-256 here pins the expected regeneration.
esri_multipatch_forest__borneo__r2c0,regenerated_input,Esri World Imagery Wayback release 26334 (2026-08-05),zoom=17;lat=1.0361047552001827;lon=113.9640639393076;wayback=26334,notebooks/data/multi_patch_latitude/esri_patch_cache/forest__borneo__r2c0__z17_n256_os4_gsd10.zarr,zarr,multi_patch_latitude_validation.ipynb;throughput_scaling_benchmark.ipynb,latent_hr:1024x1024 float32,available,3497753,c44636107b1c67e8e0c1ca86621d9fc6608c3bd6f4e389950662153ddaf8e520,,NOT redistributed (Esri terms). One of 360 patches regenerated locally from the pinned Wayback release; the SHA-256 here pins the expected regeneration.
esri_multipatch_forest__borneo__r2c1,regenerated_input,Esri World Imagery Wayback release 26334 (2026-08-05),zoom=17;lat=1.0361392092653152;lon=113.99996656746782;wayback=26334,notebooks/data/multi_patch_latitude/esri_patch_cache/forest__borneo__r2c1__z17_n256_os4_gsd10.zarr,zarr,multi_patch_latitude_validation.ipynb;throughput_scaling_benchmark.ipynb,latent_hr:1024x1024 float32,available,3493270,184ac961d3171eb80d1dd12221e9b553d80910f99ad41dea87916d2053af7294,,NOT redistributed (Esri terms). One of 360 patches regenerated locally from the pinned Wayback release; the SHA-256 here pins the expected regeneration.
esri_multipatch_forest__borneo__r2c2,regenerated_input,Esri World Imagery Wayback release 26334 (2026-08-05),zoom=17;lat=1.0361732549403584;lon=114.03587038306107;wayback=26334,notebooks/data/multi_patch_latitude/esri_patch_cache/forest__borneo__r2c2__z17_n256_os4_gsd10.zarr,zarr,multi_patch_latitude_validation.ipynb;throughput_scaling_benchmark.ipynb,latent_hr:1024x1024 float32,available,3506503,5f7eae330f5948da9b5ee5e1b47111517915bab499c0430b9b98c9f579b5169e,,NOT redistributed (Esri terms). One of 360 patches regenerated locally from the pinned Wayback release; the SHA-256 here pins the expected regeneration.
esri_multipatch_forest__appalachian__r0c0,regenerated_input,Esri World Imagery Wayback release 26334 (2026-08-05),zoom=17;lat=35.46304713735165;lon=-83.54292588563318;wayback=26334,notebooks/data/multi_patch_latitude/esri_patch_cache/forest__appalachian__r0c0__z17_n256_os4_gsd10.zarr,zarr,multi_patch_latitude_validation.ipynb;throughput_scaling_benchmark.ipynb,latent_hr:1024x1024 float32,available,3421076,23a0c0efa09b97e6a6f76ce9608de3286eec7b1a1dfd6542d225756fa71e7806,,NOT redistributed (Esri terms). One of 360 patches regenerated locally from the pinned Wayback release; the SHA-256 here pins the expected regeneration.
esri_multipatch_forest__appalachian__r0c1,regenerated_input,Esri World Imagery Wayback release 26334 (2026-08-05),zoom=17;lat=35.46396752537654;lon=-83.49888381743439;wayback=26334,notebooks/data/multi_patch_latitude/esri_patch_cache/forest__appalachian__r0c1__z17_n256_os4_gsd10.zarr,zarr,multi_patch_latitude_validation.ipynb;throughput_scaling_benchmark.ipynb,latent_hr:1024x1024 float32,available,3395006,b473cafb68948e240281ea370c7696ad481bdc2d3ed623b7465ba2b573c54023,,NOT redistributed (Esri terms). One of 360 patches regenerated locally from the pinned Wayback release; the SHA-256 here pins the expected regeneration.
esri_multipatch_forest__appalachian__r0c2,regenerated_input,Esri World Imagery Wayback release 26334 (2026-08-05),zoom=17;lat=35.46487186327694;lon=-83.45483976996755;wayback=26334,notebooks/data/multi_patch_latitude/esri_patch_cache/forest__appalachian__r0c2__z17_n256_os4_gsd10.zarr,zarr,multi_patch_latitude_validation.ipynb;throughput_scaling_benchmark.ipynb,latent_hr:1024x1024 float32,available,3389501,1d1319ab1c5da180071067d9d552852a6c69ca0c01502c296fb02a9569fdf6b0,,NOT redistributed (Esri terms). One of 360 patches regenerated locally from the pinned Wayback release; the SHA-256 here pins the expected regeneration.
esri_multipatch_forest__appalachian__r1c0,regenerated_input,Esri World Imagery Wayback release 26334 (2026-08-05),zoom=17;lat=35.49907839391964;lon=-83.54406168929839;wayback=26334,notebooks/data/multi_patch_latitude/esri_patch_cache/forest__appalachian__r1c0__z17_n256_os4_gsd10.zarr,zarr,multi_patch_latitude_validation.ipynb;throughput_scaling_benchmark.ipynb,latent_hr:1024x1024 float32,available,3452074,da6124f23638b5df5365392f62d6bc13f99cf3810684e246f4d24f5df7db0a59,,NOT redistributed (Esri terms). One of 360 patches regenerated locally from the pinned Wayback release; the SHA-256 here pins the expected regeneration.
esri_multipatch_forest__appalachian__r1c1,regenerated_input,Esri World Imagery Wayback release 26334 (2026-08-05),zoom=17;lat=35.5;lon=-83.5;wayback=26334,notebooks/data/multi_patch_latitude/esri_patch_cache/forest__appalachian__r1c1__z17_n256_os4_gsd10.zarr,zarr,multi_patch_latitude_validation.ipynb;throughput_scaling_benchmark.ipynb,latent_hr:1024x1024 float32,available,3416730,432450d5b16206b719fa1d7ac8df7ca67340a6c00b396586cf075e31986c5c4b,,NOT redistributed (Esri terms). One of 360 patches regenerated locally from the pinned Wayback release; the SHA-256 here pins the expected regeneration.
esri_multipatch_forest__appalachian__r1c2,regenerated_input,Esri World Imagery Wayback release 26334 (2026-08-05),zoom=17;lat=35.50090553474169;lon=-83.4559363279118;wayback=26334,notebooks/data/multi_patch_latitude/esri_patch_cache/forest__appalachian__r1c2__z17_n256_os4_gsd10.zarr,zarr,multi_patch_latitude_validation.ipynb;throughput_scaling_benchmark.ipynb,latent_hr:1024x1024 float32,available,3403427,3296a10a80e97fd587a28392b0b8d65382d74a5af0179ef55e0fe947ef358cc8,,NOT redistributed (Esri terms). One of 360 patches regenerated locally from the pinned Wayback release; the SHA-256 here pins the expected regeneration.
esri_multipatch_forest__appalachian__r2c0,regenerated_input,Esri World Imagery Wayback release 26334 (2026-08-05),zoom=17;lat=35.535109403202235;lon=-83.5451995105412;wayback=26334,notebooks/data/multi_patch_latitude/esri_patch_cache/forest__appalachian__r2c0__z17_n256_os4_gsd10.zarr,zarr,multi_patch_latitude_validation.ipynb;throughput_scaling_benchmark.ipynb,latent_hr:1024x1024 float32,available,3405096,0dd7d90d7b39d0d29b01af135a2dc37cd6bad4ceea8c68a441b923a6344f27e6,,NOT redistributed (Esri terms). One of 360 patches regenerated locally from the pinned Wayback release; the SHA-256 here pins the expected regeneration.
esri_multipatch_forest__appalachian__r2c1,regenerated_input,Esri World Imagery Wayback release 26334 (2026-08-05),zoom=17;lat=35.53603222840682;lon=-83.50111816535704;wayback=26334,notebooks/data/multi_patch_latitude/esri_patch_cache/forest__appalachian__r2c1__z17_n256_os4_gsd10.zarr,zarr,multi_patch_latitude_validation.ipynb;throughput_scaling_benchmark.ipynb,latent_hr:1024x1024 float32,available,3460956,63097e85d237a7cb38b289ab94cd08e4d3d6300c16438d86919586aeee4fc41a,,NOT redistributed (Esri terms). One of 360 patches regenerated locally from the pinned Wayback release; the SHA-256 here pins the expected regeneration.
esri_multipatch_forest__appalachian__r2c2,regenerated_input,Esri World Imagery Wayback release 26334 (2026-08-05),zoom=17;lat=35.536938961040065;lon=-83.45703483385154;wayback=26334,notebooks/data/multi_patch_latitude/esri_patch_cache/forest__appalachian__r2c2__z17_n256_os4_gsd10.zarr,zarr,multi_patch_latitude_validation.ipynb;throughput_scaling_benchmark.ipynb,latent_hr:1024x1024 float32,available,3437550,dca9c34c73f180722da3f3575dad88de3f2bbd2070a658f84c39ef0039feb409,,NOT redistributed (Esri terms). One of 360 patches regenerated locally from the pinned Wayback release; the SHA-256 here pins the expected regeneration.
esri_multipatch_forest__black_forest__r0c0,regenerated_input,Esri World Imagery Wayback release 26334 (2026-08-05),zoom=17;lat=48.06362921073826;lon=8.146874592040898;wayback=26334,notebooks/data/multi_patch_latitude/esri_patch_cache/forest__black_forest__r0c0__z17_n256_os4_gsd10.zarr,zarr,multi_patch_latitude_validation.ipynb;throughput_scaling_benchmark.ipynb,latent_hr:1024x1024 float32,available,3460455,e674b6b3863330542cccd1823aae3524a1bb8823dd342a939fb2bfd33170d264,,NOT redistributed (Esri terms). One of 360 patches regenerated locally from the pinned Wayback release; the SHA-256 here pins the expected regeneration.
esri_multipatch_forest__black_forest__r0c1,regenerated_input,Esri World Imagery Wayback release 26334 (2026-08-05),zoom=17;lat=48.06401527723078;lon=8.200557790188315;wayback=26334,notebooks/data/multi_patch_latitude/esri_patch_cache/forest__black_forest__r0c1__z17_n256_os4_gsd10.zarr,zarr,multi_patch_latitude_validation.ipynb;throughput_scaling_benchmark.ipynb,latent_hr:1024x1024 float32,available,3550751,0890aec9628f6cc38342d687666871a171b427a7596572b3ec463e22836171eb,,NOT redistributed (Esri terms). One of 360 patches regenerated locally from the pinned Wayback release; the SHA-256 here pins the expected regeneration.
esri_multipatch_forest__black_forest__r0c2,regenerated_input,Esri World Imagery Wayback release 26334 (2026-08-05),zoom=17;lat=48.06437626460109;lon=8.254242079544024;wayback=26334,notebooks/data/multi_patch_latitude/esri_patch_cache/forest__black_forest__r0c2__z17_n256_os4_gsd10.zarr,zarr,multi_patch_latitude_validation.ipynb;throughput_scaling_benchmark.ipynb,latent_hr:1024x1024 float32,available,3628026,8c4f8c28212a7ab39ce67c0ae34f6b0389f9c93f42f53370c21c4964b06e29e9,,NOT redistributed (Esri terms). One of 360 patches regenerated locally from the pinned Wayback release; the SHA-256 here pins the expected regeneration.
esri_multipatch_forest__black_forest__r1c0,regenerated_input,Esri World Imagery Wayback release 26334 (2026-08-05),zoom=17;lat=48.099613448687;lon=8.146279356521001;wayback=26334,notebooks/data/multi_patch_latitude/esri_patch_cache/forest__black_forest__r1c0__z17_n256_os4_gsd10.zarr,zarr,multi_patch_latitude_validation.ipynb;throughput_scaling_benchmark.ipynb,latent_hr:1024x1024 float32,available,3488753,93d03b62420755df95ccf2245b3ac3de63f6207c35fe45f1f5858c6ca513ba71,,NOT redistributed (Esri terms). One of 360 patches regenerated locally from the pinned Wayback release; the SHA-256 here pins the expected regeneration.
esri_multipatch_forest__black_forest__r1c1,regenerated_input,Esri World Imagery Wayback release 26334 (2026-08-05),zoom=17;lat=48.099999999999994;lon=8.2;wayback=26334,notebooks/data/multi_patch_latitude/esri_patch_cache/forest__black_forest__r1c1__z17_n256_os4_gsd10.zarr,zarr,multi_patch_latitude_validation.ipynb;throughput_scaling_benchmark.ipynb,latent_hr:1024x1024 float32,available,3501517,3c083448b79a5b4d32ae02f042b7a70d0105472049b13d7b6425ea31107c156a,,NOT redistributed (Esri terms). One of 360 patches regenerated locally from the pinned Wayback release; the SHA-256 here pins the expected regeneration.
esri_multipatch_forest__black_forest__r1c2,regenerated_input,Esri World Imagery Wayback release 26334 (2026-08-05),zoom=17;lat=48.10036144070311;lon=8.253721737409213;wayback=26334,notebooks/data/multi_patch_latitude/esri_patch_cache/forest__black_forest__r1c2__z17_n256_os4_gsd10.zarr,zarr,multi_patch_latitude_validation.ipynb;throughput_scaling_benchmark.ipynb,latent_hr:1024x1024 float32,available,3676575,cc7dea0222ecfac52f1ae90171b5cd453dd7e29012b37786ca016ecc6bf01ef2,,NOT redistributed (Esri terms). One of 360 patches regenerated locally from the pinned Wayback release; the SHA-256 here pins the expected regeneration.
esri_multipatch_forest__black_forest__r2c0,regenerated_input,Esri World Imagery Wayback release 26334 (2026-08-05),zoom=17;lat=48.135597454619784;lon=8.145682953654482;wayback=26334,notebooks/data/multi_patch_latitude/esri_patch_cache/forest__black_forest__r2c0__z17_n256_os4_gsd10.zarr,zarr,multi_patch_latitude_validation.ipynb;throughput_scaling_benchmark.ipynb,latent_hr:1024x1024 float32,available,3524356,bb9382b5593a5485504611c641000b286ee80708627fe6e78c7b3f509b56edbf,,NOT redistributed (Esri terms). One of 360 patches regenerated locally from the pinned Wayback release; the SHA-256 here pins the expected regeneration.
esri_multipatch_forest__black_forest__r2c1,regenerated_input,Esri World Imagery Wayback release 26334 (2026-08-05),zoom=17;lat=48.135984491426136;lon=8.199441115879894;wayback=26334,notebooks/data/multi_patch_latitude/esri_patch_cache/forest__black_forest__r2c1__z17_n256_os4_gsd10.zarr,zarr,multi_patch_latitude_validation.ipynb;throughput_scaling_benchmark.ipynb,latent_hr:1024x1024 float32,available,3546571,f2ca7e25d47b397c6672bb45aee5dbc548aee389ab74bfb60cebff638ec15918,,NOT redistributed (Esri terms). One of 360 patches regenerated locally from the pinned Wayback release; the SHA-256 here pins the expected regeneration.
esri_multipatch_forest__black_forest__r2c2,regenerated_input,Esri World Imagery Wayback release 26334 (2026-08-05),zoom=17;lat=48.136346386091226;lon=8.253200374766893;wayback=26334,notebooks/data/multi_patch_latitude/esri_patch_cache/forest__black_forest__r2c2__z17_n256_os4_gsd10.zarr,zarr,multi_patch_latitude_validation.ipynb;throughput_scaling_benchmark.ipynb,latent_hr:1024x1024 float32,available,3600100,1ad8107c816adadd73f64ccc2469985a753c32d5fedaac9b12feca6c6d3e60e0,,NOT redistributed (Esri terms). One of 360 patches regenerated locally from the pinned Wayback release; the SHA-256 here pins the expected regeneration.
esri_multipatch_forest__canadian_rockies__r0c0,regenerated_input,Esri World Imagery Wayback release 26334 (2026-08-05),zoom=17;lat=52.96453326789507;lon=-122.06037552274115;wayback=26334,notebooks/data/multi_patch_latitude/esri_patch_cache/forest__canadian_rockies__r0c0__z17_n256_os4_gsd10.zarr,zarr,multi_patch_latitude_validation.ipynb;throughput_scaling_benchmark.ipynb,latent_hr:1024x1024 float32,available,3562292,f27529af4b456575d357730629760a1a043d118511408fa981b7fa7e9f8bed05,,NOT redistributed (Esri terms). One of 360 patches regenerated locally from the pinned Wayback release; the SHA-256 here pins the expected regeneration.
esri_multipatch_forest__canadian_rockies__r0c1,regenerated_input,Esri World Imagery Wayback release 26334 (2026-08-05),zoom=17;lat=52.964047646453196;lon=-122.00082987198086;wayback=26334,notebooks/data/multi_patch_latitude/esri_patch_cache/forest__canadian_rockies__r0c1__z17_n256_os4_gsd10.zarr,zarr,multi_patch_latitude_validation.ipynb;throughput_scaling_benchmark.ipynb,latent_hr:1024x1024 float32,available,3502732,0f15dbfb7be87b822151bd48334bc85c223e7a1ea4657c364fe951eae3988a0c,,NOT redistributed (Esri terms). One of 360 patches regenerated locally from the pinned Wayback release; the SHA-256 here pins the expected regeneration.
esri_multipatch_forest__canadian_rockies__r0c2,regenerated_input,Esri World Imagery Wayback release 26334 (2026-08-05),zoom=17;lat=52.96353220240553;lon=-121.94128598915609;wayback=26334,notebooks/data/multi_patch_latitude/esri_patch_cache/forest__canadian_rockies__r0c2__z17_n256_os4_gsd10.zarr,zarr,multi_patch_latitude_validation.ipynb;throughput_scaling_benchmark.ipynb,latent_hr:1024x1024 float32,available,3399450,b1f822d426e912629672fa9e287e62e8dac1d90dfa8f33f25b20a5bf14ec8132,,NOT redistributed (Esri terms). One of 360 patches regenerated locally from the pinned Wayback release; the SHA-256 here pins the expected regeneration.
esri_multipatch_forest__canadian_rockies__r1c0,regenerated_input,Esri World Imagery Wayback release 26334 (2026-08-05),zoom=17;lat=53.00048625180694;lon=-122.05959508874882;wayback=26334,notebooks/data/multi_patch_latitude/esri_patch_cache/forest__canadian_rockies__r1c0__z17_n256_os4_gsd10.zarr,zarr,multi_patch_latitude_validation.ipynb;throughput_scaling_benchmark.ipynb,latent_hr:1024x1024 float32,available,3553589,00644ca9f9b4eec6ecbd8ffe936ec4c437488e13b92c4744b6c67e1a923f9a67,,NOT redistributed (Esri terms). One of 360 patches regenerated locally from the pinned Wayback release; the SHA-256 here pins the expected regeneration.
esri_multipatch_forest__canadian_rockies__r1c1,regenerated_input,Esri World Imagery Wayback release 26334 (2026-08-05),zoom=17;lat=52.99999999999999;lon=-122.0;wayback=26334,notebooks/data/multi_patch_latitude/esri_patch_cache/forest__canadian_rockies__r1c1__z17_n256_os4_gsd10.zarr,zarr,multi_patch_latitude_validation.ipynb;throughput_scaling_benchmark.ipynb,latent_hr:1024x1024 float32,available,3493672,ac6b8eec067c81ef192dc5e54b7bd3c15c2e4ce6828f8c097ae09e96c3a80a13,,NOT redistributed (Esri terms). One of 360 patches regenerated locally from the pinned Wayback release; the SHA-256 here pins the expected regeneration.
esri_multipatch_forest__canadian_rockies__r1c2,regenerated_input,Esri World Imagery Wayback release 26334 (2026-08-05),zoom=17;lat=52.99948388689128;lon=-121.9404066842441;wayback=26334,notebooks/data/multi_patch_latitude/esri_patch_cache/forest__canadian_rockies__r1c2__z17_n256_os4_gsd10.zarr,zarr,multi_patch_latitude_validation.ipynb;throughput_scaling_benchmark.ipynb,latent_hr:1024x1024 float32,available,3543128,6ff029886dd73a192612f1cf5e0d20025d4e350a932f1f0910729dad397af6f8,,NOT redistributed (Esri terms). One of 360 patches regenerated locally from the pinned Wayback release; the SHA-256 here pins the expected regeneration.
esri_multipatch_forest__canadian_rockies__r2c0,regenerated_input,Esri World Imagery Wayback release 26334 (2026-08-05),zoom=17;lat=53.03643900898122;lon=-122.05881298733725;wayback=26334,notebooks/data/multi_patch_latitude/esri_patch_cache/forest__canadian_rockies__r2c0__z17_n256_os4_gsd10.zarr,zarr,multi_patch_latitude_validation.ipynb;throughput_scaling_benchmark.ipynb,latent_hr:1024x1024 float32,available,3476125,3876bc6ecbba21a31ba7a4de0e563212eb007856cf12c8aa6efb381aa59b4ceb,,NOT redistributed (Esri terms). One of 360 patches regenerated locally from the pinned Wayback release; the SHA-256 here pins the expected regeneration.
esri_multipatch_forest__canadian_rockies__r2c1,regenerated_input,Esri World Imagery Wayback release 26334 (2026-08-05),zoom=17;lat=53.03595212576481;lon=-121.99916835502289;wayback=26334,notebooks/data/multi_patch_latitude/esri_patch_cache/forest__canadian_rockies__r2c1__z17_n256_os4_gsd10.zarr,zarr,multi_patch_latitude_validation.ipynb;throughput_scaling_benchmark.ipynb,latent_hr:1024x1024 float32,available,3444152,81107049510d2338f54752de6c9654791f833442c77f781bffe70e7e1a63ffd1,,NOT redistributed (Esri terms). One of 360 patches regenerated locally from the pinned Wayback release; the SHA-256 here pins the expected regeneration.
esri_multipatch_forest__canadian_rockies__r2c2,regenerated_input,Esri World Imagery Wayback release 26334 (2026-08-05),zoom=17;lat=53.03543534248655;lon=-121.93952550077867;wayback=26334,notebooks/data/multi_patch_latitude/esri_patch_cache/forest__canadian_rockies__r2c2__z17_n256_os4_gsd10.zarr,zarr,multi_patch_latitude_validation.ipynb;throughput_scaling_benchmark.ipynb,latent_hr:1024x1024 float32,available,3549974,70f7581d965109871165473723c64bd2d1792e1564e5ed70bee010eb8c287480,,NOT redistributed (Esri terms). One of 360 patches regenerated locally from the pinned Wayback release; the SHA-256 here pins the expected regeneration.
esri_multipatch_forest__finland_boreal__r0c0,regenerated_input,Esri World Imagery Wayback release 26334 (2026-08-05),zoom=17;lat=61.962989603382255;lon=24.926120391525682;wayback=26334,notebooks/data/multi_patch_latitude/esri_patch_cache/forest__finland_boreal__r0c0__z17_n256_os4_gsd10.zarr,zarr,multi_patch_latitude_validation.ipynb;throughput_scaling_benchmark.ipynb,latent_hr:1024x1024 float32,available,3514641,14fea0ec191d2ef89a3171e53f5e7a9b0d3d5d77d15be071ffb9e77c50a73eae,,NOT redistributed (Esri terms). One of 360 patches regenerated locally from the pinned Wayback release; the SHA-256 here pins the expected regeneration.
esri_multipatch_forest__finland_boreal__r0c1,regenerated_input,Esri World Imagery Wayback release 26334 (2026-08-05),zoom=17;lat=61.964115438780304;lon=25.00235011123801;wayback=26334,notebooks/data/multi_patch_latitude/esri_patch_cache/forest__finland_boreal__r0c1__z17_n256_os4_gsd10.zarr,zarr,multi_patch_latitude_validation.ipynb;throughput_scaling_benchmark.ipynb,latent_hr:1024x1024 float32,available,3573307,edb9bd62d8d6e564176f356372df0114d48263c0f8ea8d773f210272619cedce,,NOT redistributed (Esri terms). One of 360 patches regenerated locally from the pinned Wayback release; the SHA-256 here pins the expected regeneration.
esri_multipatch_forest__finland_boreal__r0c2,regenerated_input,Esri World Imagery Wayback release 26334 (2026-08-05),zoom=17;lat=61.96519914294394;lon=25.07858612615139;wayback=26334,notebooks/data/multi_patch_latitude/esri_patch_cache/forest__finland_boreal__r0c2__z17_n256_os4_gsd10.zarr,zarr,multi_patch_latitude_validation.ipynb;throughput_scaling_benchmark.ipynb,latent_hr:1024x1024 float32,available,3622151,13d26231caab273e2e47e42c686a8f04845a9e8b727efdd4bc3a91fbf54f925f,,NOT redistributed (Esri terms). One of 360 patches regenerated locally from the pinned Wayback release; the SHA-256 here pins the expected regeneration.
esri_multipatch_forest__finland_boreal__r1c0,regenerated_input,Esri World Imagery Wayback release 26334 (2026-08-05),zoom=17;lat=61.998872470936035;lon=24.923680754846412;wayback=26334,notebooks/data/multi_patch_latitude/esri_patch_cache/forest__finland_boreal__r1c0__z17_n256_os4_gsd10.zarr,zarr,multi_patch_latitude_validation.ipynb;throughput_scaling_benchmark.ipynb,latent_hr:1024x1024 float32,available,3545040,aa33823f3a6b6eee83d1896fac27c958a2ee0d4c984dd76f0f806c1ead400514,,NOT redistributed (Esri terms). One of 360 patches regenerated locally from the pinned Wayback release; the SHA-256 here pins the expected regeneration.
esri_multipatch_forest__finland_boreal__r1c1,regenerated_input,Esri World Imagery Wayback release 26334 (2026-08-05),zoom=17;lat=62.0;lon=25.0;wayback=26334,notebooks/data/multi_patch_latitude/esri_patch_cache/forest__finland_boreal__r1c1__z17_n256_os4_gsd10.zarr,zarr,multi_patch_latitude_validation.ipynb;throughput_scaling_benchmark.ipynb,latent_hr:1024x1024 float32,available,3581664,1d7d6cd6d6399384fb7b39d01bb793da8161588e9b71d217d663439bf7b6e824,,NOT redistributed (Esri terms). One of 360 patches regenerated locally from the pinned Wayback release; the SHA-256 here pins the expected regeneration.
esri_multipatch_forest__finland_boreal__r1c2,regenerated_input,Esri World Imagery Wayback release 26334 (2026-08-05),zoom=17;lat=62.001085334567215;lon=25.076325564419125;wayback=26334,notebooks/data/multi_patch_latitude/esri_patch_cache/forest__finland_boreal__r1c2__z17_n256_os4_gsd10.zarr,zarr,multi_patch_latitude_validation.ipynb;throughput_scaling_benchmark.ipynb,latent_hr:1024x1024 float32,available,3566063,ee88f4bab41612077754cf356e398bbd26c4901fb9c0f43d3af0003bff0ad2ee,,NOT redistributed (Esri terms). One of 360 patches regenerated locally from the pinned Wayback release; the SHA-256 here pins the expected regeneration.
esri_multipatch_forest__finland_boreal__r2c0,regenerated_input,Esri World Imagery Wayback release 26334 (2026-08-05),zoom=17;lat=62.034755094976;lon=24.921234558698814;wayback=26334,notebooks/data/multi_patch_latitude/esri_patch_cache/forest__finland_boreal__r2c0__z17_n256_os4_gsd10.zarr,zarr,multi_patch_latitude_validation.ipynb;throughput_scaling_benchmark.ipynb,latent_hr:1024x1024 float32,available,3576537,c85f45a42f7dada0c2199fd069f09412e876047d0464c0129931de795383158f,,NOT redistributed (Esri terms). One of 360 patches regenerated locally from the pinned Wayback release; the SHA-256 here pins the expected regeneration.
esri_multipatch_forest__finland_boreal__r2c1,regenerated_input,Esri World Imagery Wayback release 26334 (2026-08-05),zoom=17;lat=62.035884321690354;lon=24.99764356947585;wayback=26334,notebooks/data/multi_patch_latitude/esri_patch_cache/forest__finland_boreal__r2c1__z17_n256_os4_gsd10.zarr,zarr,multi_patch_latitude_validation.ipynb;throughput_scaling_benchmark.ipynb,latent_hr:1024x1024 float32,available,3357217,eeef66f90652fab3dbfc5bd6c49012f45ae2a2320526d950fc5eb128594b1d2b,,NOT redistributed (Esri terms). One of 360 patches regenerated locally from the pinned Wayback release; the SHA-256 here pins the expected regeneration.
esri_multipatch_forest__finland_boreal__r2c2,regenerated_input,Esri World Imagery Wayback release 26334 (2026-08-05),zoom=17;lat=62.03697129049733;lon=25.074058923706517;wayback=26334,notebooks/data/multi_patch_latitude/esri_patch_cache/forest__finland_boreal__r2c2__z17_n256_os4_gsd10.zarr,zarr,multi_patch_latitude_validation.ipynb;throughput_scaling_benchmark.ipynb,latent_hr:1024x1024 float32,available,3562043,2e3effe05230e572e045f49359761006cbf9c8cb3e415055da40893c984310c0,,NOT redistributed (Esri terms). One of 360 patches regenerated locally from the pinned Wayback release; the SHA-256 here pins the expected regeneration.
esri_multipatch_forest__tasmania__r0c0,regenerated_input,Esri World Imagery Wayback release 26334 (2026-08-05),zoom=17;lat=-42.03558964167568;lon=145.95111719684712;wayback=26334,notebooks/data/multi_patch_latitude/esri_patch_cache/forest__tasmania__r0c0__z17_n256_os4_gsd10.zarr,zarr,multi_patch_latitude_validation.ipynb;throughput_scaling_benchmark.ipynb,latent_hr:1024x1024 float32,available,3661849,1682c77cf4e5f11832c7b6296921a3cc8cd0a08dac58972229fcde47a201f299,,NOT redistributed (Esri terms). One of 360 patches regenerated locally from the pinned Wayback release; the SHA-256 here pins the expected regeneration.
esri_multipatch_forest__tasmania__r0c1,regenerated_input,Esri World Imagery Wayback release 26334 (2026-08-05),zoom=17;lat=-42.036021056131055;lon=145.99943545282602;wayback=26334,notebooks/data/multi_patch_latitude/esri_patch_cache/forest__tasmania__r0c1__z17_n256_os4_gsd10.zarr,zarr,multi_patch_latitude_validation.ipynb;throughput_scaling_benchmark.ipynb,latent_hr:1024x1024 float32,available,3655337,13142e623f794ad6ce7d7e229882fb9b9563557bb04df321d2fc4d94e0f9ea71,,NOT redistributed (Esri terms). One of 360 patches regenerated locally from the pinned Wayback release; the SHA-256 here pins the expected regeneration.
esri_multipatch_forest__tasmania__r0c2,regenerated_input,Esri World Imagery Wayback release 26334 (2026-08-05),zoom=17;lat=-42.03643213343804;lon=146.0477547410131;wayback=26334,notebooks/data/multi_patch_latitude/esri_patch_cache/forest__tasmania__r0c2__z17_n256_os4_gsd10.zarr,zarr,multi_patch_latitude_validation.ipynb;throughput_scaling_benchmark.ipynb,latent_hr:1024x1024 float32,available,3497077,1fd47ead6c338bac3977803acfe15808c51e14a4516d3495af447731d27d9ae9,,NOT redistributed (Esri terms). One of 360 patches regenerated locally from the pinned Wayback release; the SHA-256 here pins the expected regeneration.
esri_multipatch_forest__tasmania__r1c0,regenerated_input,Esri World Imagery Wayback release 26334 (2026-08-05),zoom=17;lat=-41.99956912697892;lon=145.951708994673;wayback=26334,notebooks/data/multi_patch_latitude/esri_patch_cache/forest__tasmania__r1c0__z17_n256_os4_gsd10.zarr,zarr,multi_patch_latitude_validation.ipynb;throughput_scaling_benchmark.ipynb,latent_hr:1024x1024 float32,available,3573104,262bf6c24c18aab763292a31b33bb31218194a70d7d932671cf1cad330427f3f,,NOT redistributed (Esri terms). One of 360 patches regenerated locally from the pinned Wayback release; the SHA-256 here pins the expected regeneration.
esri_multipatch_forest__tasmania__r1c1,regenerated_input,Esri World Imagery Wayback release 26334 (2026-08-05),zoom=17;lat=-41.999999999999986;lon=146.0;wayback=26334,notebooks/data/multi_patch_latitude/esri_patch_cache/forest__tasmania__r1c1__z17_n256_os4_gsd10.zarr,zarr,multi_patch_latitude_validation.ipynb;throughput_scaling_benchmark.ipynb,latent_hr:1024x1024 float32,available,3739223,6f88fcdcaedf9fcb808b8ce6ecd648c31fe3e9a35dfc952ec56f25dc6e0e39db,,NOT redistributed (Esri terms). One of 360 patches regenerated locally from the pinned Wayback release; the SHA-256 here pins the expected regeneration.
esri_multipatch_forest__tasmania__r1c2,regenerated_input,Esri World Imagery Wayback release 26334 (2026-08-05),zoom=17;lat=-42.000410561389465;lon=146.04829203534845;wayback=26334,notebooks/data/multi_patch_latitude/esri_patch_cache/forest__tasmania__r1c2__z17_n256_os4_gsd10.zarr,zarr,multi_patch_latitude_validation.ipynb;throughput_scaling_benchmark.ipynb,latent_hr:1024x1024 float32,available,3569198,31b0bbd9c4c15aee5a8dd472d8e49f9a5ddc4df11eb998f9fd84b2f90c6b4e16,,NOT redistributed (Esri terms). One of 360 patches regenerated locally from the pinned Wayback release; the SHA-256 here pins the expected regeneration.
esri_multipatch_forest__tasmania__r2c0,regenerated_input,Esri World Imagery Wayback release 26334 (2026-08-05),zoom=17;lat=-41.96354837866546;lon=145.9522997127773;wayback=26334,notebooks/data/multi_patch_latitude/esri_patch_cache/forest__tasmania__r2c0__z17_n256_os4_gsd10.zarr,zarr,multi_patch_latitude_validation.ipynb;throughput_scaling_benchmark.ipynb,latent_hr:1024x1024 float32,available,3651419,26beaa2be7db0a17c0e6fff76a0bef6fcf48f7991234bbf3f2e4a475de875248,,NOT redistributed (Esri terms). One of 360 patches regenerated locally from the pinned Wayback release; the SHA-256 here pins the expected regeneration.
esri_multipatch_forest__tasmania__r2c1,regenerated_input,Esri World Imagery Wayback release 26334 (2026-08-05),zoom=17;lat=-41.96397871085584;lon=146.00056351715148;wayback=26334,notebooks/data/multi_patch_latitude/esri_patch_cache/forest__tasmania__r2c1__z17_n256_os4_gsd10.zarr,zarr,multi_patch_latitude_validation.ipynb;throughput_scaling_benchmark.ipynb,latent_hr:1024x1024 float32,available,3729094,018915f93d15290f74f3a794dc8048e26eb805ee10b3d51c77f317f91284753b,,NOT redistributed (Esri terms). One of 360 patches regenerated locally from the pinned Wayback release; the SHA-256 here pins the expected regeneration.
esri_multipatch_forest__tasmania__r2c2,regenerated_input,Esri World Imagery Wayback release 26334 (2026-08-05),zoom=17;lat=-41.964388756903;lon=146.04882834936697;wayback=26334,notebooks/data/multi_patch_latitude/esri_patch_cache/forest__tasmania__r2c2__z17_n256_os4_gsd10.zarr,zarr,multi_patch_latitude_validation.ipynb;throughput_scaling_benchmark.ipynb,latent_hr:1024x1024 float32,available,3541883,c89db7f9c10d98a98233733ae4f9ba2ef57d5ce53d1b95947bd16310182c7791,,NOT redistributed (Esri terms). One of 360 patches regenerated locally from the pinned Wayback release; the SHA-256 here pins the expected regeneration.
esri_multipatch_forest__new_zealand__r0c0,regenerated_input,Esri World Imagery Wayback release 26334 (2026-08-05),zoom=17;lat=-41.53663307515397;lon=172.45289564126605;wayback=26334,notebooks/data/multi_patch_latitude/esri_patch_cache/forest__new_zealand__r0c0__z17_n256_os4_gsd10.zarr,zarr,multi_patch_latitude_validation.ipynb;throughput_scaling_benchmark.ipynb,latent_hr:1024x1024 float32,available,3649294,1db7a045a50a1387f17bbf942a2b491a4feab44d7c190cdcf6108ed674578e04,,NOT redistributed (Esri terms). One of 360 patches regenerated locally from the pinned Wayback release; the SHA-256 here pins the expected regeneration.
esri_multipatch_forest__new_zealand__r0c1,regenerated_input,Esri World Imagery Wayback release 26334 (2026-08-05),zoom=17;lat=-41.53601732439317;lon=172.50083204365427;wayback=26334,notebooks/data/multi_patch_latitude/esri_patch_cache/forest__new_zealand__r0c1__z17_n256_os4_gsd10.zarr,zarr,multi_patch_latitude_validation.ipynb;throughput_scaling_benchmark.ipynb,latent_hr:1024x1024 float32,available,3642418,baf09bce7b4d4747cf2a86355b0cfcedf30dfe8f6b94408f77b1ca76cd2e2c61,,NOT redistributed (Esri terms). One of 360 patches regenerated locally from the pinned Wayback release; the SHA-256 here pins the expected regeneration.
esri_multipatch_forest__new_zealand__r0c2,regenerated_input,Esri World Imagery Wayback release 26334 (2026-08-05),zoom=17;lat=-41.53538160014447;lon=172.54876693105012;wayback=26334,notebooks/data/multi_patch_latitude/esri_patch_cache/forest__new_zealand__r0c2__z17_n256_os4_gsd10.zarr,zarr,multi_patch_latitude_validation.ipynb;throughput_scaling_benchmark.ipynb,latent_hr:1024x1024 float32,available,3480680,550153117ee8a4bc99443d632d0c6170f98ccfbbead4a791a80c8c213e4fefed,,NOT redistributed (Esri terms). One of 360 patches regenerated locally from the pinned Wayback release; the SHA-256 here pins the expected regeneration.
esri_multipatch_forest__new_zealand__r1c0,regenerated_input,Esri World Imagery Wayback release 26334 (2026-08-05),zoom=17;lat=-41.50061497649879;lon=172.45209014984465;wayback=26334,notebooks/data/multi_patch_latitude/esri_patch_cache/forest__new_zealand__r1c0__z17_n256_os4_gsd10.zarr,zarr,multi_patch_latitude_validation.ipynb;throughput_scaling_benchmark.ipynb,latent_hr:1024x1024 float32,available,3658924,37a8fb063a2f4d2f3a0e5bd413f9d338866e366ef48120f0e97ea5b71ba7a3bf,,NOT redistributed (Esri terms). One of 360 patches regenerated locally from the pinned Wayback release; the SHA-256 here pins the expected regeneration.
esri_multipatch_forest__new_zealand__r1c1,regenerated_input,Esri World Imagery Wayback release 26334 (2026-08-05),zoom=17;lat=-41.5;lon=172.5;wayback=26334,notebooks/data/multi_patch_latitude/esri_patch_cache/forest__new_zealand__r1c1__z17_n256_os4_gsd10.zarr,zarr,multi_patch_latitude_validation.ipynb;throughput_scaling_benchmark.ipynb,latent_hr:1024x1024 float32,available,3531098,9f53262e393fa2e4a2a23108b5ae7eb54f068f268bf95b642d27ec2ac170034f,,NOT redistributed (Esri terms). One of 360 patches regenerated locally from the pinned Wayback release; the SHA-256 here pins the expected regeneration.
esri_multipatch_forest__new_zealand__r1c2,regenerated_input,Esri World Imagery Wayback release 26334 (2026-08-05),zoom=17;lat=-41.49936507511324;lon=172.54790833832976;wayback=26334,notebooks/data/multi_patch_latitude/esri_patch_cache/forest__new_zealand__r1c2__z17_n256_os4_gsd10.zarr,zarr,multi_patch_latitude_validation.ipynb;throughput_scaling_benchmark.ipynb,latent_hr:1024x1024 float32,available,3338351,d1796bb2bdec1f5a22f84a7725477f9ef2c6725128e4581ca5929a4dcca56da9,,NOT redistributed (Esri terms). One of 360 patches regenerated locally from the pinned Wayback release; the SHA-256 here pins the expected regeneration.
esri_multipatch_forest__new_zealand__r2c0,regenerated_input,Esri World Imagery Wayback release 26334 (2026-08-05),zoom=17;lat=-41.464596638710795;lon=172.45128612204334;wayback=26334,notebooks/data/multi_patch_latitude/esri_patch_cache/forest__new_zealand__r2c0__z17_n256_os4_gsd10.zarr,zarr,multi_patch_latitude_validation.ipynb;throughput_scaling_benchmark.ipynb,latent_hr:1024x1024 float32,available,3504458,096e8f47a135cd6b73fc7be6ff33a6fec37a88f7b4100b46dddc5a39237fac41,,NOT redistributed (Esri terms). One of 360 patches regenerated locally from the pinned Wayback release; the SHA-256 here pins the expected regeneration.
esri_multipatch_forest__new_zealand__r2c1,regenerated_input,Esri World Imagery Wayback release 26334 (2026-08-05),zoom=17;lat=-41.4639824356265;lon=172.49916946817297;wayback=26334,notebooks/data/multi_patch_latitude/esri_patch_cache/forest__new_zealand__r2c1__z17_n256_os4_gsd10.zarr,zarr,multi_patch_latitude_validation.ipynb;throughput_scaling_benchmark.ipynb,latent_hr:1024x1024 float32,available,3631559,6fa46934cea22bbdfb8a3bf1fc18be1b048cf68310c92ebd52c01df24b57ccc0,,NOT redistributed (Esri terms). One of 360 patches regenerated locally from the pinned Wayback release; the SHA-256 here pins the expected regeneration.
esri_multipatch_forest__new_zealand__r2c2,regenerated_input,Esri World Imagery Wayback release 26334 (2026-08-05),zoom=17;lat=-41.46334830922675;lon=172.5470513056341;wayback=26334,notebooks/data/multi_patch_latitude/esri_patch_cache/forest__new_zealand__r2c2__z17_n256_os4_gsd10.zarr,zarr,multi_patch_latitude_validation.ipynb;throughput_scaling_benchmark.ipynb,latent_hr:1024x1024 float32,available,3554285,47c4d73abf52e69087d792254a483d53b88b0220eb2d2bcf5bd64dda36c24270,,NOT redistributed (Esri terms). One of 360 patches regenerated locally from the pinned Wayback release; the SHA-256 here pins the expected regeneration.
esri_multipatch_forest__patagonia__r0c0,regenerated_input,Esri World Imagery Wayback release 26334 (2026-08-05),zoom=17;lat=-42.534688295925356;lon=-72.05036409594506;wayback=26334,notebooks/data/multi_patch_latitude/esri_patch_cache/forest__patagonia__r0c0__z17_n256_os4_gsd10.zarr,zarr,multi_patch_latitude_validation.ipynb;throughput_scaling_benchmark.ipynb,latent_hr:1024x1024 float32,available,3382380,ed96e8b2118603500346f1d85f3ac38ec62a235487fd75941b55fb4943b351c3,,NOT redistributed (Esri terms). One of 360 patches regenerated locally from the pinned Wayback release; the SHA-256 here pins the expected regeneration.
esri_multipatch_forest__patagonia__r0c1,regenerated_input,Esri World Imagery Wayback release 26334 (2026-08-05),zoom=17;lat=-42.53597391029905;lon=-72.00172285882306;wayback=26334,notebooks/data/multi_patch_latitude/esri_patch_cache/forest__patagonia__r0c1__z17_n256_os4_gsd10.zarr,zarr,multi_patch_latitude_validation.ipynb;throughput_scaling_benchmark.ipynb,latent_hr:1024x1024 float32,available,3363723,f06f43e769812cb73c6798a4cd01b7f96aa35fd0d7f482524c2552b1b6ee0279,,NOT redistributed (Esri terms). One of 360 patches regenerated locally from the pinned Wayback release; the SHA-256 here pins the expected regeneration.
esri_multipatch_forest__patagonia__r0c2,regenerated_input,Esri World Imagery Wayback release 26334 (2026-08-05),zoom=17;lat=-42.53723890782606;lon=-71.95307846212971;wayback=26334,notebooks/data/multi_patch_latitude/esri_patch_cache/forest__patagonia__r0c2__z17_n256_os4_gsd10.zarr,zarr,multi_patch_latitude_validation.ipynb;throughput_scaling_benchmark.ipynb,latent_hr:1024x1024 float32,available,3400641,b5f6784458aac5885daa2681699da447c11fe912c62af4b61952d172e0054d3c,,NOT redistributed (Esri terms). One of 360 patches regenerated locally from the pinned Wayback release; the SHA-256 here pins the expected regeneration.
esri_multipatch_forest__patagonia__r1c0,regenerated_input,Esri World Imagery Wayback release 26334 (2026-08-05),zoom=17;lat=-42.4987159942444;lon=-72.04861342380961;wayback=26334,notebooks/data/multi_patch_latitude/esri_patch_cache/forest__patagonia__r1c0__z17_n256_os4_gsd10.zarr,zarr,multi_patch_latitude_validation.ipynb;throughput_scaling_benchmark.ipynb,latent_hr:1024x1024 float32,available,3077521,4e6b7f6b71669cd1c6942c30299c7fc8479a597cfa61b4d3b038d2cc701e1248,,NOT redistributed (Esri terms). One of 360 patches regenerated locally from the pinned Wayback release; the SHA-256 here pins the expected regeneration.
esri_multipatch_forest__patagonia__r1c1,regenerated_input,Esri World Imagery Wayback release 26334 (2026-08-05),zoom=17;lat=-42.50000000000001;lon=-72.0;wayback=26334,notebooks/data/multi_patch_latitude/esri_patch_cache/forest__patagonia__r1c1__z17_n256_os4_gsd10.zarr,zarr,multi_patch_latitude_validation.ipynb;throughput_scaling_benchmark.ipynb,latent_hr:1024x1024 float32,available,3140693,395a92f6ff454adae4d458937c9f02616993f50d5693d71fdff14aa8fb87a605,,NOT redistributed (Esri terms). One of 360 patches regenerated locally from the pinned Wayback release; the SHA-256 here pins the expected regeneration.
esri_multipatch_forest__patagonia__r1c2,regenerated_input,Esri World Imagery Wayback release 26334 (2026-08-05),zoom=17;lat=-42.501263414641684;lon=-71.95138342338863;wayback=26334,notebooks/data/multi_patch_latitude/esri_patch_cache/forest__patagonia__r1c2__z17_n256_os4_gsd10.zarr,zarr,multi_patch_latitude_validation.ipynb;throughput_scaling_benchmark.ipynb,latent_hr:1024x1024 float32,available,3620320,a2685f465bab55907cc5fc064807625c9e41561761499c1f852c64d14c282978,,NOT redistributed (Esri terms). One of 360 patches regenerated locally from the pinned Wayback release; the SHA-256 here pins the expected regeneration.
esri_multipatch_forest__patagonia__r2c0,regenerated_input,Esri World Imagery Wayback release 26334 (2026-08-05),zoom=17;lat=-42.46274340757977;lon=-72.04686595519775;wayback=26334,notebooks/data/multi_patch_latitude/esri_patch_cache/forest__patagonia__r2c0__z17_n256_os4_gsd10.zarr,zarr,multi_patch_latitude_validation.ipynb;throughput_scaling_benchmark.ipynb,latent_hr:1024x1024 float32,available,2781170,9443efae973d6c9df064884e05551755bd2157e0c53c3273587bfbaef92cc98b,,NOT redistributed (Esri terms). One of 360 patches regenerated locally from the pinned Wayback release; the SHA-256 here pins the expected regeneration.
esri_multipatch_forest__patagonia__r2c1,regenerated_input,Esri World Imagery Wayback release 26334 (2026-08-05),zoom=17;lat=-42.46402580653854;lon=-71.99828029398216;wayback=26334,notebooks/data/multi_patch_latitude/esri_patch_cache/forest__patagonia__r2c1__z17_n256_os4_gsd10.zarr,zarr,multi_patch_latitude_validation.ipynb;throughput_scaling_benchmark.ipynb,latent_hr:1024x1024 float32,available,3390352,fc01ca5a7c9936702e1f91c4874d12790082b57005eea5530e2b03396ed4ae5a,,NOT redistributed (Esri terms). One of 360 patches regenerated locally from the pinned Wayback release; the SHA-256 here pins the expected regeneration.
esri_multipatch_forest__patagonia__r2c2,regenerated_input,Esri World Imagery Wayback release 26334 (2026-08-05),zoom=17;lat=-42.46528764008722;lon=-71.94969148671358;wayback=26334,notebooks/data/multi_patch_latitude/esri_patch_cache/forest__patagonia__r2c2__z17_n256_os4_gsd10.zarr,zarr,multi_patch_latitude_validation.ipynb;throughput_scaling_benchmark.ipynb,latent_hr:1024x1024 float32,available,3515055,ee0f73a8bd3515c4c068a0c41b6ada847567e59a4fb73cf170d5ff605ba2bb0e,,NOT redistributed (Esri terms). One of 360 patches regenerated locally from the pinned Wayback release; the SHA-256 here pins the expected regeneration.
esri_multipatch_agriculture__beauce__r0c0,regenerated_input,Esri World Imagery Wayback release 26334 (2026-08-05),zoom=17;lat=48.22131003301224;lon=1.4462177849996587;wayback=26334,notebooks/data/multi_patch_latitude/esri_patch_cache/agriculture__beauce__r0c0__z17_n256_os4_gsd10.zarr,zarr,multi_patch_latitude_validation.ipynb;throughput_scaling_benchmark.ipynb,latent_hr:1024x1024 float32,available,3387064,01b825e6744396e521a004d43e119f3ed325625dab6f7c157845074edaacacd3,,NOT redistributed (Esri terms). One of 360 patches regenerated locally from the pinned Wayback release; the SHA-256 here pins the expected regeneration.
esri_multipatch_agriculture__beauce__r0c1,regenerated_input,Esri World Imagery Wayback release 26334 (2026-08-05),zoom=17;lat=48.222025117253715;lon=1.5000522800096348;wayback=26334,notebooks/data/multi_patch_latitude/esri_patch_cache/agriculture__beauce__r0c1__z17_n256_os4_gsd10.zarr,zarr,multi_patch_latitude_validation.ipynb;throughput_scaling_benchmark.ipynb,latent_hr:1024x1024 float32,available,3320069,156bf44040721a1e04511c2a337a143de68d59a2fde6bcab64ad159a529dbaea,,NOT redistributed (Esri terms). One of 360 patches regenerated locally from the pinned Wayback release; the SHA-256 here pins the expected regeneration.
esri_multipatch_agriculture__beauce__r0c2,regenerated_input,Esri World Imagery Wayback release 26334 (2026-08-05),zoom=17;lat=48.22271500154237;lon=1.5538888379322469;wayback=26334,notebooks/data/multi_patch_latitude/esri_patch_cache/agriculture__beauce__r0c2__z17_n256_os4_gsd10.zarr,zarr,multi_patch_latitude_validation.ipynb;throughput_scaling_benchmark.ipynb,latent_hr:1024x1024 float32,available,3319117,217637a92543b0a676aa4310ce2f9ad395f0fa117934b9fa2697f0a6a82acb31,,NOT redistributed (Esri terms). One of 360 patches regenerated locally from the pinned Wayback release; the SHA-256 here pins the expected regeneration.
esri_multipatch_agriculture__beauce__r1c0,regenerated_input,Esri World Imagery Wayback release 26334 (2026-08-05),zoom=17;lat=48.2572840174543;lon=1.4451277741343804;wayback=26334,notebooks/data/multi_patch_latitude/esri_patch_cache/agriculture__beauce__r1c0__z17_n256_os4_gsd10.zarr,zarr,multi_patch_latitude_validation.ipynb;throughput_scaling_benchmark.ipynb,latent_hr:1024x1024 float32,available,3495535,76188981ada9c5a290e1f36187946966993cc9a64418bceb1e0fa013f64cc7fe,,NOT redistributed (Esri terms). One of 360 patches regenerated locally from the pinned Wayback release; the SHA-256 here pins the expected regeneration.
esri_multipatch_agriculture__beauce__r1c1,regenerated_input,Esri World Imagery Wayback release 26334 (2026-08-05),zoom=17;lat=48.258;lon=1.4990000000000003;wayback=26334,notebooks/data/multi_patch_latitude/esri_patch_cache/agriculture__beauce__r1c1__z17_n256_os4_gsd10.zarr,zarr,multi_patch_latitude_validation.ipynb;throughput_scaling_benchmark.ipynb,latent_hr:1024x1024 float32,available,3418096,b8f3de453c3cc4c9e3feb82ecb1db3e32abf8155e4c0dbf192fa2639a3a49cfc,,NOT redistributed (Esri terms). One of 360 patches regenerated locally from the pinned Wayback release; the SHA-256 here pins the expected regeneration.
esri_multipatch_agriculture__beauce__r1c2,regenerated_input,Esri World Imagery Wayback release 26334 (2026-08-05),zoom=17;lat=48.25869075095988;lon=1.552874293944118;wayback=26334,notebooks/data/multi_patch_latitude/esri_patch_cache/agriculture__beauce__r1c2__z17_n256_os4_gsd10.zarr,zarr,multi_patch_latitude_validation.ipynb;throughput_scaling_benchmark.ipynb,latent_hr:1024x1024 float32,available,3443568,1963f825e84238c446d3290892446d388dc85a0495fcdc68c98d947e9648ba49,,NOT redistributed (Esri terms). One of 360 patches regenerated locally from the pinned Wayback release; the SHA-256 here pins the expected regeneration.
esri_multipatch_agriculture__beauce__r2c0,regenerated_input,Esri World Imagery Wayback release 26334 (2026-08-05),zoom=17;lat=48.29325775714222;lon=1.4440356211107468;wayback=26334,notebooks/data/multi_patch_latitude/esri_patch_cache/agriculture__beauce__r2c0__z17_n256_os4_gsd10.zarr,zarr,multi_patch_latitude_validation.ipynb;throughput_scaling_benchmark.ipynb,latent_hr:1024x1024 float32,available,3312552,4abe0a92968f3af96a07d323790f038b70ca0c2047e39e45c6f1327cc8ba565d,,NOT redistributed (Esri terms). One of 360 patches regenerated locally from the pinned Wayback release; the SHA-256 here pins the expected regeneration.
esri_multipatch_agriculture__beauce__r2c1,regenerated_input,Esri World Imagery Wayback release 26334 (2026-08-05),zoom=17;lat=48.293974639245285;lon=1.4979456519088707;wayback=26334,notebooks/data/multi_patch_latitude/esri_patch_cache/agriculture__beauce__r2c1__z17_n256_os4_gsd10.zarr,zarr,multi_patch_latitude_validation.ipynb;throughput_scaling_benchmark.ipynb,latent_hr:1024x1024 float32,available,3406729,c96c9d659273fcba3c12be3254f3bb9f61e0c1ac00bfa49bc3709df137ae8732,,NOT redistributed (Esri terms). One of 360 patches regenerated locally from the pinned Wayback release; the SHA-256 here pins the expected regeneration.
esri_multipatch_agriculture__beauce__r2c2,regenerated_input,Esri World Imagery Wayback release 26334 (2026-08-05),zoom=17;lat=48.294666258085485;lon=1.5518577559693458;wayback=26334,notebooks/data/multi_patch_latitude/esri_patch_cache/agriculture__beauce__r2c2__z17_n256_os4_gsd10.zarr,zarr,multi_patch_latitude_validation.ipynb;throughput_scaling_benchmark.ipynb,latent_hr:1024x1024 float32,available,3432741,cb439b180832a2833ae75ba65c6d8b8363531628b80e95feca113794d8ea7faf,,NOT redistributed (Esri terms). One of 360 patches regenerated locally from the pinned Wayback release; the SHA-256 here pins the expected regeneration.
esri_multipatch_agriculture__iowa__r0c0,regenerated_input,Esri World Imagery Wayback release 26334 (2026-08-05),zoom=17;lat=41.96375434030079;lon=-93.5479878080762;wayback=26334,notebooks/data/multi_patch_latitude/esri_patch_cache/agriculture__iowa__r0c0__z17_n256_os4_gsd10.zarr,zarr,multi_patch_latitude_validation.ipynb;throughput_scaling_benchmark.ipynb,latent_hr:1024x1024 float32,available,3351663,f748c2027417d3bd3287eac50e444f7186ba8b3257a5aaf5ee28ad722ee2a7af,,NOT redistributed (Esri terms). One of 360 patches regenerated locally from the pinned Wayback release; the SHA-256 here pins the expected regeneration.
esri_multipatch_agriculture__iowa__r0c1,regenerated_input,Esri World Imagery Wayback release 26334 (2026-08-05),zoom=17;lat=41.963974589434706;lon=-93.49971823079127;wayback=26334,notebooks/data/multi_patch_latitude/esri_patch_cache/agriculture__iowa__r0c1__z17_n256_os4_gsd10.zarr,zarr,multi_patch_latitude_validation.ipynb;throughput_scaling_benchmark.ipynb,latent_hr:1024x1024 float32,available,3210940,ead7375632c5d1e48feefadc2076ea523ecbf7ba5997d34677ae2aed351545ce,,NOT redistributed (Esri terms). One of 360 patches regenerated locally from the pinned Wayback release; the SHA-256 here pins the expected regeneration.
esri_multipatch_agriculture__iowa__r0c2,regenerated_input,Esri World Imagery Wayback release 26334 (2026-08-05),zoom=17;lat=41.96417454526009;lon=-93.4514481395076;wayback=26334,notebooks/data/multi_patch_latitude/esri_patch_cache/agriculture__iowa__r0c2__z17_n256_os4_gsd10.zarr,zarr,multi_patch_latitude_validation.ipynb;throughput_scaling_benchmark.ipynb,latent_hr:1024x1024 float32,available,3232266,e2cc97c3f1eda59ab0ca7a785a07a075289fbcf0ae642b01d6705ee66ff164b2,,NOT redistributed (Esri terms). One of 360 patches regenerated locally from the pinned Wayback release; the SHA-256 here pins the expected regeneration.
esri_multipatch_agriculture__iowa__r1c0,regenerated_input,Esri World Imagery Wayback release 26334 (2026-08-05),zoom=17;lat=41.999779474029914;lon=-93.54829679120793;wayback=26334,notebooks/data/multi_patch_latitude/esri_patch_cache/agriculture__iowa__r1c0__z17_n256_os4_gsd10.zarr,zarr,multi_patch_latitude_validation.ipynb;throughput_scaling_benchmark.ipynb,latent_hr:1024x1024 float32,available,3202530,193508d0dedd57500d8451ddf309b1021049e27b79d2c47599cd3b09b614fc50,,NOT redistributed (Esri terms). One of 360 patches regenerated locally from the pinned Wayback release; the SHA-256 here pins the expected regeneration.
esri_multipatch_agriculture__iowa__r1c1,regenerated_input,Esri World Imagery Wayback release 26334 (2026-08-05),zoom=17;lat=42.00000000000001;lon=-93.5;wayback=26334,notebooks/data/multi_patch_latitude/esri_patch_cache/agriculture__iowa__r1c1__z17_n256_os4_gsd10.zarr,zarr,multi_patch_latitude_validation.ipynb;throughput_scaling_benchmark.ipynb,latent_hr:1024x1024 float32,available,3173246,041ec04adf9dff0f601267dc8cc234e50513da20358b838bea255af0f01834f5,,NOT redistributed (Esri terms). One of 360 patches regenerated locally from the pinned Wayback release; the SHA-256 here pins the expected regeneration.
esri_multipatch_agriculture__iowa__r1c2,regenerated_input,Esri World Imagery Wayback release 26334 (2026-08-05),zoom=17;lat=42.0002002071561;lon=-93.45170269370288;wayback=26334,notebooks/data/multi_patch_latitude/esri_patch_cache/agriculture__iowa__r1c2__z17_n256_os4_gsd10.zarr,zarr,multi_patch_latitude_validation.ipynb;throughput_scaling_benchmark.ipynb,latent_hr:1024x1024 float32,available,3324666,d2f522d045f81fae455e9eddca32ead297d9e58c3e37e7c465f46488405f0bce,,NOT redistributed (Esri terms). One of 360 patches regenerated locally from the pinned Wayback release; the SHA-256 here pins the expected regeneration.
esri_multipatch_agriculture__iowa__r2c0,regenerated_input,Esri World Imagery Wayback release 26334 (2026-08-05),zoom=17;lat=42.035804379017414;lon=-93.5486063391726;wayback=26334,notebooks/data/multi_patch_latitude/esri_patch_cache/agriculture__iowa__r2c0__z17_n256_os4_gsd10.zarr,zarr,multi_patch_latitude_validation.ipynb;throughput_scaling_benchmark.ipynb,latent_hr:1024x1024 float32,available,3196429,68be072cf5c8a336f23aee25f3ce38c59afa12bdff5ef38312311a557c1b3f5c,,NOT redistributed (Esri terms). One of 360 patches regenerated locally from the pinned Wayback release; the SHA-256 here pins the expected regeneration.
esri_multipatch_agriculture__iowa__r2c1,regenerated_input,Esri World Imagery Wayback release 26334 (2026-08-05),zoom=17;lat=42.03602518213272;lon=-93.50028228429844;wayback=26334,notebooks/data/multi_patch_latitude/esri_patch_cache/agriculture__iowa__r2c1__z17_n256_os4_gsd10.zarr,zarr,multi_patch_latitude_validation.ipynb;throughput_scaling_benchmark.ipynb,latent_hr:1024x1024 float32,available,3178243,ac82b69219fa37af6f81af8a8e80709484e759b1e5fa9d1b688171ab7332b65d,,NOT redistributed (Esri terms). One of 360 patches regenerated locally from the pinned Wayback release; the SHA-256 here pins the expected regeneration.
esri_multipatch_agriculture__iowa__r2c2,regenerated_input,Esri World Imagery Wayback release 26334 (2026-08-05),zoom=17;lat=42.036225640900085;lon=-93.45195771324137;wayback=26334,notebooks/data/multi_patch_latitude/esri_patch_cache/agriculture__iowa__r2c2__z17_n256_os4_gsd10.zarr,zarr,multi_patch_latitude_validation.ipynb;throughput_scaling_benchmark.ipynb,latent_hr:1024x1024 float32,available,3226373,47dee7c077952e01b2a85ac8d2337c856262f77b93a33e3a5ea48920841e2592,,NOT redistributed (Esri terms). One of 360 patches regenerated locally from the pinned Wayback release; the SHA-256 here pins the expected regeneration.
esri_multipatch_agriculture__punjab__r0c0,regenerated_input,Esri World Imagery Wayback release 26334 (2026-08-05),zoom=17;lat=30.464058580111665;lon=75.45814854761825;wayback=26334,notebooks/data/multi_patch_latitude/esri_patch_cache/agriculture__punjab__r0c0__z17_n256_os4_gsd10.zarr,zarr,multi_patch_latitude_validation.ipynb;throughput_scaling_benchmark.ipynb,latent_hr:1024x1024 float32,available,3229169,557002b22b5437d7d034643a650edeeef919c619a316050d127f24afa886dbd7,,NOT redistributed (Esri terms). One of 360 patches regenerated locally from the pinned Wayback release; the SHA-256 here pins the expected regeneration.
esri_multipatch_agriculture__punjab__r0c1,regenerated_input,Esri World Imagery Wayback release 26334 (2026-08-05),zoom=17;lat=30.463905593165304;lon=75.49981554705344;wayback=26334,notebooks/data/multi_patch_latitude/esri_patch_cache/agriculture__punjab__r0c1__z17_n256_os4_gsd10.zarr,zarr,multi_patch_latitude_validation.ipynb;throughput_scaling_benchmark.ipynb,latent_hr:1024x1024 float32,available,3254929,cb8fea20323512729f678adf5e453437ef37c105258bd4750a281be92d8d12c0,,NOT redistributed (Esri terms). One of 360 patches regenerated locally from the pinned Wayback release; the SHA-256 here pins the expected regeneration.
esri_multipatch_agriculture__punjab__r0c2,regenerated_input,Esri World Imagery Wayback release 26334 (2026-08-05),zoom=17;lat=30.463739298956906;lon=75.54148221322303;wayback=26334,notebooks/data/multi_patch_latitude/esri_patch_cache/agriculture__punjab__r0c2__z17_n256_os4_gsd10.zarr,zarr,multi_patch_latitude_validation.ipynb;throughput_scaling_benchmark.ipynb,latent_hr:1024x1024 float32,available,3289584,e3a1ea3ed2a369ed9c0e69cf7ac474d171ceda6c83aad904da9decbe65b1be5b,,NOT redistributed (Esri terms). One of 360 patches regenerated locally from the pinned Wayback release; the SHA-256 here pins the expected regeneration.
esri_multipatch_agriculture__punjab__r1c0,regenerated_input,Esri World Imagery Wayback release 26334 (2026-08-05),zoom=17;lat=30.500153206436096;lon=75.45831762506182;wayback=26334,notebooks/data/multi_patch_latitude/esri_patch_cache/agriculture__punjab__r1c0__z17_n256_os4_gsd10.zarr,zarr,multi_patch_latitude_validation.ipynb;throughput_scaling_benchmark.ipynb,latent_hr:1024x1024 float32,available,3238628,cc02308cbd454bdda790eb80cb120b80d60610b99908e0486ce3c1f63919b4b8,,NOT redistributed (Esri terms). One of 360 patches regenerated locally from the pinned Wayback release; the SHA-256 here pins the expected regeneration.
esri_multipatch_agriculture__punjab__r1c1,regenerated_input,Esri World Imagery Wayback release 26334 (2026-08-05),zoom=17;lat=30.5;lon=75.5;wayback=26334,notebooks/data/multi_patch_latitude/esri_patch_cache/agriculture__punjab__r1c1__z17_n256_os4_gsd10.zarr,zarr,multi_patch_latitude_validation.ipynb;throughput_scaling_benchmark.ipynb,latent_hr:1024x1024 float32,available,3326148,aeeff6c2775b8baf8b7adad4260957ccae1beee1adf4a12eccce37f9e5a8670e,,NOT redistributed (Esri terms). One of 360 patches regenerated locally from the pinned Wayback release; the SHA-256 here pins the expected regeneration.
esri_multipatch_agriculture__punjab__r1c2,regenerated_input,Esri World Imagery Wayback release 26334 (2026-08-05),zoom=17;lat=30.49983346721075;lon=75.54168204115916;wayback=26334,notebooks/data/multi_patch_latitude/esri_patch_cache/agriculture__punjab__r1c2__z17_n256_os4_gsd10.zarr,zarr,multi_patch_latitude_validation.ipynb;throughput_scaling_benchmark.ipynb,latent_hr:1024x1024 float32,available,3300268,eab3c230ec7f6a7280e9851edb2151e173dd252ddabdd717ab1704447339ca41,,NOT redistributed (Esri terms). One of 360 patches regenerated locally from the pinned Wayback release; the SHA-256 here pins the expected regeneration.
esri_multipatch_agriculture__punjab__r2c0,regenerated_input,Esri World Imagery Wayback release 26334 (2026-08-05),zoom=17;lat=30.536247631864065;lon=75.45848700846322;wayback=26334,notebooks/data/multi_patch_latitude/esri_patch_cache/agriculture__punjab__r2c0__z17_n256_os4_gsd10.zarr,zarr,multi_patch_latitude_validation.ipynb;throughput_scaling_benchmark.ipynb,latent_hr:1024x1024 float32,available,3321401,be53911940f918cf948c73ff8fbbdc23c5f7e12947bfbb2b281ff257e7bd4b58,,NOT redistributed (Esri terms). One of 360 patches regenerated locally from the pinned Wayback release; the SHA-256 here pins the expected regeneration.
esri_multipatch_agriculture__punjab__r2c1,regenerated_input,Esri World Imagery Wayback release 26334 (2026-08-05),zoom=17;lat=30.536094205779698;lon=75.50018478672578;wayback=26334,notebooks/data/multi_patch_latitude/esri_patch_cache/agriculture__punjab__r2c1__z17_n256_os4_gsd10.zarr,zarr,multi_patch_latitude_validation.ipynb;throughput_scaling_benchmark.ipynb,latent_hr:1024x1024 float32,available,3311691,a3b5cdb88da0627b64b2115b2e57081ca3586658af861d3114938fc1c567b9cc,,NOT redistributed (Esri terms). One of 360 patches regenerated locally from the pinned Wayback release; the SHA-256 here pins the expected regeneration.
esri_multipatch_agriculture__punjab__r2c2,regenerated_input,Esri World Imagery Wayback release 26334 (2026-08-05),zoom=17;lat=30.535927434237298;lon=75.54188223069458;wayback=26334,notebooks/data/multi_patch_latitude/esri_patch_cache/agriculture__punjab__r2c2__z17_n256_os4_gsd10.zarr,zarr,multi_patch_latitude_validation.ipynb;throughput_scaling_benchmark.ipynb,latent_hr:1024x1024 float32,available,3331196,cc79074f86744a06904622ba12717e9ad61e92f7f5338a0fbe03d77ec6e1ee88,,NOT redistributed (Esri terms). One of 360 patches regenerated locally from the pinned Wayback release; the SHA-256 here pins the expected regeneration.
esri_multipatch_agriculture__pampas__r0c0,regenerated_input,Esri World Imagery Wayback release 26334 (2026-08-05),zoom=17;lat=-34.53532879431714;lon=-59.04442484253823;wayback=26334,notebooks/data/multi_patch_latitude/esri_patch_cache/agriculture__pampas__r0c0__z17_n256_os4_gsd10.zarr,zarr,multi_patch_latitude_validation.ipynb;throughput_scaling_benchmark.ipynb,latent_hr:1024x1024 float32,available,3416692,a56418a7e0ec87abd40190936ed623496f03a054d8b39ad3aa9ae6fde19b0a88,,NOT redistributed (Esri terms). One of 360 patches regenerated locally from the pinned Wayback release; the SHA-256 here pins the expected regeneration.
esri_multipatch_agriculture__pampas__r0c1,regenerated_input,Esri World Imagery Wayback release 26334 (2026-08-05),zoom=17;lat=-34.536050574988764;lon=-59.00086205658685;wayback=26334,notebooks/data/multi_patch_latitude/esri_patch_cache/agriculture__pampas__r0c1__z17_n256_os4_gsd10.zarr,zarr,multi_patch_latitude_validation.ipynb;throughput_scaling_benchmark.ipynb,latent_hr:1024x1024 float32,available,3393007,493be0e6bbaf6f17b1bc177a614932c9b7890b7ed8f8b610d75426be74f61648,,NOT redistributed (Esri terms). One of 360 patches regenerated locally from the pinned Wayback release; the SHA-256 here pins the expected regeneration.
esri_multipatch_agriculture__pampas__r0c2,regenerated_input,Esri World Imagery Wayback release 26334 (2026-08-05),zoom=17;lat=-34.53675682889747;lon=-58.95729773795751;wayback=26334,notebooks/data/multi_patch_latitude/esri_patch_cache/agriculture__pampas__r0c2__z17_n256_os4_gsd10.zarr,zarr,multi_patch_latitude_validation.ipynb;throughput_scaling_benchmark.ipynb,latent_hr:1024x1024 float32,available,3420910,8005a1ff82909200ab7a14dbe044ca01f05817fabd5ba2f5ac4127d274df6645,,NOT redistributed (Esri terms). One of 360 patches regenerated locally from the pinned Wayback release; the SHA-256 here pins the expected regeneration.
esri_multipatch_agriculture__pampas__r1c0,regenerated_input,Esri World Imagery Wayback release 26334 (2026-08-05),zoom=17;lat=-34.49927918565872;lon=-59.043544048759365;wayback=26334,notebooks/data/multi_patch_latitude/esri_patch_cache/agriculture__pampas__r1c0__z17_n256_os4_gsd10.zarr,zarr,multi_patch_latitude_validation.ipynb;throughput_scaling_benchmark.ipynb,latent_hr:1024x1024 float32,available,3432762,748293c615e75d5f899faa9d329e7fe54a62ed64f4007806e6793115b491644e,,NOT redistributed (Esri terms). One of 360 patches regenerated locally from the pinned Wayback release; the SHA-256 here pins the expected regeneration.
esri_multipatch_agriculture__pampas__r1c1,regenerated_input,Esri World Imagery Wayback release 26334 (2026-08-05),zoom=17;lat=-34.499999999999986;lon=-59.00000000000001;wayback=26334,notebooks/data/multi_patch_latitude/esri_patch_cache/agriculture__pampas__r1c1__z17_n256_os4_gsd10.zarr,zarr,multi_patch_latitude_validation.ipynb;throughput_scaling_benchmark.ipynb,latent_hr:1024x1024 float32,available,3382264,8ab4b73baf1ee25ba70a257b64d5ef8520b697811625f7bb9efbe99e642d1375,,NOT redistributed (Esri terms). One of 360 patches regenerated locally from the pinned Wayback release; the SHA-256 here pins the expected regeneration.
esri_multipatch_agriculture__pampas__r1c2,regenerated_input,Esri World Imagery Wayback release 26334 (2026-08-05),zoom=17;lat=-34.500705308349865;lon=-58.956454421214055;wayback=26334,notebooks/data/multi_patch_latitude/esri_patch_cache/agriculture__pampas__r1c2__z17_n256_os4_gsd10.zarr,zarr,multi_patch_latitude_validation.ipynb;throughput_scaling_benchmark.ipynb,latent_hr:1024x1024 float32,available,3539998,da0ce1a04363ea35d4c1eab8244096e91128aad7442585456f37418cffebad0b,,NOT redistributed (Esri terms). One of 360 patches regenerated locally from the pinned Wayback release; the SHA-256 here pins the expected regeneration.
esri_multipatch_agriculture__pampas__r2c0,regenerated_input,Esri World Imagery Wayback release 26334 (2026-08-05),zoom=17;lat=-34.4632293442151;lon=-59.04266481822355;wayback=26334,notebooks/data/multi_patch_latitude/esri_patch_cache/agriculture__pampas__r2c0__z17_n256_os4_gsd10.zarr,zarr,multi_patch_latitude_validation.ipynb;throughput_scaling_benchmark.ipynb,latent_hr:1024x1024 float32,available,3407552,ef88d84118266eb9f6b8ae7162777fc2baae046deff3a8c57ed39778d4078737,,NOT redistributed (Esri terms). One of 360 patches regenerated locally from the pinned Wayback release; the SHA-256 here pins the expected regeneration.
esri_multipatch_agriculture__pampas__r2c1,regenerated_input,Esri World Imagery Wayback release 26334 (2026-08-05),zoom=17;lat=-34.46394919304205;lon=-58.99913947344097;wayback=26334,notebooks/data/multi_patch_latitude/esri_patch_cache/agriculture__pampas__r2c1__z17_n256_os4_gsd10.zarr,zarr,multi_patch_latitude_validation.ipynb;throughput_scaling_benchmark.ipynb,latent_hr:1024x1024 float32,available,3465193,df8ab12cd0c9a977a5f628fc80eaa1db13faed495815a2715c0963fb2b738712,,NOT redistributed (Esri terms). One of 360 patches regenerated locally from the pinned Wayback release; the SHA-256 here pins the expected regeneration.
esri_multipatch_agriculture__pampas__r2c2,regenerated_input,Esri World Imagery Wayback release 26334 (2026-08-05),zoom=17;lat=-34.46465355663164;lon=-58.955612601275895;wayback=26334,notebooks/data/multi_patch_latitude/esri_patch_cache/agriculture__pampas__r2c2__z17_n256_os4_gsd10.zarr,zarr,multi_patch_latitude_validation.ipynb;throughput_scaling_benchmark.ipynb,latent_hr:1024x1024 float32,available,3618015,7f68f6f439051ed4a7693eb0d8dd8334f8572e727520d674f0c09c4b7ec66df7,,NOT redistributed (Esri terms). One of 360 patches regenerated locally from the pinned Wayback release; the SHA-256 here pins the expected regeneration.
esri_multipatch_agriculture__canterbury__r0c0,regenerated_input,Esri World Imagery Wayback release 26334 (2026-08-05),zoom=17;lat=-43.53643410798007;lon=171.95109473025653;wayback=26334,notebooks/data/multi_patch_latitude/esri_patch_cache/agriculture__canterbury__r0c0__z17_n256_os4_gsd10.zarr,zarr,multi_patch_latitude_validation.ipynb;throughput_scaling_benchmark.ipynb,latent_hr:1024x1024 float32,available,3354022,d23f92a929483a2ac1e83adb2c9a6cff98dfbe8a0e5ba20ced2b78c147012bde,,NOT redistributed (Esri terms). One of 360 patches regenerated locally from the pinned Wayback release; the SHA-256 here pins the expected regeneration.
esri_multipatch_agriculture__canterbury__r0c1,regenerated_input,Esri World Imagery Wayback release 26334 (2026-08-05),zoom=17;lat=-43.53601158936348;lon=172.00059494953987;wayback=26334,notebooks/data/multi_patch_latitude/esri_patch_cache/agriculture__canterbury__r0c1__z17_n256_os4_gsd10.zarr,zarr,multi_patch_latitude_validation.ipynb;throughput_scaling_benchmark.ipynb,latent_hr:1024x1024 float32,available,3370168,1c52e76ed88169cf81982eda85f9029413fa1c3ea389721f221aa91c3ddb530c,,NOT redistributed (Esri terms). One of 360 patches regenerated locally from the pinned Wayback release; the SHA-256 here pins the expected regeneration.
esri_multipatch_agriculture__canterbury__r0c2,regenerated_input,Esri World Imagery Wayback release 26334 (2026-08-05),zoom=17;lat=-43.535567644236046;lon=172.0500940661603;wayback=26334,notebooks/data/multi_patch_latitude/esri_patch_cache/agriculture__canterbury__r0c2__z17_n256_os4_gsd10.zarr,zarr,multi_patch_latitude_validation.ipynb;throughput_scaling_benchmark.ipynb,latent_hr:1024x1024 float32,available,3336256,972887f93eb7da37277fad5021ac5cb3ac6dbbd8d28e0977b6978632a7733085,,NOT redistributed (Esri terms). One of 360 patches regenerated locally from the pinned Wayback release; the SHA-256 here pins the expected regeneration.
esri_multipatch_agriculture__canterbury__r1c0,regenerated_input,Esri World Imagery Wayback release 26334 (2026-08-05),zoom=17;lat=-43.50042199067015;lon=171.95052920225245;wayback=26334,notebooks/data/multi_patch_latitude/esri_patch_cache/agriculture__canterbury__r1c0__z17_n256_os4_gsd10.zarr,zarr,multi_patch_latitude_validation.ipynb;throughput_scaling_benchmark.ipynb,latent_hr:1024x1024 float32,available,3358911,8b12d2486c4e6165b318634b65fa989f89b84a2d7dc2ede5c8014b353f867927,,NOT redistributed (Esri terms). One of 360 patches regenerated locally from the pinned Wayback release; the SHA-256 here pins the expected regeneration.
esri_multipatch_agriculture__canterbury__r1c1,regenerated_input,Esri World Imagery Wayback release 26334 (2026-08-05),zoom=17;lat=-43.50000000000001;lon=172.0;wayback=26334,notebooks/data/multi_patch_latitude/esri_patch_cache/agriculture__canterbury__r1c1__z17_n256_os4_gsd10.zarr,zarr,multi_patch_latitude_validation.ipynb;throughput_scaling_benchmark.ipynb,latent_hr:1024x1024 float32,available,3257406,4f2ade1dce1aba6ef90cfc3bc7172135a2aea60eae97c776550486f823b2b73e,,NOT redistributed (Esri terms). One of 360 patches regenerated locally from the pinned Wayback release; the SHA-256 here pins the expected regeneration.
esri_multipatch_agriculture__canterbury__r1c2,regenerated_input,Esri World Imagery Wayback release 26334 (2026-08-05),zoom=17;lat=-43.49955660958402;lon=172.0494696975147;wayback=26334,notebooks/data/multi_patch_latitude/esri_patch_cache/agriculture__canterbury__r1c2__z17_n256_os4_gsd10.zarr,zarr,multi_patch_latitude_validation.ipynb;throughput_scaling_benchmark.ipynb,latent_hr:1024x1024 float32,available,3322600,f0e76fcbad29428dbaa687958e6bf7a8eb909235c3a0074b8d7fd0a2ee09935f,,NOT redistributed (Esri terms). One of 360 patches regenerated locally from the pinned Wayback release; the SHA-256 here pins the expected regeneration.
esri_multipatch_agriculture__canterbury__r2c0,regenerated_input,Esri World Imagery Wayback release 26334 (2026-08-05),zoom=17;lat=-43.464409639779;lon=171.9499647200933;wayback=26334,notebooks/data/multi_patch_latitude/esri_patch_cache/agriculture__canterbury__r2c0__z17_n256_os4_gsd10.zarr,zarr,multi_patch_latitude_validation.ipynb;throughput_scaling_benchmark.ipynb,latent_hr:1024x1024 float32,available,3470871,f879eacddb0a02312a386d6d85814fb0b88da656b7c87245fa81439bb333065f,,NOT redistributed (Esri terms). One of 360 patches regenerated locally from the pinned Wayback release; the SHA-256 here pins the expected regeneration.
esri_multipatch_agriculture__canterbury__r2c1,regenerated_input,Esri World Imagery Wayback release 26334 (2026-08-05),zoom=17;lat=-43.463988176434235;lon=171.9994061506943;wayback=26334,notebooks/data/multi_patch_latitude/esri_patch_cache/agriculture__canterbury__r2c1__z17_n256_os4_gsd10.zarr,zarr,multi_patch_latitude_validation.ipynb;throughput_scaling_benchmark.ipynb,latent_hr:1024x1024 float32,available,3436998,817a915eb4c1811050cb769cd42c81c0e4f1ef4519c196299030083a96e0b07d,,NOT redistributed (Esri terms). One of 360 patches regenerated locally from the pinned Wayback release; the SHA-256 here pins the expected regeneration.
esri_multipatch_agriculture__canterbury__r2c2,regenerated_input,Esri World Imagery Wayback release 26334 (2026-08-05),zoom=17;lat=-43.4635453400772;lon=172.0488464834848;wayback=26334,notebooks/data/multi_patch_latitude/esri_patch_cache/agriculture__canterbury__r2c2__z17_n256_os4_gsd10.zarr,zarr,multi_patch_latitude_validation.ipynb;throughput_scaling_benchmark.ipynb,latent_hr:1024x1024 float32,available,3321468,475b7cb52bf4b35946b498254eb29ec6106e161e6fb830cb116afabe7e2f7021,,NOT redistributed (Esri terms). One of 360 patches regenerated locally from the pinned Wayback release; the SHA-256 here pins the expected regeneration.
esri_multipatch_agriculture__nile_delta__r0c0,regenerated_input,Esri World Imagery Wayback release 26334 (2026-08-05),zoom=17;lat=30.76327713680268;lon=30.95897564043118;wayback=26334,notebooks/data/multi_patch_latitude/esri_patch_cache/agriculture__nile_delta__r0c0__z17_n256_os4_gsd10.zarr,zarr,multi_patch_latitude_validation.ipynb;throughput_scaling_benchmark.ipynb,latent_hr:1024x1024 float32,available,3404582,85e8de112ca9902c6e9988f3508a14e01d6c8600f96536fa032b4ea6a9a61da7,,NOT redistributed (Esri terms). One of 360 patches regenerated locally from the pinned Wayback release; the SHA-256 here pins the expected regeneration.
esri_multipatch_agriculture__nile_delta__r0c1,regenerated_input,Esri World Imagery Wayback release 26334 (2026-08-05),zoom=17;lat=30.763927941209495;lon=31.00074652291647;wayback=26334,notebooks/data/multi_patch_latitude/esri_patch_cache/agriculture__nile_delta__r0c1__z17_n256_os4_gsd10.zarr,zarr,multi_patch_latitude_validation.ipynb;throughput_scaling_benchmark.ipynb,latent_hr:1024x1024 float32,available,3517607,a13d592af86234cae91ba7eb56b8120b3c65263d24e4c6ad8b42d12bcb52f19f,,NOT redistributed (Esri terms). One of 360 patches regenerated locally from the pinned Wayback release; the SHA-256 here pins the expected regeneration.
esri_multipatch_agriculture__nile_delta__r0c2,regenerated_input,Esri World Imagery Wayback release 26334 (2026-08-05),zoom=17;lat=30.764565305883355;lon=31.04251875051399;wayback=26334,notebooks/data/multi_patch_latitude/esri_patch_cache/agriculture__nile_delta__r0c2__z17_n256_os4_gsd10.zarr,zarr,multi_patch_latitude_validation.ipynb;throughput_scaling_benchmark.ipynb,latent_hr:1024x1024 float32,available,3381797,3934bc191ecf102d40deca80e9eab6fd4c63497aa79d745a7cca760b4a3c8934,,NOT redistributed (Esri terms). One of 360 patches regenerated locally from the pinned Wayback release; the SHA-256 here pins the expected regeneration.
esri_multipatch_agriculture__nile_delta__r1c0,regenerated_input,Esri World Imagery Wayback release 26334 (2026-08-05),zoom=17;lat=30.799348267874887;lon=30.958213546374623;wayback=26334,notebooks/data/multi_patch_latitude/esri_patch_cache/agriculture__nile_delta__r1c0__z17_n256_os4_gsd10.zarr,zarr,multi_patch_latitude_validation.ipynb;throughput_scaling_benchmark.ipynb,latent_hr:1024x1024 float32,available,3566071,e2ba1308cbc4ebbf779bfbf843dd29e145c57c1d41b9c32bc0f311d2017716ee,,NOT redistributed (Esri terms). One of 360 patches regenerated locally from the pinned Wayback release; the SHA-256 here pins the expected regeneration.
esri_multipatch_agriculture__nile_delta__r1c1,regenerated_input,Esri World Imagery Wayback release 26334 (2026-08-05),zoom=17;lat=30.799999999999994;lon=31.0;wayback=26334,notebooks/data/multi_patch_latitude/esri_patch_cache/agriculture__nile_delta__r1c1__z17_n256_os4_gsd10.zarr,zarr,multi_patch_latitude_validation.ipynb;throughput_scaling_benchmark.ipynb,latent_hr:1024x1024 float32,available,3770786,261e28b11965ea282ddd2b9a07d7ed94b31996884b5c80525c13efc373494ff0,,NOT redistributed (Esri terms). One of 360 patches regenerated locally from the pinned Wayback release; the SHA-256 here pins the expected regeneration.
esri_multipatch_agriculture__nile_delta__r1c2,regenerated_input,Esri World Imagery Wayback release 26334 (2026-08-05),zoom=17;lat=30.800638273245827;lon=31.04178780082707;wayback=26334,notebooks/data/multi_patch_latitude/esri_patch_cache/agriculture__nile_delta__r1c2__z17_n256_os4_gsd10.zarr,zarr,multi_patch_latitude_validation.ipynb;throughput_scaling_benchmark.ipynb,latent_hr:1024x1024 float32,available,3449305,18bc59d374813b76d4ee35159d001468dff175cfd8b4176e28387aedacabe2a4,,NOT redistributed (Esri terms). One of 360 patches regenerated locally from the pinned Wayback release; the SHA-256 here pins the expected regeneration.
esri_multipatch_agriculture__nile_delta__r2c0,regenerated_input,Esri World Imagery Wayback release 26334 (2026-08-05),zoom=17;lat=30.835419180952112;lon=30.957450077044548;wayback=26334,notebooks/data/multi_patch_latitude/esri_patch_cache/agriculture__nile_delta__r2c0__z17_n256_os4_gsd10.zarr,zarr,multi_patch_latitude_validation.ipynb;throughput_scaling_benchmark.ipynb,latent_hr:1024x1024 float32,available,3301810,d123ca5d958b01228e4f75d9902fcaa628081030eca7983aa9b512778b9a8144,,NOT redistributed (Esri terms). One of 360 patches regenerated locally from the pinned Wayback release; the SHA-256 here pins the expected regeneration.
esri_multipatch_agriculture__nile_delta__r2c1,regenerated_input,Esri World Imagery Wayback release 26334 (2026-08-05),zoom=17;lat=30.836071841472993;lon=30.999252129880908;wayback=26334,notebooks/data/multi_patch_latitude/esri_patch_cache/agriculture__nile_delta__r2c1__z17_n256_os4_gsd10.zarr,zarr,multi_patch_latitude_validation.ipynb;throughput_scaling_benchmark.ipynb,latent_hr:1024x1024 float32,available,3342774,d7e255eebbf4b513c4f7aeebce5c0d7b4eab70adcd14d29bfa89d226d4f37217,,NOT redistributed (Esri terms). One of 360 patches regenerated locally from the pinned Wayback release; the SHA-256 here pins the expected regeneration.
esri_multipatch_agriculture__nile_delta__r2c2,regenerated_input,Esri World Imagery Wayback release 26334 (2026-08-05),zoom=17;lat=30.836711023954354;lon=31.041055532013978;wayback=26334,notebooks/data/multi_patch_latitude/esri_patch_cache/agriculture__nile_delta__r2c2__z17_n256_os4_gsd10.zarr,zarr,multi_patch_latitude_validation.ipynb;throughput_scaling_benchmark.ipynb,latent_hr:1024x1024 float32,available,3366752,0c09470386c7cbd54540f20a0a6e28c2173945b0c0550c177d02239e752c1e53,,NOT redistributed (Esri terms). One of 360 patches regenerated locally from the pinned Wayback release; the SHA-256 here pins the expected regeneration.
esri_multipatch_agriculture__ukraine__r0c0,regenerated_input,Esri World Imagery Wayback release 26334 (2026-08-05),zoom=17;lat=48.96307988174321;lon=30.946825298431406;wayback=26334,notebooks/data/multi_patch_latitude/esri_patch_cache/agriculture__ukraine__r0c0__z17_n256_os4_gsd10.zarr,zarr,multi_patch_latitude_validation.ipynb;throughput_scaling_benchmark.ipynb,latent_hr:1024x1024 float32,available,3345987,5c25ed9dadad848a12bc995224105f3d7165af0977724a4cfd2ba0b5a2a32fd1,,NOT redistributed (Esri terms). One of 360 patches regenerated locally from the pinned Wayback release; the SHA-256 here pins the expected regeneration.
esri_multipatch_agriculture__ukraine__r0c1,regenerated_input,Esri World Imagery Wayback release 26334 (2026-08-05),zoom=17;lat=48.96403935228539;lon=31.001438992156054;wayback=26334,notebooks/data/multi_patch_latitude/esri_patch_cache/agriculture__ukraine__r0c1__z17_n256_os4_gsd10.zarr,zarr,multi_patch_latitude_validation.ipynb;throughput_scaling_benchmark.ipynb,latent_hr:1024x1024 float32,available,3632362,bdcf488714be18ca39c8f155475c29bb0a58b66f4d8ee3913547ee02f4782329,,NOT redistributed (Esri terms). One of 360 patches regenerated locally from the pinned Wayback release; the SHA-256 here pins the expected regeneration.
esri_multipatch_agriculture__ukraine__r0c2,regenerated_input,Esri World Imagery Wayback release 26334 (2026-08-05),zoom=17;lat=48.964972980160155;lon=31.056055538437917;wayback=26334,notebooks/data/multi_patch_latitude/esri_patch_cache/agriculture__ukraine__r0c2__z17_n256_os4_gsd10.zarr,zarr,multi_patch_latitude_validation.ipynb;throughput_scaling_benchmark.ipynb,latent_hr:1024x1024 float32,available,3278109,c987dc5d44b4bc07a0c1d3bb10ba7950b821d57ded1a1528477003410484fd40,,NOT redistributed (Esri terms). One of 360 patches regenerated locally from the pinned Wayback release; the SHA-256 here pins the expected regeneration.
esri_multipatch_agriculture__ukraine__r1c0,regenerated_input,Esri World Imagery Wayback release 26334 (2026-08-05),zoom=17;lat=48.99903932061803;lon=30.945347050167964;wayback=26334,notebooks/data/multi_patch_latitude/esri_patch_cache/agriculture__ukraine__r1c0__z17_n256_os4_gsd10.zarr,zarr,multi_patch_latitude_validation.ipynb;throughput_scaling_benchmark.ipynb,latent_hr:1024x1024 float32,available,3325827,26f40d9d652a619873f2dde0fd5792da4ae84b8fc99afb5edceeff5514d38547,,NOT redistributed (Esri terms). One of 360 patches regenerated locally from the pinned Wayback release; the SHA-256 here pins the expected regeneration.
esri_multipatch_agriculture__ukraine__r1c1,regenerated_input,Esri World Imagery Wayback release 26334 (2026-08-05),zoom=17;lat=48.99999999999999;lon=31.0;wayback=26334,notebooks/data/multi_patch_latitude/esri_patch_cache/agriculture__ukraine__r1c1__z17_n256_os4_gsd10.zarr,zarr,multi_patch_latitude_validation.ipynb;throughput_scaling_benchmark.ipynb,latent_hr:1024x1024 float32,available,3366469,03f5956c1637ea6e431da68cf33af890be1a81f1746744d9349a686e0b29ccd6,,NOT redistributed (Esri terms). One of 360 patches regenerated locally from the pinned Wayback release; the SHA-256 here pins the expected regeneration.
esri_multipatch_agriculture__ukraine__r1c2,regenerated_input,Esri World Imagery Wayback release 26334 (2026-08-05),zoom=17;lat=49.00093480419986;lon=31.054655809675374;wayback=26334,notebooks/data/multi_patch_latitude/esri_patch_cache/agriculture__ukraine__r1c2__z17_n256_os4_gsd10.zarr,zarr,multi_patch_latitude_validation.ipynb;throughput_scaling_benchmark.ipynb,latent_hr:1024x1024 float32,available,3350137,0e2dd50dcb1d76d87e35779ef2501a0a1ad7cbb464d34f131927851fe2d7a6d9,,NOT redistributed (Esri terms). One of 360 patches regenerated locally from the pinned Wayback release; the SHA-256 here pins the expected regeneration.
esri_multipatch_agriculture__ukraine__r2c0,regenerated_input,Esri World Imagery Wayback release 26334 (2026-08-05),zoom=17;lat=49.034998500941064;lon=30.943865864183454;wayback=26334,notebooks/data/multi_patch_latitude/esri_patch_cache/agriculture__ukraine__r2c0__z17_n256_os4_gsd10.zarr,zarr,multi_patch_latitude_validation.ipynb;throughput_scaling_benchmark.ipynb,latent_hr:1024x1024 float32,available,3429835,c1902bf309c00354d224f19d677c25c63ceb8edd1386408e43509a539234dd21,,NOT redistributed (Esri terms). One of 360 patches regenerated locally from the pinned Wayback release; the SHA-256 here pins the expected regeneration.
esri_multipatch_agriculture__ukraine__r2c1,regenerated_input,Esri World Imagery Wayback release 26334 (2026-08-05),zoom=17;lat=49.03596039089362;lon=30.998558147996302;wayback=26334,notebooks/data/multi_patch_latitude/esri_patch_cache/agriculture__ukraine__r2c1__z17_n256_os4_gsd10.zarr,zarr,multi_patch_latitude_validation.ipynb;throughput_scaling_benchmark.ipynb,latent_hr:1024x1024 float32,available,3283916,6c9dc1853c4af5d83bf241f03d986597ecd164651ca8239e10ab8113677787c0,,NOT redistributed (Esri terms). One of 360 patches regenerated locally from the pinned Wayback release; the SHA-256 here pins the expected regeneration.
esri_multipatch_agriculture__ukraine__r2c2,regenerated_input,Esri World Imagery Wayback release 26334 (2026-08-05),zoom=17;lat=49.036896373102984;lon=31.053253298964414;wayback=26334,notebooks/data/multi_patch_latitude/esri_patch_cache/agriculture__ukraine__r2c2__z17_n256_os4_gsd10.zarr,zarr,multi_patch_latitude_validation.ipynb;throughput_scaling_benchmark.ipynb,latent_hr:1024x1024 float32,available,3524337,a50859e1c9306df4944d7846ec58fe9833a515fe284d538cc6f3f62401383908,,NOT redistributed (Esri terms). One of 360 patches regenerated locally from the pinned Wayback release; the SHA-256 here pins the expected regeneration.
esri_multipatch_agriculture__po_valley__r0c0,regenerated_input,Esri World Imagery Wayback release 26334 (2026-08-05),zoom=17;lat=44.96443021657764;lon=9.948661611790412;wayback=26334,notebooks/data/multi_patch_latitude/esri_patch_cache/agriculture__po_valley__r0c0__z17_n256_os4_gsd10.zarr,zarr,multi_patch_latitude_validation.ipynb;throughput_scaling_benchmark.ipynb,latent_hr:1024x1024 float32,available,3450874,6df4cb263684c08570013fb9ea2efffde0bc23f9bac4903513710128ba86930a,,NOT redistributed (Esri terms). One of 360 patches regenerated locally from the pinned Wayback release; the SHA-256 here pins the expected regeneration.
esri_multipatch_agriculture__po_valley__r0c1,regenerated_input,Esri World Imagery Wayback release 26334 (2026-08-05),zoom=17;lat=44.96399766755218;lon=9.999374277733768;wayback=26334,notebooks/data/multi_patch_latitude/esri_patch_cache/agriculture__po_valley__r0c1__z17_n256_os4_gsd10.zarr,zarr,multi_patch_latitude_validation.ipynb;throughput_scaling_benchmark.ipynb,latent_hr:1024x1024 float32,available,3434805,3d08644547c17369df384b6ef6281a7008c9a1b1dcf43e9b1f05c756f969bd27,,NOT redistributed (Esri terms). One of 360 patches regenerated locally from the pinned Wayback release; the SHA-256 here pins the expected regeneration.
esri_multipatch_agriculture__po_valley__r0c2,regenerated_input,Esri World Imagery Wayback release 26334 (2026-08-05),zoom=17;lat=44.96354260375915;lon=10.050085768378684;wayback=26334,notebooks/data/multi_patch_latitude/esri_patch_cache/agriculture__po_valley__r0c2__z17_n256_os4_gsd10.zarr,zarr,multi_patch_latitude_validation.ipynb;throughput_scaling_benchmark.ipynb,latent_hr:1024x1024 float32,available,3337465,3dd30d0ed0a24383e6036d4cddb62650371f6d6210c027d4e78ec5b0e8f3dc94,,NOT redistributed (Esri terms). One of 360 patches regenerated locally from the pinned Wayback release; the SHA-256 here pins the expected regeneration.
esri_multipatch_agriculture__po_valley__r1c0,regenerated_input,Esri World Imagery Wayback release 26334 (2026-08-05),zoom=17;lat=45.00043308930792;lon=9.949255594072975;wayback=26334,notebooks/data/multi_patch_latitude/esri_patch_cache/agriculture__po_valley__r1c0__z17_n256_os4_gsd10.zarr,zarr,multi_patch_latitude_validation.ipynb;throughput_scaling_benchmark.ipynb,latent_hr:1024x1024 float32,available,3471734,3e669d34bc6ab6eb0f0c5d98fe8484feb8d0cd23f0a4ef583a2a34d43a80b448,,NOT redistributed (Esri terms). One of 360 patches regenerated locally from the pinned Wayback release; the SHA-256 here pins the expected regeneration.
esri_multipatch_agriculture__po_valley__r1c1,regenerated_input,Esri World Imagery Wayback release 26334 (2026-08-05),zoom=17;lat=45.0;lon=10.0;wayback=26334,notebooks/data/multi_patch_latitude/esri_patch_cache/agriculture__po_valley__r1c1__z17_n256_os4_gsd10.zarr,zarr,multi_patch_latitude_validation.ipynb;throughput_scaling_benchmark.ipynb,latent_hr:1024x1024 float32,available,3421620,f562c7670891a6a924bbe183e90349f48e0c56ede15ca75248ee8bf7991f34a9,,NOT redistributed (Esri terms). One of 360 patches regenerated locally from the pinned Wayback release; the SHA-256 here pins the expected regeneration.
esri_multipatch_agriculture__po_valley__r1c2,regenerated_input,Esri World Imagery Wayback release 26334 (2026-08-05),zoom=17;lat=44.99954436781082;lon=10.050743227930447;wayback=26334,notebooks/data/multi_patch_latitude/esri_patch_cache/agriculture__po_valley__r1c2__z17_n256_os4_gsd10.zarr,zarr,multi_patch_latitude_validation.ipynb;throughput_scaling_benchmark.ipynb,latent_hr:1024x1024 float32,available,3309748,30ff37a6889380205e8df9d9ea6214a5bf7c76d2ebf924a9b8d3bfba8001de88,,NOT redistributed (Esri terms). One of 360 patches regenerated locally from the pinned Wayback release; the SHA-256 here pins the expected regeneration.
esri_multipatch_agriculture__po_valley__r2c0,regenerated_input,Esri World Imagery Wayback release 26334 (2026-08-05),zoom=17;lat=45.03643572792597;lon=9.949850694621672;wayback=26334,notebooks/data/multi_patch_latitude/esri_patch_cache/agriculture__po_valley__r2c0__z17_n256_os4_gsd10.zarr,zarr,multi_patch_latitude_validation.ipynb;throughput_scaling_benchmark.ipynb,latent_hr:1024x1024 float32,available,3445014,2335319bd2bd489f7a0c8923630a89b88ff191533c424e27631acf6023937432,,NOT redistributed (Esri terms). One of 360 patches regenerated locally from the pinned Wayback release; the SHA-256 here pins the expected regeneration.
esri_multipatch_agriculture__po_valley__r2c1,regenerated_input,Esri World Imagery Wayback release 26334 (2026-08-05),zoom=17;lat=45.03600209766428;lon=10.000626900264272;wayback=26334,notebooks/data/multi_patch_latitude/esri_patch_cache/agriculture__po_valley__r2c1__z17_n256_os4_gsd10.zarr,zarr,multi_patch_latitude_validation.ipynb;throughput_scaling_benchmark.ipynb,latent_hr:1024x1024 float32,available,3433180,a29df710baff087ff7fd1dd79669509d381a077155e7889b904850dcc717b8c6,,NOT redistributed (Esri terms). One of 360 patches regenerated locally from the pinned Wayback release; the SHA-256 here pins the expected regeneration.
esri_multipatch_agriculture__po_valley__r2c2,regenerated_input,Esri World Imagery Wayback release 26334 (2026-08-05),zoom=17;lat=45.03554589637275;lon=10.051401925203386;wayback=26334,notebooks/data/multi_patch_latitude/esri_patch_cache/agriculture__po_valley__r2c2__z17_n256_os4_gsd10.zarr,zarr,multi_patch_latitude_validation.ipynb;throughput_scaling_benchmark.ipynb,latent_hr:1024x1024 float32,available,3212960,d91e9054b9d1800b52eb5fdfdc30e15e87a5fb2320e3e78040dfeb365689b773,,NOT redistributed (Esri terms). One of 360 patches regenerated locally from the pinned Wayback release; the SHA-256 here pins the expected regeneration.
esri_multipatch_agriculture__western_australia__r0c0,regenerated_input,Esri World Imagery Wayback release 26334 (2026-08-05),zoom=17;lat=-31.536083047998233;lon=116.95786272830834;wayback=26334,notebooks/data/multi_patch_latitude/esri_patch_cache/agriculture__western_australia__r0c0__z17_n256_os4_gsd10.zarr,zarr,multi_patch_latitude_validation.ipynb;throughput_scaling_benchmark.ipynb,latent_hr:1024x1024 float32,available,3585628,a1795412bfb4fc3334a9a0bf1ee2d72ef27834ce3e1e1a1bbd80a7ab142e2765,,NOT redistributed (Esri terms). One of 360 patches regenerated locally from the pinned Wayback release; the SHA-256 here pins the expected regeneration.
esri_multipatch_agriculture__western_australia__r0c1,regenerated_input,Esri World Imagery Wayback release 26334 (2026-08-05),zoom=17;lat=-31.53608998913279;lon=117.0;wayback=26334,notebooks/data/multi_patch_latitude/esri_patch_cache/agriculture__western_australia__r0c1__z17_n256_os4_gsd10.zarr,zarr,multi_patch_latitude_validation.ipynb;throughput_scaling_benchmark.ipynb,latent_hr:1024x1024 float32,available,3627718,d4a6edde802f61e8abadb31f3e50a4c2e7fc630ff0e5404a90e7e16b7176224e,,NOT redistributed (Esri terms). One of 360 patches regenerated locally from the pinned Wayback release; the SHA-256 here pins the expected regeneration.
esri_multipatch_agriculture__western_australia__r0c2,regenerated_input,Esri World Imagery Wayback release 26334 (2026-08-05),zoom=17;lat=-31.536083047998233;lon=117.04213727169166;wayback=26334,notebooks/data/multi_patch_latitude/esri_patch_cache/agriculture__western_australia__r0c2__z17_n256_os4_gsd10.zarr,zarr,multi_patch_latitude_validation.ipynb;throughput_scaling_benchmark.ipynb,latent_hr:1024x1024 float32,available,3514979,1cb1f8fbb6db79d2b5c7c92739a9b5ce7f34fce607fe912ce26ea5b091d91aed,,NOT redistributed (Esri terms). One of 360 patches regenerated locally from the pinned Wayback release; the SHA-256 here pins the expected regeneration.
esri_multipatch_agriculture__western_australia__r1c0,regenerated_input,Esri World Imagery Wayback release 26334 (2026-08-05),zoom=17;lat=-31.499993068617112;lon=116.95787892220514;wayback=26334,notebooks/data/multi_patch_latitude/esri_patch_cache/agriculture__western_australia__r1c0__z17_n256_os4_gsd10.zarr,zarr,multi_patch_latitude_validation.ipynb;throughput_scaling_benchmark.ipynb,latent_hr:1024x1024 float32,available,3583267,4cd628ab8320ac308a0dabfdd929d9ba3cd58d71e99d7e5e1b254382b0011cbe,,NOT redistributed (Esri terms). One of 360 patches regenerated locally from the pinned Wayback release; the SHA-256 here pins the expected regeneration.
esri_multipatch_agriculture__western_australia__r1c1,regenerated_input,Esri World Imagery Wayback release 26334 (2026-08-05),zoom=17;lat=-31.5;lon=117.0;wayback=26334,notebooks/data/multi_patch_latitude/esri_patch_cache/agriculture__western_australia__r1c1__z17_n256_os4_gsd10.zarr,zarr,multi_patch_latitude_validation.ipynb;throughput_scaling_benchmark.ipynb,latent_hr:1024x1024 float32,available,3474259,a357b4febba4a7c353780b53a2c1051d47504f6d138f73d2c3732e60d819acdb,,NOT redistributed (Esri terms). One of 360 patches regenerated locally from the pinned Wayback release; the SHA-256 here pins the expected regeneration.
esri_multipatch_agriculture__western_australia__r1c2,regenerated_input,Esri World Imagery Wayback release 26334 (2026-08-05),zoom=17;lat=-31.499993068617112;lon=117.04212107779485;wayback=26334,notebooks/data/multi_patch_latitude/esri_patch_cache/agriculture__western_australia__r1c2__z17_n256_os4_gsd10.zarr,zarr,multi_patch_latitude_validation.ipynb;throughput_scaling_benchmark.ipynb,latent_hr:1024x1024 float32,available,3399541,0764a6a3817f1579e866082dd4f358ca937e32ee8abb104ed07d108e6c129aff,,NOT redistributed (Esri terms). One of 360 patches regenerated locally from the pinned Wayback release; the SHA-256 here pins the expected regeneration.
esri_multipatch_agriculture__western_australia__r2c0,regenerated_input,Esri World Imagery Wayback release 26334 (2026-08-05),zoom=17;lat=-31.463902885463376;lon=116.95789508704188;wayback=26334,notebooks/data/multi_patch_latitude/esri_patch_cache/agriculture__western_australia__r2c0__z17_n256_os4_gsd10.zarr,zarr,multi_patch_latitude_validation.ipynb;throughput_scaling_benchmark.ipynb,latent_hr:1024x1024 float32,available,3496150,e2d230627ae55cbd393cb77741bd26718aaf532e5eee9194655a0f56f00db136,,NOT redistributed (Esri terms). One of 360 patches regenerated locally from the pinned Wayback release; the SHA-256 here pins the expected regeneration.
esri_multipatch_agriculture__western_australia__r2c1,regenerated_input,Esri World Imagery Wayback release 26334 (2026-08-05),zoom=17;lat=-31.463909807101928;lon=117.0;wayback=26334,notebooks/data/multi_patch_latitude/esri_patch_cache/agriculture__western_australia__r2c1__z17_n256_os4_gsd10.zarr,zarr,multi_patch_latitude_validation.ipynb;throughput_scaling_benchmark.ipynb,latent_hr:1024x1024 float32,available,3426368,6b3b9d51b6d52d67e7c0538a6bbe292bce8d4c0b1b534e8ea1a722baf50a62f4,,NOT redistributed (Esri terms). One of 360 patches regenerated locally from the pinned Wayback release; the SHA-256 here pins the expected regeneration.
esri_multipatch_agriculture__western_australia__r2c2,regenerated_input,Esri World Imagery Wayback release 26334 (2026-08-05),zoom=17;lat=-31.463902885463376;lon=117.04210491295811;wayback=26334,notebooks/data/multi_patch_latitude/esri_patch_cache/agriculture__western_australia__r2c2__z17_n256_os4_gsd10.zarr,zarr,multi_patch_latitude_validation.ipynb;throughput_scaling_benchmark.ipynb,latent_hr:1024x1024 float32,available,3252443,2a153cadfc1fb4aac5281e4b4209ee437e61e2f4bf77d658b4e77021f4287c73,,NOT redistributed (Esri terms). One of 360 patches regenerated locally from the pinned Wayback release; the SHA-256 here pins the expected regeneration.
esri_multipatch_agriculture__mato_grosso__r0c0,regenerated_input,Esri World Imagery Wayback release 26334 (2026-08-05),zoom=17;lat=-13.036305061804198;lon=-56.03674117298044;wayback=26334,notebooks/data/multi_patch_latitude/esri_patch_cache/agriculture__mato_grosso__r0c0__z17_n256_os4_gsd10.zarr,zarr,multi_patch_latitude_validation.ipynb;throughput_scaling_benchmark.ipynb,latent_hr:1024x1024 float32,available,3347073,519eb3e074d6c86a8f47452e2bf507dc7c7064d2a9308555eb6a7fe9e3f4036e,,NOT redistributed (Esri terms). One of 360 patches regenerated locally from the pinned Wayback release; the SHA-256 here pins the expected regeneration.
esri_multipatch_agriculture__mato_grosso__r0c1,regenerated_input,Esri World Imagery Wayback release 26334 (2026-08-05),zoom=17;lat=-13.036165273811926;lon=-55.99985496760605;wayback=26334,notebooks/data/multi_patch_latitude/esri_patch_cache/agriculture__mato_grosso__r0c1__z17_n256_os4_gsd10.zarr,zarr,multi_patch_latitude_validation.ipynb;throughput_scaling_benchmark.ipynb,latent_hr:1024x1024 float32,available,3442092,00a70a71a28c6bdaa810ce304a345bf1ce5c5162d14f2555c35efde509035555,,NOT redistributed (Esri terms). One of 360 patches regenerated locally from the pinned Wayback release; the SHA-256 here pins the expected regeneration.
esri_multipatch_agriculture__mato_grosso__r0c2,regenerated_input,Esri World Imagery Wayback release 26334 (2026-08-05),zoom=17;lat=-13.036020235583045;lon=-55.962969200399336;wayback=26334,notebooks/data/multi_patch_latitude/esri_patch_cache/agriculture__mato_grosso__r0c2__z17_n256_os4_gsd10.zarr,zarr,multi_patch_latitude_validation.ipynb;throughput_scaling_benchmark.ipynb,latent_hr:1024x1024 float32,available,3354185,3c195fab4c31651ec12b89117c17f2970e59c117b1025602c4ab73be38d2750a,,NOT redistributed (Esri terms). One of 360 patches regenerated locally from the pinned Wayback release; the SHA-256 here pins the expected regeneration.
esri_multipatch_agriculture__mato_grosso__r1c0,regenerated_input,Esri World Imagery Wayback release 26334 (2026-08-05),zoom=17;lat=-13.000139387050169;lon=-56.036880858509534;wayback=26334,notebooks/data/multi_patch_latitude/esri_patch_cache/agriculture__mato_grosso__r1c0__z17_n256_os4_gsd10.zarr,zarr,multi_patch_latitude_validation.ipynb;throughput_scaling_benchmark.ipynb,latent_hr:1024x1024 float32,available,3428164,41c1e7d9e75f6d26e8374d6dce24d0b0f8d7277c8c3b3184eb248ff8b4b29572,,NOT redistributed (Esri terms). One of 360 patches regenerated locally from the pinned Wayback release; the SHA-256 here pins the expected regeneration.
esri_multipatch_agriculture__mato_grosso__r1c1,regenerated_input,Esri World Imagery Wayback release 26334 (2026-08-05),zoom=17;lat=-13.000000000000002;lon=-56.0;wayback=26334,notebooks/data/multi_patch_latitude/esri_patch_cache/agriculture__mato_grosso__r1c1__z17_n256_os4_gsd10.zarr,zarr,multi_patch_latitude_validation.ipynb;throughput_scaling_benchmark.ipynb,latent_hr:1024x1024 float32,available,3378893,ce65ea1bedb8e47f2d2516cb5980308a6b2970f9b0f5a32844b8892400b6ee20,,NOT redistributed (Esri terms). One of 360 patches regenerated locally from the pinned Wayback release; the SHA-256 here pins the expected regeneration.
esri_multipatch_agriculture__mato_grosso__r1c2,regenerated_input,Esri World Imagery Wayback release 26334 (2026-08-05),zoom=17;lat=-12.999855377771578;lon=-55.96311957935426;wayback=26334,notebooks/data/multi_patch_latitude/esri_patch_cache/agriculture__mato_grosso__r1c2__z17_n256_os4_gsd10.zarr,zarr,multi_patch_latitude_validation.ipynb;throughput_scaling_benchmark.ipynb,latent_hr:1024x1024 float32,available,3446539,61e3cece039a7b0eeb4b441eb7ffcce145e8367c098d8263a759c9403f6f2ef9,,NOT redistributed (Esri terms). One of 360 patches regenerated locally from the pinned Wayback release; the SHA-256 here pins the expected regeneration.
esri_multipatch_agriculture__mato_grosso__r2c0,regenerated_input,Esri World Imagery Wayback release 26334 (2026-08-05),zoom=17;lat=-12.963973610301924;lon=-56.03702012231636;wayback=26334,notebooks/data/multi_patch_latitude/esri_patch_cache/agriculture__mato_grosso__r2c0__z17_n256_os4_gsd10.zarr,zarr,multi_patch_latitude_validation.ipynb;throughput_scaling_benchmark.ipynb,latent_hr:1024x1024 float32,available,3342374,820698a819b150a9d41de4885c341a4ed78c61634d5566c7c2d57081f048f4e1,,NOT redistributed (Esri terms). One of 360 patches regenerated locally from the pinned Wayback release; the SHA-256 here pins the expected regeneration.
esri_multipatch_agriculture__mato_grosso__r2c1,regenerated_input,Esri World Imagery Wayback release 26334 (2026-08-05),zoom=17;lat=-12.963834624082315;lon=-56.00014459453;wayback=26334,notebooks/data/multi_patch_latitude/esri_patch_cache/agriculture__mato_grosso__r2c1__z17_n256_os4_gsd10.zarr,zarr,multi_patch_latitude_validation.ipynb;throughput_scaling_benchmark.ipynb,latent_hr:1024x1024 float32,available,3339392,a4a790f5230c205f695827421fbb7743217e1f5a2d5d02c300902df345c307bd,,NOT redistributed (Esri terms). One of 360 patches regenerated locally from the pinned Wayback release; the SHA-256 here pins the expected regeneration.
esri_multipatch_agriculture__mato_grosso__r2c2,regenerated_input,Esri World Imagery Wayback release 26334 (2026-08-05),zoom=17;lat=-12.963690417738613;lon=-55.96326950430455;wayback=26334,notebooks/data/multi_patch_latitude/esri_patch_cache/agriculture__mato_grosso__r2c2__z17_n256_os4_gsd10.zarr,zarr,multi_patch_latitude_validation.ipynb;throughput_scaling_benchmark.ipynb,latent_hr:1024x1024 float32,available,3230074,43a4ad600c0c0aedce99efdf40057f4883e023764e98943896e7335ce0d83c22,,NOT redistributed (Esri terms). One of 360 patches regenerated locally from the pinned Wayback release; the SHA-256 here pins the expected regeneration.
sentinel2_region__urban__singapore,primary_input,Copernicus Sentinel-2 L2A (earth-search COG),lat=1.2902999999999998;lon=103.8519;lattice=r1c1;product=S2B_48NUG_20230316_0_L2A,notebooks/data/multi_patch_sentinel2/region__urban__singapore_data.zarr,zarr,real_groundtruth_multiregion.ipynb,256x256 native 10 m patch,available,634474,dd8f6c1771a63172d884fcd0deb16f2ee40d13570a2685969b9747163838b384,10.5281/zenodo.22210945,"One of 40 regions, one patch each. Acquired via real_groundtruth_common_tools.acquire_region_sites(); where the region anchor yielded no usable acquisition, a pre-declared fallback position within the same region was used, and the coordinates above are those of the patch actually archived."
sentinel2_region__urban__nairobi,primary_input,Copernicus Sentinel-2 L2A (earth-search COG),lat=-1.2863999999999969;lon=36.8172;lattice=r1c1;product=S2A_37MBU_20230128_0_L2A,notebooks/data/multi_patch_sentinel2/region__urban__nairobi_data.zarr,zarr,real_groundtruth_multiregion.ipynb,256x256 native 10 m patch,available,658404,60e5f1910dc74c75cfc40a7c6996b166cfb16e721ea412ff78669da1c47b2cd6,10.5281/zenodo.22210945,"One of 40 regions, one patch each. Acquired via real_groundtruth_common_tools.acquire_region_sites(); where the region anchor yielded no usable acquisition, a pre-declared fallback position within the same region was used, and the coordinates above are those of the patch actually archived."
sentinel2_region__urban__sao_paulo,primary_input,Copernicus Sentinel-2 L2A (earth-search COG),lat=-23.5505;lon=-46.6333;lattice=r1c1;product=S2A_23KLQ_20240505_0_L2A,notebooks/data/multi_patch_sentinel2/region__urban__sao_paulo_data.zarr,zarr,real_groundtruth_multiregion.ipynb,256x256 native 10 m patch,available,706431,b3b94af752664b6137eeff0fec305dd714023f20312febf81c98f4ee8b4d7a6a,10.5281/zenodo.22210945,"One of 40 regions, one patch each. Acquired via real_groundtruth_common_tools.acquire_region_sites(); where the region anchor yielded no usable acquisition, a pre-declared fallback position within the same region was used, and the coordinates above are those of the patch actually archived."
sentinel2_region__urban__cape_town,primary_input,Copernicus Sentinel-2 L2A (earth-search COG),lat=-33.924899999999994;lon=18.4241;lattice=r1c1;product=S2B_34HBH_20231002_0_L2A,notebooks/data/multi_patch_sentinel2/region__urban__cape_town_data.zarr,zarr,real_groundtruth_multiregion.ipynb,256x256 native 10 m patch,available,699099,249bf8fca81da7ac3301b9355cfcbf3529c131d1786cdf91273bdf6496ec79c5,10.5281/zenodo.22210945,"One of 40 regions, one patch each. Acquired via real_groundtruth_common_tools.acquire_region_sites(); where the region anchor yielded no usable acquisition, a pre-declared fallback position within the same region was used, and the coordinates above are those of the patch actually archived."
sentinel2_region__urban__sydney,primary_input,Copernicus Sentinel-2 L2A (earth-search COG),lat=-33.86879999999999;lon=151.2093;lattice=r1c1;product=S2A_56HLH_20240528_0_L2A,notebooks/data/multi_patch_sentinel2/region__urban__sydney_data.zarr,zarr,real_groundtruth_multiregion.ipynb,256x256 native 10 m patch,available,694077,0b0916c24d4ebbc7b5509117e4a7cbe499324fc4fee9a4c701604aa6723cb8f2,10.5281/zenodo.22210945,"One of 40 regions, one patch each. Acquired via real_groundtruth_common_tools.acquire_region_sites(); where the region anchor yielded no usable acquisition, a pre-declared fallback position within the same region was used, and the coordinates above are those of the patch actually archived."
sentinel2_region__urban__mexico_city,primary_input,Copernicus Sentinel-2 L2A (earth-search COG),lat=19.4326;lon=-99.1332;lattice=r1c1;product=S2B_14QMG_20231117_0_L2A,notebooks/data/multi_patch_sentinel2/region__urban__mexico_city_data.zarr,zarr,real_groundtruth_multiregion.ipynb,256x256 native 10 m patch,available,665211,ecc0a2c41ffa2d1bc95978a4c581465bce9cc41805890edb1f3877c618277517,10.5281/zenodo.22210945,"One of 40 regions, one patch each. Acquired via real_groundtruth_common_tools.acquire_region_sites(); where the region anchor yielded no usable acquisition, a pre-declared fallback position within the same region was used, and the coordinates above are those of the patch actually archived."
sentinel2_region__urban__tokyo,primary_input,Copernicus Sentinel-2 L2A (earth-search COG),lat=35.676200000000016;lon=139.6503;lattice=r1c1;product=S2B_54SUE_20231208_0_L2A,notebooks/data/multi_patch_sentinel2/region__urban__tokyo_data.zarr,zarr,real_groundtruth_multiregion.ipynb,256x256 native 10 m patch,available,670252,693078d2222f0927d6c755316ece74a4b05e567d3a1cb8c6fde25ae2c4a8e939,10.5281/zenodo.22210945,"One of 40 regions, one patch each. Acquired via real_groundtruth_common_tools.acquire_region_sites(); where the region anchor yielded no usable acquisition, a pre-declared fallback position within the same region was used, and the coordinates above are those of the patch actually archived."
sentinel2_region__urban__montreal,primary_input,Copernicus Sentinel-2 L2A (earth-search COG),lat=45.501900000000006;lon=-73.5674;lattice=r1c1;product=S2A_18TXR_20230922_0_L2A,notebooks/data/multi_patch_sentinel2/region__urban__montreal_data.zarr,zarr,real_groundtruth_multiregion.ipynb,256x256 native 10 m patch,available,695302,95152a46b8827f8bb753617a409a1ec9e9c376e7670e189e93e09efcf7783437,10.5281/zenodo.22210945,"One of 40 regions, one patch each. Acquired via real_groundtruth_common_tools.acquire_region_sites(); where the region anchor yielded no usable acquisition, a pre-declared fallback position within the same region was used, and the coordinates above are those of the patch actually archived."
sentinel2_region__urban__paris,primary_input,Copernicus Sentinel-2 L2A (earth-search COG),lat=48.85660000000001;lon=2.3522;lattice=r1c1;product=S2B_31UDQ_20240805_0_L2A,notebooks/data/multi_patch_sentinel2/region__urban__paris_data.zarr,zarr,real_groundtruth_multiregion.ipynb,256x256 native 10 m patch,available,723777,c282359af1d46cd539b4a1af0066287184fb9c8731df9f82da285b25fdb34377,10.5281/zenodo.22210945,"One of 40 regions, one patch each. Acquired via real_groundtruth_common_tools.acquire_region_sites(); where the region anchor yielded no usable acquisition, a pre-declared fallback position within the same region was used, and the coordinates above are those of the patch actually archived."
sentinel2_region__urban__reykjavik,primary_input,Copernicus Sentinel-2 L2A (earth-search COG),lat=64.1466;lon=-21.942600000000002;lattice=r1c1;product=S2B_27WVM_20250518_0_L2A,notebooks/data/multi_patch_sentinel2/region__urban__reykjavik_data.zarr,zarr,real_groundtruth_multiregion.ipynb,256x256 native 10 m patch,available,705023,577ab41a0166d584f6a117b850a34dc3b41d431d31143d90bf4a570f555a60d0,10.5281/zenodo.22210945,"One of 40 regions, one patch each. Acquired via real_groundtruth_common_tools.acquire_region_sites(); where the region anchor yielded no usable acquisition, a pre-declared fallback position within the same region was used, and the coordinates above are those of the patch actually archived."
sentinel2_region__water__lake_victoria,primary_input,Copernicus Sentinel-2 L2A (earth-search COG),lat=-0.9999998018431085;lon=32.96404757313427;lattice=r1c0;product=S2B_36MVD_20230718_0_L2A,notebooks/data/multi_patch_sentinel2/region__water__lake_victoria_data.zarr,zarr,real_groundtruth_multiregion.ipynb,256x256 native 10 m patch,available,625934,bce2eebe7269625cc30a03a873da22e4404337db1bd122add1769238dab50ae6,10.5281/zenodo.22210945,"One of 40 regions, one patch each. Acquired via real_groundtruth_common_tools.acquire_region_sites(); where the region anchor yielded no usable acquisition, a pre-declared fallback position within the same region was used, and the coordinates above are those of the patch actually archived."
sentinel2_region__water__lake_titicaca,primary_input,Copernicus Sentinel-2 L2A (earth-search COG),lat=-15.8;lon=-69.4;lattice=r1c1;product=S2B_19LDC_20250922_0_L2A,notebooks/data/multi_patch_sentinel2/region__water__lake_titicaca_data.zarr,zarr,real_groundtruth_multiregion.ipynb,256x256 native 10 m patch,available,641261,8095b171765933376383a3f5844cec9daf86e643b648c1ef8104a27b7e9b9941,10.5281/zenodo.22210945,"One of 40 regions, one patch each. Acquired via real_groundtruth_common_tools.acquire_region_sites(); where the region anchor yielded no usable acquisition, a pre-declared fallback position within the same region was used, and the coordinates above are those of the patch actually archived."
sentinel2_region__water__lake_taupo,primary_input,Copernicus Sentinel-2 L2A (earth-search COG),lat=-38.78;lon=176.06;lattice=r1c1;product=S2C_60HVC_20250519_0_L2A,notebooks/data/multi_patch_sentinel2/region__water__lake_taupo_data.zarr,zarr,real_groundtruth_multiregion.ipynb,256x256 native 10 m patch,available,462688,ddd2151054fb678cb67c00bea97a989b43f4af11f2bc637da37c18257c5dc26c,10.5281/zenodo.22210945,"One of 40 regions, one patch each. Acquired via real_groundtruth_common_tools.acquire_region_sites(); where the region anchor yielded no usable acquisition, a pre-declared fallback position within the same region was used, and the coordinates above are those of the patch actually archived."
sentinel2_region__water__lake_geneva,primary_input,Copernicus Sentinel-2 L2A (EOPF Zarr Sample Service),lat=46.42185721598893;lon=6.379689345780408;lattice=recorded in the store attributes;product recorded in the store's source_item_id attribute,notebooks/data/multi_patch_sentinel2/region__water__lake_geneva_data.zarr,zarr,real_groundtruth_multiregion.ipynb,256x256 native 10 m patch,available,1178578,d4fbb5257949a1c304ae144864f8d926a1a8516fccd6a0e02fed57cb53721619,10.5281/zenodo.22210945,"One of 40 regions, one patch each. Acquired via real_groundtruth_common_tools.acquire_region_sites(); where the region anchor yielded no usable acquisition, a pre-declared fallback position within the same region was used, and the coordinates above are those of the patch actually archived."
sentinel2_region__water__lake_michigan,primary_input,Copernicus Sentinel-2 L2A (earth-search COG),lat=43.0;lon=-87.85;lattice=r1c1;product=S2A_16TDN_20240414_0_L2A,notebooks/data/multi_patch_sentinel2/region__water__lake_michigan_data.zarr,zarr,real_groundtruth_multiregion.ipynb,256x256 native 10 m patch,available,666078,1214496533b6560fc6497fdf3cdcb2d7647a554856cb0f009181d87d667cfb31,10.5281/zenodo.22210945,"One of 40 regions, one patch each. Acquired via real_groundtruth_common_tools.acquire_region_sites(); where the region anchor yielded no usable acquisition, a pre-declared fallback position within the same region was used, and the coordinates above are those of the patch actually archived."
sentinel2_region__water__lake_tahoe,primary_input,Copernicus Sentinel-2 L2A (earth-search COG),lat=39.1;lon=-119.99999999999999;lattice=r1c1;product=S2B_10SGJ_20240905_0_L2A,notebooks/data/multi_patch_sentinel2/region__water__lake_tahoe_data.zarr,zarr,real_groundtruth_multiregion.ipynb,256x256 native 10 m patch,available,696772,f148744d9e1929dea26eabba3aa0538f481c64e343baba3227d6e6d933f7ad55,10.5281/zenodo.22210945,"One of 40 regions, one patch each. Acquired via real_groundtruth_common_tools.acquire_region_sites(); where the region anchor yielded no usable acquisition, a pre-declared fallback position within the same region was used, and the coordinates above are those of the patch actually archived."
sentinel2_region__water__great_salt_lake,primary_input,Copernicus Sentinel-2 L2A (earth-search COG),lat=41.29999999999999;lon=-112.61;lattice=r1c1;product=S2B_12TUL_20230813_0_L2A,notebooks/data/multi_patch_sentinel2/region__water__great_salt_lake_data.zarr,zarr,real_groundtruth_multiregion.ipynb,256x256 native 10 m patch,available,668157,e5133d1789cc3d0692a12fa63b91769f5a167815cb5d53c259a19253f3be6db1,10.5281/zenodo.22210945,"One of 40 regions, one patch each. Acquired via real_groundtruth_common_tools.acquire_region_sites(); where the region anchor yielded no usable acquisition, a pre-declared fallback position within the same region was used, and the coordinates above are those of the patch actually archived."
sentinel2_region__water__caspian_sea,primary_input,Copernicus Sentinel-2 L2A (earth-search COG),lat=41.99999999999999;lon=48.355;lattice=r1c1;product=S2B_38TQM_20230821_0_L2A,notebooks/data/multi_patch_sentinel2/region__water__caspian_sea_data.zarr,zarr,real_groundtruth_multiregion.ipynb,256x256 native 10 m patch,available,698483,fe32509e7e61ad0c645fcd9c67f89cb40d62789b9c8ff5ac205023728b6a0e96,10.5281/zenodo.22210945,"One of 40 regions, one patch each. Acquired via real_groundtruth_common_tools.acquire_region_sites(); where the region anchor yielded no usable acquisition, a pre-declared fallback position within the same region was used, and the coordinates above are those of the patch actually archived."
sentinel2_region__water__lake_constance,primary_input,Copernicus Sentinel-2 L2A (EOPF Zarr Sample Service),lat=47.56418248428852;lon=9.34655093568043;lattice=recorded in the store attributes;product recorded in the store's source_item_id attribute,notebooks/data/multi_patch_sentinel2/region__water__lake_constance_data.zarr,zarr,real_groundtruth_multiregion.ipynb,256x256 native 10 m patch,available,1139283,5d730ef3b59168131633ce065a72659a75f094268383deb54ced5f2c8e91aeef,10.5281/zenodo.22210945,"One of 40 regions, one patch each. Acquired via real_groundtruth_common_tools.acquire_region_sites(); where the region anchor yielded no usable acquisition, a pre-declared fallback position within the same region was used, and the coordinates above are those of the patch actually archived."
sentinel2_region__water__lake_baikal,primary_input,Copernicus Sentinel-2 L2A (earth-search COG),lat=53.49847221009595;lon=107.93978320563744;lattice=r1c0;product=S2A_48UXE_20260806_0_L2A,notebooks/data/multi_patch_sentinel2/region__water__lake_baikal_data.zarr,zarr,real_groundtruth_multiregion.ipynb,256x256 native 10 m patch,available,676332,3ec121aede42f68f793cd023ad7228486b3104f82c0036269f713014961a7113,10.5281/zenodo.22210945,"One of 40 regions, one patch each. Acquired via real_groundtruth_common_tools.acquire_region_sites(); where the region anchor yielded no usable acquisition, a pre-declared fallback position within the same region was used, and the coordinates above are those of the patch actually archived."
sentinel2_region__forest__amazon,primary_input,Copernicus Sentinel-2 L2A (earth-search COG),lat=-2.9999999999999996;lon=-59.99999999999999;lattice=r1c1;product=S2A_20MRB_20240807_0_L2A,notebooks/data/multi_patch_sentinel2/region__forest__amazon_data.zarr,zarr,real_groundtruth_multiregion.ipynb,256x256 native 10 m patch,available,688012,ca8521d7a6a7adb73a3238d1bd856e8568f8076527714f376b0f5e91d02877b9,10.5281/zenodo.22210945,"One of 40 regions, one patch each. Acquired via real_groundtruth_common_tools.acquire_region_sites(); where the region anchor yielded no usable acquisition, a pre-declared fallback position within the same region was used, and the coordinates above are those of the patch actually archived."
sentinel2_region__forest__congo,primary_input,Copernicus Sentinel-2 L2A (earth-search COG),lat=-0.963816400795684;lon=20.00001075242268;lattice=r2c1;product=S2B_34MCE_20240119_0_L2A,notebooks/data/multi_patch_sentinel2/region__forest__congo_data.zarr,zarr,real_groundtruth_multiregion.ipynb,256x256 native 10 m patch,available,640971,96dedada867112ffad6de477f644736faeb2066588b1ffbf408c697cf7875fa1,10.5281/zenodo.22210945,"One of 40 regions, one patch each. Acquired via real_groundtruth_common_tools.acquire_region_sites(); where the region anchor yielded no usable acquisition, a pre-declared fallback position within the same region was used, and the coordinates above are those of the patch actually archived."
sentinel2_region__forest__borneo,primary_input,Copernicus Sentinel-2 L2A (earth-search COG),lat=1.0000000000000002;lon=114.00000000000001;lattice=r1c1;product=S2B_49NHB_20240726_0_L2A,notebooks/data/multi_patch_sentinel2/region__forest__borneo_data.zarr,zarr,real_groundtruth_multiregion.ipynb,256x256 native 10 m patch,available,653164,24d970f2f66e028580dc76659fd3526c2d1fc72e2e32476972f64418254bf35b,10.5281/zenodo.22210945,"One of 40 regions, one patch each. Acquired via real_groundtruth_common_tools.acquire_region_sites(); where the region anchor yielded no usable acquisition, a pre-declared fallback position within the same region was used, and the coordinates above are those of the patch actually archived."
sentinel2_region__forest__appalachian,primary_input,Copernicus Sentinel-2 L2A (earth-search COG),lat=35.5;lon=-83.5;lattice=r1c1;product=S2B_17SKV_20251015_0_L2A,notebooks/data/multi_patch_sentinel2/region__forest__appalachian_data.zarr,zarr,real_groundtruth_multiregion.ipynb,256x256 native 10 m patch,available,694357,6b5426ab5d08c16671f27cfbc2b878b8ec1a443440638fb6cc5af4d0e9e61ed0,10.5281/zenodo.22210945,"One of 40 regions, one patch each. Acquired via real_groundtruth_common_tools.acquire_region_sites(); where the region anchor yielded no usable acquisition, a pre-declared fallback position within the same region was used, and the coordinates above are those of the patch actually archived."
sentinel2_region__forest__black_forest,primary_input,Copernicus Sentinel-2 L2A (EOPF Zarr Sample Service),lat=48.06362921073826;lon=8.146874592040898;lattice=recorded in the store attributes;product recorded in the store's source_item_id attribute,notebooks/data/multi_patch_sentinel2/region__forest__black_forest_data.zarr,zarr,real_groundtruth_multiregion.ipynb,256x256 native 10 m patch,available,1179579,1ed8f93b20d6b384b0240263e02cb728142a231ab6f9b196dd7f39f8ef808b57,10.5281/zenodo.22210945,"One of 40 regions, one patch each. Acquired via real_groundtruth_common_tools.acquire_region_sites(); where the region anchor yielded no usable acquisition, a pre-declared fallback position within the same region was used, and the coordinates above are those of the patch actually archived."
sentinel2_region__forest__canadian_rockies,primary_input,Copernicus Sentinel-2 L2A (earth-search COG),lat=52.99999999999999;lon=-122.0;lattice=r1c1;product=S2B_10UED_20230828_0_L2A,notebooks/data/multi_patch_sentinel2/region__forest__canadian_rockies_data.zarr,zarr,real_groundtruth_multiregion.ipynb,256x256 native 10 m patch,available,676066,817f9fa0a1554b3975555d65e68b7fab955dfb61276004877faf6e3fbc5a59b0,10.5281/zenodo.22210945,"One of 40 regions, one patch each. Acquired via real_groundtruth_common_tools.acquire_region_sites(); where the region anchor yielded no usable acquisition, a pre-declared fallback position within the same region was used, and the coordinates above are those of the patch actually archived."
sentinel2_region__forest__finland_boreal,primary_input,Copernicus Sentinel-2 L2A (EOPF Zarr Sample Service),lat=61.962989603382255;lon=24.926120391525682;lattice=recorded in the store attributes;product recorded in the store's source_item_id attribute,notebooks/data/multi_patch_sentinel2/region__forest__finland_boreal_data.zarr,zarr,real_groundtruth_multiregion.ipynb,256x256 native 10 m patch,available,1158193,59178f72dab8ce36a5c1e68a43768b751c4dba1be123190e2e729bf6f11909a6,10.5281/zenodo.22210945,"One of 40 regions, one patch each. Acquired via real_groundtruth_common_tools.acquire_region_sites(); where the region anchor yielded no usable acquisition, a pre-declared fallback position within the same region was used, and the coordinates above are those of the patch actually archived."
sentinel2_region__forest__tasmania,primary_input,Copernicus Sentinel-2 L2A (earth-search COG),lat=-41.999999999999986;lon=146.0;lattice=r1c1;product=S2C_55GDP_20250202_0_L2A,notebooks/data/multi_patch_sentinel2/region__forest__tasmania_data.zarr,zarr,real_groundtruth_multiregion.ipynb,256x256 native 10 m patch,available,669829,8d88a2b4f03a43d2cf8d4e6fd55d4ee6cb7e102c48dc68053281a33c0d80dfd1,10.5281/zenodo.22210945,"One of 40 regions, one patch each. Acquired via real_groundtruth_common_tools.acquire_region_sites(); where the region anchor yielded no usable acquisition, a pre-declared fallback position within the same region was used, and the coordinates above are those of the patch actually archived."
sentinel2_region__forest__new_zealand,primary_input,Copernicus Sentinel-2 L2A (earth-search COG),lat=-41.5;lon=172.5;lattice=r1c1;product=S2B_59GPQ_20230329_0_L2A,notebooks/data/multi_patch_sentinel2/region__forest__new_zealand_data.zarr,zarr,real_groundtruth_multiregion.ipynb,256x256 native 10 m patch,available,680939,35dfc21b9559c7d24ea3056fbd6bb498d3c8cff22a8f22023b4716270912071f,10.5281/zenodo.22210945,"One of 40 regions, one patch each. Acquired via real_groundtruth_common_tools.acquire_region_sites(); where the region anchor yielded no usable acquisition, a pre-declared fallback position within the same region was used, and the coordinates above are those of the patch actually archived."
sentinel2_region__forest__patagonia,primary_input,Copernicus Sentinel-2 L2A (earth-search COG),lat=-42.50000000000001;lon=-72.0;lattice=r1c1;product=S2C_18GYT_20250325_0_L2A,notebooks/data/multi_patch_sentinel2/region__forest__patagonia_data.zarr,zarr,real_groundtruth_multiregion.ipynb,256x256 native 10 m patch,available,691497,301d96fbd6ffb9b26eee7c0fd3625554539576bc2303ff44df4afa5ce258cba6,10.5281/zenodo.22210945,"One of 40 regions, one patch each. Acquired via real_groundtruth_common_tools.acquire_region_sites(); where the region anchor yielded no usable acquisition, a pre-declared fallback position within the same region was used, and the coordinates above are those of the patch actually archived."
sentinel2_region__agriculture__beauce,primary_input,Copernicus Sentinel-2 L2A (earth-search COG),lat=48.258;lon=1.4990000000000003;lattice=r1c1;product=S2B_31UCP_20250701_0_L2A,notebooks/data/multi_patch_sentinel2/region__agriculture__beauce_data.zarr,zarr,real_groundtruth_multiregion.ipynb,256x256 native 10 m patch,available,728889,9e1ab51ce4a63e3f79837c94d88290e4da8281d83b7323a75a11c77449a841ee,10.5281/zenodo.22210945,"One of 40 regions, one patch each. Acquired via real_groundtruth_common_tools.acquire_region_sites(); where the region anchor yielded no usable acquisition, a pre-declared fallback position within the same region was used, and the coordinates above are those of the patch actually archived."
sentinel2_region__agriculture__iowa,primary_input,Copernicus Sentinel-2 L2A (earth-search COG),lat=42.00000000000001;lon=-93.5;lattice=r1c1;product=S2B_15TVG_20230908_1_L2A,notebooks/data/multi_patch_sentinel2/region__agriculture__iowa_data.zarr,zarr,real_groundtruth_multiregion.ipynb,256x256 native 10 m patch,available,665569,14da1daa3f3c2d433483fd4f04abf322747b965c7358367c34cf5d2e44625ff5,10.5281/zenodo.22210945,"One of 40 regions, one patch each. Acquired via real_groundtruth_common_tools.acquire_region_sites(); where the region anchor yielded no usable acquisition, a pre-declared fallback position within the same region was used, and the coordinates above are those of the patch actually archived."
sentinel2_region__agriculture__punjab,primary_input,Copernicus Sentinel-2 L2A (earth-search COG),lat=30.5;lon=75.5;lattice=r1c1;product=S2A_43REP_20231019_0_L2A,notebooks/data/multi_patch_sentinel2/region__agriculture__punjab_data.zarr,zarr,real_groundtruth_multiregion.ipynb,256x256 native 10 m patch,available,668011,20a06d0593b722745dc46ee6ce3e957c7a4c412bc1c48e0cac168e4fd6de524f,10.5281/zenodo.22210945,"One of 40 regions, one patch each. Acquired via real_groundtruth_common_tools.acquire_region_sites(); where the region anchor yielded no usable acquisition, a pre-declared fallback position within the same region was used, and the coordinates above are those of the patch actually archived."
sentinel2_region__agriculture__pampas,primary_input,Copernicus Sentinel-2 L2A (earth-search COG),lat=-34.499999999999986;lon=-59.00000000000001;lattice=r1c1;product=S2B_21HUB_20251203_0_L2A,notebooks/data/multi_patch_sentinel2/region__agriculture__pampas_data.zarr,zarr,real_groundtruth_multiregion.ipynb,256x256 native 10 m patch,available,681349,eedee670ba65f4ce795648d603145c5e44a2274226184bbc51b23e12f2c450e1,10.5281/zenodo.22210945,"One of 40 regions, one patch each. Acquired via real_groundtruth_common_tools.acquire_region_sites(); where the region anchor yielded no usable acquisition, a pre-declared fallback position within the same region was used, and the coordinates above are those of the patch actually archived."
sentinel2_region__agriculture__canterbury,primary_input,Copernicus Sentinel-2 L2A (earth-search COG),lat=-43.50000000000001;lon=172.0;lattice=r1c1;product=S2A_59GNM_20240427_0_L2A,notebooks/data/multi_patch_sentinel2/region__agriculture__canterbury_data.zarr,zarr,real_groundtruth_multiregion.ipynb,256x256 native 10 m patch,available,663307,5533edc9a990ccbff3d9aff4a845dc2a7644771eb0f496aae062fc996dda414e,10.5281/zenodo.22210945,"One of 40 regions, one patch each. Acquired via real_groundtruth_common_tools.acquire_region_sites(); where the region anchor yielded no usable acquisition, a pre-declared fallback position within the same region was used, and the coordinates above are those of the patch actually archived."
sentinel2_region__agriculture__nile_delta,primary_input,Copernicus Sentinel-2 L2A (earth-search COG),lat=30.799999999999994;lon=31.0;lattice=r1c1;product=S2A_36RUV_20230503_0_L2A,notebooks/data/multi_patch_sentinel2/region__agriculture__nile_delta_data.zarr,zarr,real_groundtruth_multiregion.ipynb,256x256 native 10 m patch,available,683225,397ab652a9a436cb6c2ba9d37170c7679ffdf86074c4672b6a4c0d8683159d6a,10.5281/zenodo.22210945,"One of 40 regions, one patch each. Acquired via real_groundtruth_common_tools.acquire_region_sites(); where the region anchor yielded no usable acquisition, a pre-declared fallback position within the same region was used, and the coordinates above are those of the patch actually archived."
sentinel2_region__agriculture__ukraine,primary_input,Copernicus Sentinel-2 L2A (earth-search COG),lat=48.99999999999999;lon=31.0;lattice=r1c1;product=S2B_35UQQ_20230815_0_L2A,notebooks/data/multi_patch_sentinel2/region__agriculture__ukraine_data.zarr,zarr,real_groundtruth_multiregion.ipynb,256x256 native 10 m patch,available,700488,87a01dd7dc55afb0b48b67657f42c575c072ddb1db1cb606e53372eace2ebac5,10.5281/zenodo.22210945,"One of 40 regions, one patch each. Acquired via real_groundtruth_common_tools.acquire_region_sites(); where the region anchor yielded no usable acquisition, a pre-declared fallback position within the same region was used, and the coordinates above are those of the patch actually archived."
sentinel2_region__agriculture__po_valley,primary_input,Copernicus Sentinel-2 L2A (earth-search COG),lat=45.0;lon=10.0;lattice=r1c1;product=S2B_32TNQ_20251024_0_L2A,notebooks/data/multi_patch_sentinel2/region__agriculture__po_valley_data.zarr,zarr,real_groundtruth_multiregion.ipynb,256x256 native 10 m patch,available,690693,5520a32199777bb0491c87bacb4527618333c92d76fc2657977648994103190e,10.5281/zenodo.22210945,"One of 40 regions, one patch each. Acquired via real_groundtruth_common_tools.acquire_region_sites(); where the region anchor yielded no usable acquisition, a pre-declared fallback position within the same region was used, and the coordinates above are those of the patch actually archived."
sentinel2_region__agriculture__western_australia,primary_input,Copernicus Sentinel-2 L2A (earth-search COG),lat=-31.499993068617112;lon=116.95787892220514;lattice=r1c0;product=S2B_50JML_20250301_0_L2A,notebooks/data/multi_patch_sentinel2/region__agriculture__western_australia_data.zarr,zarr,real_groundtruth_multiregion.ipynb,256x256 native 10 m patch,available,658680,abc2605211c7769604621dc9ba3361c7cfd247bbe1dbe76d27f114fa37e91f5d,10.5281/zenodo.22210945,"One of 40 regions, one patch each. Acquired via real_groundtruth_common_tools.acquire_region_sites(); where the region anchor yielded no usable acquisition, a pre-declared fallback position within the same region was used, and the coordinates above are those of the patch actually archived."
sentinel2_region__agriculture__mato_grosso,primary_input,Copernicus Sentinel-2 L2A (earth-search COG),lat=-13.000000000000002;lon=-56.0;lattice=r1c1;product=S2C_21LWF_20250912_0_L2A,notebooks/data/multi_patch_sentinel2/region__agriculture__mato_grosso_data.zarr,zarr,real_groundtruth_multiregion.ipynb,256x256 native 10 m patch,available,651224,8b01807f0fd7ffdb05f182f9042f485a8460a64d9035e1e02990a1cd974a036c,10.5281/zenodo.22210945,"One of 40 regions, one patch each. Acquired via real_groundtruth_common_tools.acquire_region_sites(); where the region anchor yielded no usable acquisition, a pre-declared fallback position within the same region was used, and the coordinates above are those of the patch actually archived."
era5_output_flux,primary_input,ERA5 reanalysis-era5-complete,2024-06-01T06:00;stream=enda;members=0-9;N256,notebooks/outputFLUX.grib,grib,conservative_flux_ERA5.ipynb,10 ensemble members; steps 3h and 6h; sshf/slhf/ssr,available,41891520,facbe54bd65e79112c8eb1676e3a689c2fe61c639a765252f08ffc5936eee402,10.5281/zenodo.22210945,The cfgrib .idx file is derived and is intentionally not archived.
