scene,psf_config,assumed_fwhm_m,snr,noise_std,lam,noise_model,rmse_vs_no_psf,rmse_std,noise_penalty,noise_penalty_std,regularization_noise_gain,regularization_noise_gain_std,regularization_noise_gain_pct,regularization_noise_gain_pct_std,n_realizations,n_cells
agriculture,matched,12.5,5.0,0.026345751984639027,0.0,correlated,0.032120161869673244,2.4653182926845444e-05,0.016621594163736535,2.4653182926845864e-05,0.0,0.0,0.0,0.0,10,169654
agriculture,matched,12.5,5.0,0.026345751984639027,0.0,white,0.08139154604418519,0.0002682214479307552,0.06589297833824849,0.0002682214479307559,0.0,0.0,0.0,0.0,10,169654
agriculture,matched,12.5,5.0,0.026345751984639027,0.001,correlated,0.032120251859837655,2.4447111357395386e-05,0.016611770852134593,2.4447111357394834e-05,9.82331160193986e-06,8.883965887706692e-07,0.03058254827022802,0.0027598036660181537,10,169654
agriculture,matched,12.5,5.0,0.026345751984639027,0.001,white,0.07978383582740398,0.00024705990947259705,0.06427535481970091,0.0002470599094725977,0.0016176235185475756,2.2592192261156407e-05,1.987400471914834,0.021811017127864745,10,169654
agriculture,matched,12.5,5.0,0.026345751984639027,0.01,correlated,0.0321428849186491,2.3868707390492017e-05,0.016508150241429313,2.386870739049282e-05,0.00011344392230722214,5.10149177741478e-06,0.3531834151078886,0.015814086014864597,10,169654
agriculture,matched,12.5,5.0,0.026345751984639027,0.01,white,0.0694332038678896,0.0001356545932657953,0.053798469190669815,0.000135654593265795,0.012094509147578673,0.00014540394880012154,14.859298659390252,0.13320143495713657,10,169654
agriculture,matched,12.5,5.0,0.026345751984639027,0.1,correlated,0.03262994567383887,2.4450350494884006e-05,0.015442044079972165,2.4450350494883433e-05,0.001179550083764369,1.2717284754679812e-05,3.6722987532869333,0.03891554343534136,10,169654
agriculture,matched,12.5,5.0,0.026345751984639027,0.1,white,0.04350629093202227,4.631243653190215e-05,0.026318389338155564,4.631243653190275e-05,0.039574589000092926,0.0002718032024220426,48.62197771367961,0.17909038724527981,10,169654
agriculture,matched,12.5,5.0,0.026345751984639027,1.0,correlated,0.034373846149945396,3.633327231878927e-05,0.01224120209773717,3.633327231878939e-05,0.004380392065999363,3.430382530040489e-05,13.63750251093228,0.10441475234407001,10,169654
agriculture,matched,12.5,5.0,0.026345751984639027,1.0,white,0.02965762495058082,5.3905098732693163e-05,0.0075249808983725965,5.390509873269296e-05,0.058367997439875884,0.00028054413779351664,71.71230052579922,0.12162179224075058,10,169654
agriculture,matched,12.5,10.0,0.013172875992319514,0.0,correlated,0.02093397166647453,8.497745724311403e-06,0.005435403960537824,8.497745724311859e-06,0.0,0.0,0.0,0.0,10,169654
agriculture,matched,12.5,10.0,0.013172875992319514,0.0,white,0.042838238845970836,0.00013095206770646347,0.027339671140034123,0.0001309520677064633,0.0,0.0,0.0,0.0,10,169654
agriculture,matched,12.5,10.0,0.013172875992319514,0.001,correlated,0.020939124888452676,8.399915305011838e-06,0.005430643880749611,8.39991530501177e-06,4.760079788213023e-06,6.542550737006499e-07,0.02273833092399074,0.0031231155023549997,10,169654
agriculture,matched,12.5,10.0,0.013172875992319514,0.001,white,0.04208312114414846,0.00012242156800141597,0.0265746401364454,0.00012242156800141565,0.0007650310035887265,9.863940047013122e-06,1.7858195692701049,0.018476987556367237,10,169654
agriculture,matched,12.5,10.0,0.013172875992319514,0.01,correlated,0.021016308275434804,8.58278921969737e-06,0.005381573598215018,8.582789219697323e-06,5.383036232280529e-05,3.7078519061597097e-06,0.25714234648760514,0.017689340975416103,10,169654
agriculture,matched,12.5,10.0,0.013172875992319514,0.01,white,0.03726606607832598,7.777295579142936e-05,0.02163133140110619,7.777295579142989e-05,0.005708339738927932,6.311940995030091e-05,13.325078438477354,0.11166142417032812,10,169654
agriculture,matched,12.5,10.0,0.013172875992319514,0.1,correlated,0.022084707395133945,1.121060191360268e-05,0.004896805801267241,1.121060191360292e-05,0.0005385981592705834,8.721878314585873e-06,2.5728407465484127,0.04151305207987359,10,169654
agriculture,matched,12.5,10.0,0.013172875992319514,0.1,white,0.026340605543673228,2.646873616189934e-05,0.009152703949806527,2.646873616189953e-05,0.0181869671902276,0.0001307834466329957,42.45451610996571,0.1806270867087209,10,169654
agriculture,matched,12.5,10.0,0.013172875992319514,1.0,correlated,0.02574144249496464,2.5651121694666052e-05,0.003608798442756414,2.565112169466589e-05,0.0018266055177814096,2.39552746099343e-05,8.725558975794602,0.11458029983239389,10,169654
agriculture,matched,12.5,10.0,0.013172875992319514,1.0,white,0.024229980509093346,2.4261692907158646e-05,0.002097336456885124,2.4261692907158842e-05,0.025242334683148997,0.0001353493907420411,58.92441135190292,0.14278537164809435,10,169654
agriculture,matched,12.5,20.0,0.006586437996159757,0.0,correlated,0.0170250388960363,5.6479904609224024e-06,0.001526471190099591,5.647990460923702e-06,0.0,0.0,0.0,0.0,10,169654
agriculture,matched,12.5,20.0,0.006586437996159757,0.0,white,0.025262592703385617,3.2607369351288284e-05,0.009764024997448908,3.260736935128776e-05,0.0,0.0,0.0,0.0,10,169654
agriculture,matched,12.5,20.0,0.006586437996159757,0.001,correlated,0.017033165711066854,5.4496470441707376e-06,0.0015246847033637916,5.449647044169456e-06,1.7864867357993836e-06,3.79435177710582e-07,0.010492927211574684,0.0022266797972312503,10,169654
agriculture,matched,12.5,20.0,0.006586437996159757,0.001,white,0.024953154788487877,3.0277111427028637e-05,0.009444673780784812,3.027711142702863e-05,0.00031935121666409606,3.528290764392352e-06,1.264117529735866,0.012896151253761368,10,169654
agriculture,matched,12.5,20.0,0.006586437996159757,0.01,correlated,0.01714225494258745,4.861407022164184e-06,0.001507520265367663,4.861407022162884e-06,1.8950924731928055e-05,2.1355548189259838e-06,0.11131009889989622,0.012523223956327248,10,169654
agriculture,matched,12.5,20.0,0.006586437996159757,0.01,white,0.023043499710146655,2.015580854781809e-05,0.007408765032926867,2.0155808547817342e-05,0.0023552599645220414,2.3254332592923744e-05,9.32304211814856,0.08289057470377861,10,169654
agriculture,matched,12.5,20.0,0.006586437996159757,0.1,correlated,0.01853776502972959,5.946609476682752e-06,0.0013498634358628879,5.9466094766818675e-06,0.0001766077542367031,4.723093742422026e-06,1.0373384449995682,0.02761854008145877,10,169654
agriculture,matched,12.5,20.0,0.006586437996159757,0.1,white,0.019884699751179354,1.94620660521859e-05,0.0026967981573126475,1.9462066052186613e-05,0.007067226840136262,4.43024830962566e-05,27.974920718893436,0.14304213142763683,10,169654
agriculture,matched,12.5,20.0,0.006586437996159757,1.0,correlated,0.02309764793300019,1.2425483582679824e-05,0.0009650038807919655,1.2425483582678635e-05,0.0005614673093076256,1.1936692712727712e-05,3.297888716675287,0.06994543155249341,10,169654
agriculture,matched,12.5,20.0,0.006586437996159757,1.0,white,0.022675034835474346,1.1724051680784167e-05,0.00054239078326612,1.1724051680783593e-05,0.009221634214182789,3.60137836078824e-05,36.503016741721844,0.09916812977611612,10,169654
agriculture,matched,12.5,50.0,0.0026345751984639025,0.0,correlated,0.01575194567670335,1.708685760336939e-06,0.0002533779707666429,1.7086857603365692e-06,0.0,0.0,0.0,0.0,10,169654
agriculture,matched,12.5,50.0,0.0026345751984639025,0.0,white,0.01742587473537906,1.3166817342222502e-05,0.0019273070294423516,1.3166817342222414e-05,0.0,0.0,0.0,0.0,10,169654
agriculture,matched,12.5,50.0,0.0026345751984639025,0.001,correlated,0.015761581471139586,1.7254328697277529e-06,0.0002531004634365189,1.725432869727811e-06,2.7750733012400775e-07,1.2499973367304143e-07,0.0017617412793457718,0.0007935285251536458,10,169654
agriculture,matched,12.5,50.0,0.0026345751984639025,0.001,white,0.017363099457555188,1.2080333406779223e-05,0.0018546184498521255,1.208033340677931e-05,7.268857959022608e-05,1.2700968109914902e-06,0.41712607565335025,0.007010579585088102,10,169654
agriculture,matched,12.5,50.0,0.0026345751984639025,0.01,correlated,0.015884920780584382,1.927070733359038e-06,0.00025018610336459554,1.927070733359054e-06,3.1918674020473686e-06,7.196096175288889e-07,0.020263371829578776,0.004568422233958769,10,169654
agriculture,matched,12.5,50.0,0.0026345751984639025,0.01,white,0.017037149910871744,7.387713058359265e-06,0.0014024152336519547,7.387713058358533e-06,0.000524891795790397,7.769524259131747e-06,3.0121153172290045,0.0425744729754673,10,169654
agriculture,matched,12.5,50.0,0.0026345751984639025,0.1,correlated,0.017409856412007603,2.6463450630958194e-06,0.00022195481814089592,2.64634506309586e-06,3.1423152625746975e-05,1.7997081335772422e-06,0.19948759173290978,0.01142811382627171,10,169654
agriculture,matched,12.5,50.0,0.0026345751984639025,0.1,white,0.01764762985410439,6.141899439418058e-06,0.0004597282602376858,6.14189943941809e-06,0.0014675787692046659,1.4996727963071337e-05,8.421787940828542,0.08025511033646171,10,169654
agriculture,matched,12.5,50.0,0.0026345751984639025,1.0,correlated,0.022287387926312095,5.1728878742335625e-06,0.00015474387410387285,5.1728878742342714e-06,9.863409666277002e-05,4.661434748834442e-06,0.626171268011905,0.029601730038193465,10,169654
agriculture,matched,12.5,50.0,0.0026345751984639025,1.0,white,0.022222242661589786,7.328957838395331e-06,8.959860938156269e-05,7.3289578383941585e-06,0.001837708420060789,1.5785793355798854e-05,10.545811162230086,0.08357949457533677,10,169654
agriculture,matched,12.5,100.0,0.0013172875992319513,0.0,correlated,0.015562079552390168,1.4102688236891995e-06,6.351184645346126e-05,1.4102688236891972e-06,0.0,0.0,0.0,0.0,10,169654
agriculture,matched,12.5,100.0,0.0013172875992319513,0.0,white,0.015995743626994845,5.574115058598921e-06,0.000497175921058135,5.574115058597756e-06,0.0,0.0,0.0,0.0,10,169654
agriculture,matched,12.5,100.0,0.0013172875992319513,0.001,correlated,0.015571929951487897,1.3215488400118495e-06,6.344894378483256e-05,1.3215488400119441e-06,6.290266862871152e-08,1.0574689603077663e-07,0.0004041576644421986,0.0006794899089515602,10,169654
agriculture,matched,12.5,100.0,0.0013172875992319513,0.001,white,0.015986975251726983,5.502357897185599e-06,0.0004784942440239193,5.50235789718536e-06,1.868167703421575e-05,3.482293000496027e-07,0.11679140233512539,0.002167735011734604,10,169654
agriculture,matched,12.5,100.0,0.0013172875992319513,0.01,correlated,0.015697484208936907,9.626638739569073e-07,6.274953171711977e-05,9.62663873956983e-07,7.623147363414879e-07,5.741544545953108e-07,0.004898281705826313,0.0036891038784789875,10,169654
agriculture,matched,12.5,100.0,0.0013172875992319513,0.01,white,0.015996501931477402,5.466485887133547e-06,0.00036176725425761494,5.466485887133439e-06,0.00013540866680052007,1.9307768728345843e-06,0.8465285916458087,0.012006254787600146,10,169654
agriculture,matched,12.5,100.0,0.0013172875992319513,0.1,correlated,0.017243569988163926,7.968387208410819e-07,5.566839429722026e-05,7.968387208413883e-07,7.843452156241006e-06,8.283794312639831e-07,0.05040067551708273,0.005319366943705338,10,169654
agriculture,matched,12.5,100.0,0.0013172875992319513,0.1,white,0.0173056229443383,4.627496470928274e-06,0.00011772135047159946,4.627496470930409e-06,0.0003794545705865356,2.50982673311511e-06,2.372219584682834,0.015236343919282554,10,169654
agriculture,matched,12.5,100.0,0.0013172875992319513,1.0,correlated,0.022171345746975882,1.3684698866597e-06,3.8701694767658695e-05,1.3684698866588135e-06,2.481015168580257e-05,1.099524199478119e-06,0.15942672354284668,0.0070597501896320115,10,169654
agriculture,matched,12.5,100.0,0.0013172875992319513,1.0,white,0.022155273248034763,2.65650121017646e-06,2.2629195826537677e-05,2.656501210175596e-06,0.00047454672523159733,4.216057375392531e-06,2.966699218806775,0.025448349665677526,10,169654
agriculture,matched,12.5,inf,0.0,0.0,none,0.015498567705936708,0.0,0.0,0.0,0.0,0.0,0.0,0.0,1,169654
agriculture,matched,12.5,inf,0.0,0.001,none,0.015508481007703065,0.0,0.0,0.0,0.0,0.0,0.0,0.0,1,169654
agriculture,matched,12.5,inf,0.0,0.01,none,0.015634734677219788,0.0,0.0,0.0,0.0,0.0,0.0,0.0,1,169654
agriculture,matched,12.5,inf,0.0,0.1,none,0.017187901593866704,0.0,0.0,0.0,0.0,0.0,0.0,0.0,1,169654
agriculture,matched,12.5,inf,0.0,1.0,none,0.022132644052208224,0.0,0.0,0.0,0.0,0.0,0.0,0.0,1,169654
agriculture,minus50,6.25,5.0,0.026345751984639027,0.0,correlated,0.03473715112441794,4.6451224484108426e-05,0.012310207841644364,4.645122448410804e-05,0.0,0.0,0.0,0.0,10,169103
agriculture,minus50,6.25,5.0,0.026345751984639027,0.0,white,0.035742037188915124,0.0002880755205810195,0.01331509390614154,0.0002880755205810164,0.0,0.0,0.0,0.0,10,169103
agriculture,minus50,6.25,5.0,0.026345751984639027,0.001,correlated,0.03470101079102009,4.0049896881446513e-05,0.0122926139501589,4.004989688144574e-05,1.7593891485463005e-05,3.132306281010615e-05,0.05059159771000414,0.09007077466074606,10,169103
agriculture,minus50,6.25,5.0,0.026345751984639027,0.001,white,0.0355250092155677,0.00012409716742990164,0.01311661237470651,0.00012409716742990307,0.00019848153143502966,0.0001857527369867813,0.5517768532369345,0.5123245030615677,10,169103
agriculture,minus50,6.25,5.0,0.026345751984639027,0.01,correlated,0.03469296985347706,3.8782758263711615e-05,0.012273805193657731,3.878275826371254e-05,3.640264798663237e-05,4.576414371210496e-05,0.10469247131544587,0.13147006624255886,10,169103
agriculture,minus50,6.25,5.0,0.026345751984639027,0.01,white,0.03540886484316525,5.4399635245266293e-05,0.012989700183345923,5.4399635245266266e-05,0.0003253937227956173,0.0002809143335169084,0.9048910193610642,0.7727390391282813,10,169103
agriculture,minus50,6.25,5.0,0.026345751984639027,0.1,correlated,0.03473044308202305,3.9454476071033946e-05,0.012198066496567688,3.9454476071033864e-05,0.0001121413450766745,4.686134944710131e-05,0.3227246999764256,0.13443683963986494,10,169103
agriculture,minus50,6.25,5.0,0.026345751984639027,0.1,white,0.03508073015335914,5.5210379691694266e-05,0.012548353567903783,5.521037969169586e-05,0.0007667403382377563,0.00028714543368743616,2.139653396591813,0.7802551808408335,10,169103
agriculture,minus50,6.25,5.0,0.026345751984639027,1.0,correlated,0.034927411915516064,4.146352536731157e-05,0.011843404896752197,4.1463525367309877e-05,0.0004668029448921675,4.821259449498499e-05,1.3437140437705666,0.1375103453303055,10,169103
agriculture,minus50,6.25,5.0,0.026345751984639027,1.0,white,0.03381298413127172,5.622037374041947e-05,0.010728977112507847,5.62203737404207e-05,0.002586116793633693,0.00028905699775456554,7.230213340291496,0.7456073834891458,10,169103
agriculture,minus50,6.25,10.0,0.013172875992319514,0.0,correlated,0.02606679791064555,2.6824533723185296e-05,0.003639854627871969,2.682453372318535e-05,0.0,0.0,0.0,0.0,10,169103
agriculture,minus50,6.25,10.0,0.013172875992319514,0.0,white,0.02634883306614741,7.023624131834745e-05,0.003921889783373828,7.023624131834765e-05,0.0,0.0,0.0,0.0,10,169103
agriculture,minus50,6.25,10.0,0.013172875992319514,0.001,correlated,0.026032957670001255,1.2869942836287467e-05,0.0036245608291400693,1.2869942836288018e-05,1.5293798731899276e-05,2.148380572380296e-05,0.058604434347835486,0.08230399129527251,10,169103
agriculture,minus50,6.25,10.0,0.013172875992319514,0.001,white,0.026294054461604727,3.963057391469271e-05,0.0038856576207435406,3.963057391469267e-05,3.623216263028729e-05,4.5015481514276885e-05,0.1371629379967888,0.16992644442802576,10,169103
agriculture,minus50,6.25,10.0,0.013172875992319514,0.01,correlated,0.026035743767543817,1.0839078758274388e-05,0.0036165791077244908,1.0839078758275144e-05,2.3275520147477898e-05,2.6474539224706804e-05,0.08920570652403872,0.10138786559354501,10,169103
agriculture,minus50,6.25,10.0,0.013172875992319514,0.01,white,0.02626933226471399,3.0051863266565017e-05,0.0038501676048946624,3.0051863266564882e-05,7.172217847916592e-05,6.023625192475132e-05,0.2717104691553162,0.22697377898628834,10,169103
agriculture,minus50,6.25,10.0,0.013172875992319514,0.1,correlated,0.026121402787058573,1.1297763536988952e-05,0.003589026201603214,1.1297763536989406e-05,5.082842626875465e-05,2.6761408241737694e-05,0.19490662280226392,0.10238980178935146,10,169103
agriculture,minus50,6.25,10.0,0.013172875992319514,0.1,white,0.026231977519676097,2.944498123103668e-05,0.0036996009342207424,2.9444981231036275e-05,0.00022228884915308605,6.0980784018691144e-05,0.843141777067844,0.22840308608473098,10,169103
agriculture,minus50,6.25,10.0,0.013172875992319514,1.0,correlated,0.02654500697257143,1.3710053148584786e-05,0.0034609999538075574,1.3710053148583558e-05,0.00017885467406441208,2.67803273522436e-05,0.6860578306569384,0.10204468549557047,10,169103
agriculture,minus50,6.25,10.0,0.013172875992319514,1.0,white,0.026174924692553187,2.8260428893583762e-05,0.0030909176737893176,2.826042889358402e-05,0.0008309721095845105,6.123489716994241e-05,3.15324576036187,0.22374454910507774,10,169103
agriculture,minus50,6.25,20.0,0.006586437996159757,0.0,correlated,0.023404530758885565,1.8852308215218323e-05,0.0009775874761119847,1.8852308215218408e-05,0.0,0.0,0.0,0.0,10,169103
agriculture,minus50,6.25,20.0,0.006586437996159757,0.0,white,0.02347309593145342,4.309747099401347e-05,0.0010461526486798412,4.309747099401352e-05,0.0,0.0,0.0,0.0,10,169103
agriculture,minus50,6.25,20.0,0.006586437996159757,0.001,correlated,0.02337446476409001,1.1540782688159818e-05,0.0009660679232288243,1.1540782688159674e-05,1.1519552883160547e-05,1.2259218366564533e-05,0.049188741957547584,0.052358880228667914,10,169103
agriculture,minus50,6.25,20.0,0.006586437996159757,0.001,white,0.0234459588173217,2.1035145580003955e-05,0.001037561976460513,2.1035145580003816e-05,8.590672219328452e-06,2.675400426440007e-05,0.036424362847637885,0.11373463594198485,10,169103
agriculture,minus50,6.25,20.0,0.006586437996159757,0.01,correlated,0.023382656961154318,1.1447261250866452e-05,0.0009634923013349912,1.1447261250867687e-05,1.4095174776993652e-05,1.3152595860847578e-05,0.06019150597107681,0.056170039108451086,10,169103
agriculture,minus50,6.25,20.0,0.006586437996159757,0.01,white,0.023443369453517996,1.4460451852699775e-05,0.0010242047936986696,1.4460451852700146e-05,2.1947854981171563e-05,3.785237401393345e-05,0.09325130877451344,0.16080496402120334,10,169103
agriculture,minus50,6.25,20.0,0.006586437996159757,0.1,correlated,0.02348808663103772,1.1596432271062693e-05,0.0009557100455823645,1.159643227106382e-05,2.1877430529620297e-05,1.3253018903098889e-05,0.09344265485393514,0.056578070072362555,10,169103
agriculture,minus50,6.25,20.0,0.006586437996159757,0.1,white,0.02351366743009495,1.4264518467603857e-05,0.0009812908446395932,1.4264518467604665e-05,6.486180404024801e-05,3.8328937459650146e-05,0.2760702999587471,0.16251229970096526,10,169103
agriculture,minus50,6.25,20.0,0.006586437996159757,1.0,correlated,0.024003596093907478,1.2296047308821835e-05,0.0009195890751436103,1.2296047308821202e-05,5.7998400968374554e-05,1.384251209690809e-05,0.24777604439204617,0.059004759652006473,10,169103
agriculture,minus50,6.25,20.0,0.006586437996159757,1.0,white,0.023895109087612,1.387700776885825e-05,0.0008111020688481285,1.3877007768857644e-05,0.0002350505798317127,3.797398580290496e-05,1.0011114360936286,0.15973592736198655,10,169103
agriculture,minus50,6.25,50.0,0.0026345751984639025,0.0,correlated,0.02258358645918281,3.3585548640062647e-06,0.00015664317640922686,3.3585548640059433e-06,0.0,0.0,0.0,0.0,10,169103
agriculture,minus50,6.25,50.0,0.0026345751984639025,0.0,white,0.022601963535400508,1.588705218557911e-05,0.00017502025262692775,1.5887052185579706e-05,0.0,0.0,0.0,0.0,10,169103
agriculture,minus50,6.25,50.0,0.0026345751984639025,0.001,correlated,0.022564205045609836,4.1870270294954e-06,0.00015580820474864928,4.187027029494709e-06,8.349716605775964e-07,3.89567772147254e-06,0.0036964630025222794,0.01724751570719546,10,169103
agriculture,minus50,6.25,50.0,0.0026345751984639025,0.001,white,0.022579953023200143,7.381667127593708e-06,0.000171556182338959,7.381667127593733e-06,3.4640702879687456e-06,1.0687640275096777e-05,0.015298929580328913,0.047268785255444215,10,169103
agriculture,minus50,6.25,50.0,0.0026345751984639025,0.01,correlated,0.022574693472222476,4.413404414396613e-06,0.00015552881240315058,4.413404414396997e-06,1.1143640060762988e-06,4.269557933999576e-06,0.004933513302817329,0.018902677393670148,10,169103
agriculture,minus50,6.25,50.0,0.0026345751984639025,0.01,white,0.022588849719127037,6.989849466183392e-06,0.00016968505930770942,6.989849466184622e-06,5.335193319218334e-06,1.1637880709240576e-05,0.02357515454871159,0.05146887219331701,10,169103
agriculture,minus50,6.25,50.0,0.0026345751984639025,0.1,correlated,0.02268656816894391,4.507264117352749e-06,0.0001541915834885537,4.5072641173531486e-06,2.451592920673165e-06,4.314597293325947e-06,0.010854795657652527,0.019101925112419454,10,169103
agriculture,minus50,6.25,50.0,0.0026345751984639025,0.1,white,0.022694955093062526,7.017783283049251e-06,0.00016257850760717057,7.01778328304847e-06,1.2441745019757185e-05,1.165012288997805e-05,0.05501736523333767,0.05150262535600668,10,169103
agriculture,minus50,6.25,50.0,0.0026345751984639025,1.0,correlated,0.023232032267146988,4.925428939842416e-06,0.0001480252483831178,4.925428939842255e-06,8.617928026109083e-06,4.55462410975247e-06,0.03815945522775129,0.020164203427994378,10,169103
agriculture,minus50,6.25,50.0,0.0026345751984639025,1.0,white,0.023218282965940428,7.077839186104847e-06,0.00013427594717655908,7.077839186103537e-06,4.074430545036867e-05,1.1719390350554236e-05,0.1802390420620987,0.051727908825351165,10,169103
agriculture,minus50,6.25,100.0,0.0013172875992319513,0.0,correlated,0.022465520812316675,4.570235908475195e-06,3.85775295430938e-05,4.570235908475149e-06,0.0,0.0,0.0,0.0,10,169103
agriculture,minus50,6.25,100.0,0.0013172875992319513,0.0,white,0.022467632389986593,5.565449119383314e-06,4.068910721301243e-05,5.565449119382561e-06,0.0,0.0,0.0,0.0,10,169103
agriculture,minus50,6.25,100.0,0.0013172875992319513,0.001,correlated,0.022447242794080648,1.335829309520053e-06,3.884595321945981e-05,1.335829309520109e-06,-2.684236763660086e-07,3.4664069461364506e-06,-0.001197599783140364,0.015430378484178739,10,169103
agriculture,minus50,6.25,100.0,0.0013172875992319513,0.001,white,0.02245148265860667,3.0622874893880793e-06,4.308581774548452e-05,3.062287489387867e-06,-2.3967105324720904e-06,4.079751125749056e-06,-0.010670801457617902,0.01815795432595902,10,169103
agriculture,minus50,6.25,100.0,0.0013172875992319513,0.01,correlated,0.022457961019167996,1.0473487349126165e-06,3.879635934866954e-05,1.047348734912698e-06,-2.1882980557573485e-07,3.81281973160029e-06,-0.0009771304206370938,0.01697232529168584,10,169103
agriculture,minus50,6.25,100.0,0.0013172875992319513,0.01,white,0.022462133608641664,2.9574020351753343e-06,4.296894882233615e-05,2.9574020351755142e-06,-2.279841609323721e-06,4.588489994336924e-06,-0.010151085020960442,0.020421782243024197,10,169103
agriculture,minus50,6.25,100.0,0.0013172875992319513,0.1,correlated,0.022570826550751023,1.046054884764104e-06,3.8449965295667134e-05,1.046054884764521e-06,1.2756424742667306e-07,3.7995693556429733e-06,0.0005647703171940733,0.01691307786071662,10,169103
agriculture,minus50,6.25,100.0,0.0013172875992319513,0.1,white,0.022573527451587243,2.9206817207861927e-06,4.1150866131887604e-05,2.9206817207862355e-06,-4.6175891887517696e-07,4.6198766002922275e-06,-0.0020591212141587863,0.020559719580730103,10,169103
agriculture,minus50,6.25,100.0,0.0013172875992319513,1.0,correlated,0.023120863913831568,1.0631562962205715e-06,3.685689506770021e-05,1.0631562962209762e-06,1.7206344753935981e-06,3.737021869664347e-06,0.007655994511831457,0.016633466484740466,10,169103
agriculture,minus50,6.25,100.0,0.0013172875992319513,1.0,white,0.02311792223742986,2.7425957814616042e-06,3.39152186659912e-05,2.7425957814587713e-06,6.7738885470212255e-06,4.712485995266757e-06,0.03014547532057573,0.02096476069452697,10,169103
agriculture,minus50,6.25,inf,0.0,0.0,none,0.02242694328277358,0.0,0.0,0.0,0.0,0.0,0.0,0.0,1,169103
agriculture,minus50,6.25,inf,0.0,0.001,none,0.022408396840861187,0.0,0.0,0.0,0.0,0.0,0.0,0.0,1,169103
agriculture,minus50,6.25,inf,0.0,0.01,none,0.022419164659819326,0.0,0.0,0.0,0.0,0.0,0.0,0.0,1,169103
agriculture,minus50,6.25,inf,0.0,0.1,none,0.022532376585455358,0.0,0.0,0.0,0.0,0.0,0.0,0.0,1,169103
agriculture,minus50,6.25,inf,0.0,1.0,none,0.02308400701876387,0.0,0.0,0.0,0.0,0.0,0.0,0.0,1,169103
agriculture,plus50,18.75,5.0,0.026345751984639027,0.0,correlated,0.04481940012728599,5.498530224286417e-05,0.012183673335155795,5.498530224286432e-05,0.0,0.0,0.0,0.0,10,169654
agriculture,plus50,18.75,5.0,0.026345751984639027,0.0,white,0.17604636306869018,0.0006734195439845144,0.14341063627655998,0.0006734195439845144,0.0,0.0,0.0,0.0,10,169654
agriculture,plus50,18.75,5.0,0.026345751984639027,0.001,correlated,0.04348085916124487,5.461038034340156e-05,0.012716379648265958,5.4610380343400845e-05,-0.000532706313110165,2.4917301672853036e-06,-1.1885645661736925,0.005983471746698359,10,169654
agriculture,plus50,18.75,5.0,0.026345751984639027,0.001,white,0.15857179597296306,0.0005247064472503896,0.12780731645998417,0.0005247064472503963,0.015603319816575808,0.0001731545319248013,8.86300225965878,0.06976629506740087,10,169654
agriculture,plus50,18.75,5.0,0.026345751984639027,0.01,correlated,0.03792161345594216,5.349863110030645e-05,0.015560837868495634,5.349863110030637e-05,-0.0033771645333398404,1.1232193669857998e-05,-7.535067356959229,0.028641091145216586,10,169654
agriculture,plus50,18.75,5.0,0.026345751984639027,0.01,white,0.09100650392620147,0.00021419033192983408,0.06864572833875494,0.00021419033192983408,0.07476490793780503,0.0006148451500418794,42.46829208670046,0.20178240831350222,10,169654
agriculture,plus50,18.75,5.0,0.026345751984639027,0.1,correlated,0.03481429780846935,3.3960095233782584e-05,0.016272618961943156,3.396009523378247e-05,-0.004088945626787362,2.7059041893110237e-05,-9.12323073247618,0.0703552010161193,10,169654
agriculture,plus50,18.75,5.0,0.026345751984639027,0.1,white,0.036021717995526024,4.6604556810327524e-05,0.017480039148999836,4.6604556810326995e-05,0.12593059712756013,0.0006759737617254211,71.53225471929184,0.11279505028848426,10,169654
agriculture,plus50,18.75,5.0,0.026345751984639027,1.0,correlated,0.03615330591401086,3.933730005885414e-05,0.011001794675531487,3.933730005885393e-05,0.0011818786596243074,7.898496787643669e-05,2.636810844651076,0.17336977548836577,10,169654
agriculture,plus50,18.75,5.0,0.026345751984639027,1.0,white,0.02852055547306071,5.2859037764107295e-05,0.0033690442345813377,5.28590377641073e-05,0.14004159204197864,0.0006932016146197951,79.54782629003564,0.09301865337891346,10,169654
agriculture,plus50,18.75,10.0,0.013172875992319514,0.0,correlated,0.036098660688440566,4.550373280444812e-05,0.0034629338963103663,4.5503732804446025e-05,0.0,0.0,0.0,0.0,10,169654
agriculture,plus50,18.75,10.0,0.013172875992319514,0.0,white,0.08846867489531782,0.0002912256614090524,0.055832948103187605,0.0002912256614090519,0.0,0.0,0.0,0.0,10,169654
agriculture,plus50,18.75,10.0,0.013172875992319514,0.001,correlated,0.034410158710870234,3.824602075361547e-05,0.003645679197891328,3.824602075361482e-05,-0.00018274530158096173,9.576427733685254e-06,-0.5062633211038267,0.027017608139008612,10,169654
agriculture,plus50,18.75,10.0,0.013172875992319514,0.001,white,0.08073797297779783,0.00024017061888343552,0.04997349346481893,0.00024017061888343576,0.005859454638368687,5.579280437080468e-05,6.623087861167781,0.0434778880480063,10,169654
agriculture,plus50,18.75,10.0,0.013172875992319514,0.01,correlated,0.027107727456431953,2.9109133877973115e-05,0.0047469518689854245,2.9109133877973667e-05,-0.001284017972675058,3.5920029138077844e-05,-3.55706028925105,0.10289494326291028,10,169654
agriculture,plus50,18.75,10.0,0.013172875992319514,0.01,white,0.0490192078617874,8.07928174848556e-05,0.026658432274340876,8.079281748485601e-05,0.029174515828846736,0.00024366675914168178,32.97675770286105,0.17208454500421835,10,169654
agriculture,plus50,18.75,10.0,0.013172875992319514,0.1,correlated,0.023685491234572788,1.8158764497057857e-05,0.005143812388046597,1.815876449705876e-05,-0.0016808784917362307,3.764388864643165e-05,-4.656461533530387,0.10965869458071016,10,169654
agriculture,plus50,18.75,10.0,0.013172875992319514,0.1,white,0.02410780354445043,4.017721001733453e-05,0.005566124697924238,4.017721001733476e-05,0.050266823405263374,0.0003221002795653101,56.81826188660891,0.17816111324418085,10,169654
agriculture,plus50,18.75,10.0,0.013172875992319514,1.0,correlated,0.02830200996226166,2.7128332721847644e-05,0.003150498723782287,2.7128332721847634e-05,0.00031243517252807913,5.9471934651731065e-05,0.8653365126106939,0.16376360519627767,10,169654
agriculture,plus50,18.75,10.0,0.013172875992319514,1.0,white,0.02603952726879556,1.8529072599867322e-05,0.0008880160303161848,1.852907259986704e-05,0.05494493207287142,0.0002894575171068772,62.1062910561814,0.12354387656227828,10,169654
agriculture,plus50,18.75,20.0,0.006586437996159757,0.0,correlated,0.03353456073236815,1.6201191121955128e-05,0.0008988339402379531,1.6201191121954098e-05,0.0,0.0,0.0,0.0,10,169654
agriculture,plus50,18.75,20.0,0.006586437996159757,0.0,white,0.05071078037069382,0.0001281603574654876,0.018075053578563625,0.00012816035746548795,0.0,0.0,0.0,0.0,10,169654
agriculture,plus50,18.75,20.0,0.006586437996159757,0.001,correlated,0.03171356495292381,1.4437051126691875e-05,0.0009490854399449029,1.4437051126692919e-05,-5.0251499706949895e-05,3.7749677327301815e-06,-0.14985264626016384,0.011294464952059838,10,169654
agriculture,plus50,18.75,20.0,0.006586437996159757,0.001,white,0.04703757241170405,0.0001158551658253687,0.016273092898725146,0.0001158551658253675,0.0018019606798384761,2.8238269804876184e-05,3.553361491953832,0.051543369928551686,10,169654
agriculture,plus50,18.75,20.0,0.006586437996159757,0.01,correlated,0.023630839820358244,1.5256836356123962e-05,0.0012700642329117173,1.5256836356123455e-05,-0.0003712302926737642,1.4450355447267349e-05,-1.107017842685129,0.04335293048372413,10,169654
agriculture,plus50,18.75,20.0,0.006586437996159757,0.01,white,0.031036577695639805,9.021275302615948e-05,0.00867580210819328,9.021275302615946e-05,0.009399251470370344,0.00010575883419234756,18.534782397873037,0.17786650139985985,10,169654
agriculture,plus50,18.75,20.0,0.006586437996159757,0.1,correlated,0.01994780144823664,9.780301261680884e-06,0.0014061226017104474,9.78030126168086e-06,-0.0005072886614724943,1.4891498100297623e-05,-1.5127497465727333,0.04498677327562346,10,169654
agriculture,plus50,18.75,20.0,0.006586437996159757,0.1,white,0.020082561227150575,1.1285343421187241e-05,0.001540882380624383,1.1285343421186697e-05,0.01653417119793924,0.00012579332633394665,32.60447009446295,0.16607485807894545,10,169654
agriculture,plus50,18.75,20.0,0.006586437996159757,1.0,correlated,0.025985373761525866,1.2415866982075531e-05,0.0008338625230464927,1.241586698207514e-05,6.497141719146032e-05,2.4452927762461696e-05,0.19371642012206342,0.07285584343554685,10,169654
agriculture,plus50,18.75,20.0,0.006586437996159757,1.0,white,0.025373824363236364,7.819074412369395e-06,0.00022231312475699157,7.81907441237045e-06,0.01785274045380663,0.00013063533855497774,35.204637494096986,0.16889720374989683,10,169654
agriculture,plus50,18.75,50.0,0.0026345751984639025,0.0,correlated,0.032784819111888144,1.087408284399553e-05,0.0001490923197579458,1.0874082843995459e-05,0.0,0.0,0.0,0.0,10,169654
agriculture,plus50,18.75,50.0,0.0026345751984639025,0.0,white,0.03588901393777887,7.357038199060678e-05,0.003253287145648675,7.35703819906077e-05,0.0,0.0,0.0,0.0,10,169654
agriculture,plus50,18.75,50.0,0.0026345751984639025,0.001,correlated,0.030921165133786233,9.178096330319045e-06,0.0001566856208073262,9.178096330318955e-06,-7.5933010493804e-06,2.301427193771608e-06,-0.023162675556480248,0.007025427979606686,10,169654
agriculture,plus50,18.75,50.0,0.0026345751984639025,0.001,white,0.03370024228138041,6.160820608198196e-05,0.0029357627684015023,6.160820608198258e-05,0.00031752437724717265,1.393068050807473e-05,0.8846799009225697,0.037144622666302834,10,169654
agriculture,plus50,18.75,50.0,0.0026345751984639025,0.01,correlated,0.022570030247788322,7.481925038185155e-06,0.0002092546603417969,7.481925038185559e-06,-6.016234058385112e-05,8.386180106479822e-06,-0.18351227210021864,0.025622033304240573,10,169654
agriculture,plus50,18.75,50.0,0.0026345751984639025,0.01,white,0.02391394759825232,2.7914414130709557e-05,0.0015531720108057985,2.7914414130710086e-05,0.0017001151348428763,5.824544399991404e-05,4.7368840718871965,0.15303304670819612,10,169654
agriculture,plus50,18.75,50.0,0.0026345751984639025,0.1,correlated,0.018774322546581554,4.959275191463471e-06,0.00023264370005536306,4.959275191463384e-06,-8.355138029741728e-05,8.760761826453068e-06,-0.2548549288801657,0.02679642393583174,10,169654
agriculture,plus50,18.75,50.0,0.0026345751984639025,0.1,white,0.018794576506037754,4.308632520219631e-06,0.00025289765951156155,4.308632520219812e-06,0.003000389486137113,7.389991107121492e-05,8.35984148302978,0.18888876942863284,10,169654
agriculture,plus50,18.75,50.0,0.0026345751984639025,1.0,correlated,0.025284074744030483,4.65741547562465e-06,0.00013256350555110978,4.657415475624457e-06,1.6528814206836008e-05,1.4725522953128496e-05,0.0504029445062111,0.04490020944423394,10,169654
agriculture,plus50,18.75,50.0,0.0026345751984639025,1.0,white,0.025189312177380352,6.814341792968669e-06,3.7800938900976745e-05,6.814341792968625e-06,0.003215486206747698,7.550275367713834e-05,8.95917494527202,0.1922062819320076,10,169654
agriculture,plus50,18.75,100.0,0.0013172875992319513,0.0,correlated,0.03267471680638946,4.581551018313845e-06,3.899001425926099e-05,4.581551018313991e-06,0.0,0.0,0.0,0.0,10,169654
agriculture,plus50,18.75,100.0,0.0013172875992319513,0.0,white,0.033457840594263995,1.6728785631005085e-05,0.0008221138021337948,1.672878563100479e-05,0.0,0.0,0.0,0.0,10,169654
agriculture,plus50,18.75,100.0,0.0013172875992319513,0.001,correlated,0.030804953494192416,3.4171681665503326e-06,4.0473981213509644e-05,3.417168166550828e-06,-1.4839669542486555e-06,1.3110083933718927e-06,-0.004542101836793238,0.004012757292273166,10,169654
agriculture,plus50,18.75,100.0,0.0013172875992319513,0.001,white,0.03150886487640912,1.4731040151663675e-05,0.0007443853634302125,1.4731040151662089e-05,7.772843870358232e-05,3.3617621760517628e-06,0.2323146315367119,0.009970473864871508,10,169654
agriculture,plus50,18.75,100.0,0.0013172875992319513,0.01,correlated,0.02241353947137528,1.9584092335350454e-06,5.276388392875565e-05,1.9584092335357412e-06,-1.3773869669494663e-05,4.744344675777283e-06,-0.04215619137736544,0.014524929098591863,10,169654
agriculture,plus50,18.75,100.0,0.0013172875992319513,0.01,white,0.022760336295976784,9.975514553027453e-06,0.00039956070853025755,9.975514553027223e-06,0.00042255309360353724,1.6137187538607017e-05,1.2629244859951727,0.04771168154233538,10,169654
agriculture,plus50,18.75,100.0,0.0013172875992319513,0.1,correlated,0.018600654670832873,1.179983967182797e-06,5.897582430667951e-05,1.1799839671834395e-06,-1.998581004741852e-05,4.45632035366906e-06,-0.061167641928093285,0.013645965705870075,10,169654
agriculture,plus50,18.75,100.0,0.0013172875992319513,0.1,white,0.018606189316018866,3.1233576151627444e-06,6.451046949267278e-05,3.12335761516167e-06,0.000757603332641122,1.9285497326343928e-05,2.2643268502103573,0.0565134828537958,10,169654
agriculture,plus50,18.75,100.0,0.0013172875992319513,1.0,correlated,0.02518483740589686,1.3741210997275485e-06,3.332616741748666e-05,1.37412109972601e-06,5.663846841774331e-06,4.977316235369111e-06,0.017332186079896762,0.015229438584284967,10,169654
agriculture,plus50,18.75,100.0,0.0013172875992319513,1.0,white,0.025160752741706795,2.065901195445128e-06,9.241503227420955e-06,2.0659011954443948e-06,0.0008128722989063739,1.69297858643999e-05,2.429519974064725,0.049397393075684505,10,169654
agriculture,plus50,18.75,inf,0.0,0.0,none,0.0326357267921302,0.0,0.0,0.0,0.0,0.0,0.0,0.0,1,169654
agriculture,plus50,18.75,inf,0.0,0.001,none,0.030764479512978907,0.0,0.0,0.0,0.0,0.0,0.0,0.0,1,169654
agriculture,plus50,18.75,inf,0.0,0.01,none,0.022360775587446525,0.0,0.0,0.0,0.0,0.0,0.0,0.0,1,169654
agriculture,plus50,18.75,inf,0.0,0.1,none,0.018541678846526192,0.0,0.0,0.0,0.0,0.0,0.0,0.0,1,169654
agriculture,plus50,18.75,inf,0.0,1.0,none,0.025151511238479373,0.0,0.0,0.0,0.0,0.0,0.0,0.0,1,169654
forest,matched,12.5,5.0,0.02254106478833225,0.0,correlated,0.03408632608639737,1.4275981708458504e-05,0.009950056351282521,1.4275981708458274e-05,0.0,0.0,0.0,0.0,10,169683
forest,matched,12.5,5.0,0.02254106478833225,0.0,white,0.07246085658958364,0.00010690729785752154,0.04832458685446879,0.00010690729785751945,0.0,0.0,0.0,0.0,10,169683
forest,matched,12.5,5.0,0.02254106478833225,0.001,correlated,0.034100825813802534,1.3835624207171237e-05,0.009939936431002194,1.3835624207171586e-05,1.0119920280328431e-05,7.329537881190222e-07,0.02968859526893513,0.0021420126897765627,10,169683
forest,matched,12.5,5.0,0.02254106478833225,0.001,white,0.07115950471202749,9.677022275100961e-05,0.04699861532922715,9.677022275101025e-05,0.0013259715252416358,1.4197927222753108e-05,1.8298983796039174,0.017674188280956453,10,169683
forest,matched,12.5,5.0,0.02254106478833225,0.01,correlated,0.03426947626225488,1.2195865481402257e-05,0.00983642358705274,1.2195865481402184e-05,0.00011363276422978324,4.195580791182121e-06,0.33336483022498825,0.012220674161455721,10,169683
forest,matched,12.5,5.0,0.02254106478833225,0.01,white,0.06283930029148274,6.770069430481964e-05,0.038406247616280594,6.770069430482039e-05,0.009918339238188195,8.29452278786512e-05,13.687767208036362,0.09970936491984676,10,169683
forest,matched,12.5,5.0,0.02254106478833225,0.1,correlated,0.03597292824977268,1.2439139751195526e-05,0.00894396557672394,1.2439139751195998e-05,0.0010060907745585838,1.0429059092249278e-05,2.951590758758752,0.029951839612860565,10,169683
forest,matched,12.5,5.0,0.02254106478833225,0.1,white,0.04355794423146066,5.1980247929868e-05,0.016528981558411916,5.1980247929869865e-05,0.03179560529605687,0.00011384050700629702,43.87959832439505,0.10375404280692155,10,169683
forest,matched,12.5,5.0,0.02254106478833225,1.0,correlated,0.04047144660017403,3.0448263526384454e-05,0.006849278843142041,3.0448263526384122e-05,0.003100777508140481,3.0328809034095998e-05,9.096830789626235,0.08818934116551584,10,169683
forest,matched,12.5,5.0,0.02254106478833225,1.0,white,0.037612619266749234,2.491448464009771e-05,0.003990451509717238,2.4914484640098366e-05,0.044334135344751543,0.00010625178399284477,61.18349551850609,0.06245662112536932,10,169683
forest,matched,12.5,10.0,0.011270532394166125,0.0,correlated,0.02696591108185043,8.77966031755656e-06,0.0028296413467355816,8.779660317556656e-06,0.0,0.0,0.0,0.0,10,169683
forest,matched,12.5,10.0,0.011270532394166125,0.0,white,0.04175075331354535,0.00010734434284143658,0.017614483578430505,0.00010734434284143629,0.0,0.0,0.0,0.0,10,169683
forest,matched,12.5,10.0,0.011270532394166125,0.001,correlated,0.02698724062787115,8.482366188971498e-06,0.0028263512450708143,8.482366188971023e-06,3.290101664767467e-06,4.616545102284964e-07,0.012200636486715885,0.0017094880418865464,10,169683
forest,matched,12.5,10.0,0.011270532394166125,0.001,white,0.041207995364887805,0.00010483862428991462,0.017047105982087467,0.00010483862428991419,0.0005673775963430411,4.909651554850159e-06,1.3589574678550755,0.010361450559669192,10,169683
forest,matched,12.5,10.0,0.011270532394166125,0.01,correlated,0.027224358965684835,7.38734732801818e-06,0.002791306290482698,7.38734732801939e-06,3.8335056252883704e-05,2.4559177522541485e-06,0.14215942315919475,0.009077553298297193,10,169683
forest,matched,12.5,10.0,0.011270532394166125,0.01,white,0.03785042391152833,8.770558853797724e-05,0.013417371236326192,8.770558853797724e-05,0.004197112342104315,3.093119195317105e-05,10.052718515720771,0.05832586343582057,10,169683
forest,matched,12.5,10.0,0.011270532394166125,0.1,correlated,0.029517270321535928,7.047165526058419e-06,0.0024883076484871823,7.047165526058243e-06,0.0003413336982483993,4.937299629042043e-06,1.2657939332655475,0.01806766139478928,10,169683
forest,matched,12.5,10.0,0.011270532394166125,0.1,white,0.031967589160749904,4.585291662322656e-05,0.0049386264877011605,4.585291662322691e-05,0.012675857090729348,7.96767532633127e-05,30.360560094584816,0.12270015877259087,10,169683
forest,matched,12.5,10.0,0.011270532394166125,1.0,correlated,0.03545286108663406,1.3560240555725273e-05,0.001830693329602067,1.3560240555725585e-05,0.0009989480171335146,1.2750921894266565e-05,3.7044814791401164,0.04700715419162815,10,169683
forest,matched,12.5,10.0,0.011270532394166125,1.0,white,0.03465542416417892,3.110058604522324e-05,0.00103325640714692,3.1100586045222954e-05,0.016581227171283585,9.733603779922114e-05,39.71451685584061,0.13833808990679194,10,169683
forest,matched,12.5,20.0,0.005635266197083062,0.0,correlated,0.024875561200877225,4.673607787238408e-06,0.000739291465762379,4.67360778723887e-06,0.0,0.0,0.0,0.0,10,169683
forest,matched,12.5,20.0,0.005635266197083062,0.0,white,0.029530305023670128,3.64938149849897e-05,0.005394035288555285,3.6493814984989764e-05,0.0,0.0,0.0,0.0,10,169683
forest,matched,12.5,20.0,0.005635266197083062,0.001,correlated,0.024899237661840733,4.566295740345881e-06,0.0007383482790403954,4.5662957403461485e-06,9.431867219834855e-07,1.874806782557986e-07,0.0037915453458683295,0.0007531331574158224,10,169683
forest,matched,12.5,20.0,0.005635266197083062,0.001,white,0.029357539920921716,3.42078486340119e-05,0.0051966505381213805,3.420784863401238e-05,0.000197384750433904,2.638364111985509e-06,0.6684064180547982,0.008216590008993259,10,169683
forest,matched,12.5,20.0,0.005635266197083062,0.01,correlated,0.025161417433736642,4.187407689560732e-06,0.0007283647585345071,4.187407689561119e-06,1.0926707227871743e-05,1.0147871956274712e-06,0.04392508351631278,0.004074159256946642,10,169683
forest,matched,12.5,20.0,0.005635266197083062,0.01,white,0.028391456055141796,2.3496707647693752e-05,0.003958403379939657,2.3496707647693763e-05,0.0014356319086156273,1.5788145182215878e-05,4.861508228403837,0.04815800159626077,10,169683
forest,matched,12.5,20.0,0.005635266197083062,0.1,correlated,0.027672681343689755,4.5696582144881755e-06,0.000643718670641006,4.56965821448843e-06,9.557279512137293e-05,2.1357601197442843e-06,0.3842031844653916,0.008566054059287004,10,169683
forest,matched,12.5,20.0,0.005635266197083062,0.1,white,0.028344832955773218,1.3935657530711465e-05,0.001315870282724472,1.3935657530711602e-05,0.004078165005830812,3.1280612703063766e-05,13.810011009423082,0.0903297101092734,10,169683
forest,matched,12.5,20.0,0.005635266197083062,1.0,correlated,0.034088477066493025,8.94315336183641e-06,0.00046630930946103333,8.943153361835869e-06,0.0002729821563013456,6.662581151736117e-06,1.0973919801916487,0.026831144984582715,10,169683
forest,matched,12.5,20.0,0.005635266197083062,1.0,white,0.03388389364260959,1.0577555498743e-05,0.00026172588557758986,1.0577555498741712e-05,0.0051323094029776944,3.626625610397911e-05,17.37969802040711,0.10240462062230972,10,169683
forest,matched,12.5,50.0,0.002254106478833225,0.0,correlated,0.024256186753577776,1.8503206367201806e-06,0.00011991701846293216,1.8503206367209745e-06,0.0,0.0,0.0,0.0,10,169683
forest,matched,12.5,50.0,0.002254106478833225,0.0,white,0.02506231416195227,1.2096502937770143e-05,0.0009260444268374219,1.2096502937769645e-05,0.0,0.0,0.0,0.0,10,169683
forest,matched,12.5,50.0,0.002254106478833225,0.001,correlated,0.02428064822796944,1.74278913904974e-06,0.00011975884516910208,1.7427891390500876e-06,1.5817329383008284e-07,1.2091582139591623e-07,0.0006520639775164778,0.0004983981305600766,10,169683
forest,matched,12.5,50.0,0.002254106478833225,0.001,white,0.025051343562615302,1.171933972571819e-05,0.0008904541798149618,1.1719339725718005e-05,3.559024702246005e-05,7.195240278074679e-07,0.14200637532568278,0.0028345931012182866,10,169683
forest,matched,12.5,50.0,0.002254106478833225,0.01,correlated,0.02455116068276431,1.264040182701075e-06,0.00011810800756217182,1.2640401827016217e-06,1.8090109007603411e-06,6.989426174209384e-07,0.007457759110077264,0.002880694514562742,10,169683
forest,matched,12.5,50.0,0.002254106478833225,0.01,white,0.025102345484894047,1.0236497415415025e-05,0.0006692928096919071,1.0236497415414722e-05,0.00025675161714551475,4.296539025705582e-06,1.0244488679235657,0.016866102022851017,10,169683
forest,matched,12.5,50.0,0.002254106478833225,0.1,correlated,0.027133325338163046,1.0870513773948447e-06,0.0001043626651142996,1.08705137739543e-06,1.555435334863256e-05,1.5947000232552954e-06,0.06412493779228014,0.006569823026967654,10,169683
forest,matched,12.5,50.0,0.002254106478833225,0.1,white,0.027244173716145424,7.24393268538521e-06,0.00021521104309668164,7.243932685384397e-06,0.0007108333837407402,8.683056416420583e-06,2.8362524283775885,0.03355814698484221,10,169683
forest,matched,12.5,50.0,0.002254106478833225,1.0,correlated,0.03369799672853688,2.6827750332225523e-06,7.582897150488211e-05,2.682775033222475e-06,4.408804695805006e-05,3.213656993183098e-06,0.18175950763635013,0.01324043528370013,10,169683
forest,matched,12.5,50.0,0.002254106478833225,1.0,white,0.03366470002829401,3.22300012341178e-06,4.2532271262021856e-05,3.2230001234114717e-06,0.0008835121555753999,1.123919142905344e-05,3.525243625747149,0.043204021418842685,10,169683
forest,matched,12.5,100.0,0.0011270532394166124,0.0,correlated,0.024166238996637782,8.641985754818613e-07,2.9969261522936123e-05,8.641985754817725e-07,0.0,0.0,0.0,0.0,10,169683
forest,matched,12.5,100.0,0.0011270532394166124,0.0,white,0.024370069816505885,6.164876328410545e-06,0.00023380008139104006,6.164876328410709e-06,0.0,0.0,0.0,0.0,10,169683
forest,matched,12.5,100.0,0.0011270532394166124,0.001,correlated,0.024190821433999362,8.277713943994359e-07,2.993205119902545e-05,8.277713943995376e-07,3.7210323910671916e-08,5.719561851659042e-08,0.00015397147789700534,0.0002366729001180788,10,169683
forest,matched,12.5,100.0,0.0011270532394166124,0.001,white,0.024385669549419554,5.960342248488326e-06,0.00022478016661921577,5.960342248488946e-06,9.019914771824302e-06,2.971701755691249e-07,0.03701207229413485,0.0012130226509241648,10,169683
forest,matched,12.5,100.0,0.0011270532394166124,0.01,correlated,0.024462592511945297,7.025106833679323e-07,2.9539836743158396e-05,7.025106833677394e-07,4.294247797777262e-07,3.0141334243869647e-07,0.0017769350516660058,0.0012472134148876874,10,169683
forest,matched,12.5,100.0,0.0011270532394166124,0.01,white,0.02460168789208786,4.822266733850015e-06,0.0001686352168857222,4.822266733850144e-06,6.516486450531788e-05,2.1301832400461164e-06,0.2673956722804939,0.008692517791447234,10,169683
forest,matched,12.5,100.0,0.0011270532394166124,0.1,correlated,0.02705513289014282,7.513047630307709e-07,2.6170217094075367e-05,7.513047630308453e-07,3.799044428860754e-06,4.2764333700503595e-07,0.015720433916327523,0.0017693187447487388,10,169683
forest,matched,12.5,100.0,0.0011270532394166124,0.1,white,0.02708248662339139,3.743969513039743e-06,5.352395034264462e-05,3.7439695130400383e-06,0.00018027613104839544,6.363995905806003e-06,0.739739163029774,0.025962581681318105,10,169683
forest,matched,12.5,100.0,0.0011270532394166124,1.0,correlated,0.03364138098074162,1.4046458984175313e-06,1.9213223709624305e-05,1.4046458984187245e-06,1.0756037813311816e-05,7.9238826044295e-07,0.044508576481959286,0.0032796050555293954,10,169683
forest,matched,12.5,100.0,0.0011270532394166124,1.0,white,0.03363281213186571,3.2533255515593004e-06,1.064437483371608e-05,3.253325551558905e-06,0.000223155706557324,7.510024737953052e-06,0.9156895041117578,0.030610170191223238,10,169683
forest,matched,12.5,inf,0.0,0.0,none,0.024136269735114846,0.0,0.0,0.0,0.0,0.0,0.0,0.0,1,169683
forest,matched,12.5,inf,0.0,0.001,none,0.024160889382800338,0.0,0.0,0.0,0.0,0.0,0.0,0.0,1,169683
forest,matched,12.5,inf,0.0,0.01,none,0.024433052675202137,0.0,0.0,0.0,0.0,0.0,0.0,0.0,1,169683
forest,matched,12.5,inf,0.0,0.1,none,0.027028962673048745,0.0,0.0,0.0,0.0,0.0,0.0,0.0,1,169683
forest,matched,12.5,inf,0.0,1.0,none,0.033622167757031994,0.0,0.0,0.0,0.0,0.0,0.0,0.0,1,169683
forest,minus50,6.25,5.0,0.02254106478833225,0.0,correlated,0.04034996465770324,3.4277380802600265e-05,0.006987758874002219,3.4277380802598754e-05,0.0,0.0,0.0,0.0,10,169139
forest,minus50,6.25,5.0,0.02254106478833225,0.0,white,0.0408877123817622,0.00014253252826478525,0.007525506598061178,0.00014253252826478528,0.0,0.0,0.0,0.0,10,169139
forest,minus50,6.25,5.0,0.02254106478833225,0.001,correlated,0.04033655160789152,3.1100593416713125e-05,0.00698708557752746,3.110059341671427e-05,6.732964747582782e-07,4.995860146456016e-06,0.0016622145087367487,0.012378951796252853,10,169139
forest,minus50,6.25,5.0,0.02254106478833225,0.001,white,0.040842775016794355,0.00010243798688314565,0.007493308986430297,0.00010243798688314528,3.219761163088114e-05,4.752819290588828e-05,0.07842306175207542,0.11557591739914232,10,169139
forest,minus50,6.25,5.0,0.02254106478833225,0.01,correlated,0.040295564815498806,2.0741258706280123e-05,0.006983001255301789,2.0741258706278686e-05,4.7576187004294555e-06,2.3804598425889193e-05,0.011754654844349937,0.0589799679190077,10,169139
forest,minus50,6.25,5.0,0.02254106478833225,0.01,white,0.04074060114221429,5.328832530973048e-05,0.007428037582017273,5.328832530973021e-05,9.746901604390512e-05,0.00010422293315830092,0.23762329357773346,0.253693504610009,10,169139
forest,minus50,6.25,5.0,0.02254106478833225,0.1,correlated,0.040360288419324486,1.93588229727841e-05,0.006937251956800394,1.93588229727823e-05,5.050691720182368e-05,3.416600548505789e-05,0.12511785497451494,0.08457672082328521,10,169139
forest,minus50,6.25,5.0,0.02254106478833225,0.1,white,0.040554977305779616,3.68501252710478e-05,0.007131940843255526,3.685012527104808e-05,0.00039356575480565257,0.00013288607662278201,0.9615790337219485,0.3213016884575246,10,169139
forest,minus50,6.25,5.0,0.02254106478833225,1.0,correlated,0.040837200353787725,2.139233396368127e-05,0.0067188172247385465,2.1392333963679717e-05,0.0002689416492636723,3.4624534365423586e-05,0.6664701190741005,0.08534129581418186,10,169139
forest,minus50,6.25,5.0,0.02254106478833225,1.0,white,0.04011585200039935,3.064450338402815e-05,0.005997468871350175,3.064450338402543e-05,0.0015280377267110033,0.00013475540390821915,3.7361883263838522,0.3163875405931428,10,169139
forest,minus50,6.25,10.0,0.011270532394166125,0.0,correlated,0.03523071948503074,2.3431357353415647e-05,0.00186851370132972,2.343135735341543e-05,0.0,0.0,0.0,0.0,10,169139
forest,minus50,6.25,10.0,0.011270532394166125,0.0,white,0.035381064924195293,6.910920351003775e-05,0.0020188591404942716,6.910920351003859e-05,0.0,0.0,0.0,0.0,10,169139
forest,minus50,6.25,10.0,0.011270532394166125,0.001,correlated,0.035218546916531784,2.110095792952834e-05,0.0018690808861677247,2.1100957929527806e-05,-5.67184838004553e-07,2.7940867816608804e-06,-0.0016139620293567386,0.007931402492950317,10,169139
forest,minus50,6.25,10.0,0.011270532394166125,0.001,white,0.035364099163505934,6.074592981986034e-05,0.002014633133141875,6.074592981986014e-05,4.226007352396699e-06,9.803736664353718e-06,0.01190183546180788,0.02766963437827496,10,169139
forest,minus50,6.25,10.0,0.011270532394166125,0.01,correlated,0.035182570266858275,1.2769454264117507e-05,0.0018700067066612577,1.2769454264116543e-05,-1.4930053315376223e-06,1.2917306870153908e-05,-0.004257840196325994,0.036668508378940576,10,169139
forest,minus50,6.25,10.0,0.011270532394166125,0.01,white,0.035311198331357686,3.9069882248225635e-05,0.001998634771160668,3.90698822482257e-05,2.0224369333603914e-05,3.826243419730697e-05,0.056992417299591445,0.10796943617763757,10,169139
forest,minus50,6.25,10.0,0.011270532394166125,0.1,correlated,0.03528080365325787,1.0267847118669142e-05,0.0018577671907337792,1.026784711866856e-05,1.0746510595940894e-05,2.1011522491240997e-05,0.030471158841568625,0.059623655791920555,10,169139
forest,minus50,6.25,10.0,0.011270532394166125,0.1,white,0.0353368330320502,3.423351180833193e-05,0.001913796569526112,3.4233511808330386e-05,0.00010506257096815977,5.298423740990113e-05,0.2967163964630214,0.1491858305646567,10,169139
forest,minus50,6.25,10.0,0.011270532394166125,1.0,correlated,0.035911102004023934,1.1166588214685016e-05,0.0017927188749747552,1.116658821468586e-05,7.579482635496487e-05,2.161615536647013e-05,0.21510621489979648,0.06123165179022976,10,169139
forest,minus50,6.25,10.0,0.011270532394166125,1.0,white,0.03570719653860844,3.2882073318475234e-05,0.0015888134095592595,3.288207331847677e-05,0.00043004573093501227,5.406381775329286e-05,1.215234959277005,0.1506602679769173,10,169139
forest,minus50,6.25,20.0,0.005635266197083062,0.0,correlated,0.0338429175521685,1.0220599482504614e-05,0.00048071176846747887,1.0220599482504621e-05,0.0,0.0,0.0,0.0,10,169139
forest,minus50,6.25,20.0,0.005635266197083062,0.0,white,0.03389489603758513,5.250719390007427e-05,0.0005326902538841099,5.25071939000733e-05,0.0,0.0,0.0,0.0,10,169139
forest,minus50,6.25,20.0,0.005635266197083062,0.001,correlated,0.03382972834010318,9.78743137698707e-06,0.00048026230973911496,9.787431376986577e-06,4.4945872836391065e-07,1.0372561069742033e-06,0.0013276905677796,0.003064534824312409,10,169139
forest,minus50,6.25,20.0,0.005635266197083062,0.001,white,0.03387523259040835,4.1145633423023383e-05,0.000525766560044294,4.11456334230243e-05,6.9236938398158084e-06,1.3374213754267268e-05,0.020378321655182767,0.03940550771290955,10,169139
forest,minus50,6.25,20.0,0.005635266197083062,0.01,correlated,0.033789916537872534,8.958246301326798e-06,0.0004773529776755187,8.958246301326564e-06,3.35879079196022e-06,4.407095501133948e-06,0.009922935444139837,0.013021008322026476,10,169139
forest,minus50,6.25,20.0,0.005635266197083062,0.01,white,0.03382527791519997,1.7606691978946498e-05,0.0005127143550029579,1.7606691978947454e-05,1.9975898881152004e-05,3.9388033487289415e-05,0.058778350169914714,0.11610713286615429,10,169139
forest,minus50,6.25,20.0,0.005635266197083062,0.1,correlated,0.03389547579248441,8.650295762570424e-06,0.0004724393299603231,8.650295762571332e-06,8.272438507155727e-06,6.627111976305826e-06,0.024440744768863827,0.019579492086885763,10,169139
forest,minus50,6.25,20.0,0.005635266197083062,0.1,white,0.03391190072311366,1.2972452652397602e-05,0.0004888642605895659,1.2972452652398591e-05,4.3825993294543955e-05,5.009626043633527e-05,0.12910025540531564,0.1476290747170254,10,169139
forest,minus50,6.25,20.0,0.005635266197083062,1.0,correlated,0.034573672804600955,8.952720425546721e-06,0.0004552896755517837,8.952720425545829e-06,2.542209291569522e-05,6.72088554323341e-06,0.07511518775025974,0.01984889629541636,10,169139
forest,minus50,6.25,20.0,0.005635266197083062,1.0,white,0.034522579386056025,1.2494364899620032e-05,0.00040419625700684745,1.2494364899619705e-05,0.00012849399687726236,5.1003134955804405e-05,0.3788924572310629,0.14993072825164108,10,169139
forest,minus50,6.25,50.0,0.002254106478833225,0.0,correlated,0.03343873503434342,3.759040922519176e-06,7.652925064239799e-05,3.7590409225179504e-06,0.0,0.0,0.0,0.0,10,169139
forest,minus50,6.25,50.0,0.002254106478833225,0.0,white,0.03344613580137468,9.240940612074997e-06,8.393001767365919e-05,9.240940612074487e-06,0.0,0.0,0.0,0.0,10,169139
forest,minus50,6.25,50.0,0.002254106478833225,0.001,correlated,0.033426159357940494,3.350884146803296e-06,7.669332757643255e-05,3.3508841468034402e-06,-1.6407693403455714e-07,5.606141296851757e-07,-0.000490808694559821,0.0016765524413166156,10,169139
forest,minus50,6.25,50.0,0.002254106478833225,0.001,white,0.03343308622625137,7.555970427934594e-06,8.362019588731422e-05,7.555970427933796e-06,3.0982178634494927e-07,2.0862434341210887e-06,0.0009250169786920427,0.006237552108115622,10,169139
forest,minus50,6.25,50.0,0.002254106478833225,0.01,correlated,0.03338986699121697,2.1055999215351845e-06,7.730343101994553e-05,2.105599921534638e-06,-7.741803775475342e-07,2.780876764772064e-06,-0.0023159218108654072,0.008316782817189627,10,169139
forest,minus50,6.25,50.0,0.002254106478833225,0.01,white,0.03339539502474588,3.8334984380404436e-06,8.283146454886245e-05,3.833498438041575e-06,1.0985531247967306e-06,8.328023916490738e-06,0.00327891010034372,0.024900867830226953,10,169139
forest,minus50,6.25,50.0,0.002254106478833225,0.1,correlated,0.03350013552924503,2.2459525349566506e-06,7.709906672093703e-05,2.2459525349574604e-06,-5.698160785390372e-07,3.910632279116309e-06,-0.0017050411103778837,0.011695645553705463,10,169139
forest,minus50,6.25,50.0,0.002254106478833225,0.1,white,0.03350246367788307,3.7358664830312197e-06,7.942721535897853e-05,3.7358664830295375e-06,4.502802314680643e-06,1.0914004120819546e-05,0.01345518275486029,0.032630722302007906,10,169139
forest,minus50,6.25,50.0,0.002254106478833225,1.0,correlated,0.034192672965162256,2.489750823733935e-06,7.428983611307907e-05,2.4897508237336723e-06,2.239414529318917e-06,4.073196471503853e-06,0.006696080245820008,0.012181059360360033,10,169139
forest,minus50,6.25,50.0,0.002254106478833225,1.0,white,0.03418420007808437,3.4142620427001115e-06,6.58169490351912e-05,3.414262042699435e-06,1.8113068638467984e-05,1.0961627822719067e-05,0.05414814173968939,0.03276206530806723,10,169139
forest,minus50,6.25,100.0,0.0011270532394166124,0.0,correlated,0.03338146848745102,2.864158222358773e-06,1.9262703749999695e-05,2.8641582223589144e-06,0.0,0.0,0.0,0.0,10,169139
forest,minus50,6.25,100.0,0.0011270532394166124,0.0,white,0.03338461064781242,6.516679531933654e-06,2.2404864111397888e-05,6.516679531933e-06,0.0,0.0,0.0,0.0,10,169139
forest,minus50,6.25,100.0,0.0011270532394166124,0.001,correlated,0.03336881557858739,2.580093927383811e-06,1.934954822333107e-05,2.5800939273839547e-06,-8.684447333137668e-08,3.3614445806365936e-07,-0.0002602247648078303,0.0010071024377936155,10,169139
forest,minus50,6.25,100.0,0.0011270532394166124,0.001,white,0.03337168373180982,5.5123916582701425e-06,2.221770144575988e-05,5.512391658270479e-06,1.8716266563800766e-07,1.1833240484084583e-06,0.0005600814312764831,0.00354372961417459,10,169139
forest,minus50,6.25,100.0,0.0011270532394166124,0.01,correlated,0.03333203107344093,1.5824847302753676e-06,1.946751324391413e-05,1.582484730275297e-06,-2.0480949391443737e-07,1.4531910098985916e-06,-0.0006138579626652384,0.004353742742628717,10,169139
forest,minus50,6.25,100.0,0.0011270532394166124,0.01,white,0.03333367681342431,2.9379613786501363e-06,2.1113253227292294e-05,2.937961378647833e-06,1.291610884105593e-06,4.923833986715986e-06,0.0038665367648788515,0.01474544900342893,10,169139
forest,minus50,6.25,100.0,0.0011270532394166124,0.1,correlated,0.03344228944586478,1.0525708107142767e-06,1.9252983340687507e-05,1.0525708107153448e-06,9.720409312186096e-09,2.2182100549793484e-06,2.8633885732441342e-05,0.006645523780805617,10,169139
forest,minus50,6.25,100.0,0.0011270532394166124,0.1,white,0.0334422801970861,2.745175727308995e-06,1.9243734562007092e-05,2.7451757273108985e-06,3.161129549390795e-06,6.546439877745064e-06,0.009465682928395395,0.0196040821626127,10,169139
forest,minus50,6.25,100.0,0.0011270532394166124,1.0,correlated,0.0341369650989064,1.1160702913883071e-06,1.8581969857228708e-05,1.116070291388824e-06,6.80733892770985e-07,2.28496646167661e-06,0.0020387650221461925,0.006845332828072835,10,169139
forest,minus50,6.25,100.0,0.0011270532394166124,1.0,white,0.03413415420015431,2.748747220434887e-06,1.5771071105133427e-05,2.748747220433607e-06,6.63379300626446e-06,6.590282541179475e-06,0.019867649622683038,0.019733473547584524,10,169139
forest,minus50,6.25,inf,0.0,0.0,none,0.03336220578370102,0.0,0.0,0.0,0.0,0.0,0.0,0.0,1,169139
forest,minus50,6.25,inf,0.0,0.001,none,0.03334946603036406,0.0,0.0,0.0,0.0,0.0,0.0,0.0,1,169139
forest,minus50,6.25,inf,0.0,0.01,none,0.03331256356019702,0.0,0.0,0.0,0.0,0.0,0.0,0.0,1,169139
forest,minus50,6.25,inf,0.0,0.1,none,0.03342303646252409,0.0,0.0,0.0,0.0,0.0,0.0,0.0,1,169139
forest,minus50,6.25,inf,0.0,1.0,none,0.034118383129049176,0.0,0.0,0.0,0.0,0.0,0.0,0.0,1,169139
forest,plus50,18.75,5.0,0.02254106478833225,0.0,correlated,0.05582251181266397,5.033865282785472e-05,0.006583130381821084,5.033865282785634e-05,0.0,0.0,0.0,0.0,10,169683
forest,plus50,18.75,5.0,0.02254106478833225,0.0,white,0.1527146536886668,0.0007030053738303455,0.10347527225782391,0.0007030053738303437,0.0,0.0,0.0,0.0,10,169683
forest,plus50,18.75,5.0,0.02254106478833225,0.001,correlated,0.05325547667682502,4.8517451750508004e-05,0.0069480464223081,4.85174517505085e-05,-0.0003649160404870171,5.786488178551218e-06,-0.653711228720767,0.010594638197356815,10,169683
forest,plus50,18.75,5.0,0.02254106478833225,0.001,white,0.13861770776450671,0.0005918446181024759,0.0923102775099898,0.0005918446181024754,0.01116499474783412,0.00013650586119066786,7.310843733468088,0.06337701509840164,10,169683
forest,plus50,18.75,5.0,0.02254106478833225,0.01,correlated,0.04270362760203851,4.6416097957879795e-05,0.008981191661556897,4.641609795788037e-05,-0.0023980612797358134,3.0457890876559636e-05,-4.295889757444963,0.056313357677730935,10,169683
forest,plus50,18.75,5.0,0.02254106478833225,0.01,white,0.08244233938927356,0.0002637132106275697,0.04871990344879195,0.0002637132106275692,0.05475536880903196,0.0005565596312936404,35.85396174564573,0.2165854082045474,10,169683
forest,plus50,18.75,5.0,0.02254106478833225,0.1,correlated,0.03875906755752382,2.4680780459258816e-05,0.009318718077329466,2.468078045925779e-05,-0.002735587695508382,4.088880908264034e-05,-4.900565364545373,0.07711321842367837,10,169683
forest,plus50,18.75,5.0,0.02254106478833225,0.1,white,0.03954960094351749,5.084358687661049e-05,0.010109251463323142,5.084358687660953e-05,0.09336602079450076,0.0007347956250993053,61.1367440370412,0.1999259335195273,10,169683
forest,plus50,18.75,5.0,0.02254106478833225,1.0,correlated,0.04374663631355728,3.649624191313631e-05,0.006081365577307366,3.649624191313683e-05,0.0005017648045137172,6.285806430763562e-05,0.8987837142699606,0.11192419168500657,10,169683
forest,plus50,18.75,5.0,0.02254106478833225,1.0,white,0.03938261539969988,2.5591320160554412e-05,0.0017173446634499677,2.5591320160554887e-05,0.10175792759437394,0.0007078464224991402,66.63207432079736,0.1567116419138579,10,169683
forest,plus50,18.75,10.0,0.011270532394166125,0.0,correlated,0.05096642897555107,4.881259007162792e-05,0.0017270475447081803,4.8812590071629185e-05,0.0,0.0,0.0,0.0,10,169683
forest,plus50,18.75,10.0,0.011270532394166125,0.0,white,0.08431542542690472,0.0003344720865613216,0.03507604399606183,0.00033447208656132017,0.0,0.0,0.0,0.0,10,169683
forest,plus50,18.75,10.0,0.011270532394166125,0.001,correlated,0.048139943843179225,4.520515145270025e-05,0.0018325135886622962,4.520515145270123e-05,-0.00010546604395411594,4.523915983751031e-06,-0.20693877240953187,0.009027331995291913,10,169683
forest,plus50,18.75,10.0,0.011270532394166125,0.001,white,0.07775305885594204,0.00027190274254844073,0.031445628601425114,0.0002719027425484415,0.0036304153946367145,6.9604498672333e-05,4.305545122055237,0.06713696977417871,10,169683
forest,plus50,18.75,10.0,0.011270532394166125,0.01,correlated,0.03617878906846985,3.2723153843262495e-05,0.002456353127988235,3.272315384326147e-05,-0.0007293055832800551,2.353378337613646e-05,-1.4309863455535603,0.047242458597164735,10,169683
forest,plus50,18.75,10.0,0.011270532394166125,0.01,white,0.05017678963356762,9.739428474247821e-05,0.016454353693086007,9.73942847424785e-05,0.018621690302975825,0.00028232613831605154,22.084906967631987,0.2512211316658826,10,169683
forest,plus50,18.75,10.0,0.011270532394166125,0.1,correlated,0.03202572160325977,1.6385988251330582e-05,0.002585372123065418,1.6385988251330196e-05,-0.0008583245783572377,3.720668892608806e-05,-1.6841598866486471,0.07449647509560899,10,169683
forest,plus50,18.75,10.0,0.011270532394166125,0.1,white,0.03225523523694405,2.369235560178779e-05,0.002814885756749698,2.3692355601787714e-05,0.03226115823931213,0.00033888075474834673,38.26157487869477,0.25027424372615154,10,169683
forest,plus50,18.75,10.0,0.011270532394166125,1.0,correlated,0.03926586494038907,1.626062657022111e-05,0.001600594204139156,1.6260626570221146e-05,0.00012645334056902435,4.968718619271796e-05,0.24803182613332683,0.09723613048604243,10,169683
forest,plus50,18.75,10.0,0.011270532394166125,1.0,white,0.03809361503227304,1.9050164955659167e-05,0.00042834429602312885,1.9050164955659286e-05,0.034647699700038705,0.0003406378978984894,41.09209840840143,0.24084091997870757,10,169683
forest,plus50,18.75,20.0,0.005635266197083062,0.0,correlated,0.04968449571372278,1.2309305566486023e-05,0.0004451142828798903,1.2309305566485326e-05,0.0,0.0,0.0,0.0,10,169683
forest,plus50,18.75,20.0,0.005635266197083062,0.0,white,0.05918941702894487,0.00011155928957807061,0.00995003559810198,0.00011155928957806997,0.0,0.0,0.0,0.0,10,169683
forest,plus50,18.75,20.0,0.005635266197083062,0.001,correlated,0.04678028680607865,1.2161741903651182e-05,0.0004728565515617282,1.2161741903649408e-05,-2.7742268681837934e-05,9.721442018592894e-07,-0.05583695891711258,0.0019590628990468336,10,169683
forest,plus50,18.75,20.0,0.005635266197083062,0.001,white,0.055255260938192066,9.43778415571767e-05,0.008947830683675138,9.437784155717729e-05,0.0010022049144268435,2.0693530537793967e-05,1.6931707807452785,0.03232409439643004,10,169683
forest,plus50,18.75,20.0,0.005635266197083062,0.01,correlated,0.03436182396695067,1.242337668939239e-05,0.0006393880264690524,1.2423376689393429e-05,-0.00019427374358916213,5.564561854701478e-06,-0.3910153586276797,0.011218525472884431,10,169683
forest,plus50,18.75,20.0,0.005635266197083062,0.01,white,0.03838024507161748,5.159489513249354e-05,0.004657809131135863,5.159489513249282e-05,0.005292226466966117,9.347643594422774e-05,8.940960483772752,0.14339734308174457,10,169683
forest,plus50,18.75,20.0,0.005635266197083062,0.1,correlated,0.030111681156473735,8.088980418961329e-06,0.000671331676279386,8.088980418960975e-06,-0.0002262173933994957,8.293370446644456e-06,-0.4553106662945422,0.01677575511405217,10,169683
forest,plus50,18.75,20.0,0.005635266197083062,0.1,white,0.030163941517120436,9.84794978178931e-06,0.0007235920369260864,9.847949781789208e-06,0.009226443561175895,0.00011139656353703919,15.587726910444252,0.1590934377250662,10,169683
forest,plus50,18.75,20.0,0.005635266197083062,1.0,correlated,0.03807142988932329,8.527529711532115e-06,0.00040615915307338005,8.527529711532411e-06,3.895512980651022e-05,1.5375849440497594e-05,0.07839925939356887,0.03093431994836912,10,169683
forest,plus50,18.75,20.0,0.005635266197083062,1.0,white,0.037773699025146566,7.4979608099365504e-06,0.00010842828889665173,7.4979608099335545e-06,0.009841607309205328,0.00011208782752990486,16.627041463154242,0.15826218330572903,10,169683
forest,plus50,18.75,50.0,0.002254106478833225,0.0,correlated,0.04930988199441984,9.227037757035686e-06,7.050056357694803e-05,9.227037757034608e-06,0.0,0.0,0.0,0.0,10,169683
forest,plus50,18.75,50.0,0.002254106478833225,0.0,white,0.05090360473427571,6.006028981558193e-05,0.0016642233034328158,6.0060289815582175e-05,0.0,0.0,0.0,0.0,10,169683
forest,plus50,18.75,50.0,0.002254106478833225,0.001,correlated,0.04638231339304662,8.99107459505427e-06,7.488313852968762e-05,8.991074595054211e-06,-4.382574952739582e-06,4.3614498692803277e-07,-0.008887906193849927,0.0008854258809795555,10,169683
forest,plus50,18.75,50.0,0.002254106478833225,0.001,white,0.04780460269131882,5.4010128447097535e-05,0.0014971724368018995,5.401012844709694e-05,0.00016705086663091617,6.9385632466544785e-06,0.3281585744472618,0.013298618944089836,10,169683
forest,plus50,18.75,50.0,0.002254106478833225,0.01,correlated,0.03382386524516977,7.922707311024908e-06,0.00010142930468814565,7.92270731102541e-06,-3.092874111119762e-05,2.349339428919331e-06,-0.06272372864456902,0.0047719181048428505,10,169683
forest,plus50,18.75,50.0,0.002254106478833225,0.01,white,0.03449672911051551,2.5257884822254795e-05,0.000774293170033892,2.5257884822255113e-05,0.0008899301333989238,3.889961378667506e-05,1.748189729258455,0.07450023864905174,10,169683
forest,plus50,18.75,50.0,0.002254106478833225,0.1,correlated,0.029547850331099988,3.7088011635047156e-06,0.00010750085090563931,3.7088011635051586e-06,-3.7000287328691274e-05,5.778569121938031e-06,-0.07503819324469646,0.011731127935786713,10,169683
forest,plus50,18.75,50.0,0.002254106478833225,0.1,white,0.02956043747129164,4.3319013604854615e-06,0.00012008799109728789,4.331901360485885e-06,0.001544135312335528,6.032547680946043e-05,3.0333280138288563,0.11503177419472908,10,169683
forest,plus50,18.75,50.0,0.002254106478833225,1.0,correlated,0.0377311729433093,2.7803301557954445e-06,6.590220705938177e-05,2.780330155796049e-06,4.598356517566266e-06,1.0505417237089244e-05,0.009321951494973838,0.021300717708252877,10,169683
forest,plus50,18.75,50.0,0.002254106478833225,1.0,white,0.037682860605278194,2.1651125491711234e-06,1.7589869028281774e-05,2.1651125491726506e-06,0.001646633434404534,6.011546007684776e-05,3.234685760105124,0.11436958047960841,10,169683
forest,plus50,18.75,100.0,0.0011270532394166124,0.0,correlated,0.049257004915578745,2.3268311298753023e-06,1.7623484735859034e-05,2.326831129876077e-06,0.0,0.0,0.0,0.0,10,169683
forest,plus50,18.75,100.0,0.0011270532394166124,0.0,white,0.04966179120091975,4.3849530946268044e-05,0.0004224097700768585,4.384953094626809e-05,0.0,0.0,0.0,0.0,10,169683
forest,plus50,18.75,100.0,0.0011270532394166124,0.001,correlated,0.046326079866784435,2.0873975957051786e-06,1.864961226751144e-05,2.0873975957064975e-06,-1.0261275316524043e-06,2.6033413104246934e-07,-0.00208323224302007,0.0005286042041203798,10,169683
forest,plus50,18.75,100.0,0.0011270532394166124,0.001,white,0.04668762697511072,4.02462075134407e-05,0.00038019672059379646,4.0246207513440703e-05,4.221304948306207e-05,3.952879267240115e-06,0.08499531067434157,0.00788495333716091,10,169683
forest,plus50,18.75,100.0,0.0011270532394166124,0.01,correlated,0.033747493156996655,1.1298219145176596e-06,2.5057216515035617e-05,1.1298219145191012e-06,-7.433731779176583e-06,1.4971181771992327e-06,-0.015091843449632986,0.003040008183580038,10,169683
forest,plus50,18.75,100.0,0.0011270532394166124,0.01,white,0.03391918150717836,2.1618744126590457e-05,0.00019674556669674743,2.1618744126590725e-05,0.00022566420338011108,2.3606180818781373e-05,0.4543656797751526,0.04711378765798272,10,169683
forest,plus50,18.75,100.0,0.0011270532394166124,0.1,correlated,0.029467171317008756,7.131940881594806e-07,2.6821836814403324e-05,7.131940881602985e-07,-9.19835207854429e-06,2.4485708489752156e-06,-0.01867440316199858,0.004971747548696545,10,169683
forest,plus50,18.75,100.0,0.0011270532394166124,0.1,white,0.029470518507024278,2.503228314037214e-06,3.0169026829928933e-05,2.503228314037641e-06,0.0003922407432469296,4.53940250783798e-05,0.7897520193436955,0.09066195907129874,10,169683
forest,plus50,18.75,100.0,0.0011270532394166124,1.0,correlated,0.0376820542519554,1.5978833646126951e-06,1.6783515705483253e-05,1.59788336461221e-06,8.399690303757812e-07,2.1560237476291685e-06,0.001705139059311929,0.00437699864654785,10,169683
forest,plus50,18.75,100.0,0.0011270532394166124,1.0,white,0.037669973518358886,2.2229636832352687e-06,4.702782108968045e-06,2.2229636832335463e-06,0.00041770698796789044,4.5158955344746925e-05,0.8410317696289452,0.09014773804253376,10,169683
forest,plus50,18.75,inf,0.0,0.0,none,0.04923938143084289,0.0,0.0,0.0,0.0,0.0,0.0,0.0,1,169683
forest,plus50,18.75,inf,0.0,0.001,none,0.046307430254516925,0.0,0.0,0.0,0.0,0.0,0.0,0.0,1,169683
forest,plus50,18.75,inf,0.0,0.01,none,0.03372243594048162,0.0,0.0,0.0,0.0,0.0,0.0,0.0,1,169683
forest,plus50,18.75,inf,0.0,0.1,none,0.02944034948019435,0.0,0.0,0.0,0.0,0.0,0.0,0.0,1,169683
forest,plus50,18.75,inf,0.0,1.0,none,0.037665270736249916,0.0,0.0,0.0,0.0,0.0,0.0,0.0,1,169683
urban,matched,12.5,5.0,0.026019069664488588,0.0,correlated,0.07374400566418632,3.25619175841862e-05,0.0054297176643729045,3.2561917584185536e-05,0.0,0.0,0.0,0.0,10,169675
urban,matched,12.5,5.0,0.026019069664488588,0.0,white,0.10408882021435018,0.00017083589186646063,0.03577453221453677,0.00017083589186646055,0.0,0.0,0.0,0.0,10,169675
urban,matched,12.5,5.0,0.026019069664488588,0.001,correlated,0.07381717914128973,3.168826086103842e-05,0.005421846136200459,3.168826086103652e-05,7.87152817244563e-06,1.0549286045341951e-06,0.010673654525720274,0.0014262323610089098,10,169675
urban,matched,12.5,5.0,0.026019069664488588,0.001,white,0.10296815895886657,0.00015806480460365334,0.03457282595377731,0.0001580648046036513,0.0012017062607594608,1.4369262706599881e-05,1.154485297424746,0.01212744600848843,10,169675
urban,matched,12.5,5.0,0.026019069664488588,0.01,correlated,0.07460764251736991,2.740411547985185e-05,0.005343106554862906,2.7404115479850994e-05,8.661110950999862e-05,6.4058375312154475e-06,0.11744546180991522,0.00864043618224825,10,169675
urban,matched,12.5,5.0,0.026019069664488588,0.01,white,0.09616996791626406,9.137051100828162e-05,0.026905431953757043,9.137051100828076e-05,0.008869100260779724,9.182273673357107e-05,8.520603118206651,0.07530459326224233,10,169675
urban,matched,12.5,5.0,0.026019069664488588,0.1,correlated,0.08242063484443726,1.8847689733157322e-05,0.004683541949055255,1.884768973315703e-05,0.0007461757153176499,1.7929900279849216e-05,1.0118376119522199,0.023909324083342405,10,169675
urban,matched,12.5,5.0,0.026019069664488588,0.1,white,0.08717643484128973,5.590121492175131e-05,0.00943934194590772,5.5901214921751524e-05,0.02633519026862905,0.0001856095216989375,25.300500578782376,0.1392076000322585,10,169675
urban,matched,12.5,5.0,0.026019069664488588,1.0,correlated,0.10273404126932831,2.0773345935522584e-05,0.0033427656964084033,2.0773345935518044e-05,0.002086951967964501,3.682158519568319e-05,2.8299794844950297,0.04887671171275844,10,169675
urban,matched,12.5,5.0,0.026019069664488588,1.0,white,0.10129016955638262,3.971322295060851e-05,0.0018988939834627045,3.9713222950608825e-05,0.03387563823107406,0.00018126320376730354,32.5447621592831,0.12253361960108322,10,169675
urban,matched,12.5,10.0,0.013009534832244294,0.0,correlated,0.06971054959571907,1.2831656379657049e-05,0.0013962615959056581,1.2831656379657695e-05,0.0,0.0,0.0,0.0,10,169675
urban,matched,12.5,10.0,0.013009534832244294,0.0,white,0.0787688495207298,6.361800659754327e-05,0.010454561520916377,6.36180065975451e-05,0.0,0.0,0.0,0.0,10,169675
urban,matched,12.5,10.0,0.013009534832244294,0.001,correlated,0.06978930867811109,1.2497196455095793e-05,0.0013939756730218203,1.2497196455096071e-05,2.2859228838378876e-06,5.013717922098408e-07,0.0032790827999782486,0.0007188620413319453,10,169675
urban,matched,12.5,10.0,0.013009534832244294,0.001,white,0.07846180435790417,6.020329133427649e-05,0.010066471352814911,6.0203291334274426e-05,0.00038809016810146537,6.53569951398329e-06,0.4926918935493818,0.008081346288953569,10,169675
urban,matched,12.5,10.0,0.013009534832244294,0.01,correlated,0.07063636680259608,1.0998338164333026e-05,0.0013718308400890694,1.0998338164331915e-05,2.4430755816588767e-05,3.0249963135927845e-06,0.035045506876874924,0.004335288294334372,10,169675
urban,matched,12.5,10.0,0.013009534832244294,0.01,white,0.0768951751044678,5.181994892745521e-05,0.007630639141960799,5.1819948927455574e-05,0.0028239223789555774,3.822768197992152e-05,3.5850566842948965,0.046911648371742595,10,169675
urban,matched,12.5,10.0,0.013009534832244294,0.1,correlated,0.07892991862530296,9.777274911781355e-06,0.0011928257299209557,9.777274911778966e-06,0.00020343586598470242,7.14021139139563e-06,0.29182827910842163,0.010208184390326334,10,169675
urban,matched,12.5,10.0,0.013009534832244294,0.1,white,0.08020775272986902,4.774969407315826e-05,0.0024706598344870073,4.774969407315788e-05,0.00798390168642937,5.9020058862606244e-05,10.135829605815008,0.06944326754092217,10,169675
urban,matched,12.5,10.0,0.013009534832244294,1.0,correlated,0.10022838049404385,1.2927018396044811e-05,0.0008371049211239531,1.292701839604389e-05,0.000559156674781705,1.3015485335343374e-05,0.8021104656973632,0.018598390316451517,10,169675
urban,matched,12.5,10.0,0.013009534832244294,1.0,white,0.09986465483132015,3.3399047817853135e-05,0.0004733792584002458,3.3399047817851366e-05,0.00998118226251613,5.9250316928163967e-05,12.67144483654822,0.06667215730758483,10,169675
urban,matched,12.5,20.0,0.006504767416122147,0.0,correlated,0.06866487257037597,7.612321428018229e-06,0.00035058457056255654,7.6123214280148444e-06,0.0,0.0,0.0,0.0,10,169675
urban,matched,12.5,20.0,0.006504767416122147,0.0,white,0.07098930734107872,4.040715474066701e-05,0.002675019341265311,4.040715474066625e-05,0.0,0.0,0.0,0.0,10,169675
urban,matched,12.5,20.0,0.006504767416122147,0.001,correlated,0.06874538830904212,7.2746459545183615e-06,0.00035005530395285507,7.274645954518577e-06,5.292666097014842e-07,3.7441544987985526e-07,0.0007707474407713174,0.0005452649080555591,10,169675
urban,matched,12.5,20.0,0.006504767416122147,0.001,white,0.07096939107765465,3.83859864335585e-05,0.0025740580725653857,3.838598643355831e-05,0.00010096126869992562,3.296067439415302e-06,0.14221891076241694,0.004591101168727897,10,169675
urban,matched,12.5,20.0,0.006504767416122147,0.01,correlated,0.06960927075593411,5.695675481780089e-06,0.0003447347934270997,5.695675481782181e-06,5.8497771354568125e-06,2.2120263622459892e-06,0.00851902541796808,0.0032210206721630615,10,169675
urban,matched,12.5,20.0,0.006504767416122147,0.01,white,0.07120483322445587,3.0085114411027724e-05,0.001940297261948863,3.008511441102655e-05,0.000734722079316448,2.144543826509995e-05,1.0349653952755404,0.029804050103554088,10,169675
urban,matched,12.5,20.0,0.006504767416122147,0.1,correlated,0.07803729955225218,4.230566824411091e-06,0.000300206656870175,4.230566824411361e-06,5.0377913692381536e-05,4.554518158115073e-06,0.07336723115388052,0.006626720601602304,10,169675
urban,matched,12.5,20.0,0.006504767416122147,0.1,white,0.07835174300272678,2.2922404970230474e-05,0.0006146501073447649,2.292240497023113e-05,0.0020603692339205464,3.904325813566021e-05,2.9023429433768797,0.05362275903005588,10,169675
urban,matched,12.5,20.0,0.006504767416122147,1.0,correlated,0.09960371418907871,5.207248427022952e-06,0.0002124386161587957,5.207248427022423e-06,0.00013814595440376083,7.077768777655257e-06,0.20118791504053063,0.010292046249452147,10,169675
urban,matched,12.5,20.0,0.006504767416122147,1.0,white,0.09950892789214891,1.2006947571482849e-05,0.00011765231922900993,1.200694757148419e-05,0.0025573670220363012,3.72349685137242e-05,3.6024432946129066,0.050497801405053715,10,169675
urban,matched,12.5,50.0,0.0026019069664488586,0.0,correlated,0.06837023729572418,2.41709474875117e-06,5.5949295910767693e-05,2.417094748750624e-06,0.0,0.0,0.0,0.0,10,169675
urban,matched,12.5,50.0,0.0026019069664488586,0.0,white,0.06874615673549932,5.997326271452503e-06,0.0004318687356859016,5.997326271453615e-06,0.0,0.0,0.0,0.0,10,169675
urban,matched,12.5,50.0,0.0026019069664488586,0.001,correlated,0.06845119985455789,2.349705672685973e-06,5.586684946862208e-05,2.349705672686398e-06,8.24464421456117e-08,1.0733589792395123e-07,0.00012058500225767396,0.00015698697476221627,10,169675
urban,matched,12.5,50.0,0.0026019069664488586,0.001,white,0.06881095822015067,6.174198541941229e-06,0.00041562521506140063,6.174198541945566e-06,1.6243520624500962e-05,5.563002749208479e-07,0.023628277672787735,0.0008098001578444166,10,169675
urban,matched,12.5,50.0,0.0026019069664488586,0.01,correlated,0.06931953767594543,2.087038676868724e-06,5.500171343842536e-05,2.087038676868573e-06,9.475824723423343e-07,5.971338399189071e-07,0.0013859398177646176,0.0008733397161546457,10,169675
urban,matched,12.5,50.0,0.0026019069664488586,0.01,white,0.06957783760173696,7.764613133433868e-06,0.00031330163922995563,7.7646131334366e-06,0.00011856709645594599,3.5440463958835737e-06,0.1724709858570644,0.005159634927627625,10,169675
urban,matched,12.5,50.0,0.0026019069664488586,0.1,correlated,0.07778470002257422,2.0978178039958816e-06,4.760712719220489e-05,2.0978178039953996e-06,8.342168718562803e-06,9.473323540991609e-07,0.012201439783488173,0.0013853877827097309,10,169675
urban,matched,12.5,50.0,0.0026019069664488586,0.1,white,0.07783516583341313,9.16491006552587e-06,9.80729380311185e-05,9.16491006552667e-06,0.0003337957976547831,6.67342052462131e-06,0.48554833996976177,0.009709492274545397,10,169675
urban,matched,12.5,50.0,0.0026019069664488586,1.0,correlated,0.09942426644513354,3.2771640266368573e-06,3.2990872213631284e-05,3.2771640266388355e-06,2.295842369713641e-05,1.9909063625358956e-06,0.03357956733210414,0.0029121031707611046,10,169675
urban,matched,12.5,50.0,0.0026019069664488586,1.0,white,0.09940948499769567,4.753505093485648e-06,1.8209424775753046e-05,4.753505093488258e-06,0.00041365931091014857,6.159339635642864e-06,0.6017194233556762,0.00892287276428445,10,169675
urban,matched,12.5,100.0,0.0013009534832244293,0.0,correlated,0.06832862703415507,1.020723893169138e-06,1.4339034341651069e-05,1.0207238931681106e-06,0.0,0.0,0.0,0.0,10,169675
urban,matched,12.5,100.0,0.0013009534832244293,0.0,white,0.06842362245646343,3.985525762422884e-06,0.00010933445665000929,3.985525762422496e-06,0.0,0.0,0.0,0.0,10,169675
urban,matched,12.5,100.0,0.0013009534832244293,0.001,correlated,0.06840965713462958,9.603645840733188e-07,1.432412954031903e-05,9.6036458407191e-07,1.490480133203853e-08,8.081327018858545e-08,2.1812191276443354e-05,0.000118268911465066,10,169675
urban,matched,12.5,100.0,0.0013009534832244293,0.001,white,0.06850060284179535,3.949591027431961e-06,0.0001052698367060928,3.949591027434083e-06,4.064619943916492e-06,2.689001775506489e-07,0.0059403718474649505,0.0003929385496394285,10,169675
urban,matched,12.5,100.0,0.0013009534832244293,0.01,correlated,0.06927866672862253,7.19506630238372e-07,1.4130766115516558e-05,7.195066302397021e-07,2.0826822613451145e-07,4.797021528744189e-07,0.0003047964924858043,0.0007020347083723126,10,169675
urban,matched,12.5,100.0,0.0013009534832244293,0.01,white,0.06934426328621573,3.929330697464384e-06,7.972732370872399e-05,3.929330697465855e-06,2.960713294128531e-05,1.7191190297243081e-06,0.04327030579090395,0.002511853096306293,10,169675
urban,matched,12.5,100.0,0.0013009534832244293,0.1,correlated,0.07774935220672077,6.802971902350322e-07,1.2259311338760903e-05,6.80297190235295e-07,2.079723002890166e-06,1.005860967614955e-06,0.003043691373319187,0.001472034394630717,10,169675
urban,matched,12.5,100.0,0.0013009534832244293,0.1,white,0.07776292567322597,3.269445667976764e-06,2.583277784395238e-05,3.2694456679752523e-06,8.350167880605691e-05,3.507114374991532e-06,0.12203616384020846,0.005121075979486025,10,169675
urban,matched,12.5,100.0,0.0013009534832244293,1.0,correlated,0.09939980088679223,1.1571729307728822e-06,8.525313872331797e-06,1.1571729307721103e-06,5.8137204693192725e-06,1.6104788376171773e-06,0.008508447482277566,0.002356843140079326,10,169675
urban,matched,12.5,100.0,0.0013009534832244293,1.0,white,0.09939650724861454,2.482405186566499e-06,5.23167569463634e-06,2.482405186566893e-06,0.00010410278095537295,3.875390561037981e-06,0.15214426659897567,0.005656660880703272,10,169675
urban,matched,12.5,inf,0.0,0.0,none,0.06831428799981341,0.0,0.0,0.0,0.0,0.0,0.0,0.0,1,169675
urban,matched,12.5,inf,0.0,0.001,none,0.06839533300508926,0.0,0.0,0.0,0.0,0.0,0.0,0.0,1,169675
urban,matched,12.5,inf,0.0,0.01,none,0.069264535962507,0.0,0.0,0.0,0.0,0.0,0.0,0.0,1,169675
urban,matched,12.5,inf,0.0,0.1,none,0.07773709289538201,0.0,0.0,0.0,0.0,0.0,0.0,0.0,1,169675
urban,matched,12.5,inf,0.0,1.0,none,0.09939127557291991,0.0,0.0,0.0,0.0,0.0,0.0,0.0,1,169675
urban,minus50,6.25,5.0,0.026019069664488588,0.0,correlated,0.10155430697971941,0.0001451894436397638,0.0034372993697811423,0.0001451894436397652,0.0,0.0,0.0,0.0,10,169132
urban,minus50,6.25,5.0,0.026019069664488588,0.0,white,0.10197550104471804,0.00039008980394916466,0.0038584934347797597,0.0003900898039491674,0.0,0.0,0.0,0.0,10,169132
urban,minus50,6.25,5.0,0.026019069664488588,0.001,correlated,0.10143267720788614,0.00012788871705333475,0.0034423318324931255,0.0001278887170533354,-5.032462711983265e-06,2.4802799631095487e-05,-0.004978730237965064,0.024430085263238026,10,169132
urban,minus50,6.25,5.0,0.026019069664488588,0.001,white,0.1017856213791399,0.00027662831301600993,0.0037952760037468893,0.00027662831301600646,6.321743103287064e-05,0.0001159980987946381,0.06160832960807857,0.1134364721361769,10,169132
urban,minus50,6.25,5.0,0.026019069664488588,0.01,correlated,0.10110755527935347,6.266349561842372e-05,0.00344840904136562,6.266349561842265e-05,-1.1109671584477732e-05,8.842271587865064e-05,-0.011048516594230392,0.08701645392401479,10,169132
urban,minus50,6.25,5.0,0.026019069664488588,0.01,white,0.10136651598824246,7.975529489795526e-05,0.0037073697502546243,7.975529489795593e-05,0.0001511236845251354,0.00031905541840379577,0.14712744386329282,0.3120897584028447,10,169132
urban,minus50,6.25,5.0,0.026019069664488588,0.1,correlated,0.10133910913619301,1.9106659713298248e-05,0.003420327721257402,1.910665971329874e-05,1.6971648523740614e-05,0.00013238199285790035,0.01654523602105404,0.13020053815595106,10,169132
urban,minus50,6.25,5.0,0.026019069664488588,0.1,white,0.10147265776047305,3.6337337504130764e-05,0.0035538763455374447,3.633733750412704e-05,0.000304617089242315,0.00038301212733351993,0.2974333637301473,0.3741981549694539,10,169132
urban,minus50,6.25,5.0,0.026019069664488588,1.0,correlated,0.10343835259409788,1.7404018590947827e-05,0.0032922870252042684,1.74040185909474e-05,0.0001450123445768739,0.00013707806762722538,0.14262069130376517,0.13464064110783028,10,169132
urban,minus50,6.25,5.0,0.026019069664488588,1.0,white,0.10309066500940745,3.5684957373239746e-05,0.002944599440513851,3.568495737323123e-05,0.0009138939942659088,0.00038505519051457534,0.894908058174984,0.37391641024247263,10,169132
urban,minus50,6.25,10.0,0.013009534832244294,0.0,correlated,0.09898258910019725,4.520022980089163e-05,0.0008655814902589806,4.5200229800895016e-05,0.0,0.0,0.0,0.0,10,169132
urban,minus50,6.25,10.0,0.013009534832244294,0.0,white,0.09906734518455648,0.00013844825247313374,0.0009503375746182041,0.0001384482524731344,0.0,0.0,0.0,0.0,10,169132
urban,minus50,6.25,10.0,0.013009534832244294,0.001,correlated,0.09885547511343547,3.909305324531031e-05,0.0008651297380424527,3.909305324530676e-05,4.5175221652787866e-07,9.36035832169747e-06,0.0004536284136877697,0.009458130682635332,10,169132
urban,minus50,6.25,10.0,0.013009534832244294,0.001,white,0.09893272716670277,9.872347709097551e-05,0.0009423817913097613,9.872347709097531e-05,7.955783308442876e-06,4.5264522068048974e-05,0.00797812024772326,0.04566362569463693,10,169132
urban,minus50,6.25,10.0,0.013009534832244294,0.01,correlated,0.09852386918304643,2.1836274111212294e-05,0.0008647229450585963,2.1836274111212955e-05,8.585452003842531e-07,2.968041322869041e-05,0.0008561290938964433,0.02998955397062302,10,169132
urban,minus50,6.25,10.0,0.013009534832244294,0.01,white,0.09859038934609322,4.148425572270219e-05,0.000931243108105384,4.148425572270258e-05,1.9094466512820098e-05,0.00012064477570787884,0.019127591427176217,0.1216940444725499,10,169132
urban,minus50,6.25,10.0,0.013009534832244294,0.1,correlated,0.09877626471831266,1.4619679543329861e-05,0.0008574833033770616,1.461967954333279e-05,8.0981868819191e-06,4.174976053833905e-05,0.00816501784593996,0.04218016138010883,10,169132
urban,minus50,6.25,10.0,0.013009534832244294,0.1,white,0.09881196156447036,3.417880757703915e-05,0.000893180149534753,3.417880757703868e-05,5.715742508345112e-05,0.00014388994680002287,0.05751825355734773,0.14507676347606654,10,169132
urban,minus50,6.25,10.0,0.013009534832244294,1.0,correlated,0.10096980723078135,1.4411191633372236e-05,0.000823741661887735,1.4411191633371555e-05,4.1839828371245666e-05,4.2770690080116645e-05,0.042253061257440674,0.043197003823745056,10,169132
urban,minus50,6.25,10.0,0.013009534832244294,1.0,white,0.10088319170914122,3.342360277912211e-05,0.0007371261402476196,3.3423602779122896e-05,0.0002132114343705846,0.00014533762104560453,0.21503953187008146,0.14632556028579768,10,169132
urban,minus50,6.25,20.0,0.006504767416122147,0.0,correlated,0.0983410810318178,2.0604769907650584e-05,0.00022407342187952956,2.0604769907648205e-05,0.0,0.0,0.0,0.0,10,169132
urban,minus50,6.25,20.0,0.006504767416122147,0.0,white,0.09832470181162048,9.480080299531832e-05,0.00020769420168219866,9.480080299531751e-05,0.0,0.0,0.0,0.0,10,169132
urban,minus50,6.25,20.0,0.006504767416122147,0.001,correlated,0.09821261515741034,1.6932318857045236e-05,0.00022226978201733,1.693231885704665e-05,1.8036398621995575e-06,5.27593197886377e-06,0.0018332944381290075,0.005365262081518947,10,169132
urban,minus50,6.25,20.0,0.006504767416122147,0.001,white,0.09820656470300566,6.92269111060085e-05,0.00021621932761264618,6.922691110600988e-05,-8.52512593044752e-06,2.637981207840629e-05,-0.008693129194275175,0.0268123288148116,10,169132
urban,minus50,6.25,20.0,0.006504767416122147,0.01,correlated,0.09787960202636783,9.30926193215627e-06,0.00022045578837998487,9.309261932158062e-06,3.6176334995446925e-06,1.5491218432407156e-05,0.003675970167184451,0.015754396184302685,10,169132
urban,minus50,6.25,20.0,0.006504767416122147,0.01,white,0.09788794694708995,2.6932189855938668e-05,0.0002288007091021102,2.6932189855935734e-05,-2.1106507419911547e-05,7.08291044965299e-05,-0.02152789087487749,0.07198615729719918,10,169132
urban,minus50,6.25,20.0,0.006504767416122147,0.1,correlated,0.09813798547277756,6.230305681891556e-06,0.00021920405784195824,6.230305681893022e-06,4.869364037571322e-06,1.9624073929268256e-05,0.004947918208414899,0.019957373172674354,10,169132
urban,minus50,6.25,20.0,0.006504767416122147,0.1,white,0.09814051609264136,1.6087844191886436e-05,0.00022173467770574966,1.6087844191888357e-05,-1.4040476023551019e-05,8.390782189756568e-05,-0.014353039177219062,0.08526798266198582,10,169132
urban,minus50,6.25,20.0,0.006504767416122147,1.0,correlated,0.10035706519515952,6.212402842932729e-06,0.00021099962626592306,6.21240284293074e-06,1.3073795613606498e-05,1.9809028244537693e-05,0.01329071595624742,0.020143895890219143,10,169132
urban,minus50,6.25,20.0,0.006504767416122147,1.0,white,0.10032905920416305,1.4789092387753948e-05,0.00018299363526942807,1.478909238775603e-05,2.4700566412770576e-05,8.52766619583319e-05,0.025046859548499,0.08662041334808761,10,169132
urban,minus50,6.25,50.0,0.0026019069664488586,0.0,correlated,0.09815146638464753,8.90159890624848e-06,3.445877470925757e-05,8.901598906248927e-06,0.0,0.0,0.0,0.0,10,169132
urban,minus50,6.25,50.0,0.0026019069664488586,0.0,white,0.09815065870101088,3.382553193821404e-05,3.365109107260067e-05,3.3825531938215646e-05,0.0,0.0,0.0,0.0,10,169132
urban,minus50,6.25,50.0,0.0026019069664488586,0.001,correlated,0.09802495642461945,6.474847381093187e-06,3.461104922643232e-05,6.474847381093117e-06,-1.5227451717475526e-07,3.197719913230216e-06,-0.00015536443509786473,0.0032578599084018838,10,169132
urban,minus50,6.25,50.0,0.0026019069664488586,0.001,white,0.09802418817593861,2.3083362101060317e-05,3.384280054559014e-05,2.308336210105889e-05,-1.9170947298946527e-07,1.1168764784984322e-05,-0.00019876009141866474,0.011379680837917915,10,169132
urban,minus50,6.25,50.0,0.0026019069664488586,0.01,correlated,0.09769381984721483,3.5147170852802337e-06,3.467360922698448e-05,3.514717085280791e-06,-2.1483451772691399e-07,8.205147987465656e-06,-0.00021950748959929,0.008359509576986064,10,169132
urban,minus50,6.25,50.0,0.0026019069664488586,0.01,white,0.09769414253237485,4.685315916095287e-06,3.499629438701302e-05,4.685315916095286e-06,-1.3452033144123464e-06,3.121944129174123e-05,-0.0013803446624289562,0.03180858742222528,10,169132
urban,minus50,6.25,50.0,0.0026019069664488586,0.1,correlated,0.09795297380097744,3.1720899486535804e-06,3.419238604182723e-05,3.1720899486514404e-06,2.663886674303395e-07,9.34398260866461e-06,0.0002706747498758132,0.009519808965341204,10,169132
urban,minus50,6.25,50.0,0.0026019069664488586,0.1,white,0.09795359202769625,4.881131039398213e-06,3.481061276064401e-05,4.8811310393986495e-06,-1.1595216880433412e-06,3.7726408001832505e-05,-0.0011932512504659425,0.03843774582133475,10,169132
urban,minus50,6.25,50.0,0.0026019069664488586,1.0,correlated,0.10017890277147976,3.1667900737777814e-06,3.283720258615563e-05,3.1667900737759154e-06,1.621572123101933e-06,9.171997187250248e-06,0.0016513957525741978,0.009344489645808472,10,169132
urban,minus50,6.25,50.0,0.0026019069664488586,1.0,white,0.10017473264937456,4.649512768199075e-06,2.866708048094857e-05,4.649512768199312e-06,4.984010591652099e-06,3.758806926564482e-05,0.005066075648892649,0.038294674843142106,10,169132
urban,minus50,6.25,100.0,0.0013009534832244293,0.0,correlated,0.09812604148018109,4.629025676923785e-06,9.033870242815267e-06,4.6290256769252035e-06,0.0,0.0,0.0,0.0,10,169132
urban,minus50,6.25,100.0,0.0013009534832244293,0.0,white,0.09812726069507263,1.1900975547202015e-05,1.025308513435963e-05,1.1900975547202352e-05,0.0,0.0,0.0,0.0,10,169132
urban,minus50,6.25,100.0,0.0013009534832244293,0.001,correlated,0.09799932663741272,3.2356980992208564e-06,8.981262019709668e-06,3.235698099220902e-06,5.260822310559909e-08,1.6399811181334986e-06,5.354912762252723e-05,0.0016712040724046022,10,169132
urban,minus50,6.25,100.0,0.0013009534832244293,0.001,white,0.09800093785538674,9.509714943936157e-06,1.0592479993738745e-05,9.50971494393687e-06,-3.393948593791163e-07,2.688736659717174e-06,-0.0003461452059591268,0.002740170066133491,10,169132
urban,minus50,6.25,100.0,0.0013009534832244293,0.01,correlated,0.09766781775438602,1.4382598362620117e-06,8.671516398167656e-06,1.4382598362621944e-06,3.6235384464761157e-07,4.3508524451154975e-06,0.0003690949482533817,0.004433693137114099,10,169132
urban,minus50,6.25,100.0,0.0013009534832244293,0.01,white,0.09766950382162852,4.179529247767196e-06,1.0357583640685509e-05,4.179529247767383e-06,-1.0449850632587853e-07,8.081094795581369e-06,-0.0001073782911650706,0.00823524235804195,10,169132
urban,minus50,6.25,100.0,0.0013009534832244293,0.1,correlated,0.09792711547249575,1.4122638311417876e-06,8.334057560141495e-06,1.4122638311422012e-06,6.998126826737727e-07,5.0582811659824994e-06,0.0007129669413768992,0.005154592452962761,10,169132
urban,minus50,6.25,100.0,0.0013009534832244293,0.1,white,0.09792807592864787,2.1144254930213834e-06,9.2945137122602e-06,2.1144254930206533e-06,9.585714220994301e-07,1.0539400484146197e-05,0.0009757054785861984,0.01074009505489083,10,169132
urban,minus50,6.25,100.0,0.0013009534832244293,1.0,correlated,0.10015405793653068,1.4329927516746234e-06,7.992367637058018e-06,1.4329927516733837e-06,1.0415026057572497e-06,5.085887322543647e-06,0.0010611812430382736,0.005182705950435751,10,169132
urban,minus50,6.25,100.0,0.0013009534832244293,1.0,white,0.10015378901765673,2.0041377328708846e-06,7.723448763126417e-06,2.004137732869468e-06,2.5296363712332125e-06,1.0660405370614225e-05,0.0025767397992429533,0.010863239285393693,10,169132
urban,minus50,6.25,inf,0.0,0.0,none,0.09811700760993827,0.0,0.0,0.0,0.0,0.0,0.0,0.0,1,169132
urban,minus50,6.25,inf,0.0,0.001,none,0.09799034537539301,0.0,0.0,0.0,0.0,0.0,0.0,0.0,1,169132
urban,minus50,6.25,inf,0.0,0.01,none,0.09765914623798784,0.0,0.0,0.0,0.0,0.0,0.0,0.0,1,169132
urban,minus50,6.25,inf,0.0,0.1,none,0.09791878141493561,0.0,0.0,0.0,0.0,0.0,0.0,0.0,1,169132
urban,minus50,6.25,inf,0.0,1.0,none,0.1001460655688936,0.0,0.0,0.0,0.0,0.0,0.0,0.0,1,169132
urban,plus50,18.75,5.0,0.026019069664488588,0.0,correlated,0.1552336774981906,0.0001658123970629321,0.00298232603534391,0.0001658123970629315,0.0,0.0,0.0,0.0,10,169675
urban,plus50,18.75,5.0,0.026019069664488588,0.0,white,0.21629988437678857,0.0006214249574192764,0.06404853291394189,0.0006214249574192734,0.0,0.0,0.0,0.0,10,169675
urban,plus50,18.75,5.0,0.026019069664488588,0.001,correlated,0.14579498941578353,0.00015618382052085255,0.0031825241952363886,0.00015618382052085404,-0.00020019815989247847,1.0329209803608816e-05,-0.1289717903870991,0.006777232890078425,10,169675
urban,plus50,18.75,5.0,0.026019069664488588,0.001,white,0.20050939262860507,0.0005197967904057685,0.05789692740805793,0.0005197967904057818,0.006151605505883945,0.00012075741616337775,2.843912669437608,0.048821670926860704,10,169675
urban,plus50,18.75,5.0,0.026019069664488588,0.01,correlated,0.10463304973991265,0.00011450613047113,0.004452918661104638,0.00011450613047113307,-0.0014705926257607277,5.652947168722772e-05,-0.9473749922055834,0.0373325914654274,10,169675
urban,plus50,18.75,5.0,0.026019069664488588,0.01,white,0.13155517438899528,0.00024567116364682763,0.03137504331018727,0.0002456711636468328,0.0326734896037546,0.0005487614452143372,15.105153146764726,0.21426102627375077,10,169675
urban,plus50,18.75,5.0,0.026019069664488588,0.1,correlated,0.09026168126347546,4.925573341347949e-05,0.004806558326722022,4.925573341347926e-05,-0.0018242322913781112,0.00012092943845395536,-1.1752276545313713,0.07907020134465967,10,169675
urban,plus50,18.75,5.0,0.026019069664488588,0.1,white,0.09071666896640986,6.816471479550042e-05,0.005261546029656424,6.816471479550042e-05,0.05878698688428545,0.0006688370376155382,27.17786912895574,0.23136732694686768,10,169675
urban,plus50,18.75,5.0,0.026019069664488588,1.0,correlated,0.11546223354246518,2.1472088602427506e-05,0.0028910832811267022,2.1472088602430257e-05,9.124275421720784e-05,0.00016297605543023067,0.05867776566891969,0.1048133480073768,10,169675
urban,plus50,18.75,5.0,0.026019069664488588,1.0,white,0.11335748322007388,2.415319095499212e-05,0.0007863329587353918,2.4153190954992552e-05,0.06326219995520649,0.0006284912152167412,29.246916287621577,0.2065967855079065,10,169675
urban,plus50,18.75,10.0,0.013009534832244294,0.0,correlated,0.1530127762664646,4.515696374354025e-05,0.0007614248036178966,4.5156963743543235e-05,0.0,0.0,0.0,0.0,10,169675
urban,plus50,18.75,10.0,0.013009534832244294,0.0,white,0.16965253859165375,0.00027080536848322483,0.017401187128807068,0.0002708053684832286,0.0,0.0,0.0,0.0,10,169675
urban,plus50,18.75,10.0,0.013009534832244294,0.001,correlated,0.14342603682817717,4.2489842686289786e-05,0.0008135716076300454,4.248984268628934e-05,-5.214680401214866e-05,3.2415555792414712e-06,-0.034080504731379344,0.0021268425412650474,10,169675
urban,plus50,18.75,10.0,0.013009534832244294,0.001,white,0.15836731065276755,0.00028807415804032446,0.015754845432220423,0.00028807415804032956,0.001646341696586645,4.944392479136791e-05,0.9704332749591253,0.029662757270748977,10,169675
urban,plus50,18.75,10.0,0.013009534832244294,0.01,correlated,0.1013276035071792,3.28530370894526e-05,0.0011474724283711962,3.2853037089454065e-05,-0.0003860476247532996,1.7213132442166476e-05,-0.25230007484358236,0.011309545105152296,10,169675
urban,plus50,18.75,10.0,0.013009534832244294,0.01,white,0.10872965315071918,0.00022771546089278596,0.008549522071911184,0.00022771546089278975,0.008851665056895882,0.00013125527695483612,5.217477377480327,0.07316693841291642,10,169675
urban,plus50,18.75,10.0,0.013009534832244294,0.1,correlated,0.08668904663314471,1.3711304127367548e-05,0.0012339236963912702,1.3711304127367798e-05,-0.00047249889277337364,3.4189039043571186e-05,-0.3088028480277131,0.022431632983967307,10,169675
urban,plus50,18.75,10.0,0.013009534832244294,0.1,white,0.08679841605501648,2.7398112275259674e-05,0.0013432931182630488,2.7398112275257963e-05,0.016057894010544017,0.00027125437366458464,9.464958889840307,0.1448893319480259,10,169675
urban,plus50,18.75,10.0,0.013009534832244294,1.0,correlated,0.11329136922561753,1.2417020539457057e-05,0.0007202189642790374,1.2417020539456896e-05,4.120583933885924e-05,4.7179546401820616e-05,0.026921773904579015,0.03082365394531513,10,169675
urban,plus50,18.75,10.0,0.013009534832244294,1.0,white,0.11276426518194453,2.3462356732174314e-05,0.0001931149206060509,2.3462356732172668e-05,0.017208072208201013,0.0002837316441855785,10.142910364704615,0.1511576309276707,10,169675
urban,plus50,18.75,20.0,0.006504767416122147,0.0,correlated,0.15244206278348588,2.2769632837062045e-05,0.00019071132063920582,2.2769632837063773e-05,0.0,0.0,0.0,0.0,10,169675
urban,plus50,18.75,20.0,0.006504767416122147,0.0,white,0.1567054088036074,0.00010821060148317415,0.004454057340760717,0.00010821060148316542,0.0,0.0,0.0,0.0,10,169675
urban,plus50,18.75,20.0,0.006504767416122147,0.001,correlated,0.14281500767350452,1.9909989461789953e-05,0.00020254245295739658,1.9909989461799043e-05,-1.1831132318190773e-05,3.0566376698848816e-06,-0.0077613226613742845,0.0020058569272203793,10,169675
urban,plus50,18.75,20.0,0.006504767416122147,0.001,white,0.14664928892807136,9.21464993687645e-05,0.004036823707524231,9.214649936876503e-05,0.00041723363323648564,1.8127565569463696e-05,0.26624711358739667,0.011399733350689271,10,169675
urban,plus50,18.75,20.0,0.006504767416122147,0.01,correlated,0.10046264152647537,1.111912205513363e-05,0.00028251044766736816,1.1119122055134593e-05,-9.179912702816234e-05,1.2840910979265324e-05,-0.06022011198755005,0.008430977594995677,10,169675
urban,plus50,18.75,20.0,0.006504767416122147,0.01,white,0.10236416530380352,3.1148489710232205e-05,0.002184034224995521,3.1148489710228776e-05,0.0022700231157651964,9.091730706528582e-05,1.4485585000153645,0.05704430385268242,10,169675
urban,plus50,18.75,20.0,0.006504767416122147,0.1,correlated,0.08576163613935972,6.4964442504484205e-06,0.0003065132026062858,6.496444250446979e-06,-0.00011580188196708003,1.7412489657690454e-05,-0.07596603120966579,0.011432621212460567,10,169675
urban,plus50,18.75,20.0,0.006504767416122147,0.1,white,0.08579089324774604,1.076907645194209e-05,0.00033577031099259885,1.0769076451939839e-05,0.0041182870297681185,0.00011661041666466727,2.627998925483159,0.0725988384415405,10,169675
urban,plus50,18.75,20.0,0.006504767416122147,1.0,correlated,0.11275416809687921,5.593849642018082e-06,0.00018301783554072886,5.5938496420184424e-06,7.693485098476949e-06,2.2000072379297386e-05,0.00504494531806708,0.014429330510306372,10,169675
urban,plus50,18.75,20.0,0.006504767416122147,1.0,white,0.11262006026550582,7.12262665697158e-06,4.891000416733654e-05,7.122626656971417e-06,0.004405147336593381,0.00011005817030216738,2.8110586612002684,0.0682920582212385,10,169675
urban,plus50,18.75,50.0,0.0026019069664488586,0.0,correlated,0.15228242624499239,7.082584465883668e-06,3.107478214570969e-05,7.082584465887728e-06,0.0,0.0,0.0,0.0,10,169675
urban,plus50,18.75,50.0,0.0026019069664488586,0.0,white,0.15297238133495292,7.777793806783206e-05,0.0007210298721062408,7.777793806783112e-05,0.0,0.0,0.0,0.0,10,169675
urban,plus50,18.75,50.0,0.0026019069664488586,0.001,correlated,0.14264564974284416,6.8785440030460675e-06,3.3184522297036166e-05,6.878544003039774e-06,-2.109740151326478e-06,4.6888528563045447e-07,-0.001385418708354441,0.0003079298673918103,10,169675
urban,plus50,18.75,50.0,0.0026019069664488586,0.001,white,0.14326568192855144,6.82300553232611e-05,0.0006532167080043061,6.823005532325981e-05,6.781316410193471e-05,1.0515217466584301e-05,0.04432744927349476,0.006851379257492351,10,169675
urban,plus50,18.75,50.0,0.0026019069664488586,0.01,correlated,0.10022684884392097,6.172090891452926e-06,4.67177651129691e-05,6.172090891453567e-06,-1.564298296725941e-05,2.5438537534735975e-06,-0.010272385440073514,0.0016707041795515256,10,169675
urban,plus50,18.75,50.0,0.0026019069664488586,0.01,white,0.10053364959442841,2.6863268301288704e-05,0.0003535185156204004,2.6863268301288145e-05,0.00036751135648584036,5.7607277724124716e-05,0.24023030049056665,0.03753445929918795,10,169675
urban,plus50,18.75,50.0,0.0026019069664488586,0.1,correlated,0.08550468375741924,2.738765570658093e-06,4.956082066581297e-05,2.7387655706617358e-06,-1.8486038520103278e-05,5.109580383614397e-06,-0.012139445257770273,0.0033558224962305055,10,169675
urban,plus50,18.75,50.0,0.0026019069664488586,0.1,white,0.0855096516479952,6.024204100531546e-06,5.4528711241766394e-05,6.024204100531578e-06,0.0006665011608644744,8.305169909289291e-05,0.43567560119624904,0.05406328306011628,10,169675
urban,plus50,18.75,50.0,0.0026019069664488586,1.0,correlated,0.1125994565714407,3.347050180728011e-06,2.8306310102219066e-05,3.3470501807302388e-06,2.768472043490622e-06,8.175136067714778e-06,0.0018177799621889486,0.0053682598120434995,10,169675
urban,plus50,18.75,50.0,0.0026019069664488586,1.0,white,0.112578532184205,2.9627557721492793e-06,7.381922866495083e-06,2.9627557721438032e-06,0.0007136479492397457,7.85699253570047e-05,0.4664974063454232,0.05111719157752467,10,169675
urban,plus50,18.75,100.0,0.0013009534832244293,0.0,correlated,0.15225958401013148,2.7611145084404764e-06,8.232547284808823e-06,2.76111450843911e-06,0.0,0.0,0.0,0.0,10,169675
urban,plus50,18.75,100.0,0.0013009534832244293,0.0,white,0.15243664481841848,2.6267396686925388e-05,0.00018529335557179727,2.626739668693327e-05,0.0,0.0,0.0,0.0,10,169675
urban,plus50,18.75,100.0,0.0013009534832244293,0.001,correlated,0.14262123982976777,2.6042397786317596e-06,8.774609220627006e-06,2.604239778625877e-06,-5.420619358181833e-07,2.2975638425530986e-07,-0.00035601343789375443,0.00015090221769565755,10,169675
urban,plus50,18.75,100.0,0.0013009534832244293,0.001,white,0.1427804519227603,2.2122572176059095e-05,0.00016798670221314095,2.21225721760572e-05,1.730665335865633e-05,4.431475404178637e-06,0.011352915704098923,0.002905100996731783,10,169675
urban,plus50,18.75,100.0,0.0013009534832244293,0.01,correlated,0.10019236025093578,2.056720886049363e-06,1.2229172127781185e-05,2.0567208860471114e-06,-3.996624842972363e-06,1.1795007109379134e-06,-0.002624885002528482,0.0007746977063742866,10,169675
urban,plus50,18.75,100.0,0.0013009534832244293,0.01,white,0.100270095838963,7.077916374492083e-06,8.996476015500354e-05,7.077916374491363e-06,9.532859541679373e-05,2.163106135271054e-05,0.0625343912225814,0.014179344293612641,10,169675
urban,plus50,18.75,100.0,0.0013009534832244293,0.1,correlated,0.08546813854107072,8.190164579320289e-07,1.3015604317286045e-05,8.190164579303557e-07,-4.783057032477223e-06,2.2854574041976776e-06,-0.0031414068620288656,0.001501066475934316,10,169675
urban,plus50,18.75,100.0,0.0013009534832244293,0.1,white,0.08546853950595815,1.2032968115660143e-06,1.3416569204720286e-05,1.2032968115660393e-06,0.00017187678636707698,2.6945378982893662e-05,0.11275019558839125,0.017656565275278865,10,169675
urban,plus50,18.75,100.0,0.0013009534832244293,1.0,correlated,0.11257859001291437,1.2040830280074553e-06,7.4397515758814484e-06,1.204083028006305e-06,7.927957089273741e-07,3.498002083596264e-06,0.0005206511661329668,0.002297354293323735,10,169675
urban,plus50,18.75,100.0,0.0013009534832244293,1.0,white,0.11257336246725891,2.0257486632941584e-06,2.212205920411325e-06,2.0257486632953498e-06,0.00018308114965138593,2.653249919421661e-05,0.12010042076108096,0.017384187111655285,10,169675
urban,plus50,18.75,inf,0.0,0.0,none,0.15225135146284668,0.0,0.0,0.0,0.0,0.0,0.0,0.0,1,169675
urban,plus50,18.75,inf,0.0,0.001,none,0.14261246522054713,0.0,0.0,0.0,0.0,0.0,0.0,0.0,1,169675
urban,plus50,18.75,inf,0.0,0.01,none,0.10018013107880801,0.0,0.0,0.0,0.0,0.0,0.0,0.0,1,169675
urban,plus50,18.75,inf,0.0,0.1,none,0.08545512293675343,0.0,0.0,0.0,0.0,0.0,0.0,0.0,1,169675
urban,plus50,18.75,inf,0.0,1.0,none,0.11257115026133849,0.0,0.0,0.0,0.0,0.0,0.0,0.0,1,169675
water,matched,12.5,5.0,0.022646705350856618,0.0,correlated,0.03211313586939326,2.9541797778553512e-05,0.011015715981231236,2.9541797778553794e-05,0.0,0.0,0.0,0.0,10,169644
water,matched,12.5,5.0,0.022646705350856618,0.0,white,0.07184907941199208,0.00020446959221796177,0.05075165952383005,0.00020446959221796034,0.0,0.0,0.0,0.0,10,169644
water,matched,12.5,5.0,0.022646705350856618,0.001,correlated,0.032128785207854,2.856753874197336e-05,0.011001620687458278,2.8567538741973084e-05,1.409529377295951e-05,1.2478180751239556e-06,0.04389011045342323,0.003847489477379103,10,169644
water,matched,12.5,5.0,0.022646705350856618,0.001,white,0.07051360312523194,0.0001948077783843004,0.04938643860483623,0.00019480777838430256,0.0013652209189938314,1.1969047293053007e-05,1.9001020601969294,0.012591407018613315,10,169644
water,matched,12.5,5.0,0.022646705350856618,0.01,correlated,0.03229721030888809,2.4495600801192147e-05,0.010869414334508443,2.449560080119134e-05,0.00014630164672279413,6.803294848736502e-06,0.4555683905028129,0.020820218129792054,10,169644
water,matched,12.5,5.0,0.022646705350856618,0.01,white,0.061979098601781746,0.0001433901391311184,0.0405513026274021,0.0001433901391311184,0.010200356896427962,7.952619750374059e-05,14.196784190463424,0.07914335398972501,10,169644
water,matched,12.5,5.0,0.022646705350856618,0.1,correlated,0.03402275262818515,2.078256757498583e-05,0.009766833135424336,2.0782567574985358e-05,0.0012488828458069006,1.5056480572512933e-05,3.88898319713861,0.04421097425711173,10,169644
water,matched,12.5,5.0,0.022646705350856618,0.1,white,0.042043397869346556,6.423738063773042e-05,0.017787478376585737,6.423738063772891e-05,0.03296418114724432,0.00018625780245633007,45.879458436619466,0.1408152909446625,10,169644
water,matched,12.5,5.0,0.022646705350856618,1.0,correlated,0.03905138057421145,2.796655139994093e-05,0.007201354814324071,2.7966551399940315e-05,0.003814361166907165,3.3328296852123364e-05,11.877841130814307,0.09746241908766205,10,169644
water,matched,12.5,5.0,0.022646705350856618,1.0,white,0.036082139889119055,5.322306344516359e-05,0.004232114129231681,5.3223063445162523e-05,0.04651954539459838,0.00021061486995554413,64.74594134756663,0.1237967930870803,10,169644
water,matched,12.5,10.0,0.011323352675428309,0.0,correlated,0.024320380001722604,9.972489967613378e-06,0.003222960113560584,9.97248996761427e-06,0.0,0.0,0.0,0.0,10,169644
water,matched,12.5,10.0,0.011323352675428309,0.0,white,0.040200951636084024,6.623350282972572e-05,0.019103531747922002,6.623350282972622e-05,0.0,0.0,0.0,0.0,10,169644
water,matched,12.5,10.0,0.011323352675428309,0.001,correlated,0.024344945794304094,9.861967464145355e-06,0.00321778127390837,9.861967464146375e-06,5.178839652213857e-06,2.2913563328745798e-07,0.02129407074661012,0.0009375650010045713,10,169644
water,matched,12.5,10.0,0.011323352675428309,0.001,white,0.03962936142157404,6.24882195613842e-05,0.018502196901178318,6.248821956138386e-05,0.0006013348467436876,5.500869735085513e-06,1.4958117984640475,0.012070845546620574,10,169644
water,matched,12.5,10.0,0.011323352675428309,0.01,correlated,0.02459653612424787,9.463569058812353e-06,0.0031687401498682244,9.463569058811851e-06,5.421996369235939e-05,1.260404609176987e-06,0.22293960697095527,0.0051397188459042,10,169644
water,matched,12.5,10.0,0.011323352675428309,0.01,white,0.03607293963787185,4.653147059657972e-05,0.014645143663492205,4.6531470596579465e-05,0.004458388084429799,3.0032345785734152e-05,11.090195155187534,0.061394727046588736,10,169644
water,matched,12.5,10.0,0.011323352675428309,0.1,correlated,0.02702768608330358,9.423761709280748e-06,0.002771766590542765,9.423761709280426e-06,0.00045119352301781874,3.2590935008145357e-06,1.8552062015329736,0.013169358011196694,10,169644
water,matched,12.5,10.0,0.011323352675428309,0.1,white,0.029698119532694696,3.196963027547791e-05,0.005442200039933875,3.196963027547843e-05,0.013661331707988129,5.1379346267373706e-05,33.982523503723364,0.0827324513221103,10,169644
water,matched,12.5,10.0,0.011323352675428309,1.0,correlated,0.03379208282066602,1.1855409344743902e-05,0.0019420570607786417,1.1855409344745433e-05,0.0012809030527819423,9.585437238338276e-06,5.26678574606999,0.03889060368130407,10,169644
water,matched,12.5,10.0,0.011323352675428309,1.0,white,0.03294919258483533,1.8001550376321943e-05,0.0010991668249479476,1.8001550376322678e-05,0.018004364922974057,6.35231627469785e-05,44.78580103929772,0.08931993026239413,10,169644
water,matched,12.5,20.0,0.005661676337714154,0.0,correlated,0.02194527132783397,4.976323884198861e-06,0.0008478514396719497,4.976323884199418e-06,0.0,0.0,0.0,0.0,10,169644
water,matched,12.5,20.0,0.005661676337714154,0.0,white,0.027124541258068714,3.3927247348210526e-05,0.006027121369906692,3.392724734821099e-05,0.0,0.0,0.0,0.0,10,169644
water,matched,12.5,20.0,0.005661676337714154,0.001,correlated,0.02197354403282127,4.976579455773412e-06,0.0008463795124255471,4.976579455773086e-06,1.4719272464026877e-06,7.546671225420906e-08,0.006707263847061664,0.00034386532733819106,10,169644
water,matched,12.5,20.0,0.005661676337714154,0.001,white,0.026938991810138445,3.311145995120682e-05,0.005811827289742721,3.311145995120551e-05,0.00021529408016397153,1.8599367019560709e-06,0.7937218769982376,0.006461431618160478,10,169644
water,matched,12.5,20.0,0.005661676337714154,0.01,correlated,0.0222600992441049,4.9950804575241825e-06,0.0008323032697252538,4.9950804575235235e-06,1.5548169946695904e-05,4.981492165486329e-07,0.07084974789887093,0.0022698021155386286,10,169644
water,matched,12.5,20.0,0.005661676337714154,0.01,white,0.02587757044969145,2.9783516119954232e-05,0.004449774475311805,2.978351611995472e-05,0.0015773468945948874,1.1200725705690336e-05,5.8151864573474175,0.038092875540569504,10,169644
water,matched,12.5,20.0,0.005661676337714154,0.1,correlated,0.024975206579630597,5.282861508158396e-06,0.0007192870868697781,5.282861508158169e-06,0.0001285643528021716,2.4456622063218916e-06,0.5858405605063959,0.011130814393341907,10,169644
water,matched,12.5,20.0,0.005661676337714154,0.1,white,0.02572545190907564,2.179556521003472e-05,0.0014695324163148213,2.1795565210034277e-05,0.004557588953591871,2.2100062029953516e-05,16.802407835127514,0.06652272027320695,10,169644
water,matched,12.5,20.0,0.005661676337714154,1.0,correlated,0.03234331599216987,9.155281867878525e-06,0.0004932902322824908,9.155281867879341e-06,0.00035456120738945883,7.987181029351211e-06,1.6156607096811881,0.03637977244031323,10,169644
water,matched,12.5,20.0,0.005661676337714154,1.0,white,0.03212312393596166,1.1940345732003769e-05,0.0002730981760742823,1.1940345732003128e-05,0.00575402319383241,3.042797505680534e-05,21.213259040004917,0.08782344258806053,10,169644
water,matched,12.5,50.0,0.002264670535085662,0.0,correlated,0.021235918358739798,1.2867833039660205e-06,0.0001384984705777758,1.2867833039659066e-06,0.0,0.0,0.0,0.0,10,169644
water,matched,12.5,50.0,0.002264670535085662,0.0,white,0.02214693107797113,1.1809797364349549e-05,0.0010495111898091078,1.1809797364349698e-05,0.0,0.0,0.0,0.0,10,169644
water,matched,12.5,50.0,0.002264670535085662,0.001,correlated,0.021265421184755353,1.2889761195210292e-06,0.00013825666435962925,1.2889761195213547e-06,2.418062181465397e-07,3.5363475163364756e-08,0.0011386666122926783,0.00016653086305433584,10,169644
water,matched,12.5,50.0,0.002264670535085662,0.001,white,0.022137569034749525,1.1616241198190983e-05,0.0010104045143538038,1.161624119819116e-05,3.910667545530405e-05,5.899323209301415e-07,0.17657790205667673,0.0026314100173247816,10,169644
water,matched,12.5,50.0,0.002264670535085662,0.01,correlated,0.021563718772581612,1.3396476229505279e-06,0.00013592279820196645,1.339647622950543e-06,2.575672375809343e-06,2.1938186676494594e-07,0.012128857642267442,0.0010332005551447348,10,169644
water,matched,12.5,50.0,0.002264670535085662,0.01,white,0.022191755046192106,1.1011869918748937e-05,0.0007639590718124624,1.1011869918749339e-05,0.00028555211799664545,3.884877174522768e-06,1.2893502645747554,0.017297845224026106,10,169644
water,matched,12.5,50.0,0.002264670535085662,0.1,correlated,0.024373122683239722,1.8278771184192696e-06,0.00011720319047890393,1.8278771184188594e-06,2.129528009887187e-05,9.392257619343806e-07,0.10027961507898438,0.004424889142646427,10,169644
water,matched,12.5,50.0,0.002264670535085662,0.1,white,0.024497727328877256,9.71163345352124e-06,0.00024180783611643767,9.711633453521278e-06,0.0008077033536926702,7.820786563162686e-06,3.647012750102276,0.03421700927416774,10,169644
water,matched,12.5,50.0,0.002264670535085662,1.0,correlated,0.03193021186665901,3.3465792603533135e-06,8.018610677163127e-05,3.3465792603532437e-06,5.831236380614453e-05,2.5735552433544555e-06,0.274593379484639,0.012126225427843335,10,169644
water,matched,12.5,50.0,0.002264670535085662,1.0,white,0.03189497794452988,5.477067137674769e-06,4.4952184642503556e-05,5.477067137674331e-06,0.0010045590051666043,8.673933652493905e-06,4.535867769523955,0.036996314202181003,10,169644
water,matched,12.5,100.0,0.001132335267542831,0.0,correlated,0.021132119177384827,4.126814126388815e-07,3.469928922280492e-05,4.1268141263912294e-07,0.0,0.0,0.0,0.0,10,169644
water,matched,12.5,100.0,0.001132335267542831,0.0,white,0.02135884522338478,3.881872567775089e-06,0.00026142533522275843,3.8818725677749345e-06,0.0,0.0,0.0,0.0,10,169644
water,matched,12.5,100.0,0.001132335267542831,0.001,correlated,0.021161803473096652,4.0579784331043403e-07,3.463895270092998e-05,4.057978433100031e-07,6.033652187494021e-08,1.5760487643991546e-08,0.0002855198578302145,7.457870090357231e-05,10,169644
water,matched,12.5,100.0,0.001132335267542831,0.001,white,0.021378999459603476,3.7831993746202887e-06,0.00025183493920775404,3.7831993746203484e-06,9.590396015004416e-06,1.535546962410997e-07,0.04490120962240278,0.0007136864375929187,10,169644
water,matched,12.5,100.0,0.001132335267542831,0.01,correlated,0.021461852745046552,3.900165381202658e-07,3.4056770666906004e-05,3.900165381215126e-07,6.425185558989189e-07,9.17062790577187e-08,0.0030404806267901063,0.0004339492297698702,10,169644
water,matched,12.5,100.0,0.001132335267542831,0.01,white,0.02161872685043214,3.2705301749960843e-06,0.00019093087605249608,3.270530174996186e-06,7.049445917026234e-05,1.076986141392026e-06,0.3300475468459489,0.005003475390340385,10,169644
water,matched,12.5,100.0,0.001132335267542831,0.1,correlated,0.024285281877309876,5.368082154210809e-07,2.9362384549059053e-05,5.368082154211533e-07,5.336904673745868e-06,3.2657675919302536e-07,0.025254944236130054,0.0015454423659754634,10,169644
water,matched,12.5,100.0,0.001132335267542831,0.1,white,0.024315946625036083,2.914726596530751e-06,6.0027132275265393e-05,2.914726596530943e-06,0.00020139820294749305,2.6153984325097383e-06,0.9429251637362108,0.012134527937336029,10,169644
water,matched,12.5,100.0,0.001132335267542831,1.0,correlated,0.03187015688321746,1.0802869534576227e-06,2.0131123330082574e-05,1.0802869534568121e-06,1.4568165892722348e-05,8.68705266619462e-07,0.0689385240072832,0.004111303171772712,10,169644
water,matched,12.5,100.0,0.001132335267542831,1.0,white,0.03186124524636085,2.018762881392258e-06,1.1219486473473816e-05,2.018762881391819e-06,0.0002502058487492846,3.178977399668614e-06,1.171436980658692,0.014704599664702925,10,169644
water,matched,12.5,inf,0.0,0.0,none,0.021097419888162022,0.0,0.0,0.0,0.0,0.0,0.0,0.0,1,169644
water,matched,12.5,inf,0.0,0.001,none,0.021127164520395723,0.0,0.0,0.0,0.0,0.0,0.0,0.0,1,169644
water,matched,12.5,inf,0.0,0.01,none,0.021427795974379646,0.0,0.0,0.0,0.0,0.0,0.0,0.0,1,169644
water,matched,12.5,inf,0.0,0.1,none,0.02425591949276082,0.0,0.0,0.0,0.0,0.0,0.0,0.0,1,169644
water,matched,12.5,inf,0.0,1.0,none,0.03185002575988738,0.0,0.0,0.0,0.0,0.0,0.0,0.0,1,169644
water,minus50,6.25,5.0,0.022646705350856618,0.0,correlated,0.03876241724258815,7.949704322877546e-05,0.007446813722138521,7.949704322877469e-05,0.0,0.0,0.0,0.0,10,169100
water,minus50,6.25,5.0,0.022646705350856618,0.0,white,0.03929833198085721,0.00011540015397868978,0.007982728460407573,0.00011540015397868943,0.0,0.0,0.0,0.0,10,169100
water,minus50,6.25,5.0,0.022646705350856618,0.001,correlated,0.03872305495810442,2.555670520286608e-05,0.007406915813817062,2.5556705202866755e-05,3.989790832145818e-05,7.481156890913624e-05,0.10259375408674513,0.1920054008432527,10,169100
water,minus50,6.25,5.0,0.022646705350856618,0.001,white,0.03925166914837652,8.006787893901354e-05,0.007935530004089164,8.006787893901329e-05,4.719845631840844e-05,4.532672638364646e-05,0.1198430780471423,0.11487288710278405,10,169100
water,minus50,6.25,5.0,0.022646705350856618,0.01,correlated,0.0387177046414454,1.634771840420829e-05,0.007387848401790487,1.634771840420856e-05,5.896532034803392e-05,8.098911349606048e-05,0.15174395659366954,0.20797923229797943,10,169100
water,minus50,6.25,5.0,0.022646705350856618,0.01,white,0.039196346929098416,5.338166561669088e-05,0.007866490689443503,5.338166561669075e-05,0.00011623777096406995,8.713636400775311e-05,0.29525978470195685,0.22048440405451233,10,169100
water,minus50,6.25,5.0,0.022646705350856618,0.1,correlated,0.03882029659810263,2.1710811034241414e-05,0.007330406976211129,2.1710811034242224e-05,0.00011640674592739084,8.41509840420938e-05,0.2999234079355413,0.2159026610722772,10,169100
water,minus50,6.25,5.0,0.022646705350856618,0.1,white,0.03905303556481129,5.2414572855250205e-05,0.007563145942919794,5.241457285525054e-05,0.00041958251748778,0.00010124136989816486,1.0670878699404907,0.2542519902911203,10,169100
water,minus50,6.25,5.0,0.022646705350856618,1.0,correlated,0.03933595650093104,2.3804422695697313e-05,0.007079275090031012,2.3804422695696602e-05,0.0003675386321075079,8.509626440002782e-05,0.9477985925927385,0.21708336373156026,10,169100
water,minus50,6.25,5.0,0.022646705350856618,1.0,white,0.038616028250529205,5.2489221484741326e-05,0.0063593468396291805,5.2489221484741956e-05,0.0016233816207783928,0.00010059397779051883,4.130347708431243,0.24465153716955612,10,169100
water,minus50,6.25,10.0,0.011323352675428309,0.0,correlated,0.033322128680921534,2.0544149821254407e-05,0.002006525160471906,2.0544149821255562e-05,0.0,0.0,0.0,0.0,10,169100
water,minus50,6.25,10.0,0.011323352675428309,0.0,white,0.03350926048437838,0.00014462771285984806,0.002193656963928749,0.000144627712859847,0.0,0.0,0.0,0.0,10,169100
water,minus50,6.25,10.0,0.011323352675428309,0.001,correlated,0.03332086260308019,1.822790018491382e-05,0.0020047234587928253,1.822790018491408e-05,1.8017016790806971e-06,2.997907994215304e-06,0.005402923410637998,0.008988370229000444,10,169100
water,minus50,6.25,10.0,0.011323352675428309,0.001,white,0.03347074029939671,4.654075010973515e-05,0.0021546011551093493,4.6540750109735026e-05,3.90558088193993e-05,0.0001054413703304772,0.11536967855132285,0.3108678470632296,10,169100
water,minus50,6.25,10.0,0.011323352675428309,0.01,correlated,0.03332875054654409,1.283975044378916e-05,0.0019988943068891723,1.2839750443788601e-05,7.630853582733799e-06,1.1112555122196708e-05,0.02288484968660626,0.03331184114180672,10,169100
water,minus50,6.25,10.0,0.011323352675428309,0.01,white,0.033459713210457764,2.475266645209437e-05,0.00212985697080285,2.4752666452093595e-05,6.379999312589867e-05,0.0001325640714683047,0.18889588851168912,0.39069221727603565,10,169100
water,minus50,6.25,10.0,0.011323352675428309,0.1,correlated,0.03347088408683921,1.1596356553496552e-05,0.0019809944649477134,1.159635655349656e-05,2.5530695524192403e-05,1.4160482390456974e-05,0.07659810052489585,0.04242395246399196,10,169100
water,minus50,6.25,10.0,0.011323352675428309,0.1,white,0.033529503182606044,2.0834118605136326e-05,0.0020396135607145443,2.083411860513591e-05,0.00015404340321420462,0.00013979480677728972,0.4581239422466794,0.4109337095560076,10,169100
water,minus50,6.25,10.0,0.011323352675428309,1.0,correlated,0.034161647281506745,1.1211641145892469e-05,0.0019049658706067223,1.1211641145891884e-05,0.00010155928986518362,1.465632047790739e-05,0.3047597209896664,0.043794074890231134,10,169100
water,minus50,6.25,10.0,0.011323352675428309,1.0,white,0.03394730066041814,1.9568596210539638e-05,0.0016906192495181084,1.9568596210540742e-05,0.0005030377144106403,0.0001408390421558672,1.4996137066252948,0.4096141759016019,10,169100
water,minus50,6.25,20.0,0.005661676337714154,0.0,correlated,0.03182771774422725,8.676936311478955e-06,0.0005121142237776114,8.676936311478284e-06,0.0,0.0,0.0,0.0,10,169100
water,minus50,6.25,20.0,0.005661676337714154,0.0,white,0.03186015833789441,1.653431643157684e-05,0.0005445548174447812,1.653431643157705e-05,0.0,0.0,0.0,0.0,10,169100
water,minus50,6.25,20.0,0.005661676337714154,0.001,correlated,0.03182697130321947,7.732156687684554e-06,0.0005108321589321084,7.732156687686263e-06,1.282064845502945e-06,2.193041574196502e-06,0.0040272374061019285,0.0068881924206071875,10,169100
water,minus50,6.25,20.0,0.005661676337714154,0.001,white,0.03186060255091237,1.57381779013896e-05,0.0005444634066250148,1.5738177901390282e-05,9.141081976637988e-08,1.7983095716561125e-06,0.00028563037586659164,0.005641668084417254,10,169100
water,minus50,6.25,20.0,0.005661676337714154,0.01,correlated,0.03184006917865907,8.043254545725581e-06,0.0005102129390041545,8.043254545725973e-06,1.901284773456885e-06,2.4246725842126365e-06,0.005972944720432628,0.007616619768787011,10,169100
water,minus50,6.25,20.0,0.005661676337714154,0.01,white,0.03187234084001626,1.4581273469002636e-05,0.0005424846003613412,1.4581273469000991e-05,2.0702170834399624e-06,6.571213819286083e-06,0.006493217755333326,0.020614037327060852,10,169100
water,minus50,6.25,20.0,0.005661676337714154,0.1,correlated,0.031995750868540083,8.429737792894855e-06,0.0005058612466485896,8.429737792893487e-06,6.252977129021786e-06,2.791687222251026e-06,0.019645793117255016,0.00876930218096418,10,169100
water,minus50,6.25,20.0,0.005661676337714154,0.1,white,0.03200995626663532,1.433757758780394e-05,0.0005200666447438253,1.4337577587804026e-05,2.4488172700955906e-05,8.322363130445605e-06,0.07685537003421664,0.026090177399433923,10,169100
water,minus50,6.25,20.0,0.005661676337714154,1.0,correlated,0.03274252031014902,9.081720389180891e-06,0.00048583889924899774,9.081720389179802e-06,2.6275324528613613e-05,3.1710042274625753e-06,0.0825547279188654,0.009961357202168493,10,169100
water,minus50,6.25,20.0,0.005661676337714154,1.0,white,0.03268534369047584,1.3322741733412608e-05,0.00042866227957581715,1.3322741733412126e-05,0.00011589253786896403,8.268005922284303e-06,0.3637466101087477,0.025829050264640985,10,169100
water,minus50,6.25,50.0,0.002264670535085662,0.0,correlated,0.0313978343107901,3.832478580823119e-06,8.223079034046717e-05,3.8324785808232906e-06,0.0,0.0,0.0,0.0,10,169100
water,minus50,6.25,50.0,0.002264670535085662,0.0,white,0.031404655426554254,7.657204105792876e-06,8.905190610461605e-05,7.65720410579213e-06,0.0,0.0,0.0,0.0,10,169100
water,minus50,6.25,50.0,0.002264670535085662,0.001,correlated,0.03139795149499449,3.053083306259755e-06,8.181235070712986e-05,3.053083306261215e-06,4.184396333373197e-07,1.614014317914534e-06,0.001332338354897228,0.0051399082660306735,10,169100
water,minus50,6.25,50.0,0.002264670535085662,0.001,white,0.0314049343534987,6.944889470471937e-06,8.879520921133769e-05,6.944889470471292e-06,2.5669689327836866e-07,1.0621414907176534e-06,0.000816858910848069,0.0033811839663119687,10,169100
water,minus50,6.25,50.0,0.002264670535085662,0.01,correlated,0.03141184061794961,2.291859325768996e-06,8.198437829469232e-05,2.291859325768137e-06,2.4641204577485754e-07,2.7771002569941674e-06,0.0007840231213126509,0.008844500159595241,10,169100
water,minus50,6.25,50.0,0.002264670535085662,0.01,white,0.03141836068538784,6.3482437568375356e-06,8.850444573292524e-05,6.3482437568376524e-06,5.474603716908166e-07,2.538495800061635e-06,0.001742115603062247,0.008082078877542347,10,169100
water,minus50,6.25,50.0,0.002264670535085662,0.1,correlated,0.03157130744419196,2.2010021829159033e-06,8.141782230046482e-05,2.2010021829159944e-06,8.129680400023598e-07,3.2733676647056478e-06,0.0025883103476973474,0.010424974853554557,10,169100
water,minus50,6.25,50.0,0.002264670535085662,0.1,white,0.03157477796876129,6.1383062758270796e-06,8.48883468697971e-05,6.138306275827112e-06,4.163559234818953e-06,3.1237367834511827e-06,0.01325637666079918,0.009943850382566568,10,169100
water,minus50,6.25,50.0,0.002264670535085662,1.0,correlated,0.03233493848471744,2.3741282649719736e-06,7.825707381741361e-05,2.374128264971899e-06,3.973716523053561e-06,3.4102338064575414e-06,0.012655077171301567,0.010859838626261314,10,169100
water,minus50,6.25,50.0,0.002264670535085662,1.0,white,0.03232678311616724,5.705706063778874e-06,7.010170526721704e-05,5.705706063779026e-06,1.895020083739901e-05,3.3250758673081438e-06,0.06034032065325075,0.010576336385837505,10,169100
water,minus50,6.25,100.0,0.001132335267542831,0.0,correlated,0.031336543491831556,1.927932311773984e-06,2.0939971381922494e-05,1.9279323117764876e-06,0.0,0.0,0.0,0.0,10,169100
water,minus50,6.25,100.0,0.001132335267542831,0.0,white,0.03133792058174027,2.5648671355783275e-06,2.23170612906394e-05,2.564867135577938e-06,0.0,0.0,0.0,0.0,10,169100
water,minus50,6.25,100.0,0.001132335267542831,0.001,correlated,0.03133643651080113,1.0156916554812127e-06,2.0297366513777338e-05,1.0156916554813013e-06,6.426048681451579e-07,1.2031655170078206e-06,0.0020504671422093817,0.003838936937761046,10,169100
water,minus50,6.25,100.0,0.001132335267542831,0.001,white,0.031338287692369564,1.7612845991656973e-06,2.214854808220701e-05,1.7612845991644876e-06,1.6851320843239148e-07,1.0657728790763386e-06,0.0005375180726685646,0.003400405074698395,10,169100
water,minus50,6.25,100.0,0.001132335267542831,0.01,correlated,0.031350176528674174,1.007757773796675e-06,2.0320289019254423e-05,1.0077577737948266e-06,6.196823626680725e-07,1.4269046563929648e-06,0.0019772900035351054,0.0045529611383882725,10,169100
water,minus50,6.25,100.0,0.001132335267542831,0.01,white,0.03135203120835161,1.5349489281446706e-06,2.2174968696691415e-05,1.5349489281455621e-06,1.4209259394798446e-07,2.456255316017587e-06,0.00045295073969556406,0.00783712953334851,10,169100
water,minus50,6.25,100.0,0.001132335267542831,0.1,correlated,0.03151007656516388,1.0834815841663482e-06,2.018694327238224e-05,1.0834815841661821e-06,7.530281095402547e-07,1.5261418340177606e-06,0.002402811769041676,0.00486965613105569,10,169100
water,minus50,6.25,100.0,0.001132335267542831,0.1,white,0.03151120624800409,1.7692393979349476e-06,2.1316626112592024e-05,1.7692393979353937e-06,1.0004351780473764e-06,2.985124595262781e-06,0.003191844606096722,0.009524458308290816,10,169100
water,minus50,6.25,100.0,0.001132335267542831,1.0,correlated,0.032276043091695614,1.099354313249564e-06,1.936168079558695e-05,1.0993543132486382e-06,1.5782905863355457e-06,1.5285938866605528e-06,0.005036359626072532,0.00487735512463518,10,169100
water,minus50,6.25,100.0,0.001132335267542831,1.0,white,0.0322743041149788,1.750265735191354e-06,1.7622704078778388e-05,1.7502657351913186e-06,4.694357211861011e-06,3.059141678577421e-06,0.014979208302583974,0.009759788209952283,10,169100
water,minus50,6.25,inf,0.0,0.0,none,0.03131560352044963,0.0,0.0,0.0,0.0,0.0,0.0,0.0,1,169100
water,minus50,6.25,inf,0.0,0.001,none,0.03131613914428736,0.0,0.0,0.0,0.0,0.0,0.0,0.0,1,169100
water,minus50,6.25,inf,0.0,0.01,none,0.03132985623965492,0.0,0.0,0.0,0.0,0.0,0.0,0.0,1,169100
water,minus50,6.25,inf,0.0,0.1,none,0.0314898896218915,0.0,0.0,0.0,0.0,0.0,0.0,0.0,1,169100
water,minus50,6.25,inf,0.0,1.0,none,0.032256681410900025,0.0,0.0,0.0,0.0,0.0,0.0,0.0,1,169100
water,plus50,18.75,5.0,0.022646705350856618,0.0,correlated,0.055336906025937535,8.892620935669716e-05,0.006776475743856064,8.892620935669785e-05,0.0,0.0,0.0,0.0,10,169644
water,plus50,18.75,5.0,0.022646705350856618,0.0,white,0.1546213077860064,0.00061713541301994,0.10606087750392493,0.0006171354130199404,0.0,0.0,0.0,0.0,10,169644
water,plus50,18.75,5.0,0.022646705350856618,0.001,correlated,0.05277107744023174,8.404312766113662e-05,0.007160782287926817,8.404312766113768e-05,-0.00038430654407075324,6.500726761208224e-06,-0.6944996703744823,0.012600165354546515,10,169644
water,plus50,18.75,5.0,0.022646705350856618,0.001,white,0.14009911533013658,0.0005242443634536501,0.09448882017783168,0.0005242443634536532,0.011572057326093246,0.0001136824401881226,7.484011490453166,0.05092200392292115,10,169644
water,plus50,18.75,5.0,0.022646705350856618,0.01,correlated,0.04165565299971215,6.837904639648238e-05,0.009464875196373759,6.837904639648331e-05,-0.002688399452517693,3.0788002988096353e-05,-4.858312096556997,0.06168907960713079,10,169644
water,plus50,18.75,5.0,0.022646705350856618,0.01,white,0.08238625902762964,0.00023994860779952263,0.05019548122429125,0.00023994860779952653,0.055865396279633675,0.00048432298170284497,36.129931274130485,0.18660597724047026,10,169644
water,plus50,18.75,5.0,0.022646705350856618,0.1,correlated,0.036689773975097685,3.953256632940948e-05,0.010203870899472216,3.953256632941024e-05,-0.003427395155616151,5.4733196149414845e-05,-6.193839130628165,0.10831386632126382,10,169644
water,plus50,18.75,5.0,0.022646705350856618,0.1,white,0.037491936318064294,5.1944731721207066e-05,0.011006033242438823,5.194473172120766e-05,0.09505484426148611,0.0006522985438395223,61.47527158839857,0.1774429768529919,10,169644
water,plus50,18.75,5.0,0.022646705350856618,1.0,correlated,0.04276796232015259,2.7046691499811674e-05,0.006276517227215089,2.7046691499811545e-05,0.0004999585166409754,0.00010176337266257411,0.903225940682046,0.1823038333347596,10,169644
water,plus50,18.75,5.0,0.022646705350856618,1.0,white,0.03826899583734586,4.6780092662482535e-05,0.0017775507444083571,4.678009266248252e-05,0.10428332675951657,0.0006229153712482676,67.44386842016833,0.13574001125984847,10,169644
water,plus50,18.75,10.0,0.011323352675428309,0.0,correlated,0.05034233952577118,1.9084665789621808e-05,0.001781909243689718,1.9084665789621784e-05,0.0,0.0,0.0,0.0,10,169644
water,plus50,18.75,10.0,0.011323352675428309,0.0,white,0.0841958349935534,0.00014964915970925316,0.03563540471147194,0.0001496491597092554,0.0,0.0,0.0,0.0,10,169644
water,plus50,18.75,10.0,0.011323352675428309,0.001,correlated,0.04750371275628569,1.831717618328e-05,0.0018934176039807737,1.8317176183279355e-05,-0.00011150836029105577,1.6562133221289283e-06,-0.22150074231294373,0.0033312481219389812,10,169644
water,plus50,18.75,10.0,0.011323352675428309,0.001,white,0.0776045171601181,0.00011535978091584115,0.03199422200781318,0.00011535978091584163,0.0036411827036587617,4.675833489385645e-05,4.324599717802141,0.049523390321878545,10,169644
water,plus50,18.75,10.0,0.011323352675428309,0.01,correlated,0.03479879976407294,1.663676637194431e-05,0.0026080219607345573,1.663676637194364e-05,-0.0008261127170448391,8.720352998803959e-06,-1.6409930341438757,0.017630199762125,10,169644
water,plus50,18.75,10.0,0.011323352675428309,0.01,white,0.0493185716026841,8.104606601492265e-05,0.017127793799345713,8.10460660149234e-05,0.018507610912126226,0.00017644550306550837,21.981387418166864,0.1756498796831591,10,169644
water,plus50,18.75,10.0,0.011323352675428309,0.1,correlated,0.029368981606301737,1.3083012376467535e-05,0.0028830785306762684,1.3083012376467244e-05,-0.0011011692869865506,1.5545163606666685e-05,-2.1873701628637816,0.031485788939854584,10,169644
water,plus50,18.75,10.0,0.011323352675428309,0.1,white,0.029624713415013593,2.4424108235143604e-05,0.003138810339388122,2.4424108235143926e-05,0.03249659437208382,0.0001680599746712449,38.596231555653034,0.13143614370892737,10,169644
water,plus50,18.75,10.0,0.011323352675428309,1.0,correlated,0.0381552512754783,1.1502179987120537e-05,0.0016638061825408022,1.1502179987118037e-05,0.00011810306114891576,2.5125937354521484e-05,0.23458457260296733,0.04981824605060768,10,169644
water,plus50,18.75,10.0,0.011323352675428309,1.0,white,0.036939405797155045,1.1733893922374734e-05,0.0004479607042175406,1.1733893922373964e-05,0.035187444007254404,0.00014399364633505628,41.79222685668596,0.09699566378164554,10,169644
water,plus50,18.75,20.0,0.005661676337714154,0.0,correlated,0.049013144466321726,1.1071627997322625e-05,0.0004527141842402514,1.10716279973224e-05,0.0,0.0,0.0,0.0,10,169644
water,plus50,18.75,20.0,0.005661676337714154,0.0,white,0.05862610089958821,0.00010206854289100236,0.010065670617506736,0.00010206854289100187,0.0,0.0,0.0,0.0,10,169644
water,plus50,18.75,20.0,0.005661676337714154,0.001,correlated,0.04609232288494113,1.1457360768278594e-05,0.0004820277326362123,1.1457360768278848e-05,-2.9313548395960843e-05,8.865298021790471e-07,-0.059807379215634934,0.0018032530420617268,10,169644
water,plus50,18.75,20.0,0.005661676337714154,0.001,white,0.05469924290880805,9.178222588459617e-05,0.009088947756503134,9.17822258845967e-05,0.000976722861003601,1.522992540921344e-05,1.6659959291194741,0.023984250267411033,10,169644
water,plus50,18.75,20.0,0.005661676337714154,0.01,correlated,0.03286434008010717,1.3713429858726736e-05,0.0006735622767687855,1.3713429858727874e-05,-0.000220848092528534,4.534170769345017e-06,-0.4505886996084955,0.009205512016687655,10,169644
water,plus50,18.75,20.0,0.005661676337714154,0.01,white,0.03710933989057303,4.974509797337671e-05,0.004918562087234643,4.974509797337686e-05,0.005147108530272093,7.247299275741089e-05,8.779402509678366,0.11012172653398923,10,169644
water,plus50,18.75,20.0,0.005661676337714154,0.1,correlated,0.02723451632569073,8.624548057685154e-06,0.0007486132500652654,8.624548057685291e-06,-0.000295899065825014,4.924304494186277e-06,-0.6037150805633793,0.01013864272021418,10,169644
water,plus50,18.75,20.0,0.005661676337714154,0.1,white,0.027301511590004407,1.0900005487009881e-05,0.0008156085143789359,1.0900005487009582e-05,0.0092500621031278,0.00010947242484327296,15.777812771243362,0.15918892445093283,10,169644
water,plus50,18.75,20.0,0.005661676337714154,1.0,correlated,0.03691122759493361,8.654623029780169e-06,0.00041978250199609937,8.654623029779767e-06,3.2931682244152076e-05,1.8091610817120604e-05,0.06718246972106998,0.03689624327110636,10,169644
water,plus50,18.75,20.0,0.005661676337714154,1.0,white,0.036598752410160626,8.197289467004e-06,0.00010730731722312439,8.197289467003201e-06,0.009958363300283612,0.00010866404827642953,16.985984668996686,0.1556717338087058,10,169644
water,plus50,18.75,50.0,0.002264670535085662,0.0,correlated,0.048631755493350186,4.748069118270023e-06,7.132521126871697e-05,4.748069118269249e-06,0.0,0.0,0.0,0.0,10,169644
water,plus50,18.75,50.0,0.002264670535085662,0.0,white,0.05023791558648501,5.303308983789347e-05,0.0016774853044035371,5.3033089837893416e-05,0.0,0.0,0.0,0.0,10,169644
water,plus50,18.75,50.0,0.002264670535085662,0.001,correlated,0.04568642088133945,4.5792876824633214e-06,7.612572903453185e-05,4.5792876824640075e-06,-4.800517765814888e-06,4.0780298435767603e-07,-0.009871191908677773,0.0008390071504221263,10,169644
water,plus50,18.75,50.0,0.002264670535085662,0.001,white,0.047128012837527336,4.81942533774344e-05,0.0015177176852224105,4.8194253377434376e-05,0.00015976761918112676,6.417500871210312e-06,0.3180128409892948,0.012512068657319199,10,169644
water,plus50,18.75,50.0,0.002264670535085662,0.01,correlated,0.03229840379205096,4.342464087509862e-06,0.00010762598871257439,4.342464087509303e-06,-3.630077744385743e-05,2.0079932657844403e-06,-0.07464433232082676,0.004132055100044979,10,169644
water,plus50,18.75,50.0,0.002264670535085662,0.01,white,0.033012719646657904,2.578018281467288e-05,0.0008219418433195208,2.5780182814672506e-05,0.0008555434610840164,3.4382230754902535e-05,1.702925924610121,0.06679946038357985,10,169644
water,plus50,18.75,50.0,0.002264670535085662,0.1,correlated,0.026607342789816264,1.601485786729734e-06,0.00012143971419079392,1.6014857867299295e-06,-5.0114502922076964e-05,3.976551049279848e-06,-0.10304961034978377,0.008186355136456777,10,169644
water,plus50,18.75,50.0,0.002264670535085662,0.1,white,0.026618278318156958,6.92533266783388e-06,0.00013237524253148885,6.9253326678343745e-06,0.0015451100618720484,5.851593758507538e-05,3.075478262742374,0.11324764945559228,10,169644
water,plus50,18.75,50.0,0.002264670535085662,1.0,correlated,0.03655960420009727,3.64157688879657e-06,6.815910715976606e-05,3.641576888796467e-06,3.166104108950907e-06,7.10307948363458e-06,0.006509227064478708,0.01460501128147782,10,169644
water,plus50,18.75,50.0,0.002264670535085662,1.0,white,0.036509579522418886,3.048527812368905e-06,1.8134429481389545e-05,3.0485278123686637e-06,0.0016593508749221477,5.5090884963528974e-05,3.302884327744551,0.10618267504517782,10,169644
water,plus50,18.75,100.0,0.001132335267542831,0.0,correlated,0.04857873459225655,1.8641719916830148e-06,1.8304310175078913e-05,1.864171991683966e-06,0.0,0.0,0.0,0.0,10,169644
water,plus50,18.75,100.0,0.001132335267542831,0.0,white,0.04898284618552341,2.895517387348048e-05,0.00042241590344193616,2.8955173873481347e-05,0.0,0.0,0.0,0.0,10,169644
water,plus50,18.75,100.0,0.001132335267542831,0.001,correlated,0.045629770764496536,1.874764974525672e-06,1.947561219161342e-05,1.8747649745258442e-06,-1.171302016534509e-06,1.721120529671407e-07,-0.0024111412854257138,0.0003542947049202737,10,169644
water,plus50,18.75,100.0,0.001132335267542831,0.001,white,0.04599252860588006,2.5350858969835974e-05,0.00038223345357513703,2.5350858969835543e-05,4.018244986679909e-05,4.014636862486971e-06,0.08202976944120298,0.008153352233408124,10,169644
water,plus50,18.75,100.0,0.001132335267542831,0.01,correlated,0.0322179868334601,2.1143600215403386e-06,2.720903012171441e-05,2.1143600215404927e-06,-8.904719946635497e-06,8.855338850774611e-07,-0.018330485709702526,0.001822845582903779,10,169644
water,plus50,18.75,100.0,0.001132335267542831,0.01,white,0.03239748761364261,1.0274386041490707e-05,0.00020670981030422724,1.0274386041490931e-05,0.0002157060931377089,2.1004857732012743e-05,0.4403487953722204,0.04263794437322138,10,169644
water,plus50,18.75,100.0,0.001132335267542831,0.1,correlated,0.02651635606771881,1.1239751116729734e-06,3.0452992093343152e-05,1.1239751116729907e-06,-1.2148681918264236e-05,1.3018968104758018e-06,-0.025008305026220905,0.0026808385081701944,10,169644
water,plus50,18.75,100.0,0.001132335267542831,0.1,white,0.02651792573830546,3.0853471022340436e-06,3.202266267998827e-05,3.0853471022342003e-06,0.00039039324076194787,3.132535829961904e-05,0.7969662056386623,0.06349354543490525,10,169644
water,plus50,18.75,100.0,0.001132335267542831,1.0,correlated,0.03650863631870173,1.0029049621417456e-06,1.7191225764228572e-05,1.0029049621415574e-06,1.1130844108503402e-06,2.6235001617598216e-06,0.0022911213933443212,0.005400418363916244,10,169644
water,plus50,18.75,100.0,0.001132335267542831,1.0,white,0.036496154597568976,1.3960736367366713e-06,4.709504631474071e-06,1.396073636735897e-06,0.0004177063988104621,2.9537104789270338e-05,0.8527287820843755,0.059809313621069664,10,169644
water,plus50,18.75,inf,0.0,0.0,none,0.04856043028208147,0.0,0.0,0.0,0.0,0.0,0.0,0.0,1,169644
water,plus50,18.75,inf,0.0,0.001,none,0.04561029515230492,0.0,0.0,0.0,0.0,0.0,0.0,0.0,1,169644
water,plus50,18.75,inf,0.0,0.01,none,0.032190777803338386,0.0,0.0,0.0,0.0,0.0,0.0,0.0,1,169644
water,plus50,18.75,inf,0.0,0.1,none,0.02648590307562547,0.0,0.0,0.0,0.0,0.0,0.0,0.0,1,169644
water,plus50,18.75,inf,0.0,1.0,none,0.0364914450929375,0.0,0.0,0.0,0.0,0.0,0.0,0.0,1,169644
