scene,psf_config,assumed_fwhm_m,snr,noise_std,lam,noise_model,rmse_vs_no_psf,rmse_std,noise_penalty,noise_penalty_std,regularization_noise_gain,regularization_noise_gain_std,regularization_noise_gain_pct,regularization_noise_gain_pct_std,n_realizations,n_cells
agriculture,matched,12.5,5.0,0.026345751984639027,0.0,correlated,0.03212016173463925,2.4653176522763454e-05,0.016621594314281486,2.4653176522763406e-05,0.0,0.0,0.0,0.0,10,169654
agriculture,matched,12.5,5.0,0.026345751984639027,0.0,white,0.08139154540822897,0.0002682215330597689,0.0658929779878712,0.0002682215330597689,0.0,0.0,0.0,0.0,10,169654
agriculture,matched,12.5,5.0,0.026345751984639027,0.001,correlated,0.03212025176514958,2.4447049956590332e-05,0.016611770971823408,2.4447049956589485e-05,9.823342458077643e-06,8.883986517538303e-07,0.030582644346216426,0.002759808512054286,10,169654
agriculture,matched,12.5,5.0,0.026345751984639027,0.001,white,0.07978383539142037,0.0002470596084530984,0.06427535459809419,0.0002470596084530984,0.0016176233897770079,2.259273904554894e-05,1.9874003277524426,0.021811722518618206,10,169654
agriculture,matched,12.5,5.0,0.026345751984639027,0.01,correlated,0.03214288483063644,2.386867794545768e-05,0.01650815037418795,2.3868677945457225e-05,0.00011344394009353484,5.101500163935092e-06,0.35318347191552546,0.01581411105154084,10,169654
agriculture,matched,12.5,5.0,0.026345751984639027,0.01,white,0.06943320366147693,0.0001356545408971128,0.05379846920502843,0.00013565454089711228,0.012094508782842763,0.00014540411021287967,14.8592983267323,0.13320161572714156,10,169654
agriculture,matched,12.5,5.0,0.026345751984639027,0.1,correlated,0.03262994558088673,2.4450353280346476e-05,0.015442044205833358,2.445035328034549e-05,0.001179550108448129,1.2717301976944005e-05,3.6722988455729806,0.03891559825635792,10,169654
agriculture,matched,12.5,5.0,0.026345751984639027,0.1,white,0.04350629081986972,4.6312462175358565e-05,0.02631838944481634,4.631246217535815e-05,0.03957458854305486,0.0002718033478300939,48.62197753152389,0.17909051702417156,10,169654
agriculture,matched,12.5,5.0,0.026345751984639027,1.0,correlated,0.03437384604102222,3.63332736535857e-05,0.012241202106459492,3.63332736535854e-05,0.004380392207821994,3.430387233586162e-05,13.637503009675774,0.10441488442919847,10,169654
agriculture,matched,12.5,5.0,0.026345751984639027,1.0,white,0.029657624870167966,5.390507241137321e-05,0.007524980935605233,5.390507241137341e-05,0.05836799705226596,0.00028054410752033576,71.71230061012533,0.12162169352643334,10,169654
agriculture,matched,12.5,10.0,0.013172875992319514,0.0,correlated,0.020933971540604016,8.497648514746616e-06,0.005435404120246247,8.497648514746683e-06,0.0,0.0,0.0,0.0,10,169654
agriculture,matched,12.5,10.0,0.013172875992319514,0.0,white,0.04283823865876928,0.00013095239223878249,0.027339671238411516,0.0001309523922387807,0.0,0.0,0.0,0.0,10,169654
agriculture,matched,12.5,10.0,0.013172875992319514,0.001,correlated,0.02093912483929549,8.399839972058216e-06,0.00543064404596932,8.399839972057977e-06,4.760074276926457e-06,6.54231916558902e-07,0.022738304776451595,0.003123005058317632,10,169654
agriculture,matched,12.5,10.0,0.013172875992319514,0.001,white,0.04208312125759077,0.00012242203906911637,0.026574640464264603,0.0001224220390691154,0.0007650307741469131,9.863777543369138e-06,1.7858190423780473,0.018476601501978756,10,169654
agriculture,matched,12.5,10.0,0.013172875992319514,0.01,correlated,0.021016308211564933,8.582724727283502e-06,0.005381573755116447,8.582724727283245e-06,5.383036512979916e-05,3.707781871184273e-06,0.25714236155096615,0.017689007974028222,10,169654
agriculture,matched,12.5,10.0,0.013172875992319514,0.01,white,0.03726606605457724,7.777310126969698e-05,0.021631331598128755,7.777310126969727e-05,0.005708339640282762,6.311948671680918e-05,13.325078265217911,0.11166146331836602,10,169654
agriculture,matched,12.5,10.0,0.013172875992319514,0.1,correlated,0.02208470726572261,1.1210610562255227e-05,0.004896805890669241,1.1210610562255076e-05,0.0005385982295770056,8.721800575695248e-06,2.572841098186879,0.041512702096409365,10,169654
agriculture,matched,12.5,10.0,0.013172875992319514,0.1,white,0.026340605479238464,2.6468726628462344e-05,0.0091527041041851,2.6468726628461486e-05,0.01818696713422642,0.00013078366258566863,42.45451616304081,0.18062726339596233,10,169654
agriculture,matched,12.5,10.0,0.013172875992319514,1.0,correlated,0.025741442384726747,2.5651111810329664e-05,0.0036087984501640205,2.5651111810329914e-05,0.0018266056700822254,2.3955137581626925e-05,8.725559756550904,0.11457971317542658,10,169654
agriculture,matched,12.5,10.0,0.013172875992319514,1.0,white,0.02422998043233916,2.426169591784914e-05,0.0020973364977764294,2.426169591784847e-05,0.025242334740635086,0.0001353496016629314,58.92441174256402,0.14278542919161097,10,169654
agriculture,matched,12.5,20.0,0.006586437996159757,0.0,correlated,0.017025038777761105,5.647907484404775e-06,0.0015264713574033334,5.64790748440388e-06,0.0,0.0,0.0,0.0,10,169654
agriculture,matched,12.5,20.0,0.006586437996159757,0.0,white,0.02526259202058383,3.260740009438703e-05,0.00976402460022606,3.2607400094387614e-05,0.0,0.0,0.0,0.0,10,169654
agriculture,matched,12.5,20.0,0.006586437996159757,0.001,correlated,0.017033165635428872,5.449629683964847e-06,0.001524684842102704,5.44962968396421e-06,1.7865153006293988e-06,3.793880383396139e-07,0.01049309518744521,0.002226402961851169,10,169654
agriculture,matched,12.5,20.0,0.006586437996159757,0.001,white,0.024953154303022872,3.027703910453341e-05,0.009444673509696704,3.0277039104533734e-05,0.00031935109052935555,3.5285437696769115e-06,1.2641170640338901,0.012897173690524103,10,169654
agriculture,matched,12.5,20.0,0.006586437996159757,0.01,correlated,0.01714225484702032,4.861361126075314e-06,0.0015075203905718364,4.8613611260765264e-06,1.8950966831497024e-05,2.1355598878026677e-06,0.11131034702607176,0.012523254434387874,10,169654
agriculture,matched,12.5,20.0,0.006586437996159757,0.01,white,0.023043499349314135,2.0155693540759395e-05,0.007408764892865652,2.015569354075923e-05,0.0023552597073604074,2.3254549266224224e-05,9.323041351019999,0.08289138522572127,10,169654
agriculture,matched,12.5,20.0,0.006586437996159757,0.1,correlated,0.018537764918898882,5.946574360518612e-06,0.0013498635438455135,5.9465743605190424e-06,0.00017660781355781987,4.723037922884948e-06,1.0373388008001956,0.027618217568178415,10,169654
agriculture,matched,12.5,20.0,0.006586437996159757,0.1,white,0.019884699594507296,1.946206482629385e-05,0.002696798219453928,1.946206482629323e-05,0.007067226380772132,4.430269276251099e-05,27.974919655258752,0.14304285031982067,10,169654
agriculture,matched,12.5,20.0,0.006586437996159757,1.0,correlated,0.023097647831162305,1.2425491262587771e-05,0.0009650038965995734,1.2425491262588395e-05,0.0005614674608037599,1.1936706897589937e-05,3.2978896295423743,0.06994552172039116,10,169654
agriculture,matched,12.5,20.0,0.006586437996159757,1.0,white,0.02267503471913291,1.1724076221147422e-05,0.0005423907845701799,1.1724076221147539e-05,0.00922163381565588,3.601399220808332e-05,36.50301614972729,0.09916887059409192,10,169654
agriculture,matched,12.5,50.0,0.0026345751984639025,0.0,correlated,0.015751945542130746,1.7086791811772156e-06,0.00025337812177297843,1.7086791811769568e-06,0.0,0.0,0.0,0.0,10,169654
agriculture,matched,12.5,50.0,0.0026345751984639025,0.0,white,0.01742587449068555,1.3166867297770617e-05,0.0019273070703277814,1.3166867297770927e-05,0.0,0.0,0.0,0.0,10,169654
agriculture,matched,12.5,50.0,0.0026345751984639025,0.001,correlated,0.015761581399518602,1.7255250945670045e-06,0.0002531006061924367,1.725525094566616e-06,2.775155805417179e-07,1.2513497154466928e-07,0.0017617937271942243,0.0007943870632728301,10,169654
agriculture,matched,12.5,50.0,0.0026345751984639025,0.001,white,0.017363099330719157,1.2080438582783409e-05,0.0018546185373929872,1.2080438582783983e-05,7.268853293479413e-05,1.2700487604039646e-06,0.4171258139753705,0.007010306570472468,10,169654
agriculture,matched,12.5,50.0,0.0026345751984639025,0.01,correlated,0.015884920654581747,1.9271280327848745e-06,0.0002501861981332617,1.9271280327842138e-06,3.191923639716751e-06,7.196865329159857e-07,0.020263729047216527,0.004568910684036427,10,169654
agriculture,matched,12.5,50.0,0.0026345751984639025,0.01,white,0.01703714979153454,7.387771084670574e-06,0.001402415335086059,7.3877710846704464e-06,0.0005248917352417226,7.76952063255164e-06,3.0121150120139406,0.04257444564454425,10,169654
agriculture,matched,12.5,50.0,0.0026345751984639025,0.1,correlated,0.01740985628941729,2.646362787020697e-06,0.00022195491436392302,2.6463627870212863e-06,3.1423207409055426e-05,1.7997922690134843e-06,0.19948794119090546,0.01142864735618148,10,169654
agriculture,matched,12.5,50.0,0.0026345751984639025,0.1,white,0.01764762968837602,6.1419490015487204e-06,0.00045972831332265066,6.141949001548834e-06,0.0014675787570051307,1.4996676127684617e-05,8.421787989239409,0.08025480435485777,10,169654
agriculture,matched,12.5,50.0,0.0026345751984639025,1.0,correlated,0.022287387805883074,5.172906942651418e-06,0.00015474387132034424,5.172906942651028e-06,9.86342504526342e-05,4.6615239155547776e-06,0.6261722495734785,0.029602293876672386,10,169654
agriculture,matched,12.5,50.0,0.0026345751984639025,1.0,white,0.0222222425409226,7.3289636757409345e-06,8.959860635987215e-05,7.3289636757412395e-06,0.0018377084639679092,1.578573466791991e-05,10.54581156241446,0.08357914226426227,10,169654
agriculture,matched,12.5,100.0,0.0013172875992319513,0.0,correlated,0.015562079438319975,1.4103402885009413e-06,6.351201796220805e-05,1.4103402885009303e-06,0.0,0.0,0.0,0.0,10,169654
agriculture,matched,12.5,100.0,0.0013172875992319513,0.0,white,0.015995743412981385,5.574067077524829e-06,0.0004971759926236163,5.574067077525332e-06,0.0,0.0,0.0,0.0,10,169654
agriculture,matched,12.5,100.0,0.0013172875992319513,0.001,correlated,0.015571929916082458,1.3216531436165957e-06,6.344912275628948e-05,1.3216531436166954e-06,6.289520591857417e-08,1.0566082725902915e-07,0.0004041097301106596,0.0006789367314022308,10,169654
agriculture,matched,12.5,100.0,0.0013172875992319513,0.001,white,0.015986975086734197,5.502301092208188e-06,0.00047849429340802616,5.502301092209165e-06,1.8681699215590195e-05,3.4828727496829134e-07,0.11679154254499287,0.002168098024287514,10,169654
agriculture,matched,12.5,100.0,0.0013172875992319513,0.01,correlated,0.01569748408230539,9.627412939324478e-07,6.27496258569081e-05,9.62741293932566e-07,7.6239210529995e-07,5.741732661973215e-07,0.004898778891344972,0.003689224567782033,10,169654
agriculture,matched,12.5,100.0,0.0013172875992319513,0.01,white,0.01599650175765575,5.466416209460892e-06,0.0003617673012072678,5.466416209461398e-06,0.00013540869141634855,1.9308531734768383e-06,0.8465287567683664,0.012006727404260894,10,169654
agriculture,matched,12.5,100.0,0.0013172875992319513,0.1,correlated,0.017243569853221043,7.968828081111961e-07,5.5668478167675285e-05,7.96882808111683e-07,7.84353979453277e-06,8.283498217378119e-07,0.050401239024118485,0.005319176297624523,10,169654
agriculture,matched,12.5,100.0,0.0013172875992319513,0.1,white,0.017305622821318763,4.627499291147857e-06,0.0001177214462653925,4.627499291148424e-06,0.00037945454635822384,2.5098463843665148e-06,2.3722194650312183,0.015236484377952284,10,169654
agriculture,matched,12.5,100.0,0.0013172875992319513,1.0,correlated,0.022171345655736748,1.3684956662566642e-06,3.870172117402017e-05,1.3684956662572937e-06,2.4810296788187886e-05,1.0993900858467807e-06,0.15942765715202567,0.007058888531293345,10,169654
agriculture,matched,12.5,100.0,0.0013172875992319513,1.0,white,0.022155273156841817,2.656464061019019e-06,2.2629222279088937e-05,2.6564640610192716e-06,0.0004745467703445274,4.2160789275618984e-06,2.9666995405519185,0.025448493142784936,10,169654
agriculture,matched,12.5,inf,0.0,0.0,none,0.015498567420357769,0.0,0.0,0.0,0.0,0.0,0.0,0.0,1,169654
agriculture,matched,12.5,inf,0.0,0.001,none,0.015508480793326168,0.0,0.0,0.0,0.0,0.0,0.0,0.0,1,169654
agriculture,matched,12.5,inf,0.0,0.01,none,0.015634734456448484,0.0,0.0,0.0,0.0,0.0,0.0,0.0,1,169654
agriculture,matched,12.5,inf,0.0,0.1,none,0.01718790137505337,0.0,0.0,0.0,0.0,0.0,0.0,0.0,1,169654
agriculture,matched,12.5,inf,0.0,1.0,none,0.02213264393456273,0.0,0.0,0.0,0.0,0.0,0.0,0.0,1,169654
agriculture,minus50,6.25,5.0,0.026345751984639027,0.0,correlated,0.03473715134959632,4.645091205910359e-05,0.012310210098874636,4.645091205910641e-05,0.0,0.0,0.0,0.0,10,169103
agriculture,minus50,6.25,5.0,0.026345751984639027,0.0,white,0.035742036602463494,0.0002880753081862931,0.013315095351741812,0.0002880753081862936,0.0,0.0,0.0,0.0,10,169103
agriculture,minus50,6.25,5.0,0.026345751984639027,0.001,correlated,0.034701010842852056,4.0049703583009436e-05,0.012292614189377896,4.00497035830086e-05,1.759590949674053e-05,3.1323084030504944e-05,0.050597407218330046,0.09007083286948614,10,169103
agriculture,minus50,6.25,5.0,0.026345751984639027,0.001,white,0.03552500867257437,0.00012409698588423699,0.013116612019100207,0.0001240969858842344,0.00019848333264160453,0.00018575273441938584,0.551781904864634,0.5123244370532424,10,169103
agriculture,minus50,6.25,5.0,0.026345751984639027,0.01,correlated,0.03469296984224695,3.8782735552277814e-05,0.01227380516440387,3.8782735552276486e-05,3.6404934470764955e-05,4.5763974894382394e-05,0.10469905447889268,0.13146957791089897,10,169103
agriculture,minus50,6.25,5.0,0.026345751984639027,0.01,white,0.03540886476234104,5.4399629819950444e-05,0.012989700084497957,5.439962981994996e-05,0.00032539526724385397,0.0002809141692860688,0.9048953630682612,0.7727385438824117,10,169103
agriculture,minus50,6.25,5.0,0.026345751984639027,0.1,correlated,0.034730443051731175,3.945445861218142e-05,0.012198066472954234,3.9454458612180836e-05,0.00011214362592040298,4.6861166713661116e-05,0.3227312655610601,0.13443631375259205,10,169103
agriculture,minus50,6.25,5.0,0.026345751984639027,0.1,white,0.035080730115158644,5.521037492213667e-05,0.012548353536381701,5.5210374922137907e-05,0.000766741815360112,0.0002871452873251001,2.1396575717921706,0.7802547439260834,10,169103
agriculture,minus50,6.25,5.0,0.026345751984639027,1.0,correlated,0.034927411895871764,4.146352891183496e-05,0.011843404876564817,4.1463528911835505e-05,0.00046680522230981914,4.821240898171751e-05,1.3437205929424274,0.1375098227380106,10,169103
agriculture,minus50,6.25,5.0,0.026345751984639027,1.0,white,0.03381298408689892,5.622036896181828e-05,0.010728977067591974,5.622036896181765e-05,0.0025861182841498366,0.0002890568470015806,7.2302176361663255,0.7456069637677145,10,169103
agriculture,minus50,6.25,10.0,0.013172875992319514,0.0,correlated,0.0260667973553861,2.6825025948693062e-05,0.0036398561046644172,2.6825025948693608e-05,0.0,0.0,0.0,0.0,10,169103
agriculture,minus50,6.25,10.0,0.013172875992319514,0.0,white,0.02634883287714394,7.023613997825361e-05,0.003921891626422259,7.023613997825313e-05,0.0,0.0,0.0,0.0,10,169103
agriculture,minus50,6.25,10.0,0.013172875992319514,0.001,correlated,0.026032957614803683,1.2869877854286433e-05,0.0036245609613295205,1.2869877854286787e-05,1.529514333489697e-05,2.1484302782669583e-05,0.05860959063329002,0.08230588603479624,10,169103
agriculture,minus50,6.25,10.0,0.013172875992319514,0.001,white,0.026294054425727298,3.96303537707004e-05,0.0038856577722531384,3.96303537706998e-05,3.623385416912026e-05,4.501542438229459e-05,0.13716935892881338,0.1699262093995593,10,169103
agriculture,minus50,6.25,10.0,0.013172875992319514,0.01,correlated,0.02603574370573964,1.0839085567691066e-05,0.0036165790278965574,1.0839085567691127e-05,2.3277076767859452e-05,2.6475004459370827e-05,0.08921167672786226,0.10138964039522988,10,169103
agriculture,minus50,6.25,10.0,0.013172875992319514,0.01,white,0.026269332190506634,3.005189066269909e-05,0.0038501675126635495,3.0051890662699508e-05,7.172411375870949e-05,6.02361283087374e-05,0.27171781796325256,0.22697329810741826,10,169103
agriculture,minus50,6.25,10.0,0.013172875992319514,0.1,correlated,0.026121402778710508,1.1297786671442233e-05,0.0035890261999335623,1.1297786671442852e-05,5.082990473085497e-05,2.676189464883597e-05,0.1949122953547507,0.10239165621288424,10,169103
agriculture,minus50,6.25,10.0,0.013172875992319514,0.1,white,0.02623197746543694,2.944500286689367e-05,0.003699600886659999,2.9445002866893284e-05,0.00022229073976225976,6.098066531716594e-05,0.8431489603779143,0.2284026265212987,10,169103
agriculture,minus50,6.25,10.0,0.013172875992319514,1.0,correlated,0.02654500696062751,1.3710039104358405e-05,0.0034609999413205634,1.371003910435847e-05,0.00017885616334385387,2.6780856662638885e-05,0.6860635549740043,0.10204669347361696,10,169103
agriculture,minus50,6.25,10.0,0.013172875992319514,1.0,white,0.026174924650984505,2.8260413612160798e-05,0.003090917631677557,2.826041361216102e-05,0.0008309739947447017,6.123475063015001e-05,3.153252939606154,0.22374399160873312,10,169103
agriculture,minus50,6.25,20.0,0.006586437996159757,0.0,correlated,0.023404530248634474,1.8851966970471532e-05,0.000977588997912792,1.885196697047076e-05,0.0,0.0,0.0,0.0,10,169103
agriculture,minus50,6.25,20.0,0.006586437996159757,0.0,white,0.023473096364758604,4.3097913586827145e-05,0.001046155114036925,4.309791358682693e-05,0.0,0.0,0.0,0.0,10,169103
agriculture,minus50,6.25,20.0,0.006586437996159757,0.001,correlated,0.02337446467387217,1.154075644052843e-05,0.0009660680203980091,1.1540756440527973e-05,1.152097751478294e-05,1.2258889800772497e-05,0.04919483169488895,0.052357469114778295,10,169103
agriculture,minus50,6.25,20.0,0.006586437996159757,0.001,white,0.02344595882325556,2.1035351509917457e-05,0.0010375621697814009,2.1035351509916793e-05,8.592944255524093e-06,2.6754318753705903e-05,0.03643403773694949,0.11373596669659188,10,169103
agriculture,minus50,6.25,20.0,0.006586437996159757,0.01,correlated,0.02338265691685896,1.1447263158685202e-05,0.0009634922390158781,1.144726315868544e-05,1.409675889691396e-05,1.315220166407926e-05,0.0601982776341486,0.056168346543061715,10,169103
agriculture,minus50,6.25,20.0,0.006586437996159757,0.01,white,0.023443369392566728,1.4460486129560138e-05,0.001024204714723644,1.4460486129560572e-05,2.1950399313281146e-05,3.785263785824162e-05,0.09326214177410289,0.16080607491532847,10,169103
agriculture,minus50,6.25,20.0,0.006586437996159757,0.1,correlated,0.023488086594409516,1.1596407831752865e-05,0.0009557100156325719,1.1596407831753154e-05,2.1878982280220186e-05,1.3252618179291034e-05,0.09344928890810775,0.056576350249569377,10,169103
agriculture,minus50,6.25,20.0,0.006586437996159757,0.1,white,0.023513667385396373,1.426452487493038e-05,0.0009812908066194285,1.4264524874930626e-05,6.486430741749656e-05,3.8329212259896995e-05,0.27608095496383733,0.16251345366805475,10,169103
agriculture,minus50,6.25,20.0,0.006586437996159757,1.0,correlated,0.02400359608346711,1.2296037981348529e-05,0.0009195890641601663,1.2296037981349235e-05,5.799993375262581e-05,1.3842042482898312e-05,0.2477826009941293,0.05900274799486365,10,169103
agriculture,minus50,6.25,20.0,0.006586437996159757,1.0,white,0.023895109054165007,1.3876998178125586e-05,0.0008111020348580619,1.3876998178124887e-05,0.0002350530791788631,3.797428052241405e-05,1.001122060447161,0.15973715069811173,10,169103
agriculture,minus50,6.25,50.0,0.0026345751984639025,0.0,correlated,0.022583586589668053,3.358130667849398e-06,0.00015664533894637137,3.35813066784979e-06,0.0,0.0,0.0,0.0,10,169103
agriculture,minus50,6.25,50.0,0.0026345751984639025,0.0,white,0.022601963625236234,1.5887889449756115e-05,0.00017502237451454995,1.5887889449756044e-05,0.0,0.0,0.0,0.0,10,169103
agriculture,minus50,6.25,50.0,0.0026345751984639025,0.001,correlated,0.022564205050678403,4.186890117425475e-06,0.0001558083972042445,4.186890117425641e-06,8.369417421268815e-07,3.895858395761308e-06,0.003705186517905264,0.01724831536798685,10,169103
agriculture,minus50,6.25,50.0,0.0026345751984639025,0.001,white,0.022579952756663173,7.3817452397564185e-06,0.00017155610318901233,7.381745239756679e-06,3.4662713255376175e-06,1.0688423697339486e-05,0.015308664069040762,0.04727224080826061,10,169103
agriculture,minus50,6.25,50.0,0.0026345751984639025,0.01,correlated,0.022574693427806693,4.413388608584758e-06,0.00015552874996361022,4.4133886085847595e-06,1.116588982761138e-06,4.269759661742923e-06,0.004943365546427045,0.018903570000193846,10,169103
agriculture,minus50,6.25,50.0,0.0026345751984639025,0.01,white,0.022588849654367554,6.989856094997141e-06,0.00016968497652447323,6.9898560949970255e-06,5.337397990076709e-06,1.1638827860350126e-05,0.023584904520348778,0.051473051110416,10,169103
agriculture,minus50,6.25,50.0,0.0026345751984639025,0.1,correlated,0.022686568106157014,4.507268988100344e-06,0.00015419152738007264,4.507268988100178e-06,2.4538115662987163e-06,4.314806087212436e-06,0.010864619842322062,0.019102849120228218,10,169103
agriculture,minus50,6.25,50.0,0.0026345751984639025,0.1,white,0.022694955033548226,7.017770355878367e-06,0.00016257845477128386,7.01777035587783e-06,1.2443919743266098e-05,1.1651106628204297e-05,0.055026982481271434,0.05150696503537418,10,169103
agriculture,minus50,6.25,50.0,0.0026345751984639025,1.0,correlated,0.02323203221941803,4.9254404504030796e-06,0.00014802520011108385,4.925440450403087e-06,8.620138835287519e-06,4.554864680016545e-06,0.03816924452652935,0.020165268351716923,10,169103
agriculture,minus50,6.25,50.0,0.0026345751984639025,1.0,white,0.02321828292725491,7.077820969017958e-06,0.0001342759079479672,7.077820969019083e-06,4.074646656658278e-05,1.1720417183400092e-05,0.18024859850631408,0.05173243460205901,10,169103
agriculture,minus50,6.25,100.0,0.0013172875992319513,0.0,correlated,0.022465520659664166,4.569130700404721e-06,3.857940894248409e-05,4.5691307004044514e-06,0.0,0.0,0.0,0.0,10,169103
agriculture,minus50,6.25,100.0,0.0013172875992319513,0.0,white,0.022467631567299372,5.566135376715369e-06,4.0690316577690276e-05,5.5661353767158466e-06,0.0,0.0,0.0,0.0,10,169103
agriculture,minus50,6.25,100.0,0.0013172875992319513,0.001,correlated,0.022447242549775082,1.335637701400449e-06,3.884589630092222e-05,1.3356377014006223e-06,-2.664873584381361e-07,3.465338247877386e-06,-0.0011889792100811482,0.015425620223427961,10,169103
agriculture,minus50,6.25,100.0,0.0013172875992319513,0.001,white,0.022451482219622097,3.0624842514489627e-06,4.308556614793513e-05,3.062484251450371e-06,-2.3952495702448535e-06,4.079807978356058e-06,-0.01066429994336512,0.01815820744495064,10,169103
agriculture,minus50,6.25,100.0,0.0013172875992319513,0.01,correlated,0.022457960945265663,1.0473179600350473e-06,3.8796267422578845e-05,1.0473179600345541e-06,-2.1685848009475595e-07,3.8117132160611252e-06,-0.0009683538865331087,0.016967398464371668,10,169103
agriculture,minus50,6.25,100.0,0.0013172875992319513,0.01,white,0.022462133524868123,2.957414236009714e-06,4.2968847025040906e-05,2.9574142360094277e-06,-2.2785304473506296e-06,4.588561581037695e-06,-0.010145250344069321,0.02042210159324293,10,169103
agriculture,minus50,6.25,100.0,0.0013172875992319513,0.1,correlated,0.022570826488510054,1.0460392685987836e-06,3.844990973311153e-05,1.0460392685984743e-06,1.2949920937255223e-07,3.7984262285911314e-06,0.0005733850230040941,0.01690798821066325,10,169103
agriculture,minus50,6.25,100.0,0.0013172875992319513,0.1,white,0.022573527396588175,2.920673170736169e-06,4.1150817811232834e-05,2.920673170736597e-06,-4.6050123354256235e-07,4.619940391926661e-06,-0.0020535242621113866,0.02056000404736697,10,169103
agriculture,minus50,6.25,100.0,0.0013172875992319513,1.0,correlated,0.023120863879816288,1.0631424250961345e-06,3.6856860509343686e-05,1.0631424250959122e-06,1.7225484331404028e-06,3.7358822484853135e-06,0.007664515755633069,0.016628392772776005,10,169103
agriculture,minus50,6.25,100.0,0.0013172875992319513,1.0,white,0.02311792218684027,2.7425816557103416e-06,3.391516753332539e-05,2.742581655709093e-06,6.775149044364881e-06,4.71261087924386e-06,0.030151085913272525,0.020965315906038375,10,169103
agriculture,minus50,6.25,inf,0.0,0.0,none,0.022426941250721682,0.0,0.0,0.0,0.0,0.0,0.0,0.0,1,169103
agriculture,minus50,6.25,inf,0.0,0.001,none,0.02240839665347416,0.0,0.0,0.0,0.0,0.0,0.0,0.0,1,169103
agriculture,minus50,6.25,inf,0.0,0.01,none,0.022419164677843082,0.0,0.0,0.0,0.0,0.0,0.0,0.0,1,169103
agriculture,minus50,6.25,inf,0.0,0.1,none,0.022532376578776943,0.0,0.0,0.0,0.0,0.0,0.0,0.0,1,169103
agriculture,minus50,6.25,inf,0.0,1.0,none,0.023084007019306945,0.0,0.0,0.0,0.0,0.0,0.0,0.0,1,169103
agriculture,plus50,18.75,5.0,0.026345751984639027,0.0,correlated,0.04481939864830705,5.498464593228052e-05,0.012183676247248471,5.498464593228073e-05,0.0,0.0,0.0,0.0,10,169654
agriculture,plus50,18.75,5.0,0.026345751984639027,0.0,white,0.17604634398949962,0.0006734195229981116,0.14341062158844103,0.0006734195229981204,0.0,0.0,0.0,0.0,10,169654
agriculture,plus50,18.75,5.0,0.026345751984639027,0.001,correlated,0.04348085854701447,5.4609263896218285e-05,0.01271638216885448,5.460926389621894e-05,-0.0005327059216060123,2.4909934220800993e-06,-1.1885637328715675,0.005982170624278456,10,169654
agriculture,plus50,18.75,5.0,0.026345751984639027,0.001,white,0.158571790031006,0.0005247079420369475,0.127807313652846,0.0005247079420369475,0.015603307935595024,0.00017315048285372194,8.862996475635548,0.06976372049356304,10,169654
agriculture,plus50,18.75,5.0,0.026345751984639027,0.01,correlated,0.03792161340059014,5.3498686317969655e-05,0.015560837231739214,5.349868631796992e-05,-0.003377160984490743,1.1232107486510557e-05,-7.535059685449866,0.02864036219327918,10,169654
agriculture,plus50,18.75,5.0,0.026345751984639027,0.01,white,0.09100650338474577,0.00021418904818280547,0.06864572721589482,0.00021418904818280306,0.0747648943725462,0.0006148475279443802,42.46828897879205,0.201783565503698,10,169654
agriculture,plus50,18.75,5.0,0.026345751984639027,0.1,correlated,0.03481429784110454,3.39601089152653e-05,0.016272618816992927,3.396010891526455e-05,-0.00408894256974446,2.7057945643291447e-05,-9.123224209456703,0.0703526455025675,10,169654
agriculture,plus50,18.75,5.0,0.026345751984639027,0.1,white,0.036021718178189104,4.660441195463767e-05,0.017480039154077493,4.660441195463693e-05,0.12593058243436356,0.0006759725156927527,71.53225412795283,0.11279433502276844,10,169654
agriculture,plus50,18.75,5.0,0.026345751984639027,1.0,correlated,0.03615330591532372,3.933727386183112e-05,0.011001794688518427,3.9337273861830186e-05,0.0011818815587300428,7.898376131030858e-05,2.636817405841557,0.17336713316849564,10,169654
agriculture,plus50,18.75,5.0,0.026345751984639027,1.0,white,0.0285205555316334,5.2859031591901495e-05,0.003369044304828104,5.285903159190157e-05,0.14004157728361294,0.0006932016734823973,79.54782652780621,0.09301867268162142,10,169654
agriculture,plus50,18.75,10.0,0.013172875992319514,0.0,correlated,0.036098656580888365,4.550261898843485e-05,0.0034629341798297873,4.550261898843739e-05,0.0,0.0,0.0,0.0,10,169654
agriculture,plus50,18.75,10.0,0.013172875992319514,0.0,white,0.08846865838244825,0.00029121646084448016,0.05583293598138965,0.0002912164608444831,0.0,0.0,0.0,0.0,10,169654
agriculture,plus50,18.75,10.0,0.013172875992319514,0.001,correlated,0.03441015542523251,3.82456595960688e-05,0.003645679047072516,3.8245659596066104e-05,-0.0001827448672427283,9.575819600772668e-06,-0.5062621725250132,0.02701588838217015,10,169654
agriculture,plus50,18.75,10.0,0.013172875992319514,0.001,white,0.08073796822413339,0.00024016802306533783,0.04997349184597339,0.00024016802306533897,0.005859444135416265,5.578859121773402e-05,6.623077247552236,0.043475140705054025,10,169654
agriculture,plus50,18.75,10.0,0.013172875992319514,0.01,correlated,0.027107727675768894,2.910902961077678e-05,0.0047469515069179695,2.910902961077678e-05,-0.001284017327088182,3.591817316029954e-05,-3.557058897454188,0.10288966325139134,10,169654
agriculture,plus50,18.75,10.0,0.013172875992319514,0.01,white,0.049019206899381045,8.079340578390295e-05,0.02665843073053012,8.079340578390287e-05,0.029174505250859534,0.00024365667666692643,32.97675194038884,0.17207689974178006,10,169654
agriculture,plus50,18.75,10.0,0.013172875992319514,0.1,correlated,0.02368549133996248,1.815866392904651e-05,0.005143812315850868,1.8158663929046873e-05,-0.0016808781360210805,3.764226205139105e-05,-4.656461070046233,0.10965404290502159,10,169654
agriculture,plus50,18.75,10.0,0.013172875992319514,0.1,white,0.024107803811621684,4.0177221700855575e-05,0.00556612478751007,4.017722170085558e-05,0.05026681119387959,0.0003220907668869508,56.81825871967978,0.17815639405688863,10,169654
agriculture,plus50,18.75,10.0,0.013172875992319514,1.0,correlated,0.028302010007378225,2.712837314628708e-05,0.0031504987805729286,2.712837314628728e-05,0.0003124353992568586,5.947105832678427e-05,0.8653372462681708,0.16376121244588504,10,169654
agriculture,plus50,18.75,10.0,0.013172875992319514,1.0,white,0.02603952735084955,1.852912995137315e-05,0.0008880161240442535,1.8529129951373503e-05,0.0549449198573454,0.0002894491186507606,62.106288861099394,0.12354092154823915,10,169654
agriculture,plus50,18.75,20.0,0.006586437996159757,0.0,correlated,0.03353456080406168,1.620134753535159e-05,0.0008988384030031015,1.6201347535350907e-05,0.0,0.0,0.0,0.0,10,169654
agriculture,plus50,18.75,20.0,0.006586437996159757,0.0,white,0.05071077471104814,0.00012816487344274687,0.01807505230998956,0.0001281648734427469,0.0,0.0,0.0,0.0,10,169654
agriculture,plus50,18.75,20.0,0.006586437996159757,0.001,correlated,0.03171356307103186,1.443600110499318e-05,0.0009490866928718679,1.4436001104993633e-05,-5.024828986876645e-05,3.77583487956845e-06,-0.1498430758846746,0.011297061524866508,10,169654
agriculture,plus50,18.75,20.0,0.006586437996159757,0.001,white,0.04703756875847017,0.0001158569994990431,0.01627309238031018,0.00011585699949904269,0.0018019599296793787,2.823680695787842e-05,3.553360399349336,0.05153943010162173,10,169654
agriculture,plus50,18.75,20.0,0.006586437996159757,0.01,correlated,0.023630839937974026,1.5256883022502299e-05,0.001270063769123101,1.525688302250182e-05,-0.00037122536611999964,1.4450724328555704e-05,-1.1070031499167456,0.04335403514202585,10,169654
agriculture,plus50,18.75,20.0,0.006586437996159757,0.01,white,0.0310365779548299,9.021316333271289e-05,0.00867580178597897,9.021316333271222e-05,0.009399250524010586,0.0001057606409232386,18.534782582253648,0.1778681152166062,10,169654
agriculture,plus50,18.75,20.0,0.006586437996159757,0.1,correlated,0.01994780160246981,9.780324558483185e-06,0.0014061225783581963,9.780324558483296e-06,-0.0005072841753550949,1.4891799935543422e-05,-1.5127363662912685,0.044987674830304164,10,169654
agriculture,plus50,18.75,20.0,0.006586437996159757,0.1,white,0.020082561419220993,1.1285352008765923e-05,0.0015408823951093783,1.1285352008765814e-05,0.01653416991488018,0.0001257985143256707,32.604471173382585,0.16608213831680532,10,169654
agriculture,plus50,18.75,20.0,0.006586437996159757,1.0,correlated,0.025985373796826954,1.2415868545541295e-05,0.000833862570021655,1.2415868545542703e-05,6.497583298144643e-05,2.4453034045177567e-05,0.19372958718024483,0.07285615478195429,10,169654
agriculture,plus50,18.75,20.0,0.006586437996159757,1.0,white,0.025373824435620352,7.819109482532473e-06,0.00022231320881505278,7.819109482531847e-06,0.017852739101174506,0.0001306397249810414,35.20463872985038,0.16890268395628988,10,169654
agriculture,plus50,18.75,50.0,0.0026345751984639025,0.0,correlated,0.03278481940985891,1.0875350443844442e-05,0.0001490970088003335,1.087535044384313e-05,0.0,0.0,0.0,0.0,10,169654
agriculture,plus50,18.75,50.0,0.0026345751984639025,0.0,white,0.03588901075009258,7.357197733179234e-05,0.003253288349033994,7.357197733179166e-05,0.0,0.0,0.0,0.0,10,169654
agriculture,plus50,18.75,50.0,0.0026345751984639025,0.001,correlated,0.030921164709174186,9.178705844503417e-06,0.00015668833101419277,9.17870584450274e-06,-7.591322213859261e-06,2.3017258586130934e-06,-0.023156640260407223,0.007026338596616408,10,169654
agriculture,plus50,18.75,50.0,0.0026345751984639025,0.001,white,0.033700240271853685,6.160944601077081e-05,0.002935763893693688,6.160944601077078e-05,0.000317524455340306,1.3930436256798807e-05,0.8846801945896111,0.03714387075687971,10,169654
agriculture,plus50,18.75,50.0,0.0026345751984639025,0.01,correlated,0.022570030153477173,7.4820989096176345e-06,0.0002092539846262502,7.482098909617552e-06,-6.01569758259167e-05,8.38581119850035e-06,-0.1834959076783001,0.0256209123737325,10,169654
agriculture,plus50,18.75,50.0,0.0026345751984639025,0.01,white,0.023913947590395834,2.7914292252037282e-05,0.0015531714215449095,2.7914292252037218e-05,0.0017001169274890847,5.824722202234439e-05,4.73688947269102,0.15303776858834536,10,169654
agriculture,plus50,18.75,50.0,0.0026345751984639025,0.1,correlated,0.0187743227353109,4.9592911687754945e-06,0.00023264371119928565,4.95929116877557e-06,-8.354670239895217e-05,8.761232491764415e-06,-0.2548406595715641,0.026797866094089597,10,169654
agriculture,plus50,18.75,50.0,0.0026345751984639025,0.1,white,0.018794576687159253,4.308626647396508e-06,0.00025289766304764026,4.308626647396856e-06,0.003000390685986354,7.39015370788906e-05,8.35984555351796,0.1888929440717828,10,169654
agriculture,plus50,18.75,50.0,0.0026345751984639025,1.0,correlated,0.025284074795372608,4.657393079286641e-06,0.00013256356856730794,4.657393079287068e-06,1.6533440233025553e-05,1.4727221190681199e-05,0.050417051062904575,0.04490538178924592,10,169654
agriculture,plus50,18.75,50.0,0.0026345751984639025,1.0,white,0.02518931222558061,6.814361430598539e-06,3.780099877531383e-05,6.8143614305984e-06,0.0032154873502586805,7.550431795344278e-05,8.95917891226581,0.19221025835572464,10,169654
agriculture,plus50,18.75,100.0,0.0013172875992319513,0.0,correlated,0.03267471476796104,4.584021039924221e-06,3.899236690246416e-05,4.584021039924064e-06,0.0,0.0,0.0,0.0,10,169654
agriculture,plus50,18.75,100.0,0.0013172875992319513,0.0,white,0.03345783592784699,1.6730857873542932e-05,0.0008221135267884102,1.673085787354162e-05,0.0,0.0,0.0,0.0,10,169654
agriculture,plus50,18.75,100.0,0.0013172875992319513,0.001,correlated,0.030804952140666263,3.419889636483816e-06,4.047576250627433e-05,3.4198896364840558e-06,-1.483395603810167e-06,1.31140829299775e-06,-0.004540353733282093,0.004013981323966625,10,169654
agriculture,plus50,18.75,100.0,0.0013172875992319513,0.001,white,0.03150886063795065,1.4731900968793102e-05,0.0007443842597906591,1.4731900968793432e-05,7.772926699775099e-05,3.3630485911048695e-06,0.23231713747263233,0.009974292944982012,10,169654
agriculture,plus50,18.75,100.0,0.0013172875992319513,0.01,correlated,0.022413539482869112,1.9586720800200403e-06,5.2763314018187954e-05,1.9586720800190455e-06,-1.3770947115723797e-05,4.7463054676086646e-06,-0.04214725131385435,0.0145309343874421,10,169654
agriculture,plus50,18.75,100.0,0.0013172875992319513,0.01,white,0.02276033637842554,9.975112057441682e-06,0.0003995602095746134,9.975112057441473e-06,0.0004225533172137967,1.6138539368408583e-05,1.2629253256794026,0.04771562378317709,10,169654
agriculture,plus50,18.75,100.0,0.0013172875992319513,0.1,correlated,0.018600654853958284,1.1799442957781948e-06,5.897582984666951e-05,1.1799442957790035e-06,-1.9983462944205345e-05,4.458315912808765e-06,-0.06116046421323416,0.013652078921553193,10,169654
agriculture,plus50,18.75,100.0,0.0013172875992319513,0.1,white,0.01860618949400031,3.1233415477252506e-06,6.451046988869628e-05,3.1233415477247276e-06,0.0007576030568997138,1.9287742966344216e-05,2.2643263357277332,0.056520048858240524,10,169654
agriculture,plus50,18.75,100.0,0.0013172875992319513,1.0,correlated,0.025184837477322808,1.374096232521023e-06,3.332625051751248e-05,1.3740962325208994e-06,5.6661163849516805e-06,4.979928807607235e-06,0.01733913097769245,0.015237434543221883,10,169654
agriculture,plus50,18.75,100.0,0.0013172875992319513,1.0,white,0.025160752777290473,2.0659084287270576e-06,9.241550485175263e-06,2.065908428726874e-06,0.0008128719763032348,1.6931873092909773e-05,2.4295193432146873,0.049403478057365224,10,169654
agriculture,plus50,18.75,inf,0.0,0.0,none,0.03263572240105858,0.0,0.0,0.0,0.0,0.0,0.0,0.0,1,169654
agriculture,plus50,18.75,inf,0.0,0.001,none,0.030764476378159992,0.0,0.0,0.0,0.0,0.0,0.0,0.0,1,169654
agriculture,plus50,18.75,inf,0.0,0.01,none,0.022360776168850925,0.0,0.0,0.0,0.0,0.0,0.0,0.0,1,169654
agriculture,plus50,18.75,inf,0.0,0.1,none,0.018541679024111614,0.0,0.0,0.0,0.0,0.0,0.0,0.0,1,169654
agriculture,plus50,18.75,inf,0.0,1.0,none,0.025151511226805298,0.0,0.0,0.0,0.0,0.0,0.0,0.0,1,169654
forest,matched,12.5,5.0,0.02254106478833225,0.0,correlated,0.03408632605651007,1.427587057767335e-05,0.009950055939847807,1.4275870577673517e-05,0.0,0.0,0.0,0.0,10,169683
forest,matched,12.5,5.0,0.02254106478833225,0.0,white,0.07246085701536571,0.00010690703439212501,0.04832458689870345,0.00010690703439212445,0.0,0.0,0.0,0.0,10,169683
forest,matched,12.5,5.0,0.02254106478833225,0.001,correlated,0.03410082577119942,1.3835530459573836e-05,0.009939936119696128,1.3835530459571734e-05,1.0119820151680003e-05,7.329047639000483e-07,0.029688301569839176,0.0021418690068610168,10,169683
forest,matched,12.5,5.0,0.02254106478833225,0.001,white,0.07115950472298678,9.67705011363154e-05,0.046998615071483486,9.677050113631372e-05,0.0013259718272199627,1.4197657161913514e-05,1.8298987865910816,0.017673890917083393,10,169683
forest,matched,12.5,5.0,0.02254106478833225,0.01,correlated,0.03426947625088578,1.2195844785828606e-05,0.00983642325508398,1.2195844785828018e-05,0.0001136326847638279,4.195455416087002e-06,0.3333645975289575,0.012220308617856713,10,169683
forest,matched,12.5,5.0,0.02254106478833225,0.01,white,0.06283930024771642,6.770049894461908e-05,0.038406247251914626,6.770049894462085e-05,0.009918339646788824,8.294501230524858e-05,13.687767691929247,0.09970909846647347,10,169683
forest,matched,12.5,5.0,0.02254106478833225,0.1,correlated,0.03597292830583608,1.2439172388322288e-05,0.008943965418551742,1.2439172388322888e-05,0.0010060905212960658,1.0428879121282728e-05,2.951590018635664,0.029951333508391277,10,169683
forest,matched,12.5,5.0,0.02254106478833225,0.1,white,0.043557944270768936,5.1980185040791047e-05,0.016528981383484596,5.198018504079261e-05,0.03179560551521885,0.00011384037711171251,43.879598369269296,0.10375399158261006,10,169683
forest,matched,12.5,5.0,0.02254106478833225,1.0,correlated,0.040471446654480145,3.0448274323901445e-05,0.00684927878566523,3.0448274323901008e-05,0.003100777154182578,3.0328701071789897e-05,9.096829759565628,0.08818906667590068,10,169683
forest,matched,12.5,5.0,0.02254106478833225,1.0,white,0.03761261933292951,2.4914493732680478e-05,0.003990451464114591,2.4914493732681434e-05,0.044334135434588855,0.00010625147768461044,61.1834952834237,0.0624564443421906,10,169683
forest,matched,12.5,10.0,0.011270532394166125,0.0,correlated,0.02696591117990574,8.779690941181506e-06,0.002829641063243477,8.779690941181553e-06,0.0,0.0,0.0,0.0,10,169683
forest,matched,12.5,10.0,0.011270532394166125,0.0,white,0.041750753253037495,0.00010734429545005568,0.017614483136375238,0.00010734429545005393,0.0,0.0,0.0,0.0,10,169683
forest,matched,12.5,10.0,0.011270532394166125,0.001,correlated,0.02698724073756224,8.482489730190584e-06,0.0028263510860589507,8.482489730190406e-06,3.2899771845260745e-06,4.616199109141919e-07,0.012200174919958584,0.0017093603442323102,10,169683
forest,matched,12.5,10.0,0.011270532394166125,0.001,white,0.04120799525646115,0.00010483844280704873,0.017047105604957858,0.00010483844280704693,0.0005673775314173762,4.9100099929676405e-06,1.358957313500447,0.010362307678462945,10,169683
forest,matched,12.5,10.0,0.011270532394166125,0.01,correlated,0.02722435903120638,7.387382266205949e-06,0.0027913060354045824,7.3873822662047885e-06,3.833502783889449e-05,2.455965164615639e-06,0.14215931725657088,0.009077729408901076,10,169683
forest,matched,12.5,10.0,0.011270532394166125,0.01,white,0.03785042398700676,8.770562199998128e-05,0.013417370991204967,8.770562199998039e-05,0.004197112145170269,3.093117147525884e-05,10.052718058994703,0.058325882214697256,10,169683
forest,matched,12.5,10.0,0.011270532394166125,0.1,correlated,0.029517270412331636,7.047153337326726e-06,0.0024883075250472916,7.047153337326143e-06,0.0003413335381961851,4.937391465481951e-06,1.2657933350281867,0.018067998864624797,10,169683
forest,matched,12.5,10.0,0.011270532394166125,0.1,white,0.03196758923251683,4.5852901940473765e-05,0.004938626345232485,4.585290194047392e-05,0.012675856791142751,7.967666744845017e-05,30.36055942144705,0.12269997687069847,10,169683
forest,matched,12.5,10.0,0.011270532394166125,1.0,correlated,0.035452861130442236,1.3560238192077526e-05,0.0018306932616273205,1.3560238192077655e-05,0.0009989478016161565,1.2751006508301212e-05,3.704480666279706,0.047007454934350726,10,169683
forest,matched,12.5,10.0,0.011270532394166125,1.0,white,0.03465542422821795,3.110057122006123e-05,0.001033256359403032,3.1100571220060175e-05,0.016581226776972203,9.733602169179101e-05,39.71451596906647,0.13833809366038288,10,169683
forest,matched,12.5,20.0,0.005635266197083062,0.0,correlated,0.02487556119063043,4.6737164049273855e-06,0.0007392910739681676,4.673716404928096e-06,0.0,0.0,0.0,0.0,10,169683
forest,matched,12.5,20.0,0.005635266197083062,0.0,white,0.029530305008024504,3.649381143573314e-05,0.005394034891362244,3.6493811435733e-05,0.0,0.0,0.0,0.0,10,169683
forest,matched,12.5,20.0,0.005635266197083062,0.001,correlated,0.024899237632238343,4.566392774774667e-06,0.0007383479807350501,4.566392774774899e-06,9.430932331175313e-07,1.875406460386983e-07,0.0037911695102562904,0.0007533742345448157,10,169683
forest,matched,12.5,20.0,0.005635266197083062,0.001,white,0.02935754001405174,3.4208048393392065e-05,0.0051966503625484484,3.420804839339217e-05,0.00019738452881379564,2.6381794084727497e-06,0.668405668691887,0.008215981701224062,10,169683
forest,matched,12.5,20.0,0.005635266197083062,0.01,correlated,0.02516141743969687,4.187474207539172e-06,0.0007283644438950757,4.187474207538946e-06,1.0926630073091955e-05,1.0147927951696262e-06,0.04392477333734949,0.004074181361095496,10,169683
forest,matched,12.5,20.0,0.005635266197083062,0.01,white,0.028391456127704155,2.349680750165842e-05,0.0039584031319023615,2.349680750165802e-05,0.001435631759459883,1.57880229010541e-05,4.861507726337818,0.04815759412375427,10,169683
forest,matched,12.5,20.0,0.005635266197083062,0.1,correlated,0.027672681391010916,4.5696687563902385e-06,0.000643718503726572,4.569668756390478e-06,9.557257024159563e-05,2.1358280647819792e-06,0.3842022805173479,0.008566323474677366,10,169683
forest,matched,12.5,20.0,0.005635266197083062,0.1,white,0.028344833053429587,1.39356625443123e-05,0.0013158701661452432,1.3935662544311929e-05,0.0040781647252170015,3.128054120689309e-05,13.810010066728433,0.09032947012997619,10,169683
forest,matched,12.5,20.0,0.005635266197083062,1.0,correlated,0.03408847714095238,8.943153279300526e-06,0.00046630927213746137,8.943153279300625e-06,0.00027298180183070626,6.662643847064743e-06,1.0973905555351327,0.026831390464076264,10,169683
forest,matched,12.5,20.0,0.005635266197083062,1.0,white,0.03388389370641304,1.0577550229844154e-05,0.0002617258375981174,1.0577550229843722e-05,0.005132309053764127,3.626620062173913e-05,17.379696847263297,0.10240443751816769,10,169683
forest,matched,12.5,50.0,0.002254106478833225,0.0,correlated,0.02425618682127103,1.8502588574196477e-06,0.0001199167046087659,1.8502588574197512e-06,0.0,0.0,0.0,0.0,10,169683
forest,matched,12.5,50.0,0.002254106478833225,0.0,white,0.025062314204698947,1.2096555421178902e-05,0.0009260440880366885,1.2096555421178452e-05,0.0,0.0,0.0,0.0,10,169683
forest,matched,12.5,50.0,0.002254106478833225,0.001,correlated,0.024280648278709065,1.7428334658480126e-06,0.00011975862720577206,1.742833465847652e-06,1.580774029938392e-07,1.2079663556172294e-07,0.0006516686819280612,0.000497906797423129,10,169683
forest,matched,12.5,50.0,0.002254106478833225,0.001,white,0.025051343579397967,1.1719337497112447e-05,0.0008904539278946757,1.1719337497112347e-05,3.559016014201277e-05,7.195884392610224e-07,0.1420060283244572,0.002834848398454102,10,169683
forest,matched,12.5,50.0,0.002254106478833225,0.01,correlated,0.024551160682371703,1.2640645471476647e-06,0.00011810768656990676,1.2640645471483522e-06,1.8090180388591336e-06,6.988547580994807e-07,0.007457788548800122,0.0028803323220872356,10,169683
forest,matched,12.5,50.0,0.002254106478833225,0.01,white,0.025102345539688514,1.023656654631246e-05,0.0006692925438867171,1.0236566546313359e-05,0.00025675154414997144,4.29662640960491e-06,1.0244485748784893,0.016866453648198068,10,169683
forest,matched,12.5,50.0,0.002254106478833225,0.1,correlated,0.0271333254235686,1.0870347020684447e-06,0.0001043625362842561,1.087034702067771e-06,1.55541683245098e-05,1.5946419726975483e-06,0.06412417485069885,0.006569583977846054,10,169683
forest,matched,12.5,50.0,0.002254106478833225,0.1,white,0.027244173779824764,7.243927264799826e-06,0.00021521089254042391,7.243927264799981e-06,0.0007108331954962646,8.683179138286913e-06,2.8362516721899955,0.033558629839308865,10,169683
forest,matched,12.5,50.0,0.002254106478833225,1.0,correlated,0.03369799679617352,2.682760493532323e-06,7.582892735860173e-05,2.682760493532666e-06,4.408777725016417e-05,3.213672725337359e-06,0.18175839521902273,0.013240500287309729,10,169683
forest,matched,12.5,50.0,0.002254106478833225,1.0,white,0.03366470009108906,3.222993615011624e-06,4.253222227414491e-05,3.2229936150103102e-06,0.0008835118657625436,1.1239274227220554e-05,3.525242463144179,0.04320434459581338,10,169683
forest,matched,12.5,100.0,0.0011270532394166124,0.0,correlated,0.024166238870538197,8.640990627396955e-07,2.996875387593391e-05,8.64099062739365e-07,0.0,0.0,0.0,0.0,10,169683
forest,matched,12.5,100.0,0.0011270532394166124,0.0,white,0.024370069884811184,6.164958837732752e-06,0.00023379976814892205,6.1649588377329375e-06,0.0,0.0,0.0,0.0,10,169683
forest,matched,12.5,100.0,0.0011270532394166124,0.001,correlated,0.024190821340169862,8.276500144212307e-07,2.9931688666572782e-05,8.276500144211179e-07,3.7065209361128446e-08,5.721184295264444e-08,0.00015337099169841938,0.00023674004500593123,10,169683
forest,matched,12.5,100.0,0.0011270532394166124,0.001,white,0.024385669742238,5.960533376707197e-06,0.00022478009073470772,5.960533376706906e-06,9.019677414214347e-06,2.970729532633175e-07,0.03701109831853464,0.0012126250195501722,10,169683
forest,matched,12.5,100.0,0.0011270532394166124,0.01,correlated,0.024462592468106274,7.025390930976964e-07,2.9539472304480203e-05,7.025390930969727e-07,4.292815714537074e-07,3.013267658334959e-07,0.0017763424846278422,0.0012468551715183816,10,169683
forest,matched,12.5,100.0,0.0011270532394166124,0.01,white,0.024601688017290253,4.822350153031275e-06,0.00016863502148845786,4.822350153031538e-06,6.516474666046421e-05,2.1302030908738415e-06,0.2673951879450355,0.00869259894721951,10,169683
forest,matched,12.5,100.0,0.0011270532394166124,0.1,correlated,0.027055132952304654,7.513416242244044e-07,2.6170065020314838e-05,7.513416242248084e-07,3.79868885561907e-06,4.274864879890593e-07,0.015718962662608957,0.0017686698969275414,10,169683
forest,matched,12.5,100.0,0.0011270532394166124,0.1,white,0.027082486683326957,3.7440046073970246e-06,5.3523796042611456e-05,3.7440046073967993e-06,0.0001802759721063106,6.364059885690242e-06,0.7397385086367121,0.025962841812556165,10,169683
forest,matched,12.5,100.0,0.0011270532394166124,1.0,correlated,0.03364138103747305,1.4046723433766184e-06,1.9213168658130387e-05,1.404672343378287e-06,1.0755585217803523e-05,7.923565164211336e-07,0.04450670389489226,0.0032794740564000406,10,169683
forest,matched,12.5,100.0,0.0011270532394166124,1.0,white,0.033632812179849605,3.253343157820657e-06,1.0644311034684745e-05,3.253343157820308e-06,0.0002231554571142373,7.510110648399005e-06,0.9156884778172406,0.0306105193439962,10,169683
forest,matched,12.5,inf,0.0,0.0,none,0.02413627011666226,0.0,0.0,0.0,0.0,0.0,0.0,0.0,1,169683
forest,matched,12.5,inf,0.0,0.001,none,0.02416088965150329,0.0,0.0,0.0,0.0,0.0,0.0,0.0,1,169683
forest,matched,12.5,inf,0.0,0.01,none,0.024433052995801795,0.0,0.0,0.0,0.0,0.0,0.0,0.0,1,169683
forest,matched,12.5,inf,0.0,0.1,none,0.027028962887284343,0.0,0.0,0.0,0.0,0.0,0.0,0.0,1,169683
forest,matched,12.5,inf,0.0,1.0,none,0.03362216786881492,0.0,0.0,0.0,0.0,0.0,0.0,0.0,1,169683
forest,minus50,6.25,5.0,0.02254106478833225,0.0,correlated,0.04034996473000894,3.427730823854754e-05,0.0069877586277528325,3.427730823854704e-05,0.0,0.0,0.0,0.0,10,169139
forest,minus50,6.25,5.0,0.02254106478833225,0.0,white,0.0408877121239294,0.00014253228335966414,0.007525506021673295,0.00014253228335966357,0.0,0.0,0.0,0.0,10,169139
forest,minus50,6.25,5.0,0.02254106478833225,0.001,correlated,0.04033655155041923,3.110066229962346e-05,0.0069870852756095305,3.1100662299623995e-05,6.733521433009704e-07,4.995852837659985e-06,0.001662352728245793,0.012378933859737054,10,169139
forest,minus50,6.25,5.0,0.02254106478833225,0.001,white,0.04084277494733921,0.00010243795368012754,0.007493308672529511,0.00010243795368012824,3.219734914378381e-05,4.752795662736762e-05,0.0784224225497692,0.11557534865195421,10,169139
forest,minus50,6.25,5.0,0.02254106478833225,0.01,correlated,0.04029556482217238,2.0741257991724826e-05,0.006983001221619631,2.0741257991722986e-05,4.757406133201747e-06,2.380457588463941e-05,0.011754128180561823,0.05897991237717157,10,169139
forest,minus50,6.25,5.0,0.02254106478833225,0.01,white,0.04074060113746444,5.328831127046675e-05,0.007428037536911687,5.328831127046761e-05,9.74684847616078e-05,0.00010422277179525984,0.23762199840547332,0.253693122033447,10,169139
forest,minus50,6.25,5.0,0.02254106478833225,0.1,correlated,0.04036028844124475,1.935884130264462e-05,0.006937251974645012,1.9358841302644256e-05,5.050665310782076e-05,3.416596923564975e-05,0.12511720046691355,0.08457663144807963,10,169139
forest,minus50,6.25,5.0,0.02254106478833225,0.1,white,0.04055497730410898,3.685011450947414e-05,0.007131940837509239,3.685011450947755e-05,0.0003935651841640561,0.00013288589888990547,0.9615776472064311,0.3213012709894645,10,169139
forest,minus50,6.25,5.0,0.02254106478833225,1.0,correlated,0.04083720036571998,2.139234047892776e-05,0.006718817254694391,2.139234047892548e-05,0.0002689413730584414,3.4624508829441634e-05,0.6664694335479044,0.08534123412141621,10,169139
forest,minus50,6.25,5.0,0.02254106478833225,1.0,white,0.04011585199805785,3.064449309596212e-05,0.0059974688870322685,3.064449309596076e-05,0.0015280371346410263,0.00013475521491662277,3.7361869049553063,0.31638711326341834,10,169139
forest,minus50,6.25,10.0,0.011270532394166125,0.0,correlated,0.03523071960078194,2.343120742938627e-05,0.001868513498525836,2.3431207429385012e-05,0.0,0.0,0.0,0.0,10,169139
forest,minus50,6.25,10.0,0.011270532394166125,0.0,white,0.03538106503905123,6.910932841814311e-05,0.0020188589367951234,6.910932841814463e-05,0.0,0.0,0.0,0.0,10,169139
forest,minus50,6.25,10.0,0.011270532394166125,0.001,correlated,0.035218546931620444,2.110079550309901e-05,0.0018690806568107433,2.1100795503098783e-05,-5.67158284907332e-07,2.794135707326e-06,-0.0016138866584898778,0.007931541109316877,10,169139
forest,minus50,6.25,10.0,0.011270532394166125,0.001,white,0.035364099180442504,6.074593960667902e-05,0.002014632905632806,6.0745939606680475e-05,4.226031162317401e-06,9.803837222217774e-06,0.011901902071947657,0.027669917250325943,10,169139
forest,minus50,6.25,10.0,0.011270532394166125,0.01,correlated,0.03518257027328629,1.2769397275074485e-05,0.0018700066727335416,1.2769397275074319e-05,-1.4931742077055332e-06,1.2917211210607913e-05,-0.004258319234252686,0.036668236751878955,10,169139
forest,minus50,6.25,10.0,0.011270532394166125,0.01,white,0.03531119837159426,3.906988543779677e-05,0.0019986347710415063,3.90698854377964e-05,2.0224165753617017e-05,3.826251611127487e-05,0.05699184088691189,0.10796966649694287,10,169139
forest,minus50,6.25,10.0,0.011270532394166125,0.1,correlated,0.03528080365829343,1.0267827863369613e-05,0.0018577671916936967,1.0267827863369949e-05,1.074630683213923e-05,2.1011422615102303e-05,0.03047058076426541,0.059623372204329866,10,169139
forest,minus50,6.25,10.0,0.011270532394166125,0.1,white,0.03533683303402553,3.4233484918156955e-05,0.0019137965674257892,3.423348491815563e-05,0.00010506236936933394,5.298430147785777e-05,0.2967158247818021,0.1491860086472804,10,169139
forest,minus50,6.25,10.0,0.011270532394166125,1.0,correlated,0.035911102010224495,1.1166576947469373e-05,0.0017927188991989091,1.1166576947469623e-05,7.579459932692683e-05,2.1616046432253327e-05,0.2151055702047589,0.06123134331910571,10,169139
forest,minus50,6.25,10.0,0.011270532394166125,1.0,white,0.03570719655169101,3.288206021155558e-05,0.001588813440665425,3.28820602115556e-05,0.0004300454961296982,5.4063894937362045e-05,1.215234290750308,0.15066047961558154,10,169139
forest,minus50,6.25,20.0,0.005635266197083062,0.0,correlated,0.03384291748073984,1.0220574588643857e-05,0.0004807113784837315,1.0220574588644294e-05,0.0,0.0,0.0,0.0,10,169139
forest,minus50,6.25,20.0,0.005635266197083062,0.0,white,0.033894895990274135,5.2507231249330635e-05,0.0005326898880180245,5.250723124932983e-05,0.0,0.0,0.0,0.0,10,169139
forest,minus50,6.25,20.0,0.005635266197083062,0.001,correlated,0.03382972828618667,9.787475019770075e-06,0.00048026201137696677,9.787475019769679e-06,4.4936710676471425e-07,1.0372266388062882e-06,0.00132741990046509,0.0030644478057297656,10,169139
forest,minus50,6.25,20.0,0.005635266197083062,0.001,white,0.03387523260992318,4.114562673637977e-05,0.0005257663351134805,4.1145626736381204e-05,6.9235529045440225e-06,1.3374185289448516e-05,0.020377905736937214,0.03940542445292119,10,169139
forest,minus50,6.25,20.0,0.005635266197083062,0.01,correlated,0.03378991652766442,8.958256764967648e-06,0.0004773529271116697,8.958256764967977e-06,3.3584513720617825e-06,4.4070758502118675e-06,0.009921932571745442,0.013020950426914387,10,169139
forest,minus50,6.25,20.0,0.005635266197083062,0.01,white,0.03382527792657073,1.7606707021379448e-05,0.0005127143260179774,1.7606707021380278e-05,1.997556200004705e-05,3.938803653928712e-05,0.05877735620932541,0.11610714292752376,10,169139
forest,minus50,6.25,20.0,0.005635266197083062,0.1,correlated,0.033895475791711364,8.650292705980678e-06,0.0004724393251116267,8.650292705980151e-06,8.272053372104792e-06,6.627064449362103e-06,0.024439606855179867,0.01957935189503618,10,169139
forest,minus50,6.25,20.0,0.005635266197083062,0.1,white,0.03391190074082815,1.2972449695152105e-05,0.000488864274228408,1.2972449695153513e-05,4.382561378961647e-05,5.0096296772273764e-05,0.1290991356335071,0.14762918256938956,10,169139
forest,minus50,6.25,20.0,0.005635266197083062,1.0,correlated,0.03457367280627137,8.95270868393281e-06,0.00045528969524578217,8.952708683931817e-06,2.5421683237949327e-05,6.720830754659745e-06,0.07511397742206125,0.019848734708438398,10,169139
forest,minus50,6.25,20.0,0.005635266197083062,1.0,white,0.03452257939954809,1.2494367559091349e-05,0.00040419628852250006,1.2494367559091313e-05,0.0001284935994955244,5.100318091729547e-05,0.37889128503131075,0.14993086426037264,10,169139
forest,minus50,6.25,50.0,0.002254106478833225,0.0,correlated,0.033438734961822286,3.7590899269474765e-06,7.652885956617935e-05,3.7590899269454067e-06,0.0,0.0,0.0,0.0,10,169139
forest,minus50,6.25,50.0,0.002254106478833225,0.0,white,0.0334461357736122,9.241021027308108e-06,8.392967135609081e-05,9.241021027308945e-06,0.0,0.0,0.0,0.0,10,169139
forest,minus50,6.25,50.0,0.002254106478833225,0.001,correlated,0.03342615927749589,3.3508325284478653e-06,7.669300268619284e-05,3.3508325284473994e-06,-1.6414312001347685e-07,5.606323162543072e-07,-0.0004910066572692056,0.0016766069467115282,10,169139
forest,minus50,6.25,50.0,0.002254106478833225,0.001,white,0.03343308619353192,7.556034938800642e-06,8.361991872222266e-05,7.55603493880059e-06,3.097526338681489e-07,2.086201499861949e-06,0.0009248102081812482,0.006237426781882093,10,169139
forest,minus50,6.25,50.0,0.002254106478833225,0.01,correlated,0.03338986695598975,2.1055954999290517e-06,7.730335543700215e-05,2.1055954999284113e-06,-7.74495870822789e-07,2.7808746877327408e-06,-0.002316865327463063,0.008316776777049242,10,169139
forest,minus50,6.25,50.0,0.002254106478833225,0.01,white,0.0333953950167887,3.8334797570645405e-06,8.283141623594975e-05,3.8334797570658026e-06,1.0982551201410562e-06,8.328080177289908e-06,0.003278019001022371,0.02490103618005174,10,169139
forest,minus50,6.25,50.0,0.002254106478833225,0.1,correlated,0.033500135507668165,2.2459463380930107e-06,7.709904106842427e-05,2.245946338093696e-06,-5.701815022449152e-07,3.910615492425762e-06,-0.0017061339403431034,0.011695595533538801,10,169139
forest,minus50,6.25,50.0,0.002254106478833225,0.1,white,0.03350246369527869,3.735853523756642e-06,7.942722867894658e-05,3.7358535237564785e-06,4.502442677144225e-06,1.0914099384390728e-05,0.01345410734486191,0.03263100726498876,10,169139
forest,minus50,6.25,50.0,0.002254106478833225,1.0,correlated,0.034192672957607924,2.4897431036957125e-06,7.428984658233508e-05,2.4897431036951187e-06,2.2390129838442685e-06,4.073174105165376e-06,0.006694879411967775,0.01218099265595054,10,169139
forest,minus50,6.25,50.0,0.002254106478833225,1.0,white,0.03418420008876888,3.4142686713918057e-06,6.581697774329446e-05,3.4142686713916325e-06,1.8112693612796354e-05,1.096172969798082e-05,0.054147020354325046,0.032762369944119955,10,169139
forest,minus50,6.25,100.0,0.0011270532394166124,0.0,correlated,0.03338146840086935,2.864085879013786e-06,1.9262298613243605e-05,2.8640858790129765e-06,0.0,0.0,0.0,0.0,10,169139
forest,minus50,6.25,100.0,0.0011270532394166124,0.0,white,0.03338461061374,6.516671986909621e-06,2.2404511483890833e-05,6.516671986909538e-06,0.0,0.0,0.0,0.0,10,169139
forest,minus50,6.25,100.0,0.0011270532394166124,0.001,correlated,0.03336881554069818,2.580005174911036e-06,1.934926588847974e-05,2.5800051749112933e-06,-8.696727523613279e-08,3.361909737190214e-07,-0.00026059264299303845,0.0010072418272161169,10,169139
forest,minus50,6.25,100.0,0.0011270532394166124,0.001,white,0.03337168375040659,5.512403339921102e-06,2.221747559688972e-05,5.512403339920938e-06,1.870358870011135e-07,1.183324509649231e-06,0.00055970168923018,0.0035437310330533817,10,169139
forest,minus50,6.25,100.0,0.0011270532394166124,0.01,correlated,0.033332031078986704,1.5824800897979876e-06,1.9467478433957824e-05,1.5824800897975889e-06,-2.0517982071421858e-07,1.4531353818586333e-06,-0.0006149673199932484,0.00435357620373118,10,169139
forest,minus50,6.25,100.0,0.0011270532394166124,0.01,white,0.033333676820187175,2.9379765289884295e-06,2.1113219634422838e-05,2.937976528988345e-06,1.2912918494679959e-06,4.923823403470612e-06,0.003865581146704852,0.014745417568016018,10,169139
forest,minus50,6.25,100.0,0.0011270532394166124,0.1,correlated,0.03344228944427402,1.0525461429303786e-06,1.9252977674279192e-05,1.0525461429278252e-06,9.320938964413328e-09,2.218165838358627e-06,2.7437225386338013e-05,0.006645391445009986,10,169139
forest,minus50,6.25,100.0,0.0011270532394166124,0.1,white,0.03344228019219606,2.745185299162865e-06,1.924372559631987e-05,2.74518529916363e-06,3.1607858875709604e-06,6.546428453865075e-06,0.009464653548219517,0.019604048242935965,10,169139
forest,minus50,6.25,100.0,0.0011270532394166124,1.0,correlated,0.03413696509618207,1.1160572321693571e-06,1.8581985156480157e-05,1.1160572321699104e-06,6.803134567634483e-07,2.2848898896745745e-06,0.00203750556785894,0.0068451035634978456,10,169139
forest,minus50,6.25,100.0,0.0011270532394166124,1.0,white,0.034134154204041506,2.7487578452937257e-06,1.5771093015919113e-05,2.74875784529627e-06,6.633418467971719e-06,6.590286145616186e-06,0.019866527758257157,0.019733484644559804,10,169139
forest,minus50,6.25,inf,0.0,0.0,none,0.033362206102256105,0.0,0.0,0.0,0.0,0.0,0.0,0.0,1,169139
forest,minus50,6.25,inf,0.0,0.001,none,0.0333494662748097,0.0,0.0,0.0,0.0,0.0,0.0,0.0,1,169139
forest,minus50,6.25,inf,0.0,0.01,none,0.03331256360055275,0.0,0.0,0.0,0.0,0.0,0.0,0.0,1,169139
forest,minus50,6.25,inf,0.0,0.1,none,0.03342303646659974,0.0,0.0,0.0,0.0,0.0,0.0,0.0,1,169139
forest,minus50,6.25,inf,0.0,1.0,none,0.03411838311102559,0.0,0.0,0.0,0.0,0.0,0.0,0.0,1,169139
forest,plus50,18.75,5.0,0.02254106478833225,0.0,correlated,0.055822532751347395,5.033584282046397e-05,0.006583128428880247,5.0335842820463416e-05,0.0,0.0,0.0,0.0,10,169683
forest,plus50,18.75,5.0,0.02254106478833225,0.0,white,0.15271480832718984,0.0007030283205910075,0.10347540400472269,0.000703028320591007,0.0,0.0,0.0,0.0,10,169683
forest,plus50,18.75,5.0,0.02254106478833225,0.001,correlated,0.05325549126680242,4.851427513924788e-05,0.006948044697552225,4.851427513924916e-05,-0.0003649162686719762,5.786154093559123e-06,-0.653711392545059,0.010594074410003006,10,169683
forest,plus50,18.75,5.0,0.02254106478833225,0.001,white,0.1386178159396481,0.0005918459647714178,0.09231036937039787,0.0005918459647714177,0.01116503463432481,0.00013652727157444937,7.310862388135412,0.06338817252222984,10,169683
forest,plus50,18.75,5.0,0.02254106478833225,0.01,correlated,0.0427036261874968,4.641615758021912e-05,0.008981191580896447,4.641615758021879e-05,-0.0023980631520161997,3.0459131027129723e-05,-4.295891496651056,0.05631523237099564,10,169683
forest,plus50,18.75,5.0,0.02254106478833225,0.01,white,0.08244234982451754,0.0002637124254332056,0.048719915217917194,0.0002637124254332085,0.054755488786805494,0.0005565900577854694,35.854003921279336,0.2165989851223715,10,169683
forest,plus50,18.75,5.0,0.02254106478833225,0.1,correlated,0.0387590675571776,2.468080058220323e-05,0.009318718183365193,2.468080058220311e-05,-0.002735589754484946,4.0886243517165425e-05,-4.900567207272415,0.07710832592474241,10,169683
forest,plus50,18.75,5.0,0.02254106478833225,0.1,white,0.039549600972581415,5.084357250307354e-05,0.01010925159876902,5.084357250307214e-05,0.09336615240595367,0.0007348191175319299,61.13676826006017,0.1999317516938643,10,169683
forest,plus50,18.75,5.0,0.02254106478833225,1.0,correlated,0.043746636274376735,3.649618779360701e-05,0.0060813656233786205,3.6496187793606536e-05,0.0005017628055016272,6.28532165747226e-05,0.8987798088967679,0.11191553426188683,10,169683
forest,plus50,18.75,5.0,0.02254106478833225,1.0,white,0.03938261536815736,2.5591308915366004e-05,0.0017173447171592512,2.559130891536819e-05,0.10175805928756343,0.0007078680241166766,66.63209304693319,0.1567155100871447,10,169683
forest,plus50,18.75,10.0,0.011270532394166125,0.0,correlated,0.050966452547146726,4.8817836759771095e-05,0.0017270482246795713,4.8817836759772694e-05,0.0,0.0,0.0,0.0,10,169683
forest,plus50,18.75,10.0,0.011270532394166125,0.0,white,0.084315516466962,0.00033448216877995604,0.035076112144494846,0.0003344821687799565,0.0,0.0,0.0,0.0,10,169683
forest,plus50,18.75,10.0,0.011270532394166125,0.001,correlated,0.0481399591715481,4.5207811391015e-05,0.0018325126022978922,4.5207811391014316e-05,-0.0001054643776183209,4.525160091675128e-06,-0.20693541215818673,0.009029848835980847,10,169683
forest,plus50,18.75,10.0,0.011270532394166125,0.001,white,0.07775311947851785,0.00027191043265171116,0.03144567290926764,0.00027191043265171176,0.0036304392352272106,6.960597829786752e-05,4.3055687352858625,0.06713785162940106,10,169683
forest,plus50,18.75,10.0,0.011270532394166125,0.01,correlated,0.036178787682302635,3.272329163334485e-05,0.0024563530757022818,3.2723291633343185e-05,-0.0007293048510227107,2.3539028857035755e-05,-1.4309842601973806,0.047252893574215964,10,169683
forest,plus50,18.75,10.0,0.011270532394166125,0.01,white,0.050176795125440175,9.739514641841527e-05,0.01645436051883983,9.739514641841545e-05,0.01862175162565502,0.0002823329516660347,22.084955805822734,0.25122592480138073,10,169683
forest,plus50,18.75,10.0,0.011270532394166125,0.1,correlated,0.03202572160163043,1.6385963848282074e-05,0.0025853722278180355,1.638596384828191e-05,-0.0008583240031384644,3.721206657228207e-05,-1.684157995174806,0.07450713687191371,10,169683
forest,plus50,18.75,10.0,0.011270532394166125,0.1,white,0.03225523521634445,2.3692360433221988e-05,0.0028148858425320555,2.369236043322165e-05,0.03226122630196279,0.00033889102995391084,38.26161423673521,0.25028143109213435,10,169683
forest,plus50,18.75,10.0,0.011270532394166125,1.0,correlated,0.03926586490741653,1.6260633370962794e-05,0.0016005942564184187,1.6260633370963492e-05,0.0001264539682611525,4.969240890799985e-05,0.24803292524637496,0.09724628103390084,10,169683
forest,plus50,18.75,10.0,0.011270532394166125,1.0,white,0.038093615001776146,1.9050176945517882e-05,0.0004283443507780378,1.905017694551863e-05,0.03464776779371681,0.0003406480264359861,41.09213474972975,0.2408476196859988,10,169683
forest,plus50,18.75,20.0,0.005635266197083062,0.0,correlated,0.04968451950621133,1.2314133890254331e-05,0.00044511518374418523,1.2314133890253562e-05,0.0,0.0,0.0,0.0,10,169683
forest,plus50,18.75,20.0,0.005635266197083062,0.0,white,0.05918945649628678,0.00011155559288045641,0.00995005217381963,0.0001115555928804554,0.0,0.0,0.0,0.0,10,169683
forest,plus50,18.75,20.0,0.005635266197083062,0.001,correlated,0.04678030228219264,1.2162716745403878e-05,0.00047285571294243057,1.216271674540455e-05,-2.774052919824535e-05,9.718640289440876e-07,-0.05583343284788347,0.001958549650927274,10,169683
forest,plus50,18.75,20.0,0.005635266197083062,0.001,white,0.055255290087016004,9.437382036557092e-05,0.008947843517765805,9.437382036557158e-05,0.0010022086560538233,2.0694491040299102e-05,1.6931759732225864,0.032325814339371095,10,169683
forest,plus50,18.75,20.0,0.005635266197083062,0.01,correlated,0.03436182233273204,1.2423081512576002e-05,0.0006393877261316836,1.2423081512577466e-05,-0.0001942725423874983,5.5637394857301515e-06,-0.3910127558741622,0.01121694804148208,10,169683
forest,plus50,18.75,20.0,0.005635266197083062,0.01,white,0.038380245480399006,5.159499947094649e-05,0.0046578108737986585,5.159499947094725e-05,0.00529224130002097,9.347338306168803e-05,8.940979598685479,0.1433926854047488,10,169683
forest,plus50,18.75,20.0,0.005635266197083062,0.1,correlated,0.030111681176110516,8.088985020383367e-06,0.0006713318022981196,8.088985020383557e-06,-0.00022621661855393437,8.296332367260114e-06,-0.45530889180750755,0.016781767198502787,10,169683
forest,plus50,18.75,20.0,0.005635266197083062,0.1,white,0.030163941539561322,9.847919636516203e-06,0.0007235921657489219,9.847919636515944e-06,0.009226460008070706,0.00011139286066100477,15.587744321614469,0.15908800386295385,10,169683
forest,plus50,18.75,20.0,0.005635266197083062,1.0,correlated,0.03807142983613822,8.527524834057981e-06,0.00040615918514010226,8.527524834057803e-06,3.8955998604083e-05,1.5380728366314997e-05,0.07840096558115466,0.030944113356833936,10,169683
forest,plus50,18.75,20.0,0.005635266197083062,1.0,white,0.03777369901947601,7.497952422848375e-06,0.00010842836847790651,7.497952422849585e-06,0.009841623805341723,0.0001120839468802474,16.627058264865486,0.1582565174095517,10,169683
forest,plus50,18.75,50.0,0.002254106478833225,0.0,correlated,0.04930990472583102,9.227605665018291e-06,7.050040336386911e-05,9.227605665017854e-06,0.0,0.0,0.0,0.0,10,169683
forest,plus50,18.75,50.0,0.002254106478833225,0.0,white,0.0509036283513032,6.005720541527903e-05,0.0016642240288360533,6.0057205415278955e-05,0.0,0.0,0.0,0.0,10,169683
forest,plus50,18.75,50.0,0.002254106478833225,0.001,correlated,0.046382329847721095,8.990513508174901e-06,7.488327847088721e-05,8.990513508173926e-06,-4.382875107018097e-06,4.374531846492206e-07,-0.008888511208282126,0.0008880793365293455,10,169683
forest,plus50,18.75,50.0,0.002254106478833225,0.001,white,0.04780462026304001,5.4008734979046295e-05,0.0014971736937898043,5.400873497904664e-05,0.0001670503350462489,6.936673123821116e-06,0.3281573821322187,0.013294933266585646,10,169683
forest,plus50,18.75,50.0,0.002254106478833225,0.01,correlated,0.03382386343081785,7.922717013497839e-06,0.00010142882421750044,7.922717013496765e-06,-3.0928420853631315e-05,2.3471874015013627e-06,-0.06272305025430283,0.004767557467209965,10,169683
forest,plus50,18.75,50.0,0.002254106478833225,0.01,white,0.03449672796259014,2.5257998849943487e-05,0.0007742933559897879,2.5257998849942582e-05,0.0008899306728462654,3.889646202587992e-05,1.7481899885175174,0.07449413618663801,10,169683
forest,plus50,18.75,50.0,0.002254106478833225,0.1,correlated,0.02954785034400777,3.7087794197920118e-06,0.00010750097019536914,3.708779419792482e-06,-3.700056683150002e-05,5.779061997507322e-06,-0.07503872578336848,0.011732122327156378,10,169683
forest,plus50,18.75,50.0,0.002254106478833225,0.1,white,0.029560437518194704,4.3318837562492275e-06,0.00012008814438230729,4.33188375624977e-06,0.001544135884453746,6.0322281408882006e-05,3.0333277432107484,0.11502563899710011,10,169683
forest,plus50,18.75,50.0,0.002254106478833225,1.0,correlated,0.03773117290615796,2.7803393567398527e-06,6.590225515985121e-05,2.780339356740265e-06,4.59814820401791e-06,1.0507219582063715e-05,0.009321523847765304,0.021304361772377357,10,169683
forest,plus50,18.75,50.0,0.002254106478833225,1.0,white,0.03768286057231692,2.1651183282127143e-06,1.7589921318810624e-05,2.1651183282137075e-06,0.0016466341075172426,6.011239544453229e-05,3.234685594151258,0.11436371139807182,10,169683
forest,plus50,18.75,100.0,0.0011270532394166124,0.0,correlated,0.049257027898019695,2.3250648548395034e-06,1.7623575552546537e-05,2.3250648548381037e-06,0.0,0.0,0.0,0.0,10,169683
forest,plus50,18.75,100.0,0.0011270532394166124,0.0,white,0.049661816137539505,4.38536853810758e-05,0.0004224118150723523,4.3853685381075605e-05,0.0,0.0,0.0,0.0,10,169683
forest,plus50,18.75,100.0,0.0011270532394166124,0.001,correlated,0.04632609594550689,2.0859737825631113e-06,1.8649376256688055e-05,2.0859737825631846e-06,-1.0258007041415163e-06,2.596947923608424e-07,-0.00208256770819784,0.0005273065550863871,10,169683
forest,plus50,18.75,100.0,0.0011270532394166124,0.001,white,0.04668764425722748,4.024923324536316e-05,0.0003801976879772788,4.024923324536328e-05,4.221412709507349e-05,3.953112317731303e-06,0.0849974356712752,0.007885399874493026,10,169683
forest,plus50,18.75,100.0,0.0011270532394166124,0.01,correlated,0.03374749146593163,1.1298310565283914e-06,2.5056859331277352e-05,1.1298310565272259e-06,-7.433283778730815e-06,1.4946693505413234e-06,-0.015090926603554955,0.0030350357850499462,10,169683
forest,plus50,18.75,100.0,0.0011270532394166124,0.01,white,0.03391917971561907,2.1618796066754412e-05,0.0001967451090187193,2.161879606675424e-05,0.00022566670605363298,2.3609977064680974e-05,0.4543704812525905,0.04712137874713742,10,169683
forest,plus50,18.75,100.0,0.0011270532394166124,0.1,correlated,0.02946717127548177,7.132531726852744e-07,2.68219016693709e-05,7.132531726849213e-07,-9.198326116824362e-06,2.446905065378909e-06,-0.018674341436952756,0.004968364344955965,10,169683
forest,plus50,18.75,100.0,0.0011270532394166124,0.1,white,0.029470518503441557,2.503235072724298e-06,3.0169129629159866e-05,2.5032350727242858e-06,0.00039224268544319244,4.53981437367188e-05,0.7897555202903896,0.09067015845596589,10,169683
forest,plus50,18.75,100.0,0.0011270532394166124,1.0,correlated,0.037682054175371196,1.5978939642425264e-06,1.6783524373086e-05,1.597893964241766e-06,8.400511794605381e-07,2.156925655510581e-06,0.001705305120960738,0.0043788293488315295,10,169683
forest,plus50,18.75,100.0,0.0011270532394166124,1.0,white,0.037669973456016984,2.2229706349473383e-06,4.702805018873268e-06,2.2229706349482395e-06,0.00041770901005347904,4.5163054263556594e-05,0.8410354057673544,0.09015589438624193,10,169683
forest,plus50,18.75,inf,0.0,0.0,none,0.04923940432246715,0.0,0.0,0.0,0.0,0.0,0.0,0.0,1,169683
forest,plus50,18.75,inf,0.0,0.001,none,0.046307446569250205,0.0,0.0,0.0,0.0,0.0,0.0,0.0,1,169683
forest,plus50,18.75,inf,0.0,0.01,none,0.03372243460660035,0.0,0.0,0.0,0.0,0.0,0.0,0.0,1,169683
forest,plus50,18.75,inf,0.0,0.1,none,0.0294403493738124,0.0,0.0,0.0,0.0,0.0,0.0,0.0,1,169683
forest,plus50,18.75,inf,0.0,1.0,none,0.03766527065099811,0.0,0.0,0.0,0.0,0.0,0.0,0.0,1,169683
urban,matched,12.5,5.0,0.026019069664488588,0.0,correlated,0.07374400516894217,3.256179347325164e-05,0.005429716826936372,3.256179347324977e-05,0.0,0.0,0.0,0.0,10,169675
urban,matched,12.5,5.0,0.026019069664488588,0.0,white,0.10408882040151786,0.0001708362625003776,0.03577453205951207,0.00017083626250037823,0.0,0.0,0.0,0.0,10,169675
urban,matched,12.5,5.0,0.026019069664488588,0.001,correlated,0.0738171787670304,3.168795985635937e-05,0.005421845685697087,3.168795985635876e-05,7.871141239285117e-06,1.0549458889865944e-06,0.010673129808288495,0.0014262550817969741,10,169675
urban,matched,12.5,5.0,0.026019069664488588,0.001,white,0.10296815895958648,0.000158064736947824,0.03457282587825318,0.00015806473694782326,0.0012017061812588854,1.4369951945823488e-05,1.1544852182868843,0.012128125202332618,10,169675
urban,matched,12.5,5.0,0.026019069664488588,0.01,correlated,0.07460764211858381,2.740406554718389e-05,0.005343106589428865,2.740406554718646e-05,8.661023750750619e-05,6.405749082163783e-06,0.11744428017953075,0.008640316676999878,10,169675
urban,matched,12.5,5.0,0.026019069664488588,0.01,white,0.0961699681205875,9.1370338131803e-05,0.02690543259143257,9.137033813180306e-05,0.008869099468079494,9.182340920094162e-05,8.520602340244093,0.07530520747953016,10,169675
urban,matched,12.5,5.0,0.026019069664488588,0.1,correlated,0.0824206346684113,1.8847647893663054e-05,0.004683541929448148,1.8847647893661763e-05,0.0007461748974882234,1.7929904996881367e-05,1.0118365097869442,0.023909333145432702,10,169675
urban,matched,12.5,5.0,0.026019069664488588,0.1,white,0.08717643474242201,5.59012033856097e-05,0.009439342003458851,5.590120338561181e-05,0.026335190056053216,0.0001856101142884149,25.300500327886464,0.13920806266972977,10,169675
urban,matched,12.5,5.0,0.026019069664488588,1.0,correlated,0.10273404120560285,2.0773345750778826e-05,0.0033427657092685303,2.077334575078282e-05,0.0020869511176678417,3.6821617908298935e-05,2.82997835050499,0.04887676002355808,10,169675
urban,matched,12.5,5.0,0.026019069664488588,1.0,white,0.10129016952495225,3.971319384452682e-05,0.0018988940286179174,3.971319384453254e-05,0.03387563803089415,0.00018126367958020575,32.54476190753854,0.12253394912575162,10,169675
urban,matched,12.5,10.0,0.013009534832244294,0.0,correlated,0.06971054909467246,1.2831452615352036e-05,0.0013962607526666546,1.283145261535132e-05,0.0,0.0,0.0,0.0,10,169675
urban,matched,12.5,10.0,0.013009534832244294,0.0,white,0.07876884908995606,6.361810987224752e-05,0.01045456074795026,6.361810987224547e-05,0.0,0.0,0.0,0.0,10,169675
urban,matched,12.5,10.0,0.013009534832244294,0.001,correlated,0.06978930847209742,1.2497239377128626e-05,0.0013939753907641183,1.2497239377130074e-05,2.2853619025361984e-06,5.013001529066278e-07,0.003278278153109301,0.0007187596804529676,10,169675
urban,matched,12.5,10.0,0.013009534832244294,0.001,white,0.07846180399459741,6.020305145908353e-05,0.010066470913264104,6.0203051459082105e-05,0.0003880898346861561,6.535617594309177e-06,0.4926914726642148,0.008081219480900513,10,169675
urban,matched,12.5,10.0,0.013009534832244294,0.01,correlated,0.07063636647345313,1.0998187229910236e-05,0.0013718309442981788,1.09981872299112e-05,2.4429808368475747e-05,3.024937476669942e-06,0.03504414803238689,0.004335204170679676,10,169675
urban,matched,12.5,10.0,0.013009534832244294,0.01,white,0.0768951748763201,5.1819942963961715e-05,0.007630639347165148,5.181994296396342e-05,0.002823921400785112,3.822764184064081e-05,3.5850554620057467,0.046911589503712596,10,169675
urban,matched,12.5,10.0,0.013009534832244294,0.1,correlated,0.07892991840603741,9.777251913084788e-06,0.0011928256670742556,9.777251913084674e-06,0.00020343508559239886,7.140361615983061e-06,0.2918271617548115,0.010208401660210427,10,169675
urban,matched,12.5,10.0,0.013009534832244294,0.1,white,0.08020775259867784,4.774967054955144e-05,0.002470659859714676,4.7749670549550964e-05,0.007983900888235584,5.9020044568238966e-05,10.135828647828777,0.06944323354845836,10,169675
urban,matched,12.5,10.0,0.013009534832244294,1.0,correlated,0.10022838045013091,1.2927005762250523e-05,0.0008371049537965969,1.2927005762247733e-05,0.0005591557988700577,1.3015716154827179e-05,0.8021092149534834,0.018598722496225805,10,169675
urban,matched,12.5,10.0,0.013009534832244294,1.0,white,0.09986465480812937,3.339904210552892e-05,0.0004733793117950483,3.339904210552924e-05,0.009981181436155211,5.925051826460208e-05,12.671443856502524,0.06667239140444252,10,169675
urban,matched,12.5,20.0,0.006504767416122147,0.0,correlated,0.06866487231130788,7.612366572647979e-06,0.00035058396930207764,7.61236657264682e-06,0.0,0.0,0.0,0.0,10,169675
urban,matched,12.5,20.0,0.006504767416122147,0.0,white,0.07098930708108847,4.040682628442134e-05,0.002675018739082667,4.040682628442061e-05,0.0,0.0,0.0,0.0,10,169675
urban,matched,12.5,20.0,0.006504767416122147,0.001,correlated,0.06874538839007113,7.274688374202529e-06,0.00035005530873783857,7.274688374204366e-06,5.286605642390585e-07,3.7441850542421603e-07,0.0007698648294306236,0.0005452695690537863,10,169675
urban,matched,12.5,20.0,0.006504767416122147,0.001,white,0.07096939091920099,3.8385732288121355e-05,0.0025740578378676826,3.8385732288121145e-05,0.00010096090121498452,3.2958448146480077e-06,0.1422183936960372,0.004590786856905389,10,169675
urban,matched,12.5,20.0,0.006504767416122147,0.01,correlated,0.0696092707019105,5.695569994777077e-06,0.00034473517275555724,5.6955699947768795e-06,5.848796546520374e-06,2.2120991576603234e-06,0.00851759734952967,0.0032211268916918154,10,169675
urban,matched,12.5,20.0,0.006504767416122147,0.01,white,0.07120483281958252,3.0084906467828938e-05,0.0019402972904275756,3.0084906467829365e-05,0.0007347214486550915,2.1445146725399326e-05,1.034964510908463,0.029803643504000176,10,169675
urban,matched,12.5,20.0,0.006504767416122147,0.1,correlated,0.078037299423147,4.230549761625246e-06,0.00030020668418383466,4.230549761622724e-06,5.037728511824296e-05,4.554477458457587e-06,0.07336631600313379,0.006626661401850149,10,169675
urban,matched,12.5,20.0,0.006504767416122147,0.1,white,0.07835174279929244,2.2922340458406342e-05,0.0006146500603292831,2.2922340458404102e-05,0.002060368678753384,3.904283376743447e-05,2.902342172455374,0.05362217689090275,10,169675
urban,matched,12.5,20.0,0.006504767416122147,1.0,correlated,0.09960371411173867,5.207229363719632e-06,0.0002124386154043506,5.207229363720332e-06,0.00013814535389772704,7.0775954186351035e-06,0.20118704126837086,0.010291793963641162,10,169675
urban,matched,12.5,20.0,0.006504767416122147,1.0,white,0.0995089278457416,1.2006934066625841e-05,0.00011765234940727676,1.2006934066623722e-05,0.00255736638967539,3.723457730072718e-05,3.602442417499963,0.050497268286610025,10,169675
urban,matched,12.5,50.0,0.0026019069664488586,0.0,correlated,0.06837023769098026,2.417251553009652e-06,5.594934897446696e-05,2.4172515530093454e-06,0.0,0.0,0.0,0.0,10,169675
urban,matched,12.5,50.0,0.0026019069664488586,0.0,white,0.0687461563320678,5.997352909844443e-06,0.00043186799006200705,5.997352909844612e-06,0.0,0.0,0.0,0.0,10,169675
urban,matched,12.5,50.0,0.0026019069664488586,0.001,correlated,0.06845119990624532,2.3497334597606835e-06,5.5866824912012555e-05,2.3497334597592092e-06,8.252406245440324e-08,1.0745251060311037e-07,0.00012069852466202638,0.0001571575177847001,10,169675
urban,matched,12.5,50.0,0.0026019069664488586,0.001,white,0.06881095777348803,6.173971985292742e-06,0.0004156246921547202,6.173971985291163e-06,1.6243297907286845e-05,5.560042913595498e-07,0.0236279538144768,0.0008093690183439367,10,169675
urban,matched,12.5,50.0,0.0026019069664488586,0.01,correlated,0.0693195378112702,2.0871114938575997e-06,5.500228211525737e-05,2.087111493857008e-06,9.470668592095887e-07,5.97263017961897e-07,0.0013851856553792502,0.0008735286633855532,10,169675
urban,matched,12.5,50.0,0.0026019069664488586,0.01,white,0.06957783715868975,7.764328528425502e-06,0.00031330162953480264,7.764328528422988e-06,0.00011856636052720443,3.543707511112428e-06,0.17246991634529202,0.005159141516928832,10,169675
urban,matched,12.5,50.0,0.0026019069664488586,0.1,correlated,0.07778469991574154,2.0978163715043495e-06,4.760717677837894e-05,2.0978163715049234e-06,8.342172196088015e-06,9.4745978083575e-07,0.012201444789586218,0.0013855741016955123,10,169675
urban,matched,12.5,50.0,0.0026019069664488586,0.1,white,0.07783516561480901,9.164895786837167e-06,9.807287584584906e-05,9.164895786836498e-06,0.000333795114216158,6.673323189033335e-06,0.48554734867790367,0.00970935107338851,10,169675
urban,matched,12.5,50.0,0.0026019069664488586,1.0,correlated,0.09942426636120913,3.2771712951545034e-06,3.29908648748059e-05,3.2771712951530634e-06,2.295848409966106e-05,1.99086294264077e-06,0.03357965547903245,0.002912039592276029,10,169675
urban,matched,12.5,50.0,0.0026019069664488586,1.0,white,0.09940948496480165,4.7535234844265145e-06,1.820946846732424e-05,4.753523484426156e-06,0.0004136585215946828,6.15933909868249e-06,0.6017182787261245,0.00892287189013166,10,169675
urban,matched,12.5,100.0,0.0013009534832244293,0.0,correlated,0.06832862711769258,1.0207940719489433e-06,1.4338775686791038e-05,1.0207940719440689e-06,0.0,0.0,0.0,0.0,10,169675
urban,matched,12.5,100.0,0.0013009534832244293,0.0,white,0.06842362235062137,3.984998042850979e-06,0.00010933400861556781,3.984998042851592e-06,0.0,0.0,0.0,0.0,10,169675
urban,matched,12.5,100.0,0.0013009534832244293,0.001,correlated,0.06840965715930787,9.60382843073342e-07,1.4324077974570137e-05,9.60382843075163e-07,1.4697712220901327e-08,8.082455446391495e-08,2.1509112080010102e-05,0.00011828543132906751,10,169675
urban,matched,12.5,100.0,0.0013009534832244293,0.001,white,0.06850060297937657,3.9493438487020745e-06,0.0001052698980432698,3.9493438486983535e-06,4.064110572297997e-06,2.6863190815154444e-07,0.005939627441443989,0.00039254684197148783,10,169675
urban,matched,12.5,100.0,0.0013009534832244293,0.01,correlated,0.06927866650250586,7.194379194937579e-07,1.4130973350913456e-05,7.194379194968182e-07,2.0780233587758267e-07,4.799085631829446e-07,0.0003041146502911179,0.0007023367962674423,10,169675
urban,matched,12.5,100.0,0.0013009534832244293,0.01,white,0.06934426320119678,3.929075324930334e-06,7.972767204184466e-05,3.929075324932717e-06,2.9606336573723137e-05,1.7186069049780613e-06,0.0432691420177519,0.0025111051765907837,10,169675
urban,matched,12.5,100.0,0.0013009534832244293,0.1,correlated,0.07774935205409636,6.802977669604726e-07,1.2259315133190951e-05,6.802977669595042e-07,2.079460553600088e-06,1.006039789509318e-06,0.003043307266171912,0.0014722961000704202,10,169675
urban,matched,12.5,100.0,0.0013009534832244293,0.1,white,0.07776292555399561,3.2694344539146972e-06,2.583281503244772e-05,3.269434453915815e-06,8.350119358312009e-05,3.5066393422034355e-06,0.12203545495527864,0.005120383003022985,10,169675
urban,matched,12.5,100.0,0.0013009534832244293,1.0,correlated,0.09939980088684366,1.1571695472704924e-06,8.525390509335484e-06,1.1571695472698957e-06,5.813385177455555e-06,1.6106732517726848e-06,0.008507956759567606,0.002357127647221608,10,169675
urban,matched,12.5,100.0,0.0013009534832244293,1.0,white,0.09939650721949597,2.482417696044606e-06,5.231723161644441e-06,2.482417696045036e-06,0.00010410228545392336,3.874824986928071e-06,0.15214354275012482,0.005655835747005938,10,169675
urban,matched,12.5,inf,0.0,0.0,none,0.0683142883420058,0.0,0.0,0.0,0.0,0.0,0.0,0.0,1,169675
urban,matched,12.5,inf,0.0,0.001,none,0.0683953330813333,0.0,0.0,0.0,0.0,0.0,0.0,0.0,1,169675
urban,matched,12.5,inf,0.0,0.01,none,0.06926453552915494,0.0,0.0,0.0,0.0,0.0,0.0,0.0,1,169675
urban,matched,12.5,inf,0.0,0.1,none,0.07773709273896316,0.0,0.0,0.0,0.0,0.0,0.0,0.0,1,169675
urban,matched,12.5,inf,0.0,1.0,none,0.09939127549633432,0.0,0.0,0.0,0.0,0.0,0.0,0.0,1,169675
urban,minus50,6.25,5.0,0.026019069664488588,0.0,correlated,0.10155430734827645,0.0001451895416952034,0.0034372992678368243,0.00014518954169520542,0.0,0.0,0.0,0.0,10,169132
urban,minus50,6.25,5.0,0.026019069664488588,0.0,white,0.10197550089178353,0.0003900895545042247,0.003858492811343925,0.00039008955450422415,0.0,0.0,0.0,0.0,10,169132
urban,minus50,6.25,5.0,0.026019069664488588,0.001,correlated,0.10143267722435227,0.00012788877604563568,0.00344233138343287,0.00012788877604563757,-5.032115596045883e-06,2.4802836730713698e-05,-0.004978388482384509,0.02443012152951063,10,169132
urban,minus50,6.25,5.0,0.026019069664488588,0.001,white,0.10178562138871128,0.0002766283584407146,0.0037952755477918833,0.0002766283584407119,6.321726355204144e-05,0.00011599789865442818,0.061608166604381474,0.1134362800436362,10,169132
urban,minus50,6.25,5.0,0.026019069664488588,0.01,correlated,0.10110755520495684,6.26635594526818e-05,0.0034484087398841427,6.266355945268374e-05,-1.1109472047318714e-05,8.842277779301438e-05,-0.011048320207772888,0.0870165148693511,10,169132
urban,minus50,6.25,5.0,0.026019069664488588,0.01,white,0.10136651592322074,7.975524597762284e-05,0.003707369458148034,7.975524597762359e-05,0.00015112335319589082,0.00031905525554221814,0.14712712041005266,0.31208960458003066,10,169132
urban,minus50,6.25,5.0,0.026019069664488588,0.1,correlated,0.10133910908841579,1.9106675463394086e-05,0.0034203276965946742,1.9106675463389275e-05,1.6971571242149765e-05,0.00013238204977138093,0.01654515967475123,0.1302005944232145,10,169132
urban,minus50,6.25,5.0,0.026019069664488588,0.1,white,0.10147265775164312,3.6337364870786804e-05,0.0035538763598219835,3.6337364870786e-05,0.00030461645152194127,0.00038301189422899554,0.2974327404028528,0.37419793449653416,10,169132
urban,minus50,6.25,5.0,0.026019069664488588,1.0,correlated,0.10343835254882525,1.7404024883890787e-05,0.0032922869629363445,1.7404024883887653e-05,0.00014501230490047978,0.00013707814098360812,0.14262065150630923,0.13464071333843688,10,169132
urban,minus50,6.25,5.0,0.026019069664488588,1.0,white,0.10309066498527493,3.5684953112265136e-05,0.002944599399386022,3.568495311226596e-05,0.0009138934119579028,0.00038505494944461284,0.8949074900939701,0.37391618323083153,10,169132
urban,minus50,6.25,10.0,0.013009534832244294,0.0,correlated,0.09898258878369741,4.520005129556158e-05,0.0008655807032577928,4.520005129556494e-05,0.0,0.0,0.0,0.0,10,169132
urban,minus50,6.25,10.0,0.013009534832244294,0.0,white,0.0990673453234184,0.00013844823278928955,0.0009503372429787826,0.00013844823278928993,0.0,0.0,0.0,0.0,10,169132
urban,minus50,6.25,10.0,0.013009534832244294,0.001,correlated,0.09885547474127829,3.909271228110289e-05,0.0008651289003589024,3.909271228110548e-05,4.518028988903522e-07,9.360648001016544e-06,0.0004536795452123703,0.009458423343720037,10,169132
urban,minus50,6.25,10.0,0.013009534832244294,0.001,white,0.09893272719078963,9.872369576372152e-05,0.0009423813498702346,9.872369576372346e-05,7.955893108547996e-06,4.5264462925083174e-05,0.007978231317333545,0.04566356648358765,10,169132
urban,minus50,6.25,10.0,0.013009534832244294,0.01,correlated,0.0985238690566731,2.1836264855393045e-05,0.0008647225916003879,2.1836264855389972e-05,8.581116574049585e-07,2.9680349508924722e-05,0.0008556911869316439,0.02998948979744575,10,169132
urban,minus50,6.25,10.0,0.013009534832244294,0.01,white,0.0985903892817833,4.148438481102101e-05,0.0009312428167106007,4.148438481101826e-05,1.909442626818192e-05,0.00012064467377992974,0.019127550962360757,0.12169394269287394,10,169132
urban,minus50,6.25,10.0,0.013009534832244294,0.1,correlated,0.09877626467250748,1.4619704010685667e-05,0.0008574832806863581,1.4619704010683709e-05,8.097422571434754e-06,4.174954540376629e-05,0.008164245865165266,0.042179944462442956,10,169132
urban,minus50,6.25,10.0,0.013009534832244294,0.1,white,0.09881196152258157,3.4178822708238005e-05,0.0008931801307604292,3.417882270823806e-05,5.71571122183534e-05,0.0001438898889088136,0.05751793777043866,0.1450767064183628,10,169132
urban,minus50,6.25,10.0,0.013009534832244294,1.0,correlated,0.1009698072035824,1.4411193180239823e-05,0.0008237416176934756,1.4411193180240279e-05,4.1839085564317205e-05,4.277047757142348e-05,0.042252311108105706,0.04319678961777904,10,169132
urban,minus50,6.25,10.0,0.013009534832244294,1.0,white,0.10088319167035291,3.342361195612742e-05,0.0007371260844639931,3.3423611956126684e-05,0.00021321115851478945,0.00014533757668594083,0.21503925320084777,0.14632551693179702,10,169132
urban,minus50,6.25,20.0,0.006504767416122147,0.0,correlated,0.09834108117597887,2.0604753609432678e-05,0.0002240730955392553,2.0604753609433864e-05,0.0,0.0,0.0,0.0,10,169132
urban,minus50,6.25,20.0,0.006504767416122147,0.0,white,0.09832470181498675,9.480082048064413e-05,0.0002076937345471333,9.480082048064251e-05,0.0,0.0,0.0,0.0,10,169132
urban,minus50,6.25,20.0,0.006504767416122147,0.001,correlated,0.09821261505547478,1.693220581048208e-05,0.00022226921455538868,1.6932205810478926e-05,1.8038809838666347e-06,5.27598289812006e-06,0.0018335396074159343,0.005365313856843016,10,169132
urban,minus50,6.25,20.0,0.006504767416122147,0.001,white,0.09820656457987093,6.92267784834508e-05,0.0002162187389515291,6.922677848345013e-05,-8.525004404395797e-06,2.6379945944373853e-05,-0.008693005730909998,0.026812464667575173,10,169132
urban,minus50,6.25,20.0,0.006504767416122147,0.01,correlated,0.09787960198009737,9.309231016553369e-06,0.00022045551502466453,9.309231016555298e-06,3.617580514590768e-06,1.5491304102230818e-05,0.003675916271129967,0.01575448328073158,10,169132
urban,minus50,6.25,20.0,0.006504767416122147,0.01,white,0.09788794685055296,2.693213136104764e-05,0.00022880038548026422,2.6932131361050163e-05,-2.110665093313091e-05,7.082920130436742e-05,-0.02152803692672533,0.07198625598184974,10,169132
urban,minus50,6.25,20.0,0.006504767416122147,0.1,correlated,0.09813798541146382,6.2303255829936714e-06,0.00021920401964268117,6.230325582993627e-06,4.869075896574149e-06,1.9624117295052418e-05,0.004947625195854257,0.019957417283398116,10,169132
urban,minus50,6.25,20.0,0.006504767416122147,0.1,white,0.0981405160414664,1.6087846888417413e-05,0.0002217346496452721,1.6087846888416288e-05,-1.4040915098138817e-05,8.390780570739468e-05,-0.01435348573537425,0.08526796676894015,10,169132
urban,minus50,6.25,20.0,0.006504767416122147,1.0,correlated,0.10035706517294922,6.212403566770191e-06,0.00021099958706031485,6.212403566772865e-06,1.3073508478940455e-05,1.9809083483260326e-05,0.013290423951386816,0.02014395208504324,10,169132
urban,minus50,6.25,20.0,0.006504767416122147,1.0,white,0.10032905915481945,1.4789086651119225e-05,0.0001829935689305298,1.4789086651121488e-05,2.4700165616603487e-05,8.52766457829307e-05,0.02504645191864328,0.08662039746621147,10,169132
urban,minus50,6.25,50.0,0.0026019069664488586,0.0,correlated,0.09815146681128177,8.901797177490911e-06,3.4458730842150397e-05,8.901797177491207e-06,0.0,0.0,0.0,0.0,10,169132
urban,minus50,6.25,50.0,0.0026019069664488586,0.0,white,0.09815065834537913,3.38255334352326e-05,3.3650264939506794e-05,3.3825533435232844e-05,0.0,0.0,0.0,0.0,10,169132
urban,minus50,6.25,50.0,0.0026019069664488586,0.001,correlated,0.09802495655238472,6.475156642648119e-06,3.46107114653299e-05,6.4751566426490715e-06,-1.5198062317950401e-07,3.197603028659978e-06,-0.000155064999670781,0.003257740836472443,10,169132
urban,minus50,6.25,50.0,0.0026019069664488586,0.001,white,0.09802418787545532,2.3083352040816422e-05,3.384203453591639e-05,2.3083352040820292e-05,-1.9176959640959667e-07,1.1168698890322582e-05,-0.00019882134417367436,0.011379613746257655,10,169132
urban,minus50,6.25,50.0,0.0026019069664488586,0.01,correlated,0.09769381982929967,3.5147217410347783e-06,3.4673364226966985e-05,3.51472174103523e-06,-2.1463338481658712e-07,8.20528399324204e-06,-0.00021930259446106826,0.008359648106088299,10,169132
urban,minus50,6.25,50.0,0.0026019069664488586,0.01,white,0.0976941424911446,4.68537142634854e-06,3.499602607188873e-05,4.685371426349044e-06,-1.3457611323819396e-06,3.121941943415676e-05,-0.0013809129875113214,0.03180856549637066,10,169132
urban,minus50,6.25,50.0,0.0026019069664488586,0.1,correlated,0.09795297377261127,3.1720664480554365e-06,3.4192380790139255e-05,3.1720664480564034e-06,2.663500520111439e-07,9.344204090944873e-06,0.00027063536950058126,0.0095200345985688,10,169132
urban,minus50,6.25,50.0,0.0026019069664488586,0.1,white,0.09795359197728287,4.8811020126422854e-06,3.481058546174754e-05,4.881102012643002e-06,-1.1603205222407431e-06,3.772639338874731e-05,-0.0011940651373108797,0.03843773140800562,10,169132
urban,minus50,6.25,50.0,0.0026019069664488586,1.0,correlated,0.10017890271930967,3.166791573380024e-06,3.283713342076417e-05,3.166791573381978e-06,1.6215974213862338e-06,9.172254263154454e-06,0.0016514214816656255,0.009344751536542488,10,169132
urban,minus50,6.25,50.0,0.0026019069664488586,1.0,white,0.10017473262171865,4.649513585890737e-06,2.8667035829747777e-05,4.649513585889862e-06,4.983229109759013e-06,3.7588077800456256e-05,0.005065279457195234,0.038294684005305585,10,169132
urban,minus50,6.25,100.0,0.0013009534832244293,0.0,correlated,0.09812604150547367,4.628975175102981e-06,9.033425034052357e-06,4.62897517510197e-06,0.0,0.0,0.0,0.0,10,169132
urban,minus50,6.25,100.0,0.0013009534832244293,0.0,white,0.09812726050203578,1.1900896169295322e-05,1.025242159616302e-05,1.1900896169294212e-05,0.0,0.0,0.0,0.0,10,169132
urban,minus50,6.25,100.0,0.0013009534832244293,0.001,correlated,0.09799932686583862,3.235568968763893e-06,8.981024919221815e-06,3.235568968764934e-06,5.2400114830541966e-08,1.640140743535372e-06,5.333704082616562e-05,0.0016713667415923868,10,169132
urban,minus50,6.25,100.0,0.0013009534832244293,0.001,white,0.09800093783124843,9.50958627042788e-06,1.059199032903274e-05,9.509586270425583e-06,-3.3956873286972165e-07,2.688841339521352e-06,-0.00034632240371938245,0.0027402768423951656,10,169132
urban,minus50,6.25,100.0,0.0013009534832244293,0.01,correlated,0.09766781765466677,1.4382551048690391e-06,8.671189594058881e-06,1.438255104867738e-06,3.6223543999347464e-07,4.350745022770822e-06,0.0003689742887653974,0.0044335836722586685,10,169132
urban,minus50,6.25,100.0,0.0013009534832244293,0.01,white,0.09766950378315208,4.179529565949186e-06,1.0357318079376454e-05,4.179529565950476e-06,-1.048964832134347e-07,8.080988234742562e-06,-0.00010778384670394264,0.008235133949248578,10,169132
urban,minus50,6.25,100.0,0.0013009534832244293,0.1,correlated,0.09792711538307114,1.4122325180711277e-06,8.333991250016049e-06,1.4122325180717047e-06,6.994337840363074e-07,5.05824271017746e-06,0.000712580810142171,0.005154553278281734,10,169132
urban,minus50,6.25,100.0,0.0013009534832244293,0.1,white,0.0979280759356864,2.1144224870375663e-06,9.294543865277783e-06,2.114422487037759e-06,9.578777308852372e-07,1.0539264033917265e-05,0.0009749985725138662,0.010739956261464964,10,169132
urban,minus50,6.25,100.0,0.0013009534832244293,1.0,correlated,0.10015405787347562,1.4329940877797306e-06,7.99228758671805e-06,1.4329940877799282e-06,1.041137447334306e-06,5.085877545487034e-06,0.0010608091134094982,0.005182695998486396,10,169132
urban,minus50,6.25,100.0,0.0013009534832244293,1.0,white,0.10015378899230373,2.0041288906885387e-06,7.723406414820999e-06,2.004128890686713e-06,2.5290151813420202e-06,1.0660278646737208e-05,0.002576106780396434,0.010863110394232605,10,169132
urban,minus50,6.25,inf,0.0,0.0,none,0.09811700808043962,0.0,0.0,0.0,0.0,0.0,0.0,0.0,1,169132
urban,minus50,6.25,inf,0.0,0.001,none,0.0979903458409194,0.0,0.0,0.0,0.0,0.0,0.0,0.0,1,169132
urban,minus50,6.25,inf,0.0,0.01,none,0.0976591464650727,0.0,0.0,0.0,0.0,0.0,0.0,0.0,1,169132
urban,minus50,6.25,inf,0.0,0.1,none,0.09791878139182113,0.0,0.0,0.0,0.0,0.0,0.0,0.0,1,169132
urban,minus50,6.25,inf,0.0,1.0,none,0.10014606558588891,0.0,0.0,0.0,0.0,0.0,0.0,0.0,1,169132
urban,plus50,18.75,5.0,0.026019069664488588,0.0,correlated,0.15523367878488575,0.00016581237014248623,0.002982326127277629,0.0001658123701424882,0.0,0.0,0.0,0.0,10,169675
urban,plus50,18.75,5.0,0.026019069664488588,0.0,white,0.21629989024143176,0.0006214277085910637,0.06404853758382362,0.000621427708591063,0.0,0.0,0.0,0.0,10,169675
urban,plus50,18.75,5.0,0.026019069664488588,0.001,correlated,0.14579498667049207,0.000156187994286399,0.003182526438485428,0.0001561879942864002,-0.0002002003112077988,1.0328044972607757e-05,-0.12897317268726727,0.006776457381436468,10,169675
urban,plus50,18.75,5.0,0.026019069664488588,0.001,white,0.2005094012152573,0.0005197907283664562,0.05789694098325064,0.0005197907283664596,0.006151596600572978,0.0001207635337467097,2.8439084646225483,0.048824198474818045,10,169675
urban,plus50,18.75,5.0,0.026019069664488588,0.01,correlated,0.10463304996437797,0.00011450669566861037,0.004452916466439043,0.00011450669566860634,-0.0014705903391614137,5.6531418536471185e-05,-0.9473735115047146,0.03733382228008515,10,169675
urban,plus50,18.75,5.0,0.026019069664488588,0.01,white,0.13155517525868887,0.00024567160372906526,0.031375041760749935,0.0002456716037290635,0.03267349582307368,0.0005487647906927302,15.10515560698137,0.214262344934607,10,169675
urban,plus50,18.75,5.0,0.026019069664488588,0.1,correlated,0.09026168135237095,4.925574565730166e-05,0.004806558380199151,4.925574565730292e-05,-0.001824232252921522,0.00012092998620168941,-1.1752276202542677,0.0790705631197867,10,169675
urban,plus50,18.75,5.0,0.026019069664488588,0.1,white,0.09071666896470283,6.816466966079616e-05,0.005261545992531032,6.816466966079498e-05,0.058786991591292595,0.0006688402073361144,27.17787056268162,0.23136842056056336,10,169675
urban,plus50,18.75,5.0,0.026019069664488588,1.0,correlated,0.1154622336055238,2.147209829120125e-05,0.002891083251087982,2.147209829120135e-05,9.124287618964694e-05,0.00016297538954232214,0.058677844166766656,0.10481293166492431,10,169675
urban,plus50,18.75,5.0,0.026019069664488588,1.0,white,0.11335748328267077,2.4153183622110227e-05,0.0007863329282349673,2.415318362211034e-05,0.06326220465558866,0.0006284941489569283,29.246917662852773,0.20659775246663448,10,169675
urban,plus50,18.75,10.0,0.013009534832244294,0.0,correlated,0.15301276655620755,4.5155822670676147e-05,0.0007614138985994279,4.515582267068033e-05,0.0,0.0,0.0,0.0,10,169675
urban,plus50,18.75,10.0,0.013009534832244294,0.0,white,0.1696525448898555,0.00027080396683151704,0.01740119223224739,0.00027080396683152236,0.0,0.0,0.0,0.0,10,169675
urban,plus50,18.75,10.0,0.013009534832244294,0.001,correlated,0.14342603658535252,4.248863186350107e-05,0.0008135763533459073,4.2488631863493484e-05,-5.2162454746479404e-05,3.2418601575006986e-06,-0.03409073528239772,0.0021270402361699033,10,169675
urban,plus50,18.75,10.0,0.013009534832244294,0.001,white,0.15836732136761916,0.0002880695538569717,0.015754861135612547,0.00028806955385697044,0.0016463310966348455,4.94436941728102e-05,0.9704269879291211,0.0296625045385845,10,169675
urban,plus50,18.75,10.0,0.013009534832244294,0.01,correlated,0.10132760327879822,3.2851536395813184e-05,0.001147469780859288,3.2851536395810027e-05,-0.00038605588225986006,1.721143223107801e-05,-0.2523054873454545,0.011308436356769633,10,169675
urban,plus50,18.75,10.0,0.013009534832244294,0.01,white,0.10872965426649983,0.0002277135204636707,0.00854952076856091,0.0002277135204636746,0.008851671463686482,0.00013125672086973544,5.217480959292609,0.0731677721904562,10,169675
urban,plus50,18.75,10.0,0.013009534832244294,0.1,correlated,0.08668904671893206,1.3711259532326988e-05,0.001233923746760264,1.3711259532326861e-05,-0.00047250984816083613,3.4189063390662356e-05,-0.30881002721741163,0.022431646218876305,10,169675
urban,plus50,18.75,10.0,0.013009534832244294,0.1,white,0.08679841609421676,2.7398197855871007e-05,0.001343293122044964,2.7398197855871228e-05,0.016057899110202428,0.0002712526154919138,9.464961546868047,0.14488837438806423,10,169675
urban,plus50,18.75,10.0,0.013009534832244294,1.0,correlated,0.11329136928866208,1.2416989871944728e-05,0.0007202189342262785,1.2416989871945816e-05,4.119496437314934e-05,4.717838558002604e-05,0.026914668792255632,0.030822896354047825,10,169675
urban,plus50,18.75,10.0,0.013009534832244294,1.0,white,0.11276426529058818,2.3462329347443005e-05,0.0001931149361523679,2.3462329347441392e-05,0.017208077296095026,0.00028373030485162175,10.142912989303179,0.1511569217615673,10,169675
urban,plus50,18.75,20.0,0.006504767416122147,0.0,correlated,0.1524420649983054,2.2770149845297822e-05,0.00019071234069728825,2.277014984529829e-05,0.0,0.0,0.0,0.0,10,169675
urban,plus50,18.75,20.0,0.006504767416122147,0.0,white,0.1567054098053367,0.00010820838913855988,0.0044540571477285715,0.00010820838913856334,0.0,0.0,0.0,0.0,10,169675
urban,plus50,18.75,20.0,0.006504767416122147,0.001,correlated,0.14281500788114515,1.991080033995326e-05,0.00020254764913850144,1.991080033995087e-05,-1.1835308441213166e-05,3.056643311351714e-06,-0.007764062013686737,0.0020058585596959997,10,169675
urban,plus50,18.75,20.0,0.006504767416122147,0.001,white,0.14664928758036758,9.214505404060396e-05,0.004036827348360947,9.214505404060707e-05,0.00041722979936762437,1.8125273465971995e-05,0.26624466587457,0.011398267893077099,10,169675
urban,plus50,18.75,20.0,0.006504767416122147,0.01,correlated,0.10046264113756793,1.1117740958695493e-05,0.00028250763962900936,1.1117740958696611e-05,-9.179529893172112e-05,1.2842489250947259e-05,-0.060217600114695846,0.008432010284822357,10,169675
urban,plus50,18.75,20.0,0.006504767416122147,0.01,white,0.10236416477639854,3.114950091330517e-05,0.002184031278459615,3.114950091330227e-05,0.002270025869268956,9.091390547531333e-05,1.4485602499769996,0.05704215682523945,10,169675
urban,plus50,18.75,20.0,0.006504767416122147,0.1,correlated,0.0857616361772359,6.496486276371908e-06,0.0003065132050640962,6.496486276372309e-06,-0.00011580086436680792,1.741233278322252e-05,-0.07596536260714885,0.011432515661347372,10,169675
urban,plus50,18.75,20.0,0.006504767416122147,0.1,white,0.0857908932928251,1.0769064903001588e-05,0.0003357703206533058,1.076906490300326e-05,0.0041182868270752656,0.0001166078569888735,2.6279987812611934,0.07259724369970301,10,169675
urban,plus50,18.75,20.0,0.006504767416122147,1.0,correlated,0.1127541681879963,5.59383597102577e-06,0.00018301783356049344,5.5938359710239e-06,7.694507136794814e-06,2.2001818679956965e-05,0.005045615494290515,0.014430472838981204,10,169675
urban,plus50,18.75,20.0,0.006504767416122147,1.0,white,0.11262006033922453,7.12264286103867e-06,4.890998478873365e-05,7.12264286103972e-06,0.004405147162939838,0.00011005571635176884,2.811058534232702,0.06829053367779357,10,169675
urban,plus50,18.75,50.0,0.0026019069664488586,0.0,correlated,0.15228242568418665,7.084641693606447e-06,3.107302657852084e-05,7.0846416935975185e-06,0.0,0.0,0.0,0.0,10,169675
urban,plus50,18.75,50.0,0.0026019069664488586,0.0,white,0.1529723848261781,7.777609830314217e-05,0.0007210321685699767,7.777609830314176e-05,0.0,0.0,0.0,0.0,10,169675
urban,plus50,18.75,50.0,0.0026019069664488586,0.001,correlated,0.1426456522342113,6.880355166611355e-06,3.3192002204679436e-05,6.880355166614022e-06,-2.1189756261585924e-06,4.6692389826610637e-07,-0.0013914834197927633,0.00030664224718983044,10,169675
urban,plus50,18.75,50.0,0.0026019069664488586,0.001,white,0.14326568637482348,6.822469392932285e-05,0.0006532261428168456,6.822469392931916e-05,6.7806025753131e-05,1.0517203945942345e-05,0.0443227808940108,0.0068526760632182685,10,169675
urban,plus50,18.75,50.0,0.0026019069664488586,0.01,correlated,0.10022684795286593,6.172229999087226e-06,4.671445492699794e-05,6.1722299990857986e-06,-1.5641428348477092e-05,2.544873338998864e-06,-0.010271364662564456,0.001671374193128864,10,169675
urban,plus50,18.75,50.0,0.0026019069664488586,0.01,white,0.10053364920630532,2.6863793122060168e-05,0.0003535157083663962,2.68637931220599e-05,0.00036751646020358045,5.760320715495997e-05,0.24023363287905278,0.037531795662800155,10,169675
urban,plus50,18.75,50.0,0.0026019069664488586,0.1,correlated,0.0855046838225916,2.73867925463674e-06,4.9560850419815006e-05,2.738679254634423e-06,-1.848782384129416e-05,5.1106250992684725e-06,-0.012140617755782162,0.0033565094923170345,10,169675
urban,plus50,18.75,50.0,0.0026019069664488586,0.1,white,0.08550965162344007,6.0242138057932886e-06,5.4528651268272164e-05,6.024213805792825e-06,0.0006665035173017044,8.304987346423112e-05,0.43567713281711135,0.0540620901013892,10,169675
urban,plus50,18.75,50.0,0.0026019069664488586,1.0,correlated,0.11259945664703101,3.3470252008970323e-06,2.8306292595195458e-05,3.3470252008959913e-06,2.7667339833253867e-06,8.175152147729027e-06,0.001816638571498813,0.005368271167286655,10,169675
urban,plus50,18.75,50.0,0.0026019069664488586,1.0,white,0.1125785322445187,2.9627491156465064e-06,7.3818900828998e-06,2.962749115645669e-06,0.0007136502784870769,7.856820679095807e-05,0.4664989194238246,0.0511160695380209,10,169675
urban,plus50,18.75,100.0,0.0013009534832244293,0.0,correlated,0.15225959083954899,2.7660803575485918e-06,8.238181940883883e-06,2.7660803575498153e-06,0.0,0.0,0.0,0.0,10,169675
urban,plus50,18.75,100.0,0.0013009534832244293,0.0,white,0.1524366455165575,2.6282408707039387e-05,0.0001852928589493874,2.6282408707038187e-05,0.0,0.0,0.0,0.0,10,169675
urban,plus50,18.75,100.0,0.0013009534832244293,0.001,correlated,0.142621250835732,2.6066250162586736e-06,8.790603725344903e-06,2.606625016260988e-06,-5.524217844610213e-07,2.279939367726326e-07,-0.0003628175191830943,0.00014974472995110783,10,169675
urban,plus50,18.75,100.0,0.0013009534832244293,0.001,white,0.1427804619518245,2.2127588700507057e-05,0.00016800171981785905,2.21275887005031e-05,1.7291139131528355e-05,4.441269284750462e-06,0.011342736894189142,0.002911526776192979,10,169675
urban,plus50,18.75,100.0,0.0013009534832244293,0.01,correlated,0.10019235932558987,2.0563929484639443e-06,1.2225827650948206e-05,2.0563929484631336e-06,-3.987645710064325e-06,1.1838600870554353e-06,-0.002618987707934511,0.0007775607820251883,10,169675
urban,plus50,18.75,100.0,0.0013009534832244293,0.01,white,0.10027009496006292,7.078273822503102e-06,8.996146212397749e-05,7.078273822502934e-06,9.533139682540992e-05,2.16461347801043e-05,0.06253622590963928,0.01418922636192909,10,169675
urban,plus50,18.75,100.0,0.0013009534832244293,0.1,correlated,0.08546813858479066,8.190473086572576e-07,1.30156126188552e-05,8.190473086582343e-07,-4.777430677971317e-06,2.2899076542069813e-06,-0.003137711575662518,0.0015039890504248714,10,169675
urban,plus50,18.75,100.0,0.0013009534832244293,0.1,white,0.08546853956386434,1.2032542169516673e-06,1.3416591692551327e-05,1.2032542169505888e-06,0.00017187626725683608,2.6960563933031524e-05,0.11274985142065592,0.017666516320304915,10,169675
urban,plus50,18.75,100.0,0.0013009534832244293,1.0,correlated,0.11257859012197538,1.2041355427437318e-06,7.439767539557662e-06,1.2041355427428972e-06,7.984144013262196e-07,3.502865624036944e-06,0.0005243412295621416,0.0023005480242753364,10,169675
urban,plus50,18.75,100.0,0.0013009534832244293,1.0,white,0.11257336253947318,2.0257726766513337e-06,2.212185037374359e-06,2.0257726766536457e-06,0.00018308067391201304,2.6547984766765537e-05,0.12010010500542727,0.017394334455440138,10,169675
urban,plus50,18.75,inf,0.0,0.0,none,0.1522513526576081,0.0,0.0,0.0,0.0,0.0,0.0,0.0,1,169675
urban,plus50,18.75,inf,0.0,0.001,none,0.14261246023200663,0.0,0.0,0.0,0.0,0.0,0.0,0.0,1,169675
urban,plus50,18.75,inf,0.0,0.01,none,0.10018013349793893,0.0,0.0,0.0,0.0,0.0,0.0,0.0,1,169675
urban,plus50,18.75,inf,0.0,0.1,none,0.0854551229721718,0.0,0.0,0.0,0.0,0.0,0.0,0.0,1,169675
urban,plus50,18.75,inf,0.0,1.0,none,0.11257115035443581,0.0,0.0,0.0,0.0,0.0,0.0,0.0,1,169675
water,matched,12.5,5.0,0.023683404885051156,0.0,correlated,0.03305165777031051,4.142138345949148e-05,0.011814817798531769,4.1421383459491796e-05,0.0,0.0,0.0,0.0,10,169644
water,matched,12.5,5.0,0.023683404885051156,0.0,white,0.07494558635787832,0.00020260259386554604,0.05370874638609957,0.0002026025938655472,0.0,0.0,0.0,0.0,10,169644
water,matched,12.5,5.0,0.023683404885051156,0.001,correlated,0.03306601002910549,3.89637832622332e-05,0.01179923178711314,3.896378326223287e-05,1.5586011418627226e-05,2.703261089177164e-06,0.047148168338367054,0.008107569084925914,10,169644
water,matched,12.5,5.0,0.023683404885051156,0.001,white,0.07353868096689231,0.000190866714468385,0.052271902724899955,0.00019086671446838947,0.0014368436611996147,1.3979836631495849e-05,1.9171565916211037,0.014474356141965938,10,169644
water,matched,12.5,5.0,0.023683404885051156,0.01,correlated,0.033233003424070186,2.8145415566344685e-05,0.011654682515081038,2.8145415566344817e-05,0.000160135283450729,1.4668079166225495e-05,0.4844538969894162,0.04371484803101162,10,169644
water,matched,12.5,5.0,0.023683404885051156,0.01,white,0.06455313138945355,0.0001315428979795725,0.04297481048046441,0.00013154289797956973,0.010733935905635164,8.725316342021238e-05,14.322148878435707,0.08379824183246218,10,169644
water,matched,12.5,5.0,0.023683404885051156,0.1,correlated,0.03490090400627865,1.9597172539095565e-05,0.01049951142791524,1.9597172539095457e-05,0.001315306370616528,2.7722664652868235e-05,3.979466652409112,0.07919167285382417,10,169644
water,matched,12.5,5.0,0.023683404885051156,0.1,white,0.043425915169715376,4.733952759521901e-05,0.019024522591351976,4.733952759521952e-05,0.0346842237947476,0.00018419146346591075,46.27893017567383,0.1267032946562393,10,169644
water,matched,12.5,5.0,0.023683404885051156,1.0,correlated,0.03960334221961581,2.3618205965015317e-05,0.007826184023239657,2.3618205965015666e-05,0.003988633775292112,4.2221011034223016e-05,12.06777427696374,0.11517672393014997,10,169644
water,matched,12.5,5.0,0.023683404885051156,1.0,white,0.03639686704134607,4.8951285931389906e-05,0.004619708844969914,4.895128593139015e-05,0.04908903754112966,0.0002060551851840979,65.49935223319531,0.11107488892996135,10,169644
water,matched,12.5,10.0,0.011841702442525578,0.0,correlated,0.024723519706517042,1.1831427322889785e-05,0.003486679734738307,1.1831427322890015e-05,0.0,0.0,0.0,0.0,10,169644
water,matched,12.5,10.0,0.011841702442525578,0.0,white,0.041658469434503825,6.439890583229761e-05,0.020421629462725095,6.439890583229782e-05,0.0,0.0,0.0,0.0,10,169644
water,matched,12.5,10.0,0.011841702442525578,0.001,correlated,0.024747589709421293,1.1259342565305363e-05,0.0034808114674289457,1.1259342565305256e-05,5.868267309361991e-06,7.567770857277363e-07,0.023734556383552534,0.003051076385803686,10,169644
water,matched,12.5,10.0,0.011841702442525578,0.001,white,0.0410487313220043,6.027920542536335e-05,0.01978195308001195,6.0279205425361864e-05,0.000639676382713144,4.677553271310925e-06,1.5355148097485358,0.00918896478235582,10,169644
water,matched,12.5,10.0,0.011841702442525578,0.01,correlated,0.02500393789031688,9.072487785121762e-06,0.003425616981327735,9.072487785120859e-06,6.106275341057204e-05,3.918666057129365e-06,0.24697712080225703,0.01575164376167101,10,169644
water,matched,12.5,10.0,0.011841702442525578,0.01,white,0.03725806208042221,3.831761970737824e-05,0.015679741171433066,3.831761970737891e-05,0.0047418882912920275,2.8859078420990773e-05,11.382704598873348,0.05301340380982786,10,169644
water,matched,12.5,10.0,0.011841702442525578,0.1,correlated,0.027403583846042544,7.60195151323061e-06,0.003002191267679136,7.601951513229951e-06,0.0004844884670591711,6.922729926793468e-06,1.9596166115627778,0.027255695235135644,10,169644
water,matched,12.5,10.0,0.011841702442525578,0.1,white,0.030283248239996362,2.6130523118454488e-05,0.005881855661632959,2.6130523118454833e-05,0.014539773801092134,6.424164333247739e-05,34.90220164042971,0.10694380896392569,10,169644
water,matched,12.5,10.0,0.011841702442525578,1.0,correlated,0.03390454730238499,8.765273164213293e-06,0.0021273891060088327,8.765273164210874e-06,0.001359290628729475,1.070405162196017e-05,5.497953731444592,0.04148795503967227,10,169644
water,matched,12.5,10.0,0.011841702442525578,1.0,white,0.03298013862763418,2.6891160278352717e-05,0.0012029804312580223,2.689116027835287e-05,0.01921864903146707,7.314631537622155e-05,46.133705282340046,0.11226356736042901,10,169644
water,matched,12.5,20.0,0.005920851221262789,0.0,correlated,0.022156246875840797,3.460736512265581e-06,0.0009194069040620613,3.4607365122651023e-06,0.0,0.0,0.0,0.0,10,169644
water,matched,12.5,20.0,0.005920851221262789,0.0,white,0.027786205360974016,3.4254474206770396e-05,0.00654936538919528,3.4254474206771026e-05,0.0,0.0,0.0,0.0,10,169644
water,matched,12.5,20.0,0.005920851221262789,0.001,correlated,0.022184599610221303,3.5198271249153587e-06,0.0009178213682289532,3.5198271249162185e-06,1.5855358331082203e-06,2.530449075625691e-07,0.007156189209613363,0.0011422901928915968,10,169644
water,matched,12.5,20.0,0.005920851221262789,0.001,white,0.027578059820115613,3.22686005570853e-05,0.006311281578123262,3.226860055708595e-05,0.00023808381107201862,2.746285691328887e-06,0.8568347888616585,0.009126009121381605,10,169644
water,matched,12.5,20.0,0.005920851221262789,0.01,correlated,0.02248047107824125,3.821454287062809e-06,0.0009021501692521014,3.821454287062717e-06,1.725673480995997e-05,1.3259104292366488e-06,0.07788662465102023,0.005985263488200592,10,169644
water,matched,12.5,20.0,0.005920851221262789,0.01,white,0.026394567073147145,2.4449772578069105e-05,0.004816246164157999,2.4449772578070064e-05,0.0017331192250372809,1.7022394983857325e-05,6.237294914745265,0.0557906308320921,10,169644
water,matched,12.5,20.0,0.005920851221262789,0.1,correlated,0.02518228452667658,4.520540026189963e-06,0.0007808919483131734,4.520540026189733e-06,0.00013851495574888803,3.3579799859429183e-06,0.6251731274844112,0.015144413633109009,10,169644
water,matched,12.5,20.0,0.005920851221262789,0.1,white,0.02599512993610858,2.23338557155821e-05,0.0015937373577451723,2.2333855715581894e-05,0.004955628031450108,3.418092394046398e-05,17.834766863808312,0.10660768269189294,10,169644
water,matched,12.5,20.0,0.005920851221262789,1.0,correlated,0.032318593162478274,8.802869846514306e-06,0.0005414349661021182,8.80286984651458e-06,0.0003779719379599433,8.547972987151353e-06,1.705937809836159,0.03854889403828023,10,169644
water,matched,12.5,20.0,0.005920851221262789,1.0,white,0.03207792587930157,1.381617114783904e-05,0.00030076768292541036,1.3816171147838802e-05,0.00624859770626987,3.495586750186234e-05,22.488031210433345,0.1009326503818867,10,169644
water,matched,12.5,50.0,0.0023683404885051157,0.0,correlated,0.021387045696292396,2.3285859328765265e-06,0.00015020572451366064,2.328585932876149e-06,0.0,0.0,0.0,0.0,10,169644
water,matched,12.5,50.0,0.0023683404885051157,0.0,white,0.02241750506449581,7.274287669328433e-06,0.0011806650927170745,7.274287669328048e-06,0.0,0.0,0.0,0.0,10,169644
water,matched,12.5,50.0,0.0023683404885051157,0.001,correlated,0.02141675198482328,2.181400480196535e-06,0.0001499737428309285,2.181400480196393e-06,2.3198168273216856e-07,1.7601831919278483e-07,0.0010846148159788197,0.000822925020789683,10,169644
water,matched,12.5,50.0,0.0023683404885051157,0.001,white,0.022400228924989322,6.821885592224539e-06,0.001133450682996973,6.821885592224848e-06,4.7214409720101534e-05,8.353106548627996e-07,0.2106134113019543,0.0036870377995715147,10,169644
water,matched,12.5,50.0,0.0023683404885051157,0.01,correlated,0.021725797116229448,1.6311643209129786e-06,0.0001474762072403022,1.6311643209131842e-06,2.7295172733584476e-06,9.310773377115387e-07,0.012762122427949435,0.004352351383486457,10,169644
water,matched,12.5,50.0,0.0023683404885051157,0.01,white,0.02242196563721419,5.482966178791347e-06,0.0008436447282250438,5.482966178791472e-06,0.0003370203644920307,4.969863107609231e-06,1.503376226612133,0.02185332130518108,10,169644
water,matched,12.5,50.0,0.0023683404885051157,0.1,correlated,0.02452875488384075,1.7372783016063416e-06,0.00012736230547734302,1.737278301606291e-06,2.284341903631762e-05,1.9171966215217075e-06,0.10680900803205033,0.00895625785513294,10,169644
water,matched,12.5,50.0,0.0023683404885051157,0.1,white,0.024665872050507413,6.279201822786566e-06,0.00026447947214400594,6.279201822786357e-06,0.0009161856205730685,9.370953820799094e-06,4.086911861565284,0.040832415014794135,10,169644
water,matched,12.5,50.0,0.0023683404885051157,1.0,correlated,0.03186507612197644,3.435781276160052e-06,8.791792560028516e-05,3.4357812761605505e-06,6.228779891337549e-05,3.4951063838576744e-06,0.29124021017835383,0.0163300433561048,10,169644
water,matched,12.5,50.0,0.0023683404885051157,1.0,white,0.03182694756181518,3.596128748373557e-06,4.9789365439019405e-05,3.596128748373741e-06,0.001130875727278055,7.520238244374049e-06,5.044601943519,0.03211898352454154,10,169644
water,matched,12.5,100.0,0.0011841702442525579,0.0,correlated,0.021274345126739425,7.851658836384111e-07,3.75051549606896e-05,7.851658836380517e-07,0.0,0.0,0.0,0.0,10,169644
water,matched,12.5,100.0,0.0011841702442525579,0.0,white,0.021533933832683625,5.4041743315976885e-06,0.00029709386090488976,5.404174331598039e-06,0.0,0.0,0.0,0.0,10,169644
water,matched,12.5,100.0,0.0011841702442525579,0.001,correlated,0.021304230121319802,7.307542357809475e-07,3.745187932745371e-05,7.307542357814038e-07,5.32756332358858e-08,6.534852722838068e-08,0.00025041334039726404,0.00030715983712583723,10,169644
water,matched,12.5,100.0,0.0011841702442525579,0.001,white,0.02155188170835807,5.4587854785506334e-06,0.0002851034663657177,5.458785478550053e-06,1.1990394539172083e-05,1.7142459412181874e-07,0.05568145182606414,0.0008003722705873838,10,169644
water,matched,12.5,100.0,0.0011841702442525579,0.01,correlated,0.021615144880704432,5.438951869024157e-07,3.682397171528677e-05,5.438951869020983e-07,6.81183245402825e-07,3.419264020444246e-07,0.003201856445197826,0.0016071202633452938,10,169644
water,matched,12.5,100.0,0.0011841702442525579,0.01,white,0.02178984110799586,5.646550756437614e-06,0.00021152019900671227,5.646550756437529e-06,8.557366189817749e-05,9.335328966803586e-07,0.39739002235382975,0.004354150158202072,10,169644
water,matched,12.5,100.0,0.0011841702442525579,0.1,correlated,0.024433138617250848,6.778328938225354e-07,3.174603888744347e-05,6.77832893822723e-07,5.759116073246126e-06,6.601513098461291e-07,0.027070650149819138,0.00310247630266361,10,169644
water,matched,12.5,100.0,0.0011841702442525579,0.1,white,0.02446675506851429,4.067831850378709e-06,6.536249015088417e-05,4.06783185037798e-06,0.00023173137075400556,2.763925153303159e-06,1.0761199581954612,0.012653413103345407,10,169644
water,matched,12.5,100.0,0.0011841702442525579,1.0,correlated,0.031799098866706656,1.2600557041346916e-06,2.1940670330498208e-05,1.2600557041352617e-06,1.5564484630191387e-05,1.2174083900736323e-06,0.07316076594546475,0.00572171999273891,10,169644
water,matched,12.5,100.0,0.0011841702442525579,1.0,white,0.03178921191531595,2.487075108925574e-06,1.2053718939791097e-05,2.487075108925613e-06,0.00028504014196509866,4.107510863064599e-06,1.3236751202986734,0.01877585070923276,10,169644
water,matched,12.5,inf,0.0,0.0,none,0.021236839971778734,0.0,0.0,0.0,0.0,0.0,0.0,0.0,1,169644
water,matched,12.5,inf,0.0,0.001,none,0.02126677824199235,0.0,0.0,0.0,0.0,0.0,0.0,0.0,1,169644
water,matched,12.5,inf,0.0,0.01,none,0.021578320908989146,0.0,0.0,0.0,0.0,0.0,0.0,0.0,1,169644
water,matched,12.5,inf,0.0,0.1,none,0.024401392578363407,0.0,0.0,0.0,0.0,0.0,0.0,0.0,1,169644
water,matched,12.5,inf,0.0,1.0,none,0.03177715819637616,0.0,0.0,0.0,0.0,0.0,0.0,0.0,1,169644
water,minus50,6.25,5.0,0.023683404885051156,0.0,correlated,0.03969587869893986,0.00020370330442727515,0.008040538439821693,0.00020370330442727526,0.0,0.0,0.0,0.0,10,169100
water,minus50,6.25,5.0,0.023683404885051156,0.0,white,0.040243040606568456,0.0002621299186193964,0.00858770034745029,0.00026212991861939626,0.0,0.0,0.0,0.0,10,169100
water,minus50,6.25,5.0,0.023683404885051156,0.001,correlated,0.039557458890766915,0.00013481694491946226,0.00799493254782338,0.00013481694491946164,4.5605891998314053e-05,0.00013079849792868434,0.11373771794388562,0.3280202843177366,10,169100
water,minus50,6.25,5.0,0.023683404885051156,0.001,white,0.04009333577449688,0.00023439126242607702,0.008530809431553345,0.0002343912624260761,5.6890915896942035e-05,9.430121513375566e-05,0.1407456453078612,0.23396018773253313,10,169100
water,minus50,6.25,5.0,0.023683404885051156,0.01,correlated,0.03935405253662903,2.755458352321528e-05,0.008013332799069276,2.7554583523214642e-05,2.7205640752418075e-05,0.00018586883776317348,0.06638900400875158,0.4674103189853439,10,169100
water,minus50,6.25,5.0,0.023683404885051156,0.01,white,0.03986330214173606,6.182254029948265e-05,0.008522582404176297,6.182254029948322e-05,6.511794327399081e-05,0.00021236371503142743,0.15878052151250838,0.5232673842168103,10,169100
water,minus50,6.25,5.0,0.023683404885051156,0.1,correlated,0.039386536770750755,1.8020945165471676e-05,0.007965629074548546,1.802094516547164e-05,7.490936527314585e-05,0.00021178312402380048,0.1862583762308454,0.5320589075067103,10,169100
water,minus50,6.25,5.0,0.023683404885051156,0.1,white,0.0396392736765229,4.179580277413169e-05,0.008218365980320694,4.179580277413361e-05,0.00036933436712959444,0.00026753360476679245,0.913969487721595,0.6543811922363931,10,169100
water,minus50,6.25,5.0,0.023683404885051156,1.0,correlated,0.03987188391503559,1.979364794267322e-05,0.007698553387040866,1.9793647942673756e-05,0.00034198505278082854,0.00021362044171094511,0.8590584492384925,0.5332641949958339,10,169100
water,minus50,6.25,5.0,0.023683404885051156,1.0,white,0.03909595304430388,4.3597813616269975e-05,0.0069226225163091515,4.359781361627007e-05,0.0016650778311411373,0.00026871498074534445,4.133873756710301,0.6367025718285736,10,169100
water,minus50,6.25,10.0,0.011841702442525578,0.0,correlated,0.033843623458089944,7.098947326787188e-05,0.002188283198971778,7.098947326787248e-05,0.0,0.0,0.0,0.0,10,169100
water,minus50,6.25,10.0,0.011841702442525578,0.0,white,0.033999817432597806,0.00022022139287452883,0.002344477173479636,0.00022022139287452834,0.0,0.0,0.0,0.0,10,169100
water,minus50,6.25,10.0,0.011841702442525578,0.001,correlated,0.033757064530323594,5.707098862403572e-05,0.002194538187380061,5.707098862403589e-05,-6.25498840828298e-06,1.4505913126329137e-05,-0.01856022895455315,0.042817403948620616,10,169100
water,minus50,6.25,10.0,0.011841702442525578,0.001,white,0.0338978212918114,0.0001570484165079716,0.0023352949488678705,0.00015704841650796816,9.182224611765239e-06,6.788069024514132e-05,0.02590989927145716,0.1974897971377491,10,169100
water,minus50,6.25,10.0,0.011841702442525578,0.01,correlated,0.0335286718978422,1.7225626983768596e-05,0.002187952160282441,1.7225626983768352e-05,3.310386893370931e-07,5.574211730413141e-05,0.0006704148803245866,0.16434986743999278,10,169100
water,minus50,6.25,10.0,0.011841702442525578,0.01,white,0.03366251640910568,4.676635555098562e-05,0.0023217966715459197,4.6766355550985896e-05,2.268050193371604e-05,0.00017897495915695277,0.06368092976747,0.5223508390213346,10,169100
water,minus50,6.25,10.0,0.011841702442525578,0.1,correlated,0.03358980483433606,8.64256228339643e-06,0.002168897138133856,8.642562283394639e-06,1.938606083792191e-05,6.979520176979588e-05,0.05689591436825557,0.2056653913026829,10,169100
water,minus50,6.25,10.0,0.011841702442525578,0.1,white,0.033648383576369074,2.4622762698679474e-05,0.0022274758801668704,2.4622762698679572e-05,0.00011700129331276565,0.00021532641782225507,0.34049080033218904,0.6270320806295362,10,169100
water,minus50,6.25,10.0,0.011841702442525578,1.0,correlated,0.03426061923227637,8.674973571552419e-06,0.002087288704281642,8.674973571552849e-06,0.00010099449469013547,7.064173040507968e-05,0.29802607694953753,0.20766724724614335,10,169100
water,minus50,6.25,10.0,0.011841702442525578,1.0,white,0.034020781615685475,2.465307700123442e-05,0.0018474510876907435,2.4653077001234086e-05,0.0004970260857888924,0.00021676790433827563,1.4582347035497607,0.6240928460196637,10,169100
water,minus50,6.25,20.0,0.005920851221262789,0.0,correlated,0.03220442266678085,2.75717118782922e-05,0.0005490824076626856,2.7571711878289062e-05,0.0,0.0,0.0,0.0,10,169100
water,minus50,6.25,20.0,0.005920851221262789,0.0,white,0.03221643675354653,6.500981710152507e-05,0.0005610964944283648,6.500981710152472e-05,0.0,0.0,0.0,0.0,10,169100
water,minus50,6.25,20.0,0.005920851221262789,0.001,correlated,0.03211457762268386,1.866868365087198e-05,0.0005520512797403246,1.8668683650872097e-05,-2.9688720776389897e-06,1.2713138398120667e-05,-0.009243711981095049,0.03946920114350728,10,169100
water,minus50,6.25,20.0,0.005920851221262789,0.001,white,0.03213445384038705,5.139025482663529e-05,0.0005719274974435161,5.139025482663779e-05,-1.0831003015151358e-05,1.4832745854139643e-05,-0.03369784687713964,0.046093988266297715,10,169100
water,minus50,6.25,20.0,0.005920851221262789,0.01,correlated,0.03189734629913912,9.119827698496864e-06,0.0005566265615793639,9.119827698496615e-06,-7.544153916678315e-06,2.1651888011325585e-05,-0.023475571891995527,0.06726740705671319,10,169100
water,minus50,6.25,20.0,0.005920851221262789,0.01,white,0.03193069877098555,1.734368032154216e-05,0.0005899790334257818,1.7343680321542543e-05,-2.888253899741705e-05,5.3710629982599005e-05,-0.0899469206791852,0.16678412007140464,10,169100
water,minus50,6.25,20.0,0.005920851221262789,0.1,correlated,0.031974447417362835,9.372875829764784e-06,0.0005535397211606293,9.372875829765718e-06,-4.457313497943649e-06,2.5842955851812276e-05,-0.013898858525880051,0.08028065856427564,10,169100
water,minus50,6.25,20.0,0.005920851221262789,0.1,white,0.0319928862372613,1.5358257138446398e-05,0.0005719785410590948,1.535825713844647e-05,-1.0882046630730085e-05,6.680528995867778e-05,-0.03414425942980783,0.20728778142132803,10,169100
water,minus50,6.25,20.0,0.005920851221262789,1.0,correlated,0.03270529345301519,9.89151285768109e-06,0.0005319629250204614,9.891512857679753e-06,1.7119482642224265e-05,2.649482624112397e-05,0.053099618819726344,0.08225459800780566,10,169100
water,minus50,6.25,20.0,0.005920851221262789,1.0,white,0.03264540408598693,1.4586682317887787e-05,0.00047207355799219476,1.45866823178883e-05,8.902293643616998e-05,6.693841070664613e-05,0.2759607270133723,0.20709262779634516,10,169100
water,minus50,6.25,50.0,0.0023683404885051157,0.0,correlated,0.031739620266403534,2.5340933946581653e-05,8.428000728536583e-05,2.5340933946581328e-05,0.0,0.0,0.0,0.0,10,169100
water,minus50,6.25,50.0,0.0023683404885051157,0.0,white,0.03174515397115023,2.580263169031729e-05,8.981371203205524e-05,2.5802631690317287e-05,0.0,0.0,0.0,0.0,10,169100
water,minus50,6.25,50.0,0.0023683404885051157,0.001,correlated,0.031647164594340214,1.496472889833127e-05,8.46382513966834e-05,1.4964728898331779e-05,-3.582441113175738e-07,1.2650545859197187e-05,-0.0011545237645039599,0.03984288317264338,10,169100
water,minus50,6.25,50.0,0.0023683404885051157,0.001,white,0.031656581272225884,1.7862233810643457e-05,9.405492928234796e-05,1.786223381064385e-05,-4.2412172502927226e-06,1.0566706371828551e-05,-0.013380672550040537,0.03328083755821841,10,169100
water,minus50,6.25,50.0,0.0023683404885051157,0.01,correlated,0.03142895821573631,4.2737034581377546e-06,8.823847817654856e-05,4.2737034581381256e-06,-3.95847089118273e-06,2.2004233427999696e-05,-0.012521208812082452,0.06933555022614207,10,169100
water,minus50,6.25,50.0,0.0023683404885051157,0.01,white,0.031437395446704354,6.758436515044109e-06,9.66757091445912e-05,6.758436515043851e-06,-6.861997112535961e-06,1.973389411710286e-05,-0.02166097105647773,0.06216783828018008,10,169100
water,minus50,6.25,50.0,0.0023683404885051157,0.1,correlated,0.031509666071875365,2.1276503074873656e-06,8.875837567315706e-05,2.1276503074873754e-06,-4.478368387791226e-06,2.542360682696538e-05,-0.014167077571911879,0.08011445340596472,10,169100
water,minus50,6.25,50.0,0.0023683404885051157,0.1,white,0.031514476853256576,3.9823086406854665e-06,9.356915705436703e-05,3.982308640685563e-06,-3.7554450223117875e-06,2.319793424813226e-05,-0.011883027185364669,0.07307240646213176,10,169100
water,minus50,6.25,50.0,0.0023683404885051157,1.0,correlated,0.03225869538768555,2.3511798683041817e-06,8.536485969081672e-05,2.3511798683041194e-06,-1.0848524054508924e-06,2.560957170907969e-05,-0.0034757157746831678,0.08069120155849631,10,169100
water,minus50,6.25,50.0,0.0023683404885051157,1.0,white,0.03225056192784085,3.6068118179246867e-06,7.723139984611507e-05,3.606811817924334e-06,1.2582312185940164e-05,2.3485253034678127e-05,0.039581635733264876,0.07393530241495626,10,169100
water,minus50,6.25,100.0,0.0011841702442525579,0.0,correlated,0.031683106717287565,9.16590627590739e-06,2.7766458169400238e-05,9.165906275908073e-06,0.0,0.0,0.0,0.0,10,169100
water,minus50,6.25,100.0,0.0011841702442525579,0.0,white,0.03167421572792749,1.6955752149696522e-05,1.8875468809324834e-05,1.6955752149696905e-05,0.0,0.0,0.0,0.0,10,169100
water,minus50,6.25,100.0,0.0011841702442525579,0.001,correlated,0.03158365566893212,5.037057050070641e-06,2.1129325988583635e-05,5.037057050069367e-06,6.637132180816601e-06,8.181928197773574e-06,0.020942862601045265,0.02581188469327537,10,169100
water,minus50,6.25,100.0,0.0011841702442525579,0.001,white,0.03158361186993975,1.4082603535841168e-05,2.1085526996214576e-05,1.408260353583923e-05,-2.2100581868897407e-06,1.2009144471421108e-05,-0.006987937454839078,0.037906665565294866,10,169100
water,minus50,6.25,100.0,0.0011841702442525579,0.01,correlated,0.03136293966081387,1.7583456930964368e-06,2.2219923254104822e-05,1.7583456930960792e-06,5.5465349152954145e-06,8.5430427699392e-06,0.0174993883801681,0.026952519798952884,10,169100
water,minus50,6.25,100.0,0.0011841702442525579,0.01,white,0.031363863080406146,4.897717510409551e-06,2.3143342846384392e-05,4.897717510410628e-06,-4.267874037059555e-06,1.460037732514054e-05,-0.013495664675647506,0.04609118537137366,10,169100
water,minus50,6.25,100.0,0.0011841702442525579,0.1,correlated,0.03144333223585628,1.5083903206096141e-06,2.242453965407773e-05,1.5083903206098507e-06,5.341918515322508e-06,9.001492447112369e-06,0.016853169351800933,0.0284002947234211,10,169100
water,minus50,6.25,100.0,0.0011841702442525579,0.1,white,0.03144370732173502,3.3955615089403813e-06,2.2799625532815558e-05,3.39556150894015e-06,-3.924156723490724e-06,1.672467049546556e-05,-0.01241404227926352,0.05279400096877305,10,169100
water,minus50,6.25,100.0,0.0011841702442525579,1.0,correlated,0.032194860814315954,1.5232955763644824e-06,2.153028632121759e-05,1.5232955763643992e-06,6.2361718481826475e-06,9.014818670078527e-06,0.019675653396984356,0.02844155672999078,10,169100
water,minus50,6.25,100.0,0.0011841702442525579,1.0,white,0.03219212244826215,3.1185195853124655e-06,1.8791920267421935e-05,3.1185195853128513e-06,8.354854190290028e-08,1.6853491215280358e-05,0.00023858103296320877,0.05319404357153676,10,169100
water,minus50,6.25,inf,0.0,0.0,none,0.03165534025911817,0.0,0.0,0.0,0.0,0.0,0.0,0.0,1,169100
water,minus50,6.25,inf,0.0,0.001,none,0.031562526342943535,0.0,0.0,0.0,0.0,0.0,0.0,0.0,1,169100
water,minus50,6.25,inf,0.0,0.01,none,0.03134071973755976,0.0,0.0,0.0,0.0,0.0,0.0,0.0,1,169100
water,minus50,6.25,inf,0.0,0.1,none,0.031420907696202205,0.0,0.0,0.0,0.0,0.0,0.0,0.0,1,169100
water,minus50,6.25,inf,0.0,1.0,none,0.03217333052799473,0.0,0.0,0.0,0.0,0.0,0.0,0.0,1,169100
water,plus50,18.75,5.0,0.023683404885051156,0.0,correlated,0.05511673820670757,0.00016068790504397508,0.007492729699428752,0.00016068790504397603,0.0,0.0,0.0,0.0,10,169644
water,plus50,18.75,5.0,0.023683404885051156,0.0,white,0.16174391045072983,0.0005637279317603088,0.11411990194345101,0.0005637279317603072,0.0,0.0,0.0,0.0,10,169644
water,plus50,18.75,5.0,0.023683404885051156,0.001,correlated,0.05268187501987799,0.00014611094142809642,0.007904203032010433,0.0001461109414280957,-0.00041147333258168066,1.5273081824037547e-05,-0.7466239125953742,0.029699282017331144,10,169644
water,plus50,18.75,5.0,0.023683404885051156,0.001,white,0.1463054752796368,0.00048307922291119176,0.10152780329176922,0.0004830792229111906,0.01259209865168178,0.0001056850628111887,7.785127991908422,0.046441618344284806,10,169644
water,plus50,18.75,5.0,0.023683404885051156,0.01,correlated,0.04229256837595306,9.139424751517593e-05,0.010288101476196927,9.139424751517643e-05,-0.002795371776768173,7.433112339006019e-05,-5.072107360035728,0.1486296944220845,10,169644
water,plus50,18.75,5.0,0.023683404885051156,0.01,white,0.08560841719791237,0.00023328916671378698,0.05360395029815623,0.00023328916671378755,0.060515951645294774,0.0004469194828394415,37.41428366969227,0.16459404768364527,10,169644
water,plus50,18.75,5.0,0.023683404885051156,0.1,correlated,0.0375963647048762,4.296771960692436e-05,0.010979604799830834,4.296771960692449e-05,-0.0034868751004020807,0.00012218014408514857,-6.326967700849744,0.23915739190843108,10,169644
water,plus50,18.75,5.0,0.023683404885051156,0.1,white,0.03845804597624023,5.270852781751123e-05,0.011841286071194867,5.270852781751089e-05,0.10227861587225615,0.0006004211860261422,63.23444000036403,0.15165985953882308,10,169644
water,plus50,18.75,5.0,0.023683404885051156,1.0,correlated,0.04313668495252624,2.2360589622721937e-05,0.006853516365574405,2.2360589622721442e-05,0.0006392133338543479,0.00016171594087678416,1.1589932819843636,0.2892006323224012,10,169644
water,plus50,18.75,5.0,0.023683404885051156,1.0,white,0.03823993930235518,4.832733592896406e-05,0.001956770715403351,4.832733592896368e-05,0.11216313122804766,0.000573324303809263,69.34577382927482,0.1151525472018887,10,169644
water,plus50,18.75,10.0,0.011841702442525578,0.0,correlated,0.049612637992539274,4.13034237732201e-05,0.001988629485260451,4.13034237732192e-05,0.0,0.0,0.0,0.0,10,169644
water,plus50,18.75,10.0,0.011841702442525578,0.0,white,0.08680502002043333,0.0001840452860877116,0.039181011513154514,0.00018404528608771404,0.0,0.0,0.0,0.0,10,169644
water,plus50,18.75,10.0,0.011841702442525578,0.001,correlated,0.04688596517299474,3.7546642628862595e-05,0.0021082931851271794,3.75466426288622e-05,-0.00011966369986672818,3.985722501812309e-06,-0.24120185574532127,0.008217701343039095,10,169644
water,plus50,18.75,10.0,0.011841702442525578,0.001,white,0.07988184800593312,0.00015350443010673064,0.03510417601806556,0.00015350443010673012,0.004076835495088954,5.2393450428454786e-05,4.696484624353262,0.05408624556077489,10,169644
water,plus50,18.75,10.0,0.011841702442525578,0.01,correlated,0.0348592083786541,2.2945303746268715e-05,0.0028547414788979535,2.294530374626684e-05,-0.0008661119936375021,2.053074163198933e-05,-1.7457790603365904,0.04272164108009578,10,169644
water,plus50,18.75,10.0,0.011841702442525578,0.01,white,0.05059187168821342,0.0001141161483898314,0.018587404788457274,0.00011411614838983115,0.02059360672469724,0.00019871377132218691,23.723717347687206,0.18942054084887952,10,169644
water,plus50,18.75,10.0,0.011841702442525578,0.1,correlated,0.029737143115257353,1.1692606639549838e-05,0.00312038321021199,1.1692606639550425e-05,-0.0011317537249515386,3.521737418954967e-05,-2.2812330571139063,0.07276925790332371,10,169644
water,plus50,18.75,10.0,0.011841702442525578,0.1,white,0.03002521478663543,2.2150330049561208e-05,0.0034084548815900644,2.2150330049560903e-05,0.035772556631564444,0.00020186001632641138,41.20996364346998,0.14543977066085045,10,169644
water,plus50,18.75,10.0,0.011841702442525578,1.0,correlated,0.038114068666734786,8.538780107976147e-06,0.0018309000797829538,8.538780107972859e-06,0.00015772940547749761,4.1043330682059575e-05,0.31786139647763,0.08244431260901462,10,169644
water,plus50,18.75,10.0,0.011841702442525578,1.0,white,0.0367741443849719,1.8722362388139416e-05,0.0004909757980200706,1.8722362388138836e-05,0.03869003571513444,0.0001835689834604582,44.570975105041164,0.11782393723549421,10,169644
water,plus50,18.75,20.0,0.005920851221262789,0.0,correlated,0.04812811749041247,1.588825620690316e-05,0.0005041089831336554,1.5888256206902188e-05,0.0,0.0,0.0,0.0,10,169644
water,plus50,18.75,20.0,0.005920851221262789,0.0,white,0.058856275997374016,0.0001275951275711912,0.011232267490095201,0.0001275951275711914,0.0,0.0,0.0,0.0,10,169644
water,plus50,18.75,20.0,0.005920851221262789,0.001,correlated,0.04531373269839659,1.545789496801073e-05,0.0005360607105290343,1.5457894968010018e-05,-3.1951727395378854e-05,1.2908535988558447e-06,-0.06638920022012933,0.002690346255435775,10,169644
water,plus50,18.75,20.0,0.005920851221262789,0.001,white,0.05489411555345695,0.00011166250044438625,0.010116443565589387,0.00011166250044438655,0.0011158239245058128,2.0571809578548016e-05,1.8957982738156498,0.03173097119193853,10,169644
water,plus50,18.75,20.0,0.005920851221262789,0.01,correlated,0.03274332387310426,1.4763652039195375e-05,0.0007388569733481183,1.4763652039195377e-05,-0.00023474799021446294,6.445181672841686e-06,-0.48775796021069395,0.013452773857526282,10,169644
water,plus50,18.75,20.0,0.005920851221262789,0.01,white,0.037388090117303076,5.2564532936277344e-05,0.005383623217546932,5.256453293627682e-05,0.005848644272548268,9.845727380648453e-05,9.936903897117357,0.14760616836354107,10,169644
water,plus50,18.75,20.0,0.005920851221262789,0.1,correlated,0.027430109578100555,8.430228109886805e-06,0.000813349673055187,8.43022810988628e-06,-0.0003092406899215316,1.1017615078440921e-05,-0.6425423794005202,0.023078015893627984,10,169644
water,plus50,18.75,20.0,0.005920851221262789,0.1,white,0.02750282380071084,1.3945590798498683e-05,0.000886063895665477,1.3945590798498598e-05,0.010346203594429722,0.0001398645901476397,17.57837160130673,0.19950316265722434,10,169644
water,plus50,18.75,20.0,0.005920851221262789,1.0,correlated,0.03674634826668256,8.299621822624307e-06,0.0004631796797307311,8.299621822623159e-06,4.092930340292428e-05,2.3288917894721132e-05,0.0850282993974408,0.048361691308222356,10,169644
water,plus50,18.75,20.0,0.005920851221262789,1.0,white,0.03640283203589305,9.0040086492009e-06,0.00011966344894121586,9.004008649199713e-06,0.011112604041153985,0.00013432451119497983,18.88055125271338,0.1872331182524896,10,169644
water,plus50,18.75,50.0,0.0023683404885051157,0.0,correlated,0.04770224820662374,1.1862013932868637e-05,7.823969934492581e-05,1.1862013932869023e-05,0.0,0.0,0.0,0.0,10,169644
water,plus50,18.75,50.0,0.0023683404885051157,0.0,white,0.04950314040057105,5.1431859186157316e-05,0.0018791318932922332,5.143185918615738e-05,0.0,0.0,0.0,0.0,10,169644
water,plus50,18.75,50.0,0.0023683404885051157,0.001,correlated,0.04486132989820497,1.0946681266528791e-05,8.365791033740702e-05,1.0946681266529435e-05,-5.418210992481215e-06,1.0406212317179651e-06,-0.01135883251045292,0.0021842384727403727,10,169644
water,plus50,18.75,50.0,0.0023683404885051157,0.001,white,0.04647460360765181,4.5043598780138024e-05,0.0016969316197842498,4.504359878013744e-05,0.00018220027350798333,8.425321204281832e-06,0.36804574473719337,0.01671917743479319,10,169644
water,plus50,18.75,50.0,0.0023683404885051157,0.01,correlated,0.03212238466109588,7.660491560768408e-06,0.00011791776133974474,7.660491560768125e-06,-3.9678061994818935e-05,5.1537582104582e-06,-0.08318075172325826,0.010823671382824633,10,169644
water,plus50,18.75,50.0,0.0023683404885051157,0.01,white,0.03291244528466511,2.3997846645134274e-05,0.0009079783849089689,2.3997846645134016e-05,0.0009711535083832643,4.118025506677468e-05,1.9617345740670467,0.08139045550276845,10,169644
water,plus50,18.75,50.0,0.0023683404885051157,0.1,correlated,0.02674904805970531,2.7617073396452636e-06,0.0001322881546599472,2.761707339644579e-06,-5.404845531502139e-05,9.861261936008701e-06,-0.11330835182358964,0.020702120846739294,10,169644
water,plus50,18.75,50.0,0.0023683404885051157,0.1,white,0.026762946226602018,5.5354149358264476e-06,0.00014618632155665446,5.535414935826771e-06,0.0017329455717355786,5.574154408928165e-05,3.5005763773845815,0.10897991014041764,10,169644
water,plus50,18.75,50.0,0.0023683404885051157,1.0,correlated,0.03635829900373686,3.7402463453312836e-06,7.513041678502905e-05,3.740246345332686e-06,3.109282559896759e-06,1.2805645365344653e-05,0.006512356318349476,0.026842668449551733,10,169644
water,plus50,18.75,50.0,0.0023683404885051157,1.0,white,0.036303398568356834,2.037296683491025e-06,2.022998140499971e-05,2.037296683491018e-06,0.0018589019118872333,5.2669344808571174e-05,3.7550233640339377,0.1025053657309607,10,169644
water,plus50,18.75,100.0,0.0011841702442525579,0.0,correlated,0.04764379531538471,3.870740230409687e-06,1.9786808105887176e-05,3.8707402304091225e-06,0.0,0.0,0.0,0.0,10,169644
water,plus50,18.75,100.0,0.0011841702442525579,0.0,white,0.048094771792140736,2.7992978745510595e-05,0.0004707632848619178,2.7992978745512113e-05,0.0,0.0,0.0,0.0,10,169644
water,plus50,18.75,100.0,0.0011841702442525579,0.001,correlated,0.0447987655637002,3.576917082367631e-06,2.1093575832647342e-05,3.576917082367271e-06,-1.3067677267601663e-06,4.052800981696193e-07,-0.002742833450018642,0.000850819422983373,10,169644
water,plus50,18.75,100.0,0.0011841702442525579,0.001,white,0.04520291254903084,2.4467557183920873e-05,0.0004252405611632787,2.4467557183921836e-05,4.552272369863913e-05,4.309153666774914e-06,0.09464819355407764,0.008917056284839766,10,169644
water,plus50,18.75,100.0,0.0011841702442525579,0.01,correlated,0.03203388107068387,2.748139605295576e-06,2.9414170927728744e-05,2.7481396052959253e-06,-9.627362821841567e-06,2.013927928681552e-06,-0.020207188167052092,0.0042283047937535885,10,169644
water,plus50,18.75,100.0,0.0011841702442525579,0.01,white,0.03223232963449711,1.148069259949366e-05,0.0002278627347409773,1.1480692599494202e-05,0.00024290055012094052,2.1458984961833408e-05,0.5050241543688825,0.04435936813405641,10,169644
water,plus50,18.75,100.0,0.0011841702442525579,0.1,correlated,0.026649605638008576,1.3498000426156821e-06,3.2845732963212444e-05,1.3498000426156957e-06,-1.3058924857325265e-05,3.1171219294406274e-06,-0.027409951141487865,0.0065448887023931415,10,169644
water,plus50,18.75,100.0,0.0011841702442525579,0.1,white,0.026652291124647794,2.251848557685238e-06,3.553121960242489e-05,2.2518485576851425e-06,0.00043523206525949293,2.9137058897051355e-05,0.9049153419989423,0.06006300076148603,10,169644
water,plus50,18.75,100.0,0.0011841702442525579,1.0,correlated,0.03630194464921252,1.225551517399213e-06,1.8776062260689176e-05,1.225551517398826e-06,1.0107458451980023e-06,4.242024901131155e-06,0.0021208397579006,0.008903815536484812,10,169644
water,plus50,18.75,100.0,0.0011841702442525579,1.0,white,0.036287939380953815,1.7197336029425579e-06,4.7707940019833806e-06,1.719733602942366e-06,0.00046599249085993444,2.8521436100269283e-05,0.9688739517062898,0.058745154252112006,10,169644
water,plus50,18.75,inf,0.0,0.0,none,0.04762400850727882,0.0,0.0,0.0,0.0,0.0,0.0,0.0,1,169644
water,plus50,18.75,inf,0.0,0.001,none,0.04477767198786756,0.0,0.0,0.0,0.0,0.0,0.0,0.0,1,169644
water,plus50,18.75,inf,0.0,0.01,none,0.03200446689975614,0.0,0.0,0.0,0.0,0.0,0.0,0.0,1,169644
water,plus50,18.75,inf,0.0,0.1,none,0.026616759905045365,0.0,0.0,0.0,0.0,0.0,0.0,0.0,1,169644
water,plus50,18.75,inf,0.0,1.0,none,0.03628316858695183,0.0,0.0,0.0,0.0,0.0,0.0,0.0,1,169644
