patch_id,scene_class,region_id,patch_execution_status,metric_cache_read_s,esri_patch_cache_status,esri_patch_load_s,synthetic_build_s,spectral_analysis_s,checkpoint_write_s,patch_wall_s,peak_gpu_memory_mib,operator_nnz_total,healpix_cells_max,rss_start_mib,rss_end_mib,cleanup_s,peak_rss_mib,rss_after_cleanup_mib,run_sequence,benchmark_included
urban__singapore__r0c0,urban,singapore,computed,0.0,zarr_hit,0.019633127376437187,0.9978244816884398,0.008397330529987812,0.008662312291562557,8.981406088918447,1021.45703125,5177344.0,174025,18619.15234375,18685.84765625,0.17976740840822458,18685.84765625,18685.84375,1,False
urban__singapore__r0c1,urban,singapore,computed,0.0,zarr_hit,0.032506413757801056,1.1470176223665476,0.009376408532261848,0.023723001591861248,9.466322465799749,1021.45654296875,5177344.0,174474,18685.84765625,18695.0,0.18589802458882332,18695.0,18694.99609375,2,True
urban__singapore__r0c2,urban,singapore,computed,0.0,zarr_hit,0.034728783182799816,1.0114905312657356,0.009043716825544834,0.027086866088211536,9.085540268570185,1021.4580078125,5177344.0,174158,18695.00390625,18696.38671875,0.16458771377801895,18696.38671875,18696.3828125,3,True
urban__singapore__r1c0,urban,singapore,computed,0.0,zarr_hit,0.02350572869181633,1.0093534346669912,0.0082901855930686,0.017563139088451862,8.886999202892184,1021.455078125,5177344.0,174276,18696.390625,18697.8203125,0.16375925112515688,18697.8203125,18697.81640625,4,True
urban__singapore__r1c1,urban,singapore,computed,0.0,zarr_hit,0.026360166259109974,1.0573944179341197,0.008378964848816395,0.028043532744050026,9.374105678871274,1021.45849609375,5177344.0,174240,18697.8203125,18698.421875,0.1609217245131731,18698.421875,18698.41796875,5,True
urban__singapore__r1c2,urban,singapore,computed,0.0,zarr_hit,0.031086910516023636,1.0192602016031742,0.009015193209052086,0.01895287726074457,9.034556739963591,1021.4580078125,5177344.0,174133,18698.421875,18699.16015625,0.16210893355309963,18699.16015625,18699.15625,6,True
urban__singapore__r2c0,urban,singapore,computed,0.0,zarr_hit,0.030672644264996052,1.0644917879253626,0.009046152234077454,0.034991662949323654,9.007153056561947,1021.45703125,5177344.0,174049,18699.16015625,18700.75,0.15853133331984282,18700.75,18700.74609375,7,True
urban__singapore__r2c1,urban,singapore,computed,0.0,zarr_hit,0.026432625949382782,1.0053333695977926,0.009268583729863167,0.017351939342916012,8.928913617506623,1021.45849609375,5177344.0,174239,18700.75,18700.7734375,0.18936900980770588,18700.7734375,18700.76953125,8,True
urban__singapore__r2c2,urban,singapore,computed,0.0,zarr_hit,0.032749577425420284,1.0135694136843085,0.00883043184876442,0.027628936804831028,8.952904078178108,1021.4560546875,5177344.0,174379,18700.7734375,18701.60546875,0.16046130564063787,18701.60546875,18701.6015625,9,True
urban__nairobi__r0c0,urban,nairobi,computed,0.0,zarr_hit,0.025575978681445122,0.9907664265483618,0.008347766473889351,0.024032910354435444,8.979895134456456,1021.4384765625,5177344.0,173920,18701.60546875,18701.60546875,0.17176110576838255,18701.60546875,18701.6015625,10,True
urban__nairobi__r0c1,urban,nairobi,computed,0.0,zarr_hit,0.0239670155569911,1.0002826815471053,0.008771390654146671,0.011412303894758224,9.44584414549172,1021.439453125,5177344.0,173998,18701.60546875,18708.8125,0.1649456387385726,18708.8125,18708.80859375,11,True
urban__nairobi__r0c2,urban,nairobi,computed,0.0,zarr_hit,0.02330922707915306,1.049331379123032,0.008314822800457478,0.025942415930330753,8.878650897182524,1021.4443359375,5177344.0,174106,18708.8125,18710.30859375,0.15913566015660763,18710.30859375,18710.3046875,12,True
urban__nairobi__r1c0,urban,nairobi,computed,0.0,zarr_hit,0.031606015749275684,1.0105603924021125,0.009280616417527199,0.027712666429579258,8.891703435219824,1021.44384765625,5177344.0,174127,18710.30859375,18710.46484375,0.19166062120348215,18710.46484375,18710.4609375,13,True
urban__nairobi__r1c1,urban,nairobi,computed,0.0,zarr_hit,0.03529270365834236,1.0027954513207078,0.009244068525731564,0.044741311110556126,9.366096062585711,1021.439453125,5177344.0,174049,18710.46875,18710.578125,0.16578562278300524,18710.578125,18710.57421875,14,True
urban__nairobi__r1c2,urban,nairobi,computed,0.0,zarr_hit,0.025881079025566578,1.0073985597118735,0.008549719117581844,0.03758554719388485,9.781240863725543,1021.439453125,5177344.0,173988,18710.578125,18710.6796875,0.18407564237713814,18710.6796875,18710.67578125,15,True
urban__nairobi__r2c0,urban,nairobi,computed,0.0,zarr_hit,0.0315630454570055,1.0219237618148327,0.008465329185128212,0.03076077066361904,8.967188934795558,1021.44287109375,5177344.0,173969,18710.6796875,18711.15625,0.16647055372595787,18711.15625,18711.15234375,16,True
urban__nairobi__r2c1,urban,nairobi,computed,0.0,zarr_hit,0.02886989340186119,1.12347412109375,0.008618800900876522,0.024679717607796192,9.00710027012974,1021.44287109375,5177344.0,174009,18711.15625,18711.51953125,0.17645254358649254,18711.51953125,18711.515625,17,True
urban__nairobi__r2c2,urban,nairobi,computed,0.0,zarr_hit,0.03091051522642374,1.009682023897767,0.008613810874521732,0.034928533248603344,8.994710829108953,1021.443359375,5177344.0,174049,18711.51953125,18712.39453125,0.18424209859222174,18712.39453125,18712.390625,18,True
urban__sao_paulo__r0c0,urban,sao_paulo,computed,0.0,zarr_hit,0.027625550515949726,1.025887788273394,0.009253515861928463,0.023286733776330948,12.3865683414042,1021.419921875,5177344.0,173799,18712.39453125,18716.4921875,0.18517862632870674,18716.4921875,18716.48828125,19,True
urban__sao_paulo__r0c1,urban,sao_paulo,computed,0.0,zarr_hit,0.024370682425796986,1.0188537146896124,0.008756281808018684,0.021879333071410656,12.38219833560288,1021.419921875,5177344.0,173808,18716.49609375,18716.49609375,0.19150488544255495,18716.49609375,18716.4921875,20,True
urban__sao_paulo__r0c2,urban,sao_paulo,computed,0.0,zarr_hit,0.029408245347440243,1.0348155945539474,0.00856260396540165,0.0358082028105855,12.254897746257484,1021.42041015625,5177344.0,173809,18716.49609375,18716.49609375,0.173663598485291,18716.49609375,18716.4921875,21,True
urban__sao_paulo__r1c0,urban,sao_paulo,computed,0.0,zarr_hit,0.03847284056246281,1.0661738906055689,0.00909409299492836,0.0289799515157938,12.373392009176314,1021.42041015625,5177344.0,173795,18716.49609375,18716.49609375,0.18476630374789238,18716.49609375,18716.4921875,22,True
urban__sao_paulo__r1c1,urban,sao_paulo,computed,0.0,zarr_hit,0.03509944677352905,1.030251550488174,0.008849839679896832,0.05748929921537638,12.318985770456493,1021.42041015625,5177344.0,173807,18716.49609375,18716.5,0.16642731055617332,18716.5,18716.49609375,23,True
urban__sao_paulo__r1c2,urban,sao_paulo,computed,0.0,zarr_hit,0.03301696386188269,1.0307565992698073,0.008783083409070969,0.019525413401424885,12.267492153681815,1021.42041015625,5177344.0,173808,18716.5,18716.5,0.17147904075682163,18716.5,18716.49609375,24,True
urban__sao_paulo__r2c0,urban,sao_paulo,computed,0.0,zarr_hit,0.02871511969715357,1.0288164466619492,0.008943397551774979,0.03435091581195593,12.326380639337003,1021.419921875,5177344.0,173800,18716.5,18716.5,0.1890537915751338,18716.5,18716.49609375,25,True
urban__sao_paulo__r2c1,urban,sao_paulo,computed,0.0,zarr_hit,0.03458015061914921,1.0938755348324776,0.00896399561315775,0.025967934168875217,12.41001041047275,1021.42041015625,5177344.0,173811,18716.5,18716.50390625,0.16425542812794447,18716.50390625,18716.5,26,True
urban__sao_paulo__r2c2,urban,sao_paulo,computed,0.0,zarr_hit,0.032203120179474354,1.047794932499528,0.009102710522711277,0.021940719336271286,12.36428758688271,1021.42041015625,5177344.0,173808,18716.50390625,18716.50390625,0.15802853927016258,18716.50390625,18716.5,27,True
urban__cape_town__r0c0,urban,cape_town,computed,0.0,zarr_hit,0.03783518075942993,1.0419580331072211,0.008456804789602757,0.02176804095506668,8.947923354804516,1021.3857421875,5177344.0,173322,18716.50390625,18716.5078125,0.1915139826014638,18716.5078125,18716.50390625,28,True
urban__cape_town__r0c1,urban,cape_town,computed,0.0,zarr_hit,0.03453024663031101,1.025131301023066,0.008615443482995033,0.02588615845888853,8.837631713598967,1021.38916015625,5177344.0,173332,18716.5078125,18716.5078125,0.16842742916196585,18716.5078125,18716.50390625,29,True
urban__cape_town__r0c2,urban,cape_town,computed,0.0,zarr_hit,0.031179316341876984,1.017708720639348,0.008861501701176167,0.033460527658462524,8.706735578365624,1021.3896484375,5177344.0,173344,18716.5078125,18716.5078125,0.16219443641602993,18716.5078125,18716.50390625,30,True
urban__cape_town__r1c0,urban,cape_town,computed,0.0,zarr_hit,0.03892439790070057,1.0255126152187586,0.008642256259918213,0.033969225361943245,8.906045873649418,1021.38916015625,5177344.0,173328,18716.5078125,18717.00390625,0.1658534575253725,18717.00390625,18717.0,31,True
urban__cape_town__r1c1,urban,cape_town,computed,0.0,zarr_hit,0.025054211728274822,1.0241246186196804,0.008304684422910213,0.024784138426184654,8.710084164515138,1021.39013671875,5177344.0,173338,18717.00390625,18717.0078125,0.16608276404440403,18717.0078125,18717.00390625,32,True
urban__cape_town__r1c2,urban,cape_town,computed,0.0,zarr_hit,0.02665911801159382,1.0039033107459545,0.009430683217942715,0.02079632878303528,8.810393836349249,1021.39013671875,5177344.0,173340,18717.0078125,18717.02734375,0.19432537723332644,18717.02734375,18717.0234375,33,True
urban__cape_town__r2c0,urban,cape_town,computed,0.0,zarr_hit,0.030265163630247116,1.0176228657364845,0.008861682377755642,0.01308045070618391,9.166868462227285,1021.3857421875,5177344.0,173324,18717.02734375,18717.02734375,0.1685962351039052,18717.02734375,18717.0234375,34,True
urban__cape_town__r2c1,urban,cape_town,computed,0.0,zarr_hit,0.02651375252753496,1.0580826820805669,0.00853395089507103,0.026094336062669754,8.90720864571631,1021.3896484375,5177344.0,173336,18717.03125,18717.03125,0.16322234272956848,18717.03125,18717.02734375,35,True
urban__cape_town__r2c2,urban,cape_town,computed,0.0,zarr_hit,0.03069469891488552,1.0725327236577868,0.00911638606339693,0.02374226041138172,9.335253707133234,1021.3896484375,5177344.0,173346,18717.03125,18717.34375,0.17132424470037222,18717.34375,18717.33984375,36,True
urban__sydney__r0c0,urban,sydney,computed,0.0,zarr_hit,0.034482209011912346,1.0286687649786472,0.008451503701508045,0.024260263890028,11.352523053064942,1021.3955078125,5177344.0,173451,18717.34375,18717.34375,0.19434548635035753,18717.34375,18717.33984375,37,True
urban__sydney__r0c1,urban,sydney,computed,0.0,zarr_hit,0.03441217727959156,1.0093193827196956,0.008588844910264015,0.02413234207779169,11.265686728060246,1021.39892578125,5177344.0,173463,18717.34375,18717.34375,0.16027075052261353,18717.34375,18717.33984375,38,True
urban__sydney__r0c2,urban,sydney,computed,0.0,zarr_hit,0.031005078926682472,1.021081332117319,0.008920874446630478,0.02537098340690136,11.181040308438241,1021.3955078125,5177344.0,173468,18717.34375,18717.34375,0.1628332743421197,18717.34375,18717.33984375,39,True
urban__sydney__r1c0,urban,sydney,computed,0.0,zarr_hit,0.029535379260778427,1.003221577964723,0.009362944401800632,0.03131042793393135,11.55159123428166,1021.39892578125,5177344.0,173452,18717.34375,18717.35546875,0.1720206756144762,18717.35546875,18717.3515625,40,True
urban__sydney__r1c1,urban,sydney,computed,0.0,zarr_hit,0.02553757932037115,1.0107826311141253,0.008864878676831722,0.028080015443265438,11.195760573260486,1021.39501953125,5177344.0,173465,18717.35546875,18717.35546875,0.17280859220772982,18717.35546875,18717.3515625,41,True
urban__sydney__r1c2,urban,sydney,computed,0.0,zarr_hit,0.03231141809374094,1.0123033476993442,0.00867239385843277,0.026692100800573826,11.148150482214987,1021.39892578125,5177344.0,173466,18717.35546875,18717.35546875,0.17796211503446102,18717.35546875,18717.3515625,42,True
urban__sydney__r2c0,urban,sydney,computed,0.0,zarr_hit,0.023874673061072826,0.999762712046504,0.008440833538770676,0.02791079506278038,11.269034561701119,1021.3955078125,5177344.0,173462,18717.35546875,18717.35546875,0.16481153946369886,18717.35546875,18717.3515625,43,True
urban__sydney__r2c1,urban,sydney,computed,0.0,zarr_hit,0.038355001248419285,1.0183145189657807,0.008867002092301846,0.0260357353836298,11.899380341172218,1021.3955078125,5177344.0,173459,18717.35546875,18717.35546875,0.17499595414847136,18717.35546875,18717.3515625,44,True
urban__sydney__r2c2,urban,sydney,computed,0.0,zarr_hit,0.06242481432855129,1.4228167869150639,0.009019562043249607,0.032990748062729836,11.518902929499745,1021.3994140625,5177344.0,173471,18717.35546875,18717.359375,0.17357223108410835,18717.359375,18717.35546875,45,True
urban__mexico_city__r0c0,urban,mexico_city,computed,0.0,zarr_hit,0.035437703132629395,1.057155802845955,0.009218038991093636,0.011881985701620579,11.367517117410898,1021.43994140625,5177344.0,174201,18717.359375,18717.359375,0.17847239319235086,18717.359375,18717.35546875,46,True
urban__mexico_city__r0c1,urban,mexico_city,computed,0.0,zarr_hit,0.031991670839488506,1.0228231772780418,0.008429392240941525,0.020723460242152214,11.5639533912763,1021.439453125,5177344.0,174054,18717.359375,18717.359375,0.16565534193068743,18717.359375,18717.35546875,47,True
urban__mexico_city__r0c2,urban,mexico_city,computed,0.0,zarr_hit,0.03117963019758463,1.039601349271834,0.008624832145869732,0.024101974442601204,11.6549799926579,1021.43798828125,5177344.0,173820,18717.359375,18717.359375,0.17207711283117533,18717.359375,18717.35546875,48,True
urban__mexico_city__r1c0,urban,mexico_city,computed,0.0,zarr_hit,0.025530776008963585,1.0255075534805655,0.008921976201236248,0.03280074708163738,11.441338436678052,1021.43994140625,5177344.0,174173,18717.359375,18717.359375,0.18818517122417688,18717.359375,18717.35546875,49,True
urban__mexico_city__r1c1,urban,mexico_city,computed,0.0,zarr_hit,0.02755069173872471,1.0281645385548472,0.00864140409976244,0.029912905767560005,11.36033037584275,1021.4404296875,5177344.0,174156,18717.359375,18717.36328125,0.17943788785487413,18717.36328125,18717.359375,50,True
urban__mexico_city__r1c2,urban,mexico_city,computed,0.0,zarr_hit,0.03081212192773819,1.0211406033486128,0.00907002855092287,0.027900454588234425,11.33799166791141,1021.43896484375,5177344.0,173998,18717.36328125,18717.36328125,0.16699601709842682,18717.36328125,18717.359375,51,True
urban__mexico_city__r2c0,urban,mexico_city,computed,0.0,zarr_hit,0.029096335172653198,1.0410711206495762,0.00841750018298626,0.023036791943013668,11.23936252295971,1021.439453125,5177344.0,173990,18717.36328125,18717.36328125,0.1601023906841874,18717.36328125,18717.359375,52,True
urban__mexico_city__r2c1,urban,mexico_city,computed,0.0,zarr_hit,0.02470895554870367,1.0321542518213391,0.008646683767437935,0.01821164321154356,11.666521462611854,1021.43798828125,5177344.0,173839,18717.36328125,18717.36328125,0.1863857852295041,18717.36328125,18717.359375,53,True
urban__mexico_city__r2c2,urban,mexico_city,computed,0.0,zarr_hit,0.028701244853436947,1.0592829417437315,0.0084959976375103,0.014562836848199368,11.993863182142377,1021.439453125,5177344.0,174048,18717.36328125,18718.3359375,0.16272711288183928,18718.3359375,18718.33203125,54,True
urban__tokyo__r0c0,urban,tokyo,computed,0.0,zarr_hit,0.028527935035526752,1.0479901945218444,0.009539217688143253,0.029051896184682846,10.718514665029943,1021.3984375,5177344.0,173440,18718.3359375,18718.33984375,0.17946959473192692,18718.33984375,18718.3359375,55,True
urban__tokyo__r0c1,urban,tokyo,computed,0.0,zarr_hit,0.037248426117002964,1.0311967302113771,0.009182370267808437,0.022798036225140095,10.761405494064093,1021.3955078125,5177344.0,173449,18718.33984375,18718.33984375,0.2121125478297472,18718.33984375,18718.3359375,56,True
urban__tokyo__r0c2,urban,tokyo,computed,0.0,zarr_hit,0.02967830654233694,1.296698795631528,0.008390678092837334,0.02732184249907732,11.056802246719599,1021.39892578125,5177344.0,173460,18718.33984375,18718.33984375,0.18516224063932896,18718.33984375,18718.3359375,57,True
urban__tokyo__r1c0,urban,tokyo,computed,0.0,zarr_hit,0.06595498789101839,1.229120846837759,0.008809562772512436,0.02238381002098322,10.81019664183259,1021.39892578125,5177344.0,173436,18718.33984375,18718.33984375,0.16803409811109304,18718.33984375,18718.3359375,58,True
urban__tokyo__r1c1,urban,tokyo,computed,0.0,zarr_hit,0.035892161540687084,1.2639603903517127,0.008735280483961105,0.030701599083840847,10.906117954291403,1021.3955078125,5177344.0,173445,18718.33984375,18718.34375,0.16896809078752995,18718.34375,18718.33984375,59,True
urban__tokyo__r1c2,urban,tokyo,computed,0.0,zarr_hit,0.051224054768681526,1.144834672100842,0.010004982352256775,0.01483218465000391,10.79754760954529,1021.3994140625,5177344.0,173453,18718.34375,18718.34375,0.18097542319446802,18718.34375,18718.33984375,60,True
urban__tokyo__r2c0,urban,tokyo,computed,0.0,zarr_hit,0.08280104491859674,1.2198168048635125,0.008152967318892479,0.02326176594942808,10.67448718380183,1021.39892578125,5177344.0,173443,18718.34375,18718.890625,0.16350942850112915,18718.890625,18718.88671875,61,True
urban__tokyo__r2c1,urban,tokyo,computed,0.0,zarr_hit,0.03216616902500391,1.1466971775516868,0.008426164276897907,0.020280628465116024,10.55644142627716,1021.39892578125,5177344.0,173447,18718.890625,18718.890625,0.1667478960007429,18718.890625,18718.88671875,62,True
urban__tokyo__r2c2,urban,tokyo,computed,0.0,zarr_hit,0.043180136010050774,1.3773008277639747,0.009213488548994064,0.029490670189261436,10.71444646641612,1021.3994140625,5177344.0,173454,18718.890625,18718.89453125,0.1689719883725047,18718.89453125,18718.890625,63,True
urban__montreal__r0c0,urban,montreal,computed,0.0,zarr_hit,0.026622825302183628,1.351610249839723,0.008579004555940628,0.05141614004969597,10.56701193191111,1021.37939453125,5177344.0,173065,18718.89453125,18718.89453125,0.18123698979616165,18718.89453125,18718.890625,64,True
urban__montreal__r0c1,urban,montreal,computed,0.0,zarr_hit,0.03455275855958462,1.0249178819358349,0.008471080102026463,0.019534430466592312,10.422122507356107,1021.37939453125,5177344.0,173059,18718.89453125,18718.89453125,0.16882809530943632,18718.89453125,18718.890625,65,True
urban__montreal__r0c2,urban,montreal,computed,0.0,zarr_hit,0.03142787702381611,1.0182211697101593,0.008868464268743992,0.02240132261067629,10.127031126990914,1021.37939453125,5177344.0,173058,18718.89453125,18718.8984375,0.172590016387403,18718.8984375,18718.89453125,66,True
urban__montreal__r1c0,urban,montreal,computed,0.0,zarr_hit,0.03714610170572996,1.0210876911878586,0.0088172173127532,0.018538200296461582,10.134060961194336,1021.3828125,5177344.0,173070,18718.8984375,18718.8984375,0.16473391465842724,18718.90234375,18718.89453125,67,True
urban__montreal__r1c1,urban,montreal,computed,0.0,zarr_hit,0.029095400124788284,1.0160803962498903,0.00830470398068428,0.03642359934747219,10.214463462121785,1021.37939453125,5177344.0,173068,18718.8984375,18718.90625,0.1676696054637432,18718.90625,18718.90234375,68,True
urban__montreal__r1c2,urban,montreal,computed,0.0,zarr_hit,0.026989943347871304,1.0105945831164718,0.008883251808583736,0.020438477396965027,10.661383318714797,1021.37939453125,5177344.0,173057,18718.90625,18718.9375,0.16495350003242493,18718.9375,18718.93359375,69,True
urban__montreal__r2c0,urban,montreal,computed,0.0,zarr_hit,0.034952317364513874,1.0189184444025159,0.00827458780258894,0.031292740255594254,10.484141585417092,1021.37939453125,5177344.0,173060,18718.9375,18718.9375,0.17029496002942324,18718.9375,18718.93359375,70,True
urban__montreal__r2c1,urban,montreal,computed,0.0,zarr_hit,0.030700367875397205,1.0175354285165668,0.008231365121901035,0.0244868416339159,10.114843970164657,1021.37939453125,5177344.0,173059,18718.9375,18719.07421875,0.16939378809183836,18719.07421875,18719.0703125,71,True
urban__montreal__r2c2,urban,montreal,computed,0.0,zarr_hit,0.05765899084508419,1.1785998661071062,0.008300014771521091,0.016806541942059994,10.303186099044979,1021.37939453125,5177344.0,173061,18719.07421875,18719.19921875,0.16833420749753714,18719.19921875,18719.1953125,72,True
urban__paris__r0c0,urban,paris,computed,0.0,zarr_hit,0.055444516241550446,1.3146206447854638,0.00877341441810131,0.01588946208357811,8.914027633145452,1382.2587890625,5177344.0,172962,18719.19921875,18720.73828125,0.1748558972030878,18720.73828125,18720.734375,73,True
urban__paris__r0c1,urban,paris,computed,0.0,zarr_hit,0.035987723618745804,0.9914786964654922,0.008526965975761414,0.018923071213066578,8.609219637699425,1382.2587890625,5177344.0,172947,18720.73828125,18720.890625,0.16569020878523588,18720.890625,18720.88671875,74,True
urban__paris__r0c2,urban,paris,computed,0.0,zarr_hit,0.03746651951223612,0.9966700207442045,0.00855204463005066,0.012918633408844471,8.32553817331791,1021.38623046875,5177344.0,172948,18720.890625,18721.046875,0.1712255859747529,18721.046875,18721.04296875,75,True
urban__paris__r1c0,urban,paris,computed,0.0,zarr_hit,0.02701013069599867,0.9775496162474155,0.008769647218286991,0.022397085092961788,9.014757482334971,1382.25537109375,5177344.0,172956,18721.046875,18721.640625,0.1672728629782796,18721.640625,18721.63671875,76,True
urban__paris__r1c1,urban,paris,computed,0.0,zarr_hit,0.048859065398573875,1.0044393688440323,0.00896116066724062,0.016938061453402042,8.52596524078399,1021.38623046875,5177344.0,172956,18721.640625,18721.82421875,0.17163544334471226,18721.82421875,18721.8203125,77,True
urban__paris__r1c2,urban,paris,computed,0.0,zarr_hit,0.06292163021862507,1.125960012897849,0.008772661909461021,0.028799147345125675,8.738106241449714,1382.25537109375,5177344.0,172944,18721.82421875,18721.98046875,0.17589102126657963,18721.98046875,18721.9765625,78,True
urban__paris__r2c0,urban,paris,computed,0.0,zarr_hit,0.030830463394522667,0.9919719630852342,0.009007719345390797,0.010996594093739986,8.883181891404092,1382.2587890625,5177344.0,172958,18721.98046875,18722.33203125,0.18170989770442247,18722.33203125,18722.328125,79,True
urban__paris__r2c1,urban,paris,computed,0.0,zarr_hit,0.028445777483284473,0.9873402714729309,0.008915993385016918,0.03065558150410652,8.635118789970875,1382.2587890625,5177344.0,172941,18722.33203125,18722.5,0.1765178218483925,18722.5,18722.49609375,80,True
urban__paris__r2c2,urban,paris,computed,0.0,zarr_hit,0.053353055380284786,1.2043782286345959,0.008339040912687778,0.028524264693260193,8.730956279672682,1021.3828125,5177344.0,172942,18722.5,18722.65625,0.17079966701567173,18722.65625,18722.65234375,81,True
urban__reykjavik__r0c0,urban,reykjavik,computed,0.0,zarr_hit,0.039145286194980145,1.0668250089511275,0.008683723397552967,0.016561136581003666,9.919704312458634,1021.32421875,5177344.0,172425,18722.65625,18722.79296875,0.17323036026209593,18722.79296875,18722.7890625,82,True
urban__reykjavik__r0c1,urban,reykjavik,computed,0.0,zarr_hit,0.0318092405796051,1.0630816826596856,0.008740510791540146,0.011701772920787334,9.86123570613563,1021.32421875,5177344.0,172418,18722.79296875,18722.79296875,0.17603716906160116,18722.79296875,18722.7890625,83,True
urban__reykjavik__r0c2,urban,reykjavik,computed,0.0,zarr_hit,0.06399796158075333,1.0965745188295841,0.008891687728464603,0.03061899170279503,9.803914248943329,1021.32421875,5177344.0,172425,18722.79296875,18364.2421875,0.19516056030988693,18722.79296875,18364.23828125,84,True
urban__reykjavik__r1c0,urban,reykjavik,computed,0.0,zarr_hit,0.04671025741845369,1.1968834986910224,0.00867419596761465,0.025119622237980366,9.911942028440535,1021.32421875,5177344.0,172419,18364.2421875,18365.0390625,0.17702025547623634,18365.0390625,18365.03515625,85,True
urban__reykjavik__r1c1,urban,reykjavik,computed,0.0,zarr_hit,0.03987933974713087,1.1818066304549575,0.00824869703501463,0.02336310874670744,10.2140480754897,1021.3203125,5177344.0,172416,18365.0390625,18365.2265625,0.18003480788320303,18365.2265625,18365.22265625,86,True
urban__reykjavik__r1c2,urban,reykjavik,computed,0.0,zarr_hit,0.03259559441357851,1.0793993081897497,0.009052653796970844,0.029113944619894028,9.762633797712624,1021.32421875,5177344.0,172421,18365.2265625,18365.2265625,0.17132603656500578,18365.2265625,18365.22265625,87,True
urban__reykjavik__r2c0,urban,reykjavik,computed,0.0,zarr_hit,0.04511364735662937,1.0762811582535505,0.008939658291637897,0.0236419178545475,9.88189885020256,1021.32080078125,5177344.0,172420,18365.2265625,18366.6953125,0.20616421662271023,18366.6953125,18366.69140625,88,True
urban__reykjavik__r2c1,urban,reykjavik,computed,0.0,zarr_hit,0.03525118436664343,1.067482647486031,0.008769415318965912,0.03541398327797651,10.602690055966377,1021.32080078125,5177344.0,172425,18366.6953125,18367.515625,0.1795050222426653,18367.515625,18367.51171875,89,True
urban__reykjavik__r2c2,urban,reykjavik,computed,0.0,zarr_hit,0.03725994750857353,1.073344805277884,0.008485046215355396,0.030154329724609852,9.978288740850985,1021.32373046875,5177344.0,172414,18367.515625,18367.6796875,0.17586758639663458,18367.6796875,18367.67578125,90,True
water__lake_victoria__r0c0,water,lake_victoria,computed,0.0,zarr_hit,0.030640502460300922,1.010143463499844,0.00916882511228323,0.024827618151903152,9.100741754285991,1021.4599609375,5177344.0,174287,18367.6796875,18367.6796875,0.1723217759281397,18367.6796875,18367.67578125,91,True
water__lake_victoria__r0c1,water,lake_victoria,computed,0.0,zarr_hit,0.034883477725088596,1.2033066619187593,0.008937224745750427,0.01977071911096573,9.26581454090774,1021.46142578125,5177344.0,173974,18367.6796875,18367.6796875,0.21704217605292797,18367.6796875,18367.67578125,92,True
water__lake_victoria__r0c2,water,lake_victoria,computed,0.0,zarr_hit,0.027875044383108616,1.0034448690712452,0.009679443202912807,0.02129368018358946,9.080717754550278,1021.4609375,5177344.0,173974,18367.68359375,18367.68359375,0.17716942820698023,18367.68359375,18367.6796875,93,True
water__lake_victoria__r1c0,water,lake_victoria,computed,0.0,zarr_hit,0.026449717581272125,1.0053682699799538,0.008614473044872284,0.011317011900246143,8.907806187868118,1021.46142578125,5177344.0,174556,18367.68359375,18368.3671875,0.1796786105260253,18368.3671875,18368.36328125,94,True
water__lake_victoria__r1c1,water,lake_victoria,computed,0.0,zarr_hit,0.030779987573623657,1.3459638375788927,0.008682331070303917,0.018728851340711117,9.649551953189075,1021.462890625,5177344.0,174240,18368.3671875,18368.53125,0.17733971122652292,18368.53125,18368.52734375,95,True
water__lake_victoria__r1c2,water,lake_victoria,computed,0.0,zarr_hit,0.03530275262892246,1.0179182216525078,0.009220351465046406,0.023225607350468636,8.97449804469943,1021.462890625,5177344.0,174240,18368.53125,18368.66796875,0.17783384956419468,18368.66796875,18368.6640625,96,True
water__lake_victoria__r2c0,water,lake_victoria,computed,0.0,zarr_hit,0.03244301397353411,1.0118296248838305,0.009226754307746887,0.019851473160088062,8.915433205664158,1021.46142578125,5177344.0,174555,18368.66796875,18369.0078125,0.20337615441530943,18369.0078125,18369.00390625,97,True
water__lake_victoria__r2c1,water,lake_victoria,computed,0.0,zarr_hit,0.0516455452889204,1.167564295232296,0.008478333242237568,0.01984598208218813,10.2588050942868,1021.46337890625,5177344.0,174241,18369.0078125,18369.0078125,0.4351182347163558,18369.0078125,18369.00390625,98,True
water__lake_victoria__r2c2,water,lake_victoria,computed,0.0,zarr_hit,0.04477879963815212,1.3862341698259115,0.009401125833392143,0.01893360074609518,10.931312827393413,1021.462890625,5177344.0,174241,18369.0078125,18369.0078125,0.3898321706801653,18369.0078125,18369.00390625,99,True
water__lake_titicaca__r0c0,water,lake_titicaca,computed,0.0,zarr_hit,0.03178534656763077,1.339073909446597,0.00900328066200018,0.027564603835344315,16.009039536118507,1021.44482421875,5177344.0,174089,18369.0078125,18369.08203125,0.23798169381916523,18369.08203125,18369.078125,100,True
water__lake_titicaca__r0c1,water,lake_titicaca,computed,0.0,zarr_hit,0.034571435302495956,1.313253396190703,0.008773664012551308,0.0154400784522295,16.056092935614288,1021.44482421875,5177344.0,174120,18369.08203125,18369.921875,0.4383937120437622,18369.921875,18369.91796875,101,True
water__lake_titicaca__r0c2,water,lake_titicaca,computed,0.0,zarr_hit,0.03874972555786371,1.258799840696156,0.009621934033930302,0.03802546113729477,16.486619765870273,1021.44482421875,5177344.0,174118,18369.921875,18370.19140625,0.487752266228199,18370.19140625,18370.1875,102,True
water__lake_titicaca__r1c0,water,lake_titicaca,computed,0.0,zarr_hit,0.0331673389300704,1.3867475055158138,0.008747715502977371,0.038093529641628265,16.170756993815303,1021.44482421875,5177344.0,174085,18370.19140625,18370.5078125,0.3914309050887823,18370.5078125,18370.50390625,103,True
water__lake_titicaca__r1c1,water,lake_titicaca,computed,0.0,zarr_hit,0.03648232202976942,1.309853351674974,0.00886751152575016,0.025662031956017017,16.337257203646004,1021.44482421875,5177344.0,174104,18370.5078125,18370.5078125,0.28475232888013124,18370.5078125,18370.50390625,104,True
water__lake_titicaca__r1c2,water,lake_titicaca,computed,0.0,zarr_hit,0.0501734996214509,1.3531464478000998,0.009085605852305889,0.0364879509434104,17.81309023220092,1021.44482421875,5177344.0,174110,18370.5078125,18370.75390625,0.31528115645051,18370.75390625,18370.75,105,True
water__lake_titicaca__r2c0,water,lake_titicaca,computed,0.0,zarr_hit,0.0439325924962759,1.130253561772406,0.00887997541576624,0.03729311004281044,16.33842708170414,1021.4482421875,5177344.0,174121,18370.75390625,18370.75390625,0.30992611311376095,18370.75390625,18370.75,106,True
water__lake_titicaca__r2c1,water,lake_titicaca,computed,0.0,zarr_hit,0.02996359672397375,1.0971408877521753,0.009735019877552986,0.017959531396627426,15.223859997466207,1021.44482421875,5177344.0,174133,18370.75390625,18370.75390625,0.30295064207166433,18370.75390625,18370.75,107,True
water__lake_titicaca__r2c2,water,lake_titicaca,computed,0.0,zarr_hit,0.032785262912511826,1.0872746389359236,0.009590715169906616,0.03051631711423397,12.48391958232969,1021.44482421875,5177344.0,174113,18370.75390625,18370.75390625,0.3920017695054412,18370.75390625,18370.75,108,True
water__lake_taupo__r0c0,water,lake_taupo,computed,0.0,zarr_hit,0.04332668334245682,1.0360157787799835,0.008241984993219376,0.026433154940605164,9.481578337028623,1021.39453125,5177344.0,173358,18370.75390625,18371.5078125,0.2905467674136162,18371.5078125,18371.50390625,109,True
water__lake_taupo__r0c1,water,lake_taupo,computed,0.0,zarr_hit,0.033196182921528816,1.0213134493678808,0.008324080146849155,0.025659937411546707,9.315040864981711,1021.39453125,5177344.0,173362,18371.5078125,18371.65625,0.35964451916515827,18371.65625,18371.65234375,110,True
water__lake_taupo__r0c2,water,lake_taupo,computed,0.0,zarr_hit,0.041435192339122295,1.394974635913968,0.009162671864032745,0.030211417004466057,9.991528214886785,1021.39794921875,5177344.0,173363,18371.65625,18371.7578125,0.376627204939723,18371.7578125,18371.75390625,111,True
water__lake_taupo__r1c0,water,lake_taupo,computed,0.0,zarr_hit,0.04146566987037659,1.0324359824880958,0.008989914320409298,0.010152931325137615,9.030835657380521,1021.39453125,5177344.0,173360,18371.7578125,18371.7578125,0.3203902058303356,18371.7578125,18371.75390625,112,True
water__lake_taupo__r1c1,water,lake_taupo,computed,0.0,zarr_hit,0.04433567821979523,1.0419481294229627,0.00845584087073803,0.028040004894137383,9.224044534377754,1021.39794921875,5177344.0,173363,18371.7578125,18371.7578125,0.2521664425730705,18371.7578125,18371.75390625,113,True
water__lake_taupo__r1c2,water,lake_taupo,computed,0.0,zarr_hit,0.03284051828086376,1.0166069585829973,0.008819702081382275,0.031231394037604332,9.147551133297384,1021.39794921875,5177344.0,173366,18371.7578125,18371.7578125,0.3245883733034134,18371.7578125,18371.75390625,114,True
water__lake_taupo__r2c0,water,lake_taupo,computed,0.0,zarr_hit,0.03981310315430164,1.0668092016130686,0.008798010647296906,0.018460341729223728,9.5848787734285,1021.39453125,5177344.0,173371,18371.7578125,18371.77734375,0.32591418270021677,18371.77734375,18371.7734375,115,True
water__lake_taupo__r2c1,water,lake_taupo,computed,0.0,zarr_hit,0.030088274739682674,1.016907005570829,0.009146231226623058,0.015848242677748203,9.47255591955036,1021.39453125,5177344.0,173366,18371.77734375,18373.2109375,0.3512574778869748,18373.2109375,18373.20703125,116,True
water__lake_taupo__r2c2,water,lake_taupo,computed,0.0,zarr_hit,0.03625699318945408,1.0592258777469397,0.009051431901752949,0.02568787056952715,9.301290586590767,1021.39453125,5177344.0,173360,18373.2109375,18373.359375,0.29679770302027464,18373.359375,18373.35546875,117,True
water__lake_geneva__r0c0,water,lake_geneva,computed,0.0,zarr_hit,0.07476653158664703,1.1587733682245016,0.008786768652498722,0.024142717942595482,8.940421550534666,1021.3818359375,5177344.0,172902,18373.359375,18372.48046875,0.24955967534333467,18373.359375,18372.4765625,118,True
water__lake_geneva__r0c1,water,lake_geneva,computed,0.0,zarr_hit,0.03764860425144434,1.02498983964324,0.008892158977687359,0.03547608107328415,9.0542610026896,1382.2548828125,5177344.0,172893,18372.48046875,18373.47265625,0.29749765153974295,18373.47265625,18373.46875,119,True
water__lake_geneva__r0c2,water,lake_geneva,computed,0.0,zarr_hit,0.03429289534687996,1.0039306348189712,0.008797038346529007,0.02200442925095558,8.84799041878432,1382.2548828125,5177344.0,172892,18373.47265625,18373.47265625,0.27669472340494394,18373.47265625,18373.46875,120,True
water__lake_geneva__r1c0,water,lake_geneva,computed,0.0,zarr_hit,0.0678179319947958,1.4097821237519383,0.009238396771252155,0.02728574350476265,9.160795755684376,1021.3857421875,5177344.0,172893,18373.47265625,18373.47265625,0.30785627383738756,18373.47265625,18373.46875,121,True
water__lake_geneva__r1c1,water,lake_geneva,computed,0.0,zarr_hit,0.02629863005131483,0.9936417238786817,0.009018849581480026,0.023022551089525223,9.03573052585125,1021.38232421875,5177344.0,172905,18373.47265625,18373.734375,0.3208539457991719,18373.734375,18373.73046875,122,True
water__lake_geneva__r1c2,water,lake_geneva,computed,0.0,zarr_hit,0.03696761280298233,1.005372622050345,0.008646181784570217,0.014914070256054401,8.607322751544416,1021.3857421875,5177344.0,172910,18373.734375,18374.53125,0.30967659037560225,18374.53125,18374.52734375,123,True
water__lake_geneva__r2c0,water,lake_geneva,computed,0.0,zarr_hit,0.04032977391034365,1.1721978709101677,0.009084174409508705,0.012220296077430248,8.935300941579044,1382.2548828125,5177344.0,172879,18374.53125,18374.68359375,0.31494998931884766,18374.68359375,18374.6796875,124,True
water__lake_geneva__r2c1,water,lake_geneva,computed,0.0,zarr_hit,0.036536142230033875,1.0019241757690907,0.010281356051564217,0.012142037972807884,8.715803970582783,1382.2548828125,5177344.0,172894,18374.68359375,18374.734375,0.36619496159255505,18374.734375,18374.73046875,125,True
water__lake_geneva__r2c2,water,lake_geneva,computed,0.0,zarr_hit,0.04011801164597273,1.038227598182857,0.009303981438279152,0.014551390893757343,8.89377724006772,1382.2548828125,5177344.0,172901,18374.734375,18375.0703125,0.30586316995322704,18375.0703125,18375.06640625,126,True
water__lake_michigan__r0c0,water,lake_michigan,computed,0.0,zarr_hit,0.035286830738186836,1.2910568388178945,0.008871329016983509,0.012372775934636593,12.665447778068483,1382.27783203125,5177344.0,173161,18375.0703125,18375.07421875,0.25629084184765816,18375.07421875,18375.0703125,127,True
water__lake_michigan__r0c1,water,lake_michigan,computed,0.0,zarr_hit,0.056491412222385406,1.0774859879165888,0.0087643563747406,0.014701906591653824,12.152123352512717,1021.4052734375,5177344.0,173175,18375.07421875,18375.07421875,0.2347340751439333,18375.07421875,18375.0703125,128,True
water__lake_michigan__r0c2,water,lake_michigan,computed,0.0,zarr_hit,0.05151525419205427,1.0317795118317008,0.008924831636250019,0.019077742472290993,12.175528099760413,1382.2783203125,5177344.0,173181,18375.07421875,18375.07421875,0.2714068265631795,18375.07421875,18375.0703125,129,True
water__lake_michigan__r1c0,water,lake_michigan,computed,0.0,zarr_hit,0.03317675460129976,1.0161403268575668,0.008701708167791367,0.013233388774096966,12.092835935764015,1382.27783203125,5177344.0,173168,18375.07421875,18377.4375,0.23260430246591568,18377.4375,18377.43359375,130,True
water__lake_michigan__r1c1,water,lake_michigan,computed,0.0,zarr_hit,0.036651451140642166,1.0420761359855533,0.009366167709231377,0.022652778774499893,12.16368252504617,1021.4052734375,5177344.0,173174,18377.4375,18377.52734375,0.260999221354723,18377.52734375,18377.5234375,131,True
water__lake_michigan__r1c2,water,lake_michigan,computed,0.0,zarr_hit,0.09991981368511915,1.1205612942576408,0.008551240898668766,0.01721319369971752,11.97950876224786,1382.27783203125,5177344.0,173173,18377.52734375,18378.29296875,0.2075073141604662,18378.29296875,18378.2890625,132,True
water__lake_michigan__r2c0,water,lake_michigan,computed,0.0,zarr_hit,0.042961749248206615,1.0287124598398805,0.009335068985819817,0.02338620088994503,12.340793951414526,1382.27783203125,5177344.0,173172,18378.29296875,18378.30859375,0.2586512742564082,18378.30859375,18378.3046875,133,True
water__lake_michigan__r2c1,water,lake_michigan,computed,0.0,zarr_hit,0.029726536013185978,1.0148714780807495,0.008310615085065365,0.01386523898690939,12.535776420496404,1021.4052734375,5177344.0,173166,18378.30859375,18378.30859375,0.21835451293736696,18378.30859375,18378.3046875,134,True
water__lake_michigan__r2c2,water,lake_michigan,computed,0.0,zarr_hit,0.032225399278104305,1.0142949130386114,0.009271178394556046,0.01263958215713501,12.293436899781227,1382.27783203125,5177344.0,173161,18378.30859375,18378.30859375,0.25723616778850555,18378.30859375,18378.3046875,135,True
water__lake_tahoe__r0c0,water,lake_tahoe,computed,0.0,zarr_hit,0.06619374640285969,1.38751754257828,0.008352164179086685,0.02050266694277525,12.712983580306172,1021.37451171875,5177344.0,173087,18378.30859375,18378.30859375,0.2211804986000061,18378.30859375,18378.3046875,136,True
water__lake_tahoe__r0c1,water,lake_tahoe,computed,0.0,zarr_hit,0.0378485731780529,1.0451587485149503,0.009005384519696236,0.012891700491309166,12.287297305651009,1021.375,5177344.0,173097,18378.30859375,18378.3125,0.25520674511790276,18378.3125,18378.30859375,137,True
water__lake_tahoe__r0c2,water,lake_tahoe,computed,0.0,zarr_hit,0.03756736870855093,1.0511431572958827,0.008742976002395153,0.02515649050474167,12.084528176113963,1021.375,5177344.0,173105,18378.3125,18378.3125,0.23766295425593853,18378.3125,18378.30859375,138,True
water__lake_tahoe__r1c0,water,lake_tahoe,computed,0.0,zarr_hit,0.0327082360163331,1.0534062925726175,0.00885804370045662,0.014989092014729977,12.630188290961087,1021.3740234375,5177344.0,173086,18378.3125,18379.14453125,0.257924634963274,18379.14453125,18379.140625,139,True
water__lake_tahoe__r1c1,water,lake_tahoe,computed,0.0,zarr_hit,0.0465046027675271,1.3897758787497878,0.009009722620248795,0.015733844600617886,13.741829643957317,1021.375,5177344.0,173093,18379.14453125,18379.26171875,0.2436258029192686,18379.26171875,18379.2578125,140,True
water__lake_tahoe__r1c2,water,lake_tahoe,computed,0.0,zarr_hit,0.034033481031656265,1.0396580351516604,0.009399591945111752,0.017241256311535835,12.581071668304503,1021.375,5177344.0,173107,18379.26171875,18379.3125,0.23767092917114496,18379.3125,18379.30859375,141,True
water__lake_tahoe__r2c0,water,lake_tahoe,computed,0.0,zarr_hit,0.02850895468145609,1.2584651904180646,0.009223987348377705,0.023482633754611015,12.526516433805227,1021.375,5177344.0,173086,18379.3125,18379.3125,0.24556386191397905,18379.3125,18379.30859375,142,True
water__lake_tahoe__r2c1,water,lake_tahoe,computed,0.0,zarr_hit,0.032253433018922806,1.0960360616445541,0.009140821173787117,0.020407216623425484,12.291646119207144,1021.37841796875,5177344.0,173094,18379.3125,18379.3125,0.25109061133116484,18379.3125,18379.30859375,143,True
water__lake_tahoe__r2c2,water,lake_tahoe,computed,0.0,zarr_hit,0.03408609051257372,1.0395505828782916,0.010468129999935627,0.022998584434390068,12.015481412410736,1021.37890625,5177344.0,173095,18379.3125,18379.3125,0.24343921802937984,18379.3125,18379.30859375,144,True
water__great_salt_lake__r0c0,water,great_salt_lake,computed,0.0,zarr_hit,0.036100233905017376,1.0380154587328434,0.008829370141029358,0.01460803858935833,12.002271126955748,1021.38916015625,5177344.0,173210,18379.3125,18379.3125,0.22738536540418863,18379.3125,18379.30859375,145,True
water__great_salt_lake__r0c1,water,great_salt_lake,computed,0.0,zarr_hit,0.0472664600238204,1.0518032601103187,0.008976508863270283,0.017250655218958855,12.133259154856205,1021.388671875,5177344.0,173220,18379.3125,18380.00390625,0.23566380888223648,18380.00390625,18380.0,146,True
water__great_salt_lake__r0c2,water,great_salt_lake,computed,0.0,zarr_hit,0.03401025850325823,1.2484981501474977,0.008882690221071243,0.015706333331763744,12.135002955794334,1021.38916015625,5177344.0,173222,18380.00390625,18380.15625,0.23865875508636236,18380.15625,18380.15234375,147,True
water__great_salt_lake__r1c0,water,great_salt_lake,computed,0.0,zarr_hit,0.03273133002221584,1.0403979113325477,0.009246520698070526,0.02462050411850214,12.147938058711588,1021.38916015625,5177344.0,173205,18380.15625,18380.2734375,0.251291673630476,18380.2734375,18380.26953125,148,True
water__great_salt_lake__r1c1,water,great_salt_lake,computed,0.0,zarr_hit,0.03269379772245884,1.0390050373971462,0.00898390356451273,0.013564396649599075,11.967019741423428,1021.388671875,5177344.0,173214,18380.2734375,18380.3125,0.24057108163833618,18380.3125,18380.30859375,149,True
water__great_salt_lake__r1c2,water,great_salt_lake,computed,0.0,zarr_hit,0.0556566221639514,1.0600273441523314,0.008658955805003643,0.019703298807144165,12.33889599982649,1021.388671875,5177344.0,173213,18380.3125,18380.54296875,0.23154841549694538,18380.54296875,18380.5390625,150,True
water__great_salt_lake__r2c0,water,great_salt_lake,computed,0.0,zarr_hit,0.03716499265283346,1.1463965633884072,0.009329658932983875,0.027980709448456764,12.398824099451303,1021.388671875,5177344.0,173211,18380.54296875,18380.54296875,0.2656066818162799,18380.54296875,18380.5390625,151,True
water__great_salt_lake__r2c1,water,great_salt_lake,computed,0.0,zarr_hit,0.03683745115995407,1.142643989995122,0.009369615465402603,0.031008688732981682,12.582563390024006,1021.388671875,5177344.0,173202,18380.54296875,18380.54296875,0.24534579552710056,18380.54296875,18380.5390625,152,True
water__great_salt_lake__r2c2,water,great_salt_lake,computed,0.0,zarr_hit,0.0349719300866127,1.0433638449758291,0.00903478916734457,0.03588928189128637,12.240177059546113,1021.392578125,5177344.0,173224,18380.54296875,18380.54296875,0.2472214251756668,18380.54296875,18380.5390625,153,True
water__caspian_sea__r0c0,water,caspian_sea,computed,0.0,zarr_hit,0.036217023618519306,1.042530633509159,0.008868753910064697,0.01619425881654024,9.181661374866962,1021.3779296875,5177344.0,173053,18380.54296875,18381.34375,0.21435982082039118,18381.34375,18381.33984375,154,True
water__caspian_sea__r0c1,water,caspian_sea,computed,0.0,zarr_hit,0.04598176945000887,1.0383969470858574,0.009094713255763054,0.012216087430715561,8.725018123164773,1021.37890625,5177344.0,173066,18381.34375,18381.4765625,0.25332840718328953,18381.4765625,18381.47265625,155,True
water__caspian_sea__r0c2,water,caspian_sea,computed,0.0,zarr_hit,0.02577897161245346,1.2979459203779697,0.00887452531605959,0.027946566231548786,8.913965146057308,1021.37890625,5177344.0,173074,18381.4765625,18381.54296875,0.23811332695186138,18381.54296875,18381.5390625,156,True
water__caspian_sea__r1c0,water,caspian_sea,computed,0.0,zarr_hit,0.02877452690154314,1.018467478454113,0.00881616398692131,0.030658332630991936,9.3473437782377,1021.3779296875,5177344.0,173053,18381.54296875,18381.54296875,0.2284368695691228,18381.54296875,18381.5390625,157,True
water__caspian_sea__r1c1,water,caspian_sea,computed,0.0,zarr_hit,0.030213148333132267,1.0163454012945294,0.008986646309494972,0.0487526785582304,8.631484924815595,1021.37841796875,5177344.0,173063,18381.54296875,18381.54296875,0.2560634482651949,18381.54296875,18381.5390625,158,True
water__caspian_sea__r2c0,water,caspian_sea,computed,0.0,zarr_hit,0.032087757252156734,1.089463577605784,0.008620482869446278,0.032384319230914116,8.71810647379607,1021.37451171875,5177344.0,173055,18381.54296875,18382.18359375,0.21750172413885593,18382.18359375,18382.1796875,160,True
water__caspian_sea__r2c1,water,caspian_sea,computed,0.0,zarr_hit,0.023917948827147484,1.0126578519120812,0.008786196820437908,0.029433928430080414,8.920166857540607,1021.37890625,5177344.0,173065,18382.18359375,18382.33203125,0.24157595913857222,18382.33203125,18382.328125,161,True
water__lake_constance__r0c0,water,lake_constance,computed,0.0,zarr_hit,0.03541068360209465,1.0086597129702568,0.008892649784684181,0.0186925008893013,8.599324581213295,1021.38232421875,5177344.0,172999,18382.33203125,18382.54296875,0.2454291833564639,18382.54296875,18382.5390625,163,True
water__lake_constance__r0c1,water,lake_constance,computed,0.0,zarr_hit,0.03758996073156595,1.0423076897859573,0.008934988640248775,0.0087346900254488,8.520103300921619,1021.3828125,5177344.0,173037,18382.54296875,18382.54296875,0.2420860081911087,18382.54296875,18382.5390625,164,True
water__lake_constance__r0c2,water,lake_constance,computed,0.0,zarr_hit,0.03450488392263651,1.0030507370829582,0.008982781320810318,0.023022008128464222,8.885946092195809,1021.3828125,5177344.0,173013,18382.54296875,18382.546875,0.22950380481779575,18382.546875,18382.54296875,165,True
water__lake_constance__r1c0,water,lake_constance,computed,0.0,zarr_hit,0.03315019328147173,0.9978049583733082,0.008925231173634529,0.012262375093996525,8.538434845395386,1382.25537109375,5177344.0,173001,18382.546875,18383.15625,0.2538836104795337,18383.15625,18383.15234375,166,True
water__lake_constance__r1c1,water,lake_constance,computed,0.0,zarr_hit,0.03361332230269909,1.3965652417391539,0.008811594918370247,0.028905785642564297,8.793944532983005,1021.38232421875,5177344.0,173030,18383.15625,18383.30859375,0.21649959217756987,18383.30859375,18383.3046875,167,True
water__lake_constance__r1c2,water,lake_constance,computed,0.0,zarr_hit,0.028503733687102795,0.9946833048015833,0.009600643068552017,0.03343499265611172,8.755397475324571,1382.25537109375,5177344.0,173009,18383.30859375,18383.4765625,0.25251236744225025,18383.4765625,18383.47265625,168,True
water__lake_constance__r2c0,water,lake_constance,computed,0.0,zarr_hit,0.03574132081121206,1.2114398330450058,0.009183782152831554,0.033942656591534615,8.760668641887605,1021.38232421875,5177344.0,173018,18383.4765625,18383.546875,0.22112753614783287,18383.546875,18383.54296875,169,True
water__lake_constance__r2c1,water,lake_constance,computed,0.0,zarr_hit,0.030953623354434967,1.001740730367601,0.009210852906107903,0.03449470456689596,8.67083220090717,1021.38232421875,5177344.0,173031,18383.546875,18383.546875,0.26109928637742996,18383.546875,18383.54296875,170,True
water__lake_constance__r2c2,water,lake_constance,computed,0.0,zarr_hit,0.043973326683044434,1.0123673900961876,0.0088032903149724,0.029546571895480156,8.512242509052157,1021.3828125,5177344.0,173016,18383.546875,18383.546875,0.22571663558483124,18383.546875,18383.54296875,171,True
water__lake_baikal__r0c0,water,lake_baikal,computed,0.0,zarr_hit,0.04213859420269728,1.1737802913412452,0.009160417132079601,0.030811022967100143,8.628814416006207,1021.3525390625,5177344.0,172630,18383.546875,18383.546875,0.2597249485552311,18383.546875,18383.54296875,172,True
water__lake_baikal__r0c1,water,lake_baikal,computed,0.0,zarr_hit,0.033817850053310394,1.0294452458620071,0.00835825502872467,0.02852660696953535,8.790941813029349,1021.35302734375,5177344.0,172639,18383.546875,18384.2265625,0.21566979680210352,18384.2265625,18384.22265625,173,True
water__lake_baikal__r0c2,water,lake_baikal,computed,0.0,zarr_hit,0.0421624593436718,1.1710544973611832,0.009223788045346737,0.030973772518336773,8.823267750442028,1021.353515625,5177344.0,172642,18384.2265625,18384.3828125,0.2612006785348058,18384.3828125,18384.37890625,174,True
water__lake_baikal__r1c0,water,lake_baikal,computed,0.0,zarr_hit,0.03682840522378683,1.0312809394672513,0.008281227201223373,0.01194657664746046,9.107841967605054,1021.35302734375,5177344.0,172628,18384.3828125,18383.5546875,0.23250772710889578,18384.3828125,18383.55078125,175,True
water__lake_baikal__r1c1,water,lake_baikal,computed,0.0,zarr_hit,0.027495468966662884,1.0207337709143758,0.008749647997319698,0.03982372023165226,8.513913570903242,1021.35302734375,5177344.0,172636,18383.5546875,18384.546875,0.21718876902014017,18384.546875,18384.54296875,176,True
water__lake_baikal__r1c2,water,lake_baikal,computed,0.0,zarr_hit,0.027382174506783485,1.2294751955196261,0.00899132713675499,0.025149095803499222,8.793268699198961,1021.35302734375,5177344.0,172638,18384.546875,18384.546875,0.23299824725836515,18384.546875,18384.54296875,177,True
water__lake_baikal__r2c0,water,lake_baikal,computed,0.0,zarr_hit,0.030040149576961994,1.0255940165370703,0.008637584745883942,0.010340256616473198,8.63809104450047,1021.35302734375,5177344.0,172630,18384.546875,18384.546875,0.21965733636170626,18384.546875,18384.54296875,178,True
water__lake_baikal__r2c1,water,lake_baikal,computed,0.0,zarr_hit,0.05796008463948965,1.17589708045125,0.008954047225415707,0.01800568774342537,8.650230256840587,1021.35302734375,5177344.0,172631,18384.546875,18385.21875,0.2307185512036085,18385.21875,18385.21484375,179,True
water__lake_baikal__r2c2,water,lake_baikal,computed,0.0,zarr_hit,0.03264740016311407,1.024536737240851,0.008551381528377533,0.013202370144426823,8.742064978927374,1021.35302734375,5177344.0,172634,18385.21875,18385.390625,0.22399262432008982,18385.390625,18385.38671875,180,True
forest__amazon__r0c0,forest,amazon,computed,0.0,zarr_hit,0.035897538997232914,1.0312979333102703,0.008503802120685577,0.03416080307215452,12.678726186044514,1021.423828125,5177344.0,173808,18385.390625,18385.5390625,0.21799196489155293,18385.5390625,18385.53515625,181,True
forest__amazon__r0c1,forest,amazon,computed,0.0,zarr_hit,0.037139336578547955,1.0301860515028238,0.00869032647460699,0.026779682375490665,12.295262447558343,1021.4248046875,5177344.0,173838,18385.5390625,18385.546875,0.21558030601590872,18385.546875,18385.54296875,182,True
forest__amazon__r0c2,forest,amazon,computed,0.0,zarr_hit,0.036667751148343086,1.0279865162447095,0.008509182371199131,0.029148278757929802,12.018031579442322,1021.42431640625,5177344.0,173812,18385.546875,18385.75390625,0.21992019563913345,18385.75390625,18385.75,183,True
forest__amazon__r1c0,forest,amazon,computed,0.0,zarr_hit,0.05512960534542799,1.3292320799082518,0.008440480567514896,0.012712519615888596,12.495568150654435,1021.42431640625,5177344.0,173774,18385.75390625,18385.75390625,0.23522718902677298,18385.75390625,18385.75,184,True
forest__amazon__r1c1,forest,amazon,computed,0.0,zarr_hit,0.035947673954069614,1.029849193058908,0.008576019667088985,0.046827356331050396,12.651235012337565,1021.423828125,5177344.0,173820,18385.75390625,18385.75390625,0.23516011238098145,18385.75390625,18385.75,185,True
forest__amazon__r1c2,forest,amazon,computed,0.0,zarr_hit,0.03342280164361,1.029305980540812,0.008438066579401493,0.012033571489155293,12.175258181989193,1021.42529296875,5177344.0,173836,18385.75390625,18385.75390625,0.2128553856164217,18385.75390625,18385.75,186,True
forest__amazon__r2c0,forest,amazon,computed,0.0,zarr_hit,0.031434087082743645,1.0264411829411983,0.008649637922644615,0.030441452749073505,12.274197624064982,1021.42431640625,5177344.0,173826,18385.75390625,18386.40234375,0.21412355173379183,18386.40234375,18386.3984375,187,True
forest__amazon__r2c1,forest,amazon,computed,0.0,zarr_hit,0.038055806420743465,1.0302449632436037,0.008871630765497684,0.024166280403733253,12.045277015306056,1021.42431640625,5177344.0,173784,18386.40234375,18386.50390625,0.22205936536192894,18386.50390625,18386.5,188,True
forest__amazon__r2c2,forest,amazon,computed,0.0,zarr_hit,0.037112765945494175,1.0409573474898934,0.009049005806446075,0.031528446823358536,12.190538764931262,1021.4248046875,5177344.0,173847,18386.50390625,18386.6015625,0.22844818141311407,18386.6015625,18386.59765625,189,True
forest__congo__r0c0,forest,congo,computed,0.0,zarr_hit,0.03808837849646807,1.016743945889175,0.008717507123947144,0.019889121875166893,8.856380467303097,1021.45947265625,5177344.0,174353,18386.6015625,18386.734375,0.20618814788758755,18386.734375,18386.73046875,190,True
forest__congo__r0c1,forest,congo,computed,0.0,zarr_hit,0.03737909160554409,1.0182859934866428,0.008689504116773605,0.028541876934468746,8.82081322465092,1021.4580078125,5177344.0,174084,18386.734375,18386.75390625,0.21258001122623682,18386.75390625,18386.75,191,True
forest__congo__r0c2,forest,congo,computed,0.0,zarr_hit,0.04245311301201582,1.0221470324322581,0.008846241049468517,0.0273857731372118,8.913964733481407,1021.45849609375,5177344.0,174269,18386.75390625,18386.75390625,0.22691261861473322,18386.75390625,18386.75,192,True
forest__congo__r1c0,forest,congo,computed,0.0,zarr_hit,0.034316979348659515,1.0132909519597888,0.008642124012112617,0.031185866333544254,8.88116488326341,1021.455078125,5177344.0,174252,18386.75390625,18386.75390625,0.215534009039402,18386.75390625,18386.75,193,True
forest__congo__r1c1,forest,congo,computed,0.0,zarr_hit,0.03737769927829504,1.01649618614465,0.008701486513018608,0.020243946462869644,8.987884122878313,1021.458984375,5177344.0,174239,18386.75390625,18386.75390625,0.21390390489250422,18386.75390625,18386.75,194,True
forest__congo__r1c2,forest,congo,computed,0.0,zarr_hit,0.03337153512984514,1.0120592536404729,0.00881053414195776,0.02639965061098337,8.872983352281153,1021.45751953125,5177344.0,174040,18386.75390625,18386.75390625,0.20143820252269506,18386.75390625,18386.75,195,True
forest__congo__r2c0,forest,congo,computed,0.0,zarr_hit,0.036854665726423264,1.0160063561052084,0.00866930652409792,0.029774056747555733,8.905078375712037,1021.458984375,5177344.0,174240,18386.75390625,18386.76953125,0.22737904265522957,18386.76953125,18386.765625,196,True
forest__congo__r2c1,forest,congo,computed,0.0,zarr_hit,0.036476487293839455,1.0125618381425738,0.008923539891839027,0.02470165677368641,8.91426523309201,1021.45703125,5177344.0,174503,18386.76953125,18387.5703125,0.20642437785863876,18387.5703125,18387.56640625,197,True
forest__congo__r2c2,forest,congo,computed,0.0,zarr_hit,0.03921861294656992,1.0208443803712726,0.00894456822425127,0.030931472778320312,8.820429106242955,1021.4580078125,5177344.0,174112,18387.5703125,18387.703125,0.19709420669823885,18387.703125,18387.69921875,198,True
forest__borneo__r0c0,forest,borneo,computed,0.0,zarr_hit,0.03685952536761761,1.0111742336302996,0.008692368865013123,0.02266179583966732,8.944031585007906,1021.4248046875,5177344.0,173831,18387.703125,18387.75390625,0.20264377165585756,18387.75390625,18387.75,199,True
forest__borneo__r0c1,forest,borneo,computed,0.0,zarr_hit,0.029289997182786465,1.021807267330587,0.008698682300746441,0.0295700179412961,8.826348401606083,1021.4248046875,5177344.0,173837,18387.75390625,18387.75390625,0.20062336511909962,18387.75390625,18387.75,200,True
forest__borneo__r0c2,forest,borneo,computed,0.0,zarr_hit,0.033320507034659386,1.009394945576787,0.009304861538112164,0.030057543888688087,8.841846049763262,1021.423828125,5177344.0,173741,18387.75390625,18387.75390625,0.22400183230638504,18387.75390625,18387.75,201,True
forest__borneo__r1c0,forest,borneo,computed,0.0,zarr_hit,0.03738891053944826,1.017730058170855,0.008779264986515045,0.02100583165884018,8.88292641658336,1021.4228515625,5177344.0,173679,18387.75390625,18387.75390625,0.2011586418375373,18387.75390625,18387.75,202,True
forest__borneo__r1c1,forest,borneo,computed,0.0,zarr_hit,0.03977825492620468,1.0107841240242124,0.008599624037742615,0.02808324620127678,8.919366885907948,1021.42626953125,5177344.0,173953,18387.75390625,18387.75390625,0.20744902174919844,18387.75390625,18387.75,203,True
forest__borneo__r1c2,forest,borneo,computed,0.0,zarr_hit,0.029959348030388355,1.0031477585434914,0.008719910867512226,0.017916956916451454,8.885494408197701,1021.42431640625,5177344.0,173760,18387.75390625,18388.3515625,0.2032331833615899,18388.3515625,18388.34765625,204,True
forest__borneo__r2c0,forest,borneo,computed,0.0,zarr_hit,0.04136666562408209,1.0171380136162043,0.008961369283497334,0.020760254003107548,8.866069411858916,1021.423828125,5177344.0,173742,18388.3515625,18388.43359375,0.22830186504870653,18388.43359375,18388.4296875,205,True
forest__borneo__r2c1,forest,borneo,computed,0.0,zarr_hit,0.04167340695858002,1.0160063160583377,0.009094951674342155,0.018921864219009876,8.86658323649317,1021.42431640625,5177344.0,173810,18388.43359375,18388.53515625,0.21068887412548065,18388.53515625,18388.53125,206,True
forest__borneo__r2c2,forest,borneo,computed,0.0,zarr_hit,0.03749377466738224,1.0136485295370221,0.00845364574342966,0.022422678768634796,8.828119430691004,1021.42578125,5177344.0,173910,18388.53515625,18388.6171875,0.2051407042890787,18388.6171875,18388.61328125,207,True
forest__appalachian__r0c0,forest,appalachian,computed,0.0,zarr_hit,0.028458476066589355,1.0295151770114899,0.008869274519383907,0.027858586981892586,11.79074849653989,1021.384765625,5177344.0,173293,18388.6171875,18388.70703125,0.2037605745717883,18388.70703125,18388.703125,208,True
forest__appalachian__r0c1,forest,appalachian,computed,0.0,zarr_hit,0.032203251495957375,1.0378284053876996,0.008802426978945732,0.036126659251749516,11.819629892706871,1021.38525390625,5177344.0,173304,18388.70703125,18388.73828125,0.2294294349849224,18388.73828125,18388.734375,209,True
forest__appalachian__r0c2,forest,appalachian,computed,0.0,zarr_hit,0.035561466589570045,1.069694397971034,0.008636713027954102,0.03194981161504984,12.335165658965707,1021.38525390625,5177344.0,173309,18388.73828125,18388.73828125,0.2027324726805091,18388.73828125,18388.734375,210,True
forest__appalachian__r1c0,forest,appalachian,computed,0.0,zarr_hit,0.04072254337370396,1.0438028136268258,0.008625000715255737,0.028241803869605064,11.924846359528601,1021.384765625,5177344.0,173295,18388.73828125,18388.73828125,0.21145943738520145,18388.73828125,18388.734375,211,True
forest__appalachian__r1c1,forest,appalachian,computed,0.0,zarr_hit,0.0353874871507287,1.0649305861443281,0.00882323645055294,0.028283181600272655,12.377211504615843,1021.38525390625,5177344.0,173303,18388.73828125,18388.73828125,0.2431874694302678,18388.73828125,18388.734375,212,True
forest__appalachian__r1c2,forest,appalachian,computed,0.0,zarr_hit,0.03414689190685749,1.0471859462559223,0.008576437830924988,0.028509462252259254,12.068835434503853,1021.38525390625,5177344.0,173298,18388.73828125,18389.30859375,0.22058493737131357,18389.30859375,18389.3046875,213,True
forest__appalachian__r2c0,forest,appalachian,computed,0.0,zarr_hit,0.03691323287785053,1.0609817495569587,0.00873781368136406,0.016852437518537045,12.602688616141677,1021.38525390625,5177344.0,173289,18389.30859375,18389.4140625,0.22263821493834257,18389.4140625,18389.41015625,214,True
forest__appalachian__r2c1,forest,appalachian,computed,0.0,zarr_hit,0.04362399876117706,1.049665573053062,0.008876578882336617,0.01840237807482481,11.89172134641558,1021.38525390625,5177344.0,173297,18389.4140625,18389.53125,0.239229004830122,18389.53125,18389.52734375,215,True
forest__appalachian__r2c2,forest,appalachian,computed,0.0,zarr_hit,0.03694700729101896,1.0546959796920419,0.008429449051618576,0.02969646453857422,12.289048477075994,1021.38525390625,5177344.0,173310,18389.53125,18389.6484375,0.2075055232271552,18389.6484375,18389.64453125,216,True
forest__black_forest__r0c0,forest,black_forest,computed,0.0,zarr_hit,0.03648659307509661,1.0039579179137945,0.008461850695312023,0.01103624701499939,8.32654173951596,1021.38330078125,5177344.0,172995,18389.6484375,18389.72265625,0.20319850835949183,18389.72265625,18389.71875,217,True
forest__black_forest__r0c1,forest,black_forest,computed,0.0,zarr_hit,0.03453625179827213,1.0054184198379517,0.008314620703458786,0.026314084418118,8.346568150445819,1021.3828125,5177344.0,172984,18389.72265625,18390.5703125,0.20819142553955317,18390.5703125,18390.56640625,218,True
forest__black_forest__r0c2,forest,black_forest,computed,0.0,zarr_hit,0.032583815045654774,1.0009357705712318,0.008894341997802258,0.012442736886441708,8.482438487932086,1382.2548828125,5177344.0,172989,18390.5703125,18390.5703125,0.23936829902231693,18390.5703125,18390.56640625,219,True
forest__black_forest__r1c0,forest,black_forest,computed,0.0,zarr_hit,0.03721865266561508,1.0038295844569802,0.008669334463775158,0.023629038594663143,8.270258932374418,1021.3828125,5177344.0,172985,18390.5703125,18391.10546875,0.20531305205076933,18391.10546875,18391.1015625,220,True
forest__black_forest__r1c1,forest,black_forest,computed,0.0,zarr_hit,0.03485693037509918,0.9980925247073174,0.009214579127728939,0.019679391756653786,8.450851194560528,1382.25537109375,5177344.0,172980,18391.10546875,18391.2578125,0.20723623223602772,18391.2578125,18391.25390625,221,True
forest__black_forest__r1c2,forest,black_forest,computed,0.0,zarr_hit,0.045450035482645035,1.0097882440313697,0.008362342603504658,0.012573223561048508,8.3320865733549,1382.25537109375,5177344.0,172976,18391.2578125,18391.39453125,0.2051729653030634,18391.39453125,18391.390625,222,True
forest__black_forest__r2c0,forest,black_forest,computed,0.0,zarr_hit,0.03717145323753357,1.0045724241062999,0.008540580980479717,0.028995534405112267,8.322006170637906,1382.25537109375,5177344.0,172968,18391.39453125,18391.53125,0.22274809330701828,18391.53125,18391.52734375,223,True
forest__black_forest__r2c1,forest,black_forest,computed,0.0,zarr_hit,0.04567295964807272,1.01330556999892,0.008932103402912617,0.026381773874163628,8.389577362686396,1382.25537109375,5177344.0,172981,18391.53125,18391.5546875,0.226921615190804,18391.5546875,18391.55078125,224,True
forest__black_forest__r2c2,forest,black_forest,computed,0.0,zarr_hit,0.031542329117655754,0.9964159531518817,0.00885735172778368,0.010521499440073967,8.356156240217388,1021.38232421875,5177344.0,172977,18391.5546875,18391.5546875,0.20921012945473194,18391.5546875,18391.55078125,225,True
forest__canadian_rockies__r0c0,forest,canadian_rockies,computed,0.0,zarr_hit,0.042116567492485046,1.0611322671175003,0.008804501965641975,0.03369319066405296,9.531082719564438,1021.35498046875,5177344.0,172808,18391.5546875,18391.5546875,0.21082421112805605,18391.5546875,18391.55078125,226,True
forest__canadian_rockies__r0c1,forest,canadian_rockies,computed,0.0,zarr_hit,0.035415058955550194,1.0557515546679497,0.009167129173874855,0.015251647680997849,9.730051149614155,1021.3583984375,5177344.0,172803,18391.5546875,18392.17578125,0.24857580568641424,18392.17578125,18392.171875,227,True
forest__canadian_rockies__r0c2,forest,canadian_rockies,computed,0.0,zarr_hit,0.04392687510699034,1.0734895812347531,0.008869144134223461,0.02083192951977253,9.889652007259429,1021.35498046875,5177344.0,172811,18392.17578125,18392.36328125,0.2632175963371992,18392.36328125,18392.359375,228,True
forest__canadian_rockies__r1c0,forest,canadian_rockies,computed,0.0,zarr_hit,0.03828441444784403,1.0621698861941695,0.00853653158992529,0.032862404361367226,9.616839339956641,1021.3544921875,5177344.0,172819,18392.36328125,18391.5625,0.23722036182880402,18392.36328125,18391.55859375,229,True
forest__canadian_rockies__r1c1,forest,canadian_rockies,computed,0.0,zarr_hit,0.04761439375579357,1.0686338851228356,0.008896646089851856,0.030861678533256054,9.662473145872355,1021.35498046875,5177344.0,172808,18391.5625,18392.60546875,0.25925973430275917,18392.60546875,18392.6015625,230,True
forest__canadian_rockies__r1c2,forest,canadian_rockies,computed,0.0,zarr_hit,0.03773349151015282,1.059707717038691,0.008774724788963795,0.0360779594630003,9.769912236370146,1021.35498046875,5177344.0,172805,18392.60546875,18392.60546875,0.21804278250783682,18392.60546875,18392.6015625,231,True
forest__canadian_rockies__r2c0,forest,canadian_rockies,computed,0.0,zarr_hit,0.03569165524095297,1.0554661862552166,0.009278611280024052,0.026652478612959385,9.542106772772968,1021.35498046875,5177344.0,172814,18392.60546875,18393.140625,0.2143842363730073,18393.140625,18393.13671875,232,True
forest__canadian_rockies__r2c1,forest,canadian_rockies,computed,0.0,zarr_hit,0.04009439144283533,1.0556832384318113,0.008703690022230148,0.027184469625353813,9.519488632678986,1021.35498046875,5177344.0,172804,18393.140625,18393.328125,0.20835596602410078,18393.328125,18393.32421875,233,True
forest__canadian_rockies__r2c2,forest,canadian_rockies,computed,0.0,zarr_hit,0.04015968553721905,1.061882644891739,0.008739869110286236,0.036547889932990074,9.62982399854809,1021.35498046875,5177344.0,172805,18393.328125,18393.51171875,0.21546778455376625,18393.51171875,18393.5078125,234,True
forest__finland_boreal__r0c0,forest,finland_boreal,computed,0.0,zarr_hit,0.033721025101840496,1.0315475473180413,0.008309903554618359,0.018292841501533985,8.397898600436747,1021.32958984375,5177344.0,172450,18393.51171875,18393.58984375,0.21116668079048395,18393.58984375,18393.5859375,235,True
forest__finland_boreal__r0c1,forest,finland_boreal,computed,0.0,zarr_hit,0.033039131201803684,1.0309454845264554,0.008634398691356182,0.018899863585829735,8.428891034796834,1021.32958984375,5177344.0,172455,18393.58984375,18393.58984375,0.21371262334287167,18393.58984375,18393.5859375,236,True
forest__finland_boreal__r0c2,forest,finland_boreal,computed,0.0,zarr_hit,0.03623108007013798,1.0332375951111317,0.008809451013803482,0.03162867296487093,8.471120649948716,1021.3291015625,5177344.0,172463,18393.58984375,18394.234375,0.22022562474012375,18394.234375,18394.23046875,237,True
forest__finland_boreal__r1c0,forest,finland_boreal,computed,0.0,zarr_hit,0.03324190620332956,1.0361909316852689,0.008945980109274387,0.02539015281945467,8.548948412761092,1021.3291015625,5177344.0,172454,18394.234375,18394.5078125,0.22428841702640057,18394.5078125,18394.50390625,238,True
forest__finland_boreal__r1c1,forest,finland_boreal,computed,0.0,zarr_hit,0.03448398318141699,1.0329345297068357,0.008927716873586178,0.028723599389195442,8.480971577577293,1021.32958984375,5177344.0,172452,18394.5078125,18394.57421875,0.22084257658571005,18394.57421875,18394.5703125,239,True
forest__finland_boreal__r1c2,forest,finland_boreal,computed,0.0,zarr_hit,0.03504115156829357,1.0302026951685548,0.008579675108194351,0.03041672334074974,8.582976520992815,1021.32958984375,5177344.0,172452,18394.57421875,18394.57421875,0.23113306798040867,18394.57421875,18394.5703125,240,True
forest__finland_boreal__r2c0,forest,finland_boreal,computed,0.0,zarr_hit,0.037084189243614674,1.0338338566944003,0.008340870961546898,0.022248288616538048,8.443695856258273,1021.3291015625,5177344.0,172450,18394.57421875,18395.26171875,0.2163450801745057,18395.26171875,18395.2578125,241,True
forest__finland_boreal__r2c1,forest,finland_boreal,computed,0.0,zarr_hit,0.03549711685627699,1.0312476577237248,0.008575636893510818,0.03343883063644171,8.439422564581037,1021.32958984375,5177344.0,172451,18395.26171875,18395.47265625,0.21847009286284447,18395.47265625,18395.46875,242,True
forest__finland_boreal__r2c2,forest,finland_boreal,computed,0.0,zarr_hit,0.04545437544584274,1.0424583964049816,0.00871944148093462,0.027087654918432236,8.514661834575236,1021.32958984375,5177344.0,172455,18395.47265625,18395.55859375,0.21542007382959127,18395.55859375,18395.5546875,243,True
forest__tasmania__r0c0,forest,tasmania,computed,0.0,zarr_hit,0.041438753716647625,1.0211146241053939,0.0087486756965518,0.02735263668000698,8.32245279662311,1021.392578125,5177344.0,173223,18395.55859375,18395.55859375,0.219418091699481,18395.55859375,18395.5546875,244,True
forest__tasmania__r0c1,forest,tasmania,computed,0.0,zarr_hit,0.03371569514274597,1.0080197993665934,0.008773762732744217,0.025587626732885838,8.43912111222744,1021.392578125,5177344.0,173231,18395.55859375,18396.1953125,0.22542223893105984,18396.1953125,18396.19140625,245,True
forest__tasmania__r0c2,forest,tasmania,computed,0.0,zarr_hit,0.030485864728689194,1.0062878020107746,0.008748183958232403,0.029807898215949535,8.334223758429289,1021.392578125,5177344.0,173226,18396.1953125,18396.36328125,0.21439209301024675,18396.36328125,18396.359375,246,True
forest__tasmania__r1c0,forest,tasmania,computed,0.0,zarr_hit,0.039319290779531,1.0186410089954734,0.008903699927031994,0.016712582670152187,8.321796369738877,1021.392578125,5177344.0,173231,18396.36328125,18396.54296875,0.22310495004057884,18396.54296875,18396.5390625,247,True
forest__tasmania__r1c1,forest,tasmania,computed,0.0,zarr_hit,0.05335637368261814,1.0291023962199688,0.008573983795940876,0.0297962361946702,8.377764803357422,1021.392578125,5177344.0,173226,18396.54296875,18395.7109375,0.22150000371038914,18396.54296875,18395.70703125,248,True
forest__tasmania__r1c2,forest,tasmania,computed,0.0,zarr_hit,0.034037075005471706,1.0123676527291536,0.008638105355203152,0.01846771314740181,8.349245951510966,1021.392578125,5177344.0,173245,18395.7109375,18396.6796875,0.22056241519749165,18396.6796875,18396.67578125,249,True
forest__tasmania__r2c0,forest,tasmania,computed,0.0,zarr_hit,0.04115189053118229,1.019442580640316,0.008685385808348656,0.03191926423460245,8.43731805961579,1021.392578125,5177344.0,173233,18396.6796875,18396.6796875,0.22506562154740095,18396.6796875,18396.67578125,250,True
forest__tasmania__r2c1,forest,tasmania,computed,0.0,zarr_hit,0.04314625449478626,1.0193758141249418,0.008748134598135948,0.031098507344722748,8.338048971258104,1021.39306640625,5177344.0,173244,18396.6796875,18396.6796875,0.21957248635590076,18396.6796875,18396.67578125,251,True
forest__tasmania__r2c2,forest,tasmania,computed,0.0,zarr_hit,0.03956359438598156,1.0184506783261895,0.008731983602046967,0.02067479118704796,8.451673958450556,1021.392578125,5177344.0,173231,18396.6796875,18397.3125,0.2221730211749673,18397.3125,18397.30859375,252,True
forest__new_zealand__r0c0,forest,new_zealand,computed,0.0,zarr_hit,0.04172556847333908,1.0282004037871957,0.008684924803674221,0.024661178700625896,8.879005026072264,1021.38916015625,5177344.0,173222,18397.3125,18397.4140625,0.22682351898401976,18397.4140625,18397.41015625,253,True
forest__new_zealand__r0c1,forest,new_zealand,computed,0.0,zarr_hit,0.03346838615834713,1.012925200164318,0.008887449279427528,0.026099869050085545,8.917163061909378,1021.38916015625,5177344.0,173215,18397.4140625,18397.56640625,0.2274168049916625,18397.56640625,18397.5625,254,True
forest__new_zealand__r0c2,forest,new_zealand,computed,0.0,zarr_hit,0.03591201361268759,1.0199284330010414,0.008839919231832027,0.04015465546399355,8.885189013555646,1021.38916015625,5177344.0,173213,18397.56640625,18397.6640625,0.22813413571566343,18397.6640625,18397.66015625,255,True
forest__new_zealand__r1c0,forest,new_zealand,computed,0.0,zarr_hit,0.037437339313328266,1.0212313067167997,0.0088847940787673,0.021217292174696922,8.875838696025312,1021.38916015625,5177344.0,173218,18397.6640625,18397.6640625,0.22612412087619305,18397.6640625,18397.66015625,256,True
forest__new_zealand__r1c1,forest,new_zealand,computed,0.0,zarr_hit,0.04042452946305275,1.0293027563020587,0.008671589195728302,0.038665710017085075,8.841895932331681,1021.38916015625,5177344.0,173214,18397.6640625,18397.6640625,0.22859227657318115,18397.6640625,18397.66015625,257,True
forest__new_zealand__r1c2,forest,new_zealand,computed,0.0,zarr_hit,0.067750065587461,1.0538767483085394,0.008820220828056335,0.03897022921591997,8.993130514398217,1021.38916015625,5177344.0,173207,18397.6640625,18398.0859375,0.22925255820155144,18398.0859375,18398.08203125,258,True
forest__new_zealand__r2c0,forest,new_zealand,computed,0.0,zarr_hit,0.037380791269242764,1.0307634193450212,0.008873803541064262,0.032881831750273705,8.958743607625365,1021.38916015625,5177344.0,173227,18398.0859375,18398.20703125,0.23093368019908667,18398.20703125,18398.203125,259,True
forest__new_zealand__r2c1,forest,new_zealand,computed,0.0,zarr_hit,0.0348138902336359,1.0153741827234626,0.009001150727272034,0.024658492766320705,8.984091881662607,1021.38916015625,5177344.0,173226,18398.20703125,18398.40234375,0.22766971960663795,18398.40234375,18398.3984375,260,True
forest__new_zealand__r2c2,forest,new_zealand,computed,0.0,zarr_hit,0.05137382075190544,1.0392087511718273,0.008775612339377403,0.028397790156304836,8.845458000898361,1021.388671875,5177344.0,173220,18398.40234375,18398.5234375,0.23099358566105366,18398.5234375,18398.51953125,261,True
forest__patagonia__r0c0,forest,patagonia,computed,0.0,zarr_hit,0.03489887714385986,1.044628394767642,0.00866016373038292,0.030814374797046185,10.407661427743733,1021.3818359375,5177344.0,172971,18398.5234375,18397.671875,0.22597317956387997,18398.5234375,18397.66796875,262,True
forest__patagonia__r0c1,forest,patagonia,computed,0.0,zarr_hit,0.042837622575461864,1.0521502001211047,0.008814116008579731,0.029780864715576172,10.394235679879785,1021.3828125,5177344.0,172978,18397.671875,18398.6484375,0.2265797909349203,18398.6484375,18398.64453125,263,True
forest__patagonia__r0c2,forest,patagonia,computed,0.0,zarr_hit,0.031787021085619926,1.0444445069879293,0.008753281086683273,0.021246228367090225,10.464830374345183,1021.3828125,5177344.0,172983,18398.6484375,18398.6484375,0.22691806219518185,18398.6484375,18398.64453125,264,True
forest__patagonia__r1c0,forest,patagonia,computed,0.0,zarr_hit,0.0325899850577116,1.0457718148827553,0.008650064468383789,0.020816221833229065,10.510618663392961,1021.38232421875,5177344.0,172967,18398.6484375,18399.109375,0.22357411682605743,18399.109375,18399.10546875,265,True
forest__patagonia__r1c1,forest,patagonia,computed,0.0,zarr_hit,0.0320668825879693,1.0397691950201988,0.008699088357388973,0.046754803508520126,10.813781543634832,1021.38232421875,5177344.0,172976,18399.109375,18399.2578125,0.22477945499122143,18399.2578125,18399.25390625,266,True
forest__patagonia__r1c2,forest,patagonia,computed,0.0,zarr_hit,0.040544088929891586,1.0540679590776563,0.008509508334100246,0.01687223743647337,10.805308574810624,1021.38232421875,5177344.0,172991,18399.2578125,18399.37890625,0.21827286668121815,18399.37890625,18399.375,267,True
forest__patagonia__r2c0,forest,patagonia,computed,0.0,zarr_hit,0.03305365424603224,1.0507801389321685,0.008693407289683819,0.0379179148003459,10.459481103345752,1021.38232421875,5177344.0,172972,18399.37890625,18399.53125,0.23088916949927807,18399.53125,18399.52734375,268,True
forest__patagonia__r2c1,forest,patagonia,computed,0.0,zarr_hit,0.03664984833449125,1.0496801631525159,0.008530307561159134,0.02992995548993349,10.405419181101024,1021.38232421875,5177344.0,172985,18399.53125,18399.6328125,0.2242514118552208,18399.6328125,18399.62890625,269,True
forest__patagonia__r2c2,forest,patagonia,computed,0.0,zarr_hit,0.03189828246831894,1.0429140236228704,0.008859893307089806,0.018101559951901436,10.413440342061222,1021.3828125,5177344.0,172997,18399.6328125,18399.6328125,0.23673102352768183,18399.6328125,18399.62890625,270,True
agriculture__beauce__r0c0,agriculture,beauce,computed,0.0,zarr_hit,0.04510585591197014,1.007803775370121,0.00867458526045084,0.028626305051147938,8.47689519636333,1382.25927734375,5177344.0,172929,18399.6328125,18399.96875,0.22204552497714758,18399.96875,18399.96484375,271,True
agriculture__beauce__r0c1,agriculture,beauce,computed,0.0,zarr_hit,0.042653320357203484,1.0043931333348155,0.009338385425508022,0.03093849401921034,8.444448065012693,1382.2587890625,5177344.0,172926,18399.96875,18400.13671875,0.22237684484571218,18400.13671875,18400.1328125,272,True
agriculture__beauce__r0c2,agriculture,beauce,computed,0.0,zarr_hit,0.04187317006289959,0.9997502295300364,0.00882023200392723,0.017475830391049385,8.478412211872637,1382.25927734375,5177344.0,172934,18400.13671875,18400.2890625,0.23154412489384413,18400.2890625,18400.28515625,273,True
agriculture__beauce__r1c0,agriculture,beauce,computed,0.0,zarr_hit,0.03420684766024351,0.9967707954347134,0.008604281581938267,0.02887256257236004,8.371298839338124,1021.38623046875,5177344.0,172922,18400.2890625,18400.44140625,0.24403006490319967,18400.44140625,18400.4375,274,True
agriculture__beauce__r1c1,agriculture,beauce,computed,0.0,zarr_hit,0.04187639616429806,1.0135459760203958,0.008978422731161118,0.042993015609681606,8.83401205856353,1382.2587890625,5177344.0,172926,18400.44140625,18400.6171875,0.26309533324092627,18400.6171875,18400.61328125,275,True
agriculture__beauce__r1c2,agriculture,beauce,computed,0.0,zarr_hit,0.036571456119418144,1.0157930608838797,0.008948455564677715,0.03162813372910023,8.866041946224868,1382.259765625,5177344.0,172931,18400.6171875,18400.6171875,0.25818621553480625,18400.6171875,18400.61328125,276,True
agriculture__beauce__r2c0,agriculture,beauce,computed,0.0,zarr_hit,0.02924399822950363,0.9947995133697987,0.008932936005294323,0.022561213932931423,8.745402227155864,1382.25927734375,5177344.0,172923,18400.6171875,18401.125,0.26171880029141903,18401.125,18401.12109375,277,True
agriculture__beauce__r2c1,agriculture,beauce,computed,0.0,zarr_hit,0.03969043679535389,1.000629429705441,0.008824118413031101,0.022685118950903416,8.831161047331989,1382.25927734375,5177344.0,172931,18401.125,18401.62109375,0.24883751012384892,18401.62109375,18401.6171875,278,True
agriculture__beauce__r2c2,agriculture,beauce,computed,0.0,zarr_hit,0.035990684293210506,1.0026763351634145,0.008821303024888039,0.021304156631231308,8.981105495244265,1382.25927734375,5177344.0,172916,18401.62109375,18401.7890625,0.2270108498632908,18401.7890625,18401.78515625,279,True
agriculture__iowa__r0c0,agriculture,iowa,computed,0.0,zarr_hit,0.03928397502750158,1.0548170628026128,0.009210571646690369,0.01861022412776947,11.93603272549808,1382.2783203125,5177344.0,173230,18401.7890625,18401.921875,0.259513933211565,18401.921875,18401.91796875,280,True
agriculture__iowa__r0c1,agriculture,iowa,computed,0.0,zarr_hit,0.03504612110555172,1.0510553121566772,0.008579854853451252,0.011357758194208145,11.947952352464199,1382.2783203125,5177344.0,173210,18401.921875,18402.08984375,0.2271497342735529,18402.08984375,18402.0859375,281,True
agriculture__iowa__r0c2,agriculture,iowa,computed,0.0,zarr_hit,0.035958483815193176,1.0573749784380198,0.009132244624197483,0.02471830788999796,12.215324421413243,1382.2783203125,5177344.0,173212,18402.08984375,18402.109375,0.2340651899576187,18402.109375,18402.10546875,282,True
agriculture__iowa__r1c0,agriculture,iowa,computed,0.0,zarr_hit,0.03847891744226217,1.3779010195285082,0.00910436175763607,0.022752786986529827,13.587483783252537,1382.2783203125,5177344.0,173225,18402.109375,18402.37109375,0.2864350834861398,18402.37109375,18402.3671875,283,True
agriculture__iowa__r1c1,agriculture,iowa,computed,0.0,zarr_hit,0.038398874923586845,1.0711617171764374,0.008900724351406097,0.019854445941746235,12.285086316987872,1021.40234375,5177344.0,173240,18402.37109375,18402.5546875,0.2606936236843467,18402.5546875,18402.55078125,284,True
agriculture__iowa__r1c2,agriculture,iowa,computed,0.0,zarr_hit,0.03166141640394926,1.047603060491383,0.009061207063496113,0.040279838256537914,12.05518416967243,1382.2783203125,5177344.0,173231,18402.5546875,18404.44921875,0.2718468392267823,18404.44921875,18404.4453125,285,True
agriculture__iowa__r2c0,agriculture,iowa,computed,0.0,zarr_hit,0.037552790716290474,1.0528530227020383,0.008915971033275127,0.010859329253435135,12.092545951716602,1382.2783203125,5177344.0,173225,18404.44921875,18404.5859375,0.25180133432149887,18404.5859375,18404.58203125,286,True
agriculture__iowa__r2c1,agriculture,iowa,computed,0.0,zarr_hit,0.036085616797208786,1.0569185288622975,0.008762028999626637,0.033569080755114555,11.936529306694865,1382.2783203125,5177344.0,173237,18404.5859375,18404.75390625,0.2314544878900051,18404.75390625,18404.75,287,True
agriculture__iowa__r2c2,agriculture,iowa,computed,0.0,zarr_hit,0.03264721017330885,1.179272503592074,0.008564092218875885,0.032174875028431416,12.399247099645436,1021.40625,5177344.0,173253,18404.75390625,18404.80859375,0.22741744574159384,18404.80859375,18404.8046875,288,True
agriculture__punjab__r0c0,agriculture,punjab,computed,0.0,zarr_hit,0.06792283058166504,1.1702887434512377,0.008807816542685032,0.025664428249001503,9.415080663748085,1021.41455078125,5177344.0,173660,18404.80859375,18404.80859375,0.23795760981738567,18404.80859375,18404.8046875,289,True
agriculture__punjab__r0c1,agriculture,punjab,computed,0.0,zarr_hit,0.0444094343110919,1.0349232330918312,0.009054835885763168,0.018266428261995316,9.476976306177676,1021.41455078125,5177344.0,173708,18404.80859375,18405.24609375,0.2534438520669937,18405.24609375,18405.2421875,290,True
agriculture__punjab__r0c2,agriculture,punjab,computed,0.0,zarr_hit,0.04080229811370373,1.0309054665267467,0.008830920793116093,0.030451794154942036,9.72650258243084,1021.4150390625,5177344.0,173703,18405.24609375,18405.39453125,0.23255871422588825,18405.39453125,18405.390625,291,True
agriculture__punjab__r1c0,agriculture,punjab,computed,0.0,zarr_hit,0.03804985526949167,1.0268096756190062,0.00879734754562378,0.021440421231091022,9.658970642834902,1021.4140625,5177344.0,173674,18405.39453125,18405.51171875,0.2327607274055481,18405.51171875,18405.5078125,292,True
agriculture__punjab__r1c1,agriculture,punjab,computed,0.0,zarr_hit,0.0324326129630208,1.3070288831368089,0.00889459066092968,0.01787226926535368,9.86684884596616,1021.4140625,5177344.0,173687,18405.51171875,18405.64453125,0.23532390128821135,18405.64453125,18405.640625,293,True
agriculture__punjab__r1c2,agriculture,punjab,computed,0.0,zarr_hit,0.041827172972261906,1.1645819526165724,0.009023935534060001,0.027944665402173996,10.01972979772836,1021.4140625,5177344.0,173693,18405.64453125,18405.79296875,0.2566956225782633,18405.79296875,18405.7890625,294,True
agriculture__punjab__r2c0,agriculture,punjab,computed,0.0,zarr_hit,0.04508357401937246,1.0328555898740888,0.008803118020296097,0.025377703830599785,10.101131681352854,1021.41455078125,5177344.0,173709,18405.79296875,18405.79296875,0.23030130937695503,18405.79296875,18405.7890625,295,True
agriculture__punjab__r2c1,agriculture,punjab,computed,0.0,zarr_hit,0.0336790606379509,1.0245204903185368,0.0096388328820467,0.011634300462901592,10.35519935656339,1021.4140625,5177344.0,173665,18405.79296875,18406.12109375,0.24578477535396814,18406.12109375,18406.1171875,296,True
agriculture__punjab__r2c2,agriculture,punjab,computed,0.0,zarr_hit,0.04375103488564491,1.0354185430333018,0.00862282607704401,0.020982183516025543,10.725448433309793,1021.41455078125,5177344.0,173668,18406.12109375,18406.23828125,0.23458264488726854,18406.23828125,18406.234375,297,True
agriculture__pampas__r0c0,agriculture,pampas,computed,0.0,zarr_hit,0.035010797902941704,1.0443203374743462,0.00907145719975233,0.028707634657621384,11.962658288888633,1021.39453125,5177344.0,173397,18406.23828125,18406.38671875,0.24981790035963058,18406.38671875,18406.3828125,298,True
agriculture__pampas__r0c1,agriculture,pampas,computed,0.0,zarr_hit,0.03604706469923258,1.0583889475092292,0.008763732388615608,0.02264842391014099,12.48290703818202,1021.39453125,5177344.0,173414,18406.38671875,18406.56640625,0.2705194288864732,18406.56640625,18406.5625,299,True
agriculture__pampas__r0c2,agriculture,pampas,computed,0.0,zarr_hit,0.04352192021906376,1.078244131989777,0.008809770457446575,0.0255829943343997,13.348862015642226,1021.39404296875,5177344.0,173417,18406.56640625,18406.71484375,0.2829493097960949,18406.71484375,18406.7109375,300,True
agriculture__pampas__r1c0,agriculture,pampas,computed,0.0,zarr_hit,0.04769235569983721,1.0768958227708936,0.009235437959432602,0.02398083359003067,13.252041240222752,1021.39404296875,5177344.0,173406,18406.71484375,18406.78125,0.27454478945583105,18406.78125,18406.77734375,301,True
agriculture__pampas__r1c1,agriculture,pampas,computed,0.0,zarr_hit,0.03719676658511162,1.065784645266831,0.008672932162880898,0.034022809006273746,12.414347615092993,1021.39501953125,5177344.0,173405,18406.78125,18406.78125,0.24138758424669504,18406.78125,18406.77734375,302,True
agriculture__pampas__r1c2,agriculture,pampas,computed,0.0,zarr_hit,0.03457432519644499,1.2620376031845808,0.009518306702375412,0.013167592696845531,12.325880874879658,1021.390625,5177344.0,173419,18406.78125,18407.1171875,0.25952544156461954,18407.1171875,18407.11328125,303,True
agriculture__pampas__r2c0,agriculture,pampas,computed,0.0,zarr_hit,0.0523316590115428,1.2249758671969175,0.008811645209789276,0.01435210183262825,12.625749298371375,1021.39501953125,5177344.0,173410,18407.1171875,18407.234375,0.23491530865430832,18407.234375,18407.23046875,304,True
agriculture__pampas__r2c1,agriculture,pampas,computed,0.0,zarr_hit,0.037235516123473644,1.0381134757772088,0.008832855150103569,0.02299095969647169,12.047077271156013,1021.39453125,5177344.0,173410,18407.234375,18407.3359375,0.23964895401149988,18407.3359375,18407.33203125,305,True
agriculture__pampas__r2c2,agriculture,pampas,computed,0.0,zarr_hit,0.044427817687392235,1.045107171870768,0.008980405516922474,0.03468363266438246,11.828551100566983,1021.39453125,5177344.0,173414,18407.3359375,18407.47265625,0.26166641525924206,18407.47265625,18407.46875,306,True
agriculture__canterbury__r0c0,agriculture,canterbury,computed,0.0,zarr_hit,0.04395523015409708,1.0127243865281343,0.008609500713646412,0.025706092827022076,9.042992265895009,1021.3974609375,5177344.0,173159,18407.47265625,18407.609375,0.2405498130246997,18407.609375,18407.60546875,307,True
agriculture__canterbury__r0c1,agriculture,canterbury,computed,0.0,zarr_hit,0.03900830168277025,1.0216820584610105,0.008622956462204456,0.01934783346951008,8.875267747789621,1382.2734375,5177344.0,173158,18407.609375,18406.79296875,0.2448908220976591,18407.609375,18406.7890625,308,True
agriculture__canterbury__r0c2,agriculture,canterbury,computed,0.0,zarr_hit,0.037153469398617744,1.217361668124795,0.00860223826020956,0.030675344169139862,9.101910503581166,1021.3974609375,5177344.0,173155,18406.89453125,18407.91015625,0.24407905153930187,18407.91015625,18407.90625,309,True
agriculture__canterbury__r1c0,agriculture,canterbury,computed,0.0,zarr_hit,0.05014366656541824,1.0218559838831425,0.008616754785180092,0.020262278616428375,8.738535298965871,1021.40087890625,5177344.0,173158,18407.9140625,18408.046875,0.24344631098210812,18408.046875,18408.04296875,310,True
agriculture__canterbury__r1c1,agriculture,canterbury,computed,0.0,zarr_hit,0.04234861023724079,1.0158895272761583,0.008908329531550407,0.018437796272337437,8.61710858065635,1382.27001953125,5177344.0,173159,18408.046875,18408.19921875,0.26810363214462996,18408.19921875,18408.1953125,311,True
agriculture__canterbury__r1c2,agriculture,canterbury,computed,0.0,zarr_hit,0.045519580133259296,1.0165175599977374,0.008745689876377583,0.02347362507134676,9.015020227991045,1021.3974609375,5177344.0,173153,18408.19921875,18408.3828125,0.24748439528048038,18408.3828125,18408.37890625,312,True
agriculture__canterbury__r2c0,agriculture,canterbury,computed,0.0,zarr_hit,0.040146061219275,1.00798633787781,0.008729549124836922,0.029484094120562077,8.889409077353776,1382.2734375,5177344.0,173164,18408.3828125,18408.515625,0.24625621363520622,18408.515625,18408.51171875,313,True
agriculture__canterbury__r2c1,agriculture,canterbury,computed,0.0,zarr_hit,0.033504574559628963,1.2127905720844865,0.008703269995748997,0.033742466010153294,9.162725905887783,1382.27001953125,5177344.0,173153,18408.515625,18408.65234375,0.23906909208744764,18408.65234375,18408.6484375,314,True
agriculture__canterbury__r2c2,agriculture,canterbury,computed,0.0,zarr_hit,0.04131959844380617,1.0122800869867206,0.008614901453256607,0.03387744165956974,9.003029819577932,1021.3974609375,5177344.0,173151,18408.66015625,18408.80078125,0.24576374888420105,18408.80078125,18408.796875,315,True
agriculture__nile_delta__r0c0,agriculture,nile_delta,computed,0.0,zarr_hit,0.04170115198940039,1.029467862099409,0.008896837010979652,0.030962619930505753,9.160968128591776,1021.400390625,5177344.0,173526,18408.80078125,18408.91796875,0.2789144907146692,18408.91796875,18408.9140625,316,True
agriculture__nile_delta__r0c1,agriculture,nile_delta,computed,0.0,zarr_hit,0.06825182680040598,1.4074292220175266,0.00879938155412674,0.02488221973180771,9.533269677311182,1021.400390625,5177344.0,173532,18408.91796875,18409.05078125,0.25248830299824476,18409.05078125,18409.046875,317,True
agriculture__nile_delta__r0c2,agriculture,nile_delta,computed,0.0,zarr_hit,0.0376923531293869,1.0250004725530744,0.008740761317312717,0.031432392075657845,9.093405931256711,1021.400390625,5177344.0,173539,18409.05078125,18409.18359375,0.24033174850046635,18409.18359375,18409.1796875,318,True
agriculture__nile_delta__r1c0,agriculture,nile_delta,computed,0.0,zarr_hit,0.03587436210364103,1.0452886000275612,0.00865154154598713,0.018593791872262955,9.05568057578057,1021.39990234375,5177344.0,173531,18409.18359375,18409.31640625,0.24444250110536814,18409.31640625,18409.3125,319,True
agriculture__nile_delta__r1c1,agriculture,nile_delta,computed,0.0,zarr_hit,0.058463518507778645,1.1939983628690243,0.008647643961012363,0.023779585026204586,9.220284326933324,1021.400390625,5177344.0,173534,18409.31640625,18409.44921875,0.2524883337318897,18409.44921875,18409.4453125,320,True
agriculture__nile_delta__r1c2,agriculture,nile_delta,computed,0.0,zarr_hit,0.03761395439505577,1.0258278418332338,0.008685635402798653,0.02588088344782591,9.115637238137424,1021.39990234375,5177344.0,173542,18409.44921875,18409.56640625,0.26706608291715384,18409.56640625,18409.5625,321,True
agriculture__nile_delta__r2c0,agriculture,nile_delta,computed,0.0,zarr_hit,0.028941783122718334,1.013249035924673,0.008830601349473,0.028111969120800495,9.342040399089456,1021.400390625,5177344.0,173523,18409.56640625,18409.71484375,0.25128371734172106,18409.71484375,18409.7109375,322,True
agriculture__nile_delta__r2c1,agriculture,nile_delta,computed,0.0,zarr_hit,0.040538305416703224,1.1924408869817853,0.00858604721724987,0.03028635587543249,9.087241961620748,1021.400390625,5177344.0,173529,18409.72265625,18409.84765625,0.2511019008234143,18409.84765625,18409.84375,323,True
agriculture__nile_delta__r2c2,agriculture,nile_delta,computed,0.0,zarr_hit,0.03899131901562214,1.0655298996716738,0.008772579953074455,0.028510636650025845,9.543679876253009,1021.400390625,5177344.0,173539,18409.84765625,18409.99609375,0.2582796858623624,18409.99609375,18409.9921875,324,True
agriculture__ukraine__r0c0,agriculture,ukraine,computed,0.0,zarr_hit,0.03450922109186649,1.0087929284200072,0.008757653646171093,0.036850083619356155,8.667993195354939,1021.36376953125,5177344.0,172889,18409.99609375,18410.1640625,0.2650567991659045,18410.1640625,18410.16015625,325,True
agriculture__ukraine__r0c1,agriculture,ukraine,computed,0.0,zarr_hit,0.10749292932450771,1.1718340832740068,0.008660809136927128,0.03079722635447979,8.867243967019022,1021.3642578125,5177344.0,172900,18410.1640625,18410.37890625,0.2531703971326351,18410.37890625,18410.375,326,True
agriculture__ukraine__r0c2,agriculture,ukraine,computed,0.0,zarr_hit,0.03718547057360411,1.0082325944676995,0.008185116574168205,0.010707743465900421,8.963535816408694,1021.3642578125,5177344.0,172877,18410.37890625,18410.546875,0.25429646484553814,18410.546875,18410.54296875,327,True
agriculture__ukraine__r1c0,agriculture,ukraine,computed,0.0,zarr_hit,0.03388338442891836,1.0098508158698678,0.009014430455863476,0.018098902888596058,8.731021095998585,1021.3642578125,5177344.0,172891,18410.55078125,18410.71484375,0.25822667498141527,18410.71484375,18410.7109375,328,True
agriculture__ukraine__r1c1,agriculture,ukraine,computed,0.0,zarr_hit,0.03896362613886595,1.404705029912293,0.008887197822332382,0.010214177891612053,10.4863957837224,1021.3642578125,5177344.0,172896,18410.72265625,18410.9296875,0.2712710229679942,18410.9296875,18410.92578125,329,True
agriculture__ukraine__r1c2,agriculture,ukraine,computed,0.0,zarr_hit,0.04521144460886717,1.0225189309567213,0.008757973089814186,0.029926552437245846,11.063692740164697,1021.3642578125,5177344.0,172920,18410.9296875,18411.09765625,0.2577122487127781,18411.09765625,18411.09375,330,True
agriculture__ukraine__r2c0,agriculture,ukraine,computed,0.0,zarr_hit,0.042233542539179325,1.0358812436461449,0.008734558708965778,0.01593791041523218,11.077132289297879,1021.3642578125,5177344.0,172892,18411.09765625,18411.296875,0.2545300479978323,18411.296875,18411.29296875,331,True
agriculture__ukraine__r2c1,agriculture,ukraine,computed,0.0,zarr_hit,0.045357171446084976,1.1221203533932567,0.008861720561981201,0.01878614816814661,10.945831237360835,1021.3642578125,5177344.0,172885,18411.296875,18411.46484375,0.2768601616844535,18411.46484375,18411.4609375,332,True
agriculture__ukraine__r2c2,agriculture,ukraine,computed,0.0,zarr_hit,0.03467691037803888,1.0707288775593042,0.009104561991989613,0.03402367886155844,11.346282738260925,1021.3642578125,5177344.0,172914,18411.47265625,18411.66015625,0.2904150504618883,18411.66015625,18411.65625,333,True
agriculture__po_valley__r0c0,agriculture,po_valley,computed,0.0,zarr_hit,0.03608793765306473,1.2146963495761156,0.008940028958022594,0.027550633065402508,9.110042047686875,1382.26025390625,5177344.0,173099,18411.671875,18411.828125,0.28995755314826965,18411.828125,18411.82421875,334,True
agriculture__po_valley__r0c1,agriculture,po_valley,computed,0.0,zarr_hit,0.04548764880746603,1.0536514036357403,0.008871549740433693,0.02070550061762333,8.613050575368106,1021.3876953125,5177344.0,173096,18411.828125,18411.91796875,0.274522652849555,18411.91796875,18411.9140625,335,True
agriculture__po_valley__r0c2,agriculture,po_valley,computed,0.0,zarr_hit,0.036973810754716396,1.2125355815514922,0.00861272681504488,0.019541260786354542,8.7570641329512,1021.3876953125,5177344.0,173099,18411.91796875,18412.0390625,0.2513769306242466,18412.0390625,18412.03515625,336,True
agriculture__po_valley__r1c0,agriculture,po_valley,computed,0.0,zarr_hit,0.03555050864815712,1.0368079515174031,0.008565007708966732,0.012313962914049625,9.001348021440208,1021.3876953125,5177344.0,173106,18412.0390625,18412.171875,0.28218992706388235,18412.171875,18412.16796875,337,True
agriculture__po_valley__r1c1,agriculture,po_valley,computed,0.0,zarr_hit,0.04390205070376396,1.0116897346451879,0.00854780338704586,0.047566456720232964,8.632954750210047,1382.26025390625,5177344.0,173097,18412.171875,18412.32421875,0.25210155453532934,18412.32421875,18412.3203125,338,True
agriculture__po_valley__r1c2,agriculture,po_valley,computed,0.0,zarr_hit,0.041466097347438335,1.134940599091351,0.008668704889714718,0.02219104114919901,8.60782212857157,1021.3876953125,5177344.0,173096,18412.32421875,18412.4765625,0.25217921379953623,18412.4765625,18412.47265625,339,True
agriculture__po_valley__r2c0,agriculture,po_valley,computed,0.0,zarr_hit,0.03348457720130682,1.0022341767325997,0.008196077309548855,0.027385341003537178,8.793334447778761,1021.3876953125,5177344.0,173099,18412.484375,18412.61328125,0.2456014472991228,18412.61328125,18412.609375,340,True
agriculture__po_valley__r2c1,agriculture,po_valley,computed,0.0,zarr_hit,0.03245570510625839,1.19659760966897,0.008585555478930473,0.03151481878012419,8.886470790021122,1021.3876953125,5177344.0,173098,18412.625,18412.73046875,0.2538979649543762,18412.73046875,18412.7265625,341,True
agriculture__po_valley__r2c2,agriculture,po_valley,computed,0.0,zarr_hit,0.03464227542281151,1.00341678224504,0.008850639685988426,0.03568890132009983,8.759845104068518,1021.38720703125,5177344.0,173097,18412.734375,18412.8828125,0.28600634168833494,18412.8828125,18412.87890625,342,True
agriculture__western_australia__r0c0,agriculture,western_australia,computed,0.0,zarr_hit,0.0453407010063529,1.0304569071158767,0.008235732093453407,0.035710412077605724,11.061032473109663,1021.4130859375,5177344.0,173518,18412.8828125,18413.0,0.25119367334991693,18413.0,18412.99609375,343,True
agriculture__western_australia__r0c1,agriculture,western_australia,computed,0.0,zarr_hit,0.043703763745725155,1.0276672327890992,0.008934589102864265,0.01909567601978779,10.857693202793598,1021.4111328125,5177344.0,173822,18413.0,18413.1171875,0.2506506321951747,18413.1171875,18413.11328125,344,True
agriculture__western_australia__r0c2,agriculture,western_australia,computed,0.0,zarr_hit,0.03272080793976784,1.0287952432408929,0.008365417830646038,0.03428322263062,10.994721326977015,1021.40966796875,5177344.0,173614,18413.1171875,18413.265625,0.2760341437533498,18413.265625,18413.26171875,345,True
agriculture__western_australia__r1c0,agriculture,western_australia,computed,0.0,zarr_hit,0.043264880776405334,1.0296786706894636,0.00829855166375637,0.03499055653810501,11.001702136360109,1021.41455078125,5177344.0,173657,18413.265625,18413.3515625,0.2729894332587719,18413.3515625,18413.34765625,346,True
agriculture__western_australia__r1c1,agriculture,western_australia,computed,0.0,zarr_hit,0.04086488578468561,1.0276445792987943,0.008118529804050922,0.026166788302361965,10.993731716647744,1021.416015625,5177344.0,173926,18413.359375,18413.46875,0.2543827947229147,18413.46875,18413.46484375,347,True
agriculture__western_australia__r1c2,agriculture,western_australia,computed,0.0,zarr_hit,0.03991445153951645,1.0239900527521968,0.008685496635735035,0.0333631569519639,10.915640512481332,1021.4150390625,5177344.0,173660,18413.46875,18413.73828125,0.2513206945732236,18413.73828125,18413.734375,348,True
agriculture__western_australia__r2c0,agriculture,western_australia,computed,0.0,zarr_hit,0.03905558120459318,1.0378644363954663,0.009271527640521526,0.03694985527545214,11.208459665067494,1021.4150390625,5177344.0,173724,18413.74609375,18413.83984375,0.2728706980124116,18413.83984375,18413.8359375,349,True
agriculture__western_australia__r2c1,agriculture,western_australia,computed,0.0,zarr_hit,0.04336836840957403,1.0280052134767175,0.008634339086711407,0.029973313212394714,11.576177371665835,1021.4140625,5177344.0,173659,18413.83984375,18413.984375,0.2651754515245557,18413.984375,18413.98046875,350,True
agriculture__western_australia__r2c2,agriculture,western_australia,computed,0.0,zarr_hit,0.0371938468888402,1.0365083841606975,0.008923077024519444,0.01993690151721239,11.50536634400487,1021.41455078125,5177344.0,173657,18413.984375,18414.1015625,0.2537380112335086,18414.1015625,18414.09765625,351,True
agriculture__mato_grosso__r0c0,agriculture,mato_grosso,computed,0.0,zarr_hit,0.037885299883782864,1.0714452369138598,0.008819840848445892,0.05955581273883581,12.594507620669901,1021.4482421875,5177344.0,174124,18414.1015625,18414.21875,0.25503034517169,18414.21875,18414.21484375,352,True
agriculture__mato_grosso__r0c1,agriculture,mato_grosso,computed,0.0,zarr_hit,0.05329442862421274,1.232398834079504,0.009062300436198711,0.02263078559190035,13.784326715394855,1021.4482421875,5177344.0,174120,18414.21875,18414.3203125,0.27501340489834547,18414.3203125,18414.31640625,353,True
agriculture__mato_grosso__r0c2,agriculture,mato_grosso,computed,0.0,zarr_hit,0.034384625032544136,1.0391443772241473,0.009254146367311478,0.04552035313099623,12.487728031352162,1021.4482421875,5177344.0,174108,18414.32421875,18414.43359375,0.2775978296995163,18414.43359375,18414.4296875,354,True
agriculture__mato_grosso__r1c0,agriculture,mato_grosso,computed,0.0,zarr_hit,0.04761593975126743,1.0576191246509552,0.008695225231349468,0.012077976018190384,12.692155576311052,1021.4482421875,5177344.0,174134,18414.43359375,18414.546875,0.26450930535793304,18414.546875,18414.54296875,355,True
agriculture__mato_grosso__r1c1,agriculture,mato_grosso,computed,0.0,zarr_hit,0.05009388457983732,1.2481471272185445,0.009871797636151314,0.022064901888370514,15.563729641959071,1021.4482421875,5177344.0,174113,18414.55859375,18415.6953125,0.2876392398029566,18415.6953125,18415.69140625,356,True
agriculture__mato_grosso__r1c2,agriculture,mato_grosso,computed,0.0,zarr_hit,0.0368991382420063,1.0454896604642272,0.009050549007952213,0.03779278416186571,12.62203435972333,1021.44482421875,5177344.0,174112,18415.69921875,18415.78125,0.2819178197532892,18415.78125,18415.77734375,357,True
agriculture__mato_grosso__r2c0,agriculture,mato_grosso,computed,0.0,zarr_hit,0.04662876669317484,1.172809086740017,0.009241961874067783,0.01756721455603838,13.219612944871187,1021.4482421875,5177344.0,174115,18415.79296875,18415.89453125,0.2530098604038358,18415.89453125,18415.890625,358,True
agriculture__mato_grosso__r2c1,agriculture,mato_grosso,computed,0.0,zarr_hit,0.03320650849491358,1.0437843278050423,0.008819830603897572,0.025886614806950092,13.192906585521996,1021.44921875,5177344.0,174149,18415.89453125,18416.01171875,0.2970225615426898,18416.01171875,18416.0078125,359,True
agriculture__mato_grosso__r2c2,agriculture,mato_grosso,computed,0.0,zarr_hit,0.04072230402380228,1.100576444528997,0.009070937521755695,0.04036046750843525,12.98238414619118,1021.4482421875,5177344.0,174124,18416.01171875,18416.1875,0.28367054741829634,18416.1875,18416.18359375,360,True
