patch_id,scene_class,region_id,location,anchor_lat,anchor_lon,patch_lat,patch_lon,abs_latitude_band,utm_epsg,east_offset_m,north_offset_m,true_fwhm_m,lambda,max_iter,healpix_level,device,rmse_psf_degradation,method,operator_fwhm_m,rmse_vs_latent,recovery_fraction,n_cells_compared,n_cells_estimated,npt,operator_rows,operator_cols,operator_nnz,operator_density,operator_build_s,solve_s,projection_s,runtime_s,method_total_s,patch_execution_status,run_sequence,benchmark_included
urban__singapore__r0c0,urban,singapore,Singapore,1.2903,103.8519,1.2541021198934994,103.81596794666491,00-15,32648,-4000.0,-4000.0,12.5,0.001,14,20,cuda:0,0.039223346900536186,blurred_observation,12.5,0.039223346900536186,0.0,170813,170813,,,,,,0.0,0.0,0.0,0.0,0.0,computed,1,False
urban__singapore__r0c0,urban,singapore,Singapore,1.2903,103.8519,1.2541021198934994,103.81596794666491,00-15,32648,-4000.0,-4000.0,12.5,0.001,14,20,cuda:0,0.039223346900536186,psf_aware_matched,12.5,0.03119697801724236,0.20463243240428586,170813,172254,22.0,65536.0,172254.0,1441792.0,0.00012771836938474577,0.2868084372021258,0.040276037994772196,1.7118615838699043,0.327084475196898,2.0389460590668023,computed,1,False
urban__singapore__r0c0,urban,singapore,Singapore,1.2903,103.8519,1.2541021198934994,103.81596794666491,00-15,32648,-4000.0,-4000.0,12.5,0.001,14,20,cuda:0,0.039223346900536186,psf_aware_plus50,18.75,0.059807363045691606,-0.5247898961134811,170813,174025,48.0,65536.0,174025.0,3145728.0,0.0002758224393046976,0.44411679124459624,0.08080656733363867,1.7332804542966187,0.5249233585782349,2.2582038128748536,computed,1,False
urban__singapore__r0c0,urban,singapore,Singapore,1.2903,103.8519,1.2541021198934994,103.81596794666491,00-15,32648,-4000.0,-4000.0,12.5,0.001,14,20,cuda:0,0.039223346900536186,psf_aware_minus50,6.25,0.045662780704838216,-0.16417349138081838,170411,170411,9.0,65536.0,170411.0,589824.0,5.2813492086778434e-05,0.19519906397908926,0.022354922257363796,1.66184016270563,0.21755398623645306,1.8793941489420831,computed,1,False
urban__singapore__r0c0,urban,singapore,Singapore,1.2903,103.8519,1.2541021198934994,103.81596794666491,00-15,32648,-4000.0,-4000.0,12.5,0.001,14,20,cuda:0,0.039223346900536186,nearest,,0.04773941946776447,-0.2171174374492726,169912,170813,,,,,,0.0,0.12329677771776915,0.0,0.12329677771776915,0.12329677771776915,computed,1,False
urban__singapore__r0c0,urban,singapore,Singapore,1.2903,103.8519,1.2541021198934994,103.81596794666491,00-15,32648,-4000.0,-4000.0,12.5,0.001,14,20,cuda:0,0.039223346900536186,bilinear,,0.04953225580903517,-0.2628258352006687,169912,170813,,,,,,0.0,0.10836560279130936,0.0,0.10836560279130936,0.10836560279130936,computed,1,False
urban__singapore__r0c0,urban,singapore,Singapore,1.2903,103.8519,1.2541021198934994,103.81596794666491,00-15,32648,-4000.0,-4000.0,12.5,0.001,14,20,cuda:0,0.039223346900536186,bicubic,,0.04472765969596248,-0.14033256288363916,169912,170813,,,,,,0.0,0.7634481149725616,0.0,0.7634481149725616,0.7634481149725616,computed,1,False
urban__singapore__r0c1,urban,singapore,Singapore,1.2903,103.8519,1.2541182383741496,103.85191599538406,00-15,32648,0.0,-4000.0,12.5,0.001,14,20,cuda:0,0.030746484242990275,blurred_observation,12.5,0.030746484242990275,0.0,170971,170971,,,,,,0.0,0.0,0.0,0.0,0.0,computed,2,True
urban__singapore__r0c1,urban,singapore,Singapore,1.2903,103.8519,1.2541182383741496,103.85191599538406,00-15,32648,0.0,-4000.0,12.5,0.001,14,20,cuda:0,0.030746484242990275,psf_aware_matched,12.5,0.026664015397885384,0.13277839550177617,170971,172207,22.0,65536.0,172207.0,1441792.0,0.00012775322722072854,0.27786741591989994,0.04030650528147817,1.7015876802615821,0.3181739212013781,2.0197616014629602,computed,2,True
urban__singapore__r0c1,urban,singapore,Singapore,1.2903,103.8519,1.2541182383741496,103.85191599538406,00-15,32648,0.0,-4000.0,12.5,0.001,14,20,cuda:0,0.030746484242990275,psf_aware_plus50,18.75,0.043037861427726275,-0.39976528983271464,170971,174474,48.0,65536.0,174474.0,3145728.0,0.00027511262423054436,0.4392283339984715,0.08055890910327435,1.708974116947502,0.5197872431017458,2.2287613600492477,computed,2,True
urban__singapore__r0c1,urban,singapore,Singapore,1.2903,103.8519,1.2541182383741496,103.85191599538406,00-15,32648,0.0,-4000.0,12.5,0.001,14,20,cuda:0,0.030746484242990275,psf_aware_minus50,6.25,0.03405566247016473,-0.10762785757948556,170353,170353,9.0,65536.0,170353.0,589824.0,5.283147346979507e-05,0.17186262318864465,0.022282565012574196,1.660917656030506,0.19414518820121884,1.8550628442317247,computed,2,True
urban__singapore__r0c1,urban,singapore,Singapore,1.2903,103.8519,1.2541182383741496,103.85191599538406,00-15,32648,0.0,-4000.0,12.5,0.001,14,20,cuda:0,0.030746484242990275,nearest,,0.03518823722335514,-0.14446376845110387,169862,170971,,,,,,0.0,0.18520049983635545,0.0,0.18520049983635545,0.18520049983635545,computed,2,True
urban__singapore__r0c1,urban,singapore,Singapore,1.2903,103.8519,1.2541182383741496,103.85191599538406,00-15,32648,0.0,-4000.0,12.5,0.001,14,20,cuda:0,0.030746484242990275,bilinear,,0.03624924891331303,-0.17897215912018627,169862,170971,,,,,,0.0,0.3626937959343195,0.0,0.3626937959343195,0.3626937959343195,computed,2,True
urban__singapore__r0c1,urban,singapore,Singapore,1.2903,103.8519,1.2541182383741496,103.85191599538406,00-15,32648,0.0,-4000.0,12.5,0.001,14,20,cuda:0,0.030746484242990275,bicubic,,0.03378861290984562,-0.09894232598476371,169862,170971,,,,,,0.0,0.7707355436868966,0.0,0.7707355436868966,0.7707355436868966,computed,2,True
urban__singapore__r0c2,urban,singapore,Singapore,1.2903,103.8519,1.254133860201693,103.88786449936873,00-15,32648,4000.0,-4000.0,12.5,0.001,14,20,cuda:0,0.033972268440468655,blurred_observation,12.5,0.033972268440468655,0.0,170807,170807,,,,,,0.0,0.0,0.0,0.0,0.0,computed,3,True
urban__singapore__r0c2,urban,singapore,Singapore,1.2903,103.8519,1.254133860201693,103.88786449936873,00-15,32648,4000.0,-4000.0,12.5,0.001,14,20,cuda:0,0.033972268440468655,psf_aware_matched,12.5,0.031820762367727747,0.06333124549840119,170807,172207,22.0,65536.0,172207.0,1441792.0,0.00012775322722072854,0.27420485112816095,0.04088695487007499,1.7351592020131648,0.31509180599823594,2.0502510080114007,computed,3,True
urban__singapore__r0c2,urban,singapore,Singapore,1.2903,103.8519,1.254133860201693,103.88786449936873,00-15,32648,4000.0,-4000.0,12.5,0.001,14,20,cuda:0,0.033972268440468655,psf_aware_plus50,18.75,0.042917445206496034,-0.2633081974405822,170807,174158,48.0,65536.0,174158.0,3145728.0,0.00027561180077860335,0.4348678174428642,0.08039833419024944,1.7305096271447837,0.5152661516331136,2.2457757787778974,computed,3,True
urban__singapore__r0c2,urban,singapore,Singapore,1.2903,103.8519,1.254133860201693,103.88786449936873,00-15,32648,4000.0,-4000.0,12.5,0.001,14,20,cuda:0,0.033972268440468655,psf_aware_minus50,6.25,0.036349330104181066,-0.06997064879190673,170362,170362,9.0,65536.0,170362.0,589824.0,5.2828682452659634e-05,0.17987906374037266,0.022382574155926704,1.7177600436843932,0.20226163789629936,1.9200216815806925,computed,3,True
urban__singapore__r0c2,urban,singapore,Singapore,1.2903,103.8519,1.254133860201693,103.88786449936873,00-15,32648,4000.0,-4000.0,12.5,0.001,14,20,cuda:0,0.033972268440468655,nearest,,0.037096610853690204,-0.09196743569527888,169942,170807,,,,,,0.0,0.13973805215209723,0.0,0.13973805215209723,0.13973805215209723,computed,3,True
urban__singapore__r0c2,urban,singapore,Singapore,1.2903,103.8519,1.254133860201693,103.88786449936873,00-15,32648,4000.0,-4000.0,12.5,0.001,14,20,cuda:0,0.033972268440468655,bilinear,,0.0378271273250859,-0.11347075310476562,169942,170807,,,,,,0.0,0.1089607710018754,0.0,0.1089607710018754,0.1089607710018754,computed,3,True
urban__singapore__r0c2,urban,singapore,Singapore,1.2903,103.8519,1.254133860201693,103.88786449936873,00-15,32648,4000.0,-4000.0,12.5,0.001,14,20,cuda:0,0.033972268440468655,bicubic,,0.036504380801652955,-0.07453468600783753,169942,170807,,,,,,0.0,0.7632422959432006,0.0,0.7632422959432006,0.7632422959432006,computed,3,True
urban__singapore__r1c0,urban,singapore,Singapore,1.2903,103.8519,1.2902834163465642,103.81595145072481,00-15,32648,-4000.0,0.0,12.5,0.001,14,20,cuda:0,0.06414455887330683,blurred_observation,12.5,0.06414455887330683,0.0,170766,170766,,,,,,0.0,0.0,0.0,0.0,0.0,computed,4,True
urban__singapore__r1c0,urban,singapore,Singapore,1.2903,103.8519,1.2902834163465642,103.81595145072481,00-15,32648,-4000.0,0.0,12.5,0.001,14,20,cuda:0,0.06414455887330683,psf_aware_matched,12.5,0.05158768513674884,0.19575898497266642,170766,172193,22.0,65536.0,172193.0,1441792.0,0.00012776361408419623,0.27326917881146073,0.04025354515761137,1.6853510630317032,0.3135227239690721,1.9988737870007753,computed,4,True
urban__singapore__r1c0,urban,singapore,Singapore,1.2903,103.8519,1.2902834163465642,103.81595145072481,00-15,32648,-4000.0,0.0,12.5,0.001,14,20,cuda:0,0.06414455887330683,psf_aware_plus50,18.75,0.09951272537936087,-0.5513821768719369,170766,174276,48.0,65536.0,174276.0,3145728.0,0.00027542518763340907,0.44744781823828816,0.08055756613612175,1.7091205739416182,0.5280053843744099,2.237125958316028,computed,4,True
urban__singapore__r1c0,urban,singapore,Singapore,1.2903,103.8519,1.2902834163465642,103.81595145072481,00-15,32648,-4000.0,0.0,12.5,0.001,14,20,cuda:0,0.06414455887330683,psf_aware_minus50,6.25,0.0745962516034305,-0.16293966181554098,170502,170502,9.0,65536.0,170502.0,589824.0,5.2785304571207376e-05,0.17465672502294183,0.02234608493745327,1.75960654579103,0.1970028099603951,1.956609355751425,computed,4,True
urban__singapore__r1c0,urban,singapore,Singapore,1.2903,103.8519,1.2902834163465642,103.81595145072481,00-15,32648,-4000.0,0.0,12.5,0.001,14,20,cuda:0,0.06414455887330683,nearest,,0.07808746167833944,-0.2173668827089683,169595,170766,,,,,,0.0,0.12167639005929232,0.0,0.12167639005929232,0.12167639005929232,computed,4,True
urban__singapore__r1c0,urban,singapore,Singapore,1.2903,103.8519,1.2902834163465642,103.81595145072481,00-15,32648,-4000.0,0.0,12.5,0.001,14,20,cuda:0,0.06414455887330683,bilinear,,0.08119140477304819,-0.26575669392958035,169595,170766,,,,,,0.0,0.10843004612252116,0.0,0.10843004612252116,0.10843004612252116,computed,4,True
urban__singapore__r1c0,urban,singapore,Singapore,1.2903,103.8519,1.2902834163465642,103.81595145072481,00-15,32648,-4000.0,0.0,12.5,0.001,14,20,cuda:0,0.06414455887330683,bicubic,,0.07339092524820534,-0.14414888086082533,169595,170766,,,,,,0.0,1.0924688866361976,0.0,1.0924688866361976,1.0924688866361976,computed,4,True
urban__singapore__r1c1,urban,singapore,Singapore,1.2903,103.8519,1.2902999999999998,103.8519,00-15,32648,0.0,0.0,12.5,0.001,14,20,cuda:0,0.05805768687108502,blurred_observation,12.5,0.05805768687108502,0.0,170968,170968,,,,,,0.0,0.0,0.0,0.0,0.0,computed,5,True
urban__singapore__r1c1,urban,singapore,Singapore,1.2903,103.8519,1.2902999999999998,103.8519,00-15,32648,0.0,0.0,12.5,0.001,14,20,cuda:0,0.05805768687108502,psf_aware_matched,12.5,0.045244787559066475,0.22069255601707183,170968,172206,22.0,65536.0,172206.0,1441792.0,0.00012775396908353947,0.2717345329001546,0.04050818691030145,1.777121372986585,0.31224271981045604,2.089364092797041,computed,5,True
urban__singapore__r1c1,urban,singapore,Singapore,1.2903,103.8519,1.2902999999999998,103.8519,00-15,32648,0.0,0.0,12.5,0.001,14,20,cuda:0,0.05805768687108502,psf_aware_plus50,18.75,0.0888354553966643,-0.5301239195753733,170968,174240,48.0,65536.0,174240.0,3145728.0,0.0002754820936639118,0.4893920347094536,0.08046510070562363,1.7194115710444748,0.5698571354150772,2.289268706459552,computed,5,True
urban__singapore__r1c1,urban,singapore,Singapore,1.2903,103.8519,1.2902999999999998,103.8519,00-15,32648,0.0,0.0,12.5,0.001,14,20,cuda:0,0.05805768687108502,psf_aware_minus50,6.25,0.06730055469810325,-0.1592014481655406,170252,170252,9.0,65536.0,170252.0,589824.0,5.2862815121114584e-05,0.17227525496855378,0.022229114081710577,1.7554493127390742,0.19450436905026436,1.9499536817893386,computed,5,True
urban__singapore__r1c1,urban,singapore,Singapore,1.2903,103.8519,1.2902999999999998,103.8519,00-15,32648,0.0,0.0,12.5,0.001,14,20,cuda:0,0.05805768687108502,nearest,,0.07056462246270771,-0.2154225610020235,170139,170968,,,,,,0.0,0.12137395702302456,0.0,0.12137395702302456,0.12137395702302456,computed,5,True
urban__singapore__r1c1,urban,singapore,Singapore,1.2903,103.8519,1.2902999999999998,103.8519,00-15,32648,0.0,0.0,12.5,0.001,14,20,cuda:0,0.05805768687108502,bilinear,,0.07334086097305079,-0.2632411817560265,170139,170968,,,,,,0.0,0.10893375985324383,0.0,0.10893375985324383,0.10893375985324383,computed,5,True
urban__singapore__r1c1,urban,singapore,Singapore,1.2903,103.8519,1.2902999999999998,103.8519,00-15,32648,0.0,0.0,12.5,0.001,14,20,cuda:0,0.05805768687108502,bicubic,,0.0659892653524301,-0.13661547520756145,170139,170968,,,,,,0.0,0.8498266539536417,0.0,0.8498266539536417,0.8498266539536417,computed,5,True
urban__singapore__r1c2,urban,singapore,Singapore,1.2903,103.8519,1.290316072667127,103.88784900457223,00-15,32648,4000.0,0.0,12.5,0.001,14,20,cuda:0,0.04732773945125771,blurred_observation,12.5,0.04732773945125771,0.0,170789,170789,,,,,,0.0,0.0,0.0,0.0,0.0,computed,6,True
urban__singapore__r1c2,urban,singapore,Singapore,1.2903,103.8519,1.290316072667127,103.88784900457223,00-15,32648,4000.0,0.0,12.5,0.001,14,20,cuda:0,0.04732773945125771,psf_aware_matched,12.5,0.0396059725929044,0.16315520132344097,170789,172206,22.0,65536.0,172206.0,1441792.0,0.00012775396908353947,0.27603094885125756,0.040197579190135,1.70601641619578,0.31622852804139256,2.0222449442371726,computed,6,True
urban__singapore__r1c2,urban,singapore,Singapore,1.2903,103.8519,1.290316072667127,103.88784900457223,00-15,32648,4000.0,0.0,12.5,0.001,14,20,cuda:0,0.04732773945125771,psf_aware_plus50,18.75,0.07015583322567659,-0.4823406746043568,170789,174133,48.0,65536.0,174133.0,3145728.0,0.0002756513699298812,0.44329468393698335,0.08049633027985692,1.7186949937604368,0.5237910142168403,2.242486007977277,computed,6,True
urban__singapore__r1c2,urban,singapore,Singapore,1.2903,103.8519,1.290316072667127,103.88784900457223,00-15,32648,4000.0,0.0,12.5,0.001,14,20,cuda:0,0.04732773945125771,psf_aware_minus50,6.25,0.05397978498731068,-0.14055278391024428,170363,170363,9.0,65536.0,170363.0,589824.0,5.2828372357847657e-05,0.3138460572808981,0.02226784685626626,1.6910838899202645,0.33611390413716435,2.027197794057429,computed,6,True
urban__singapore__r1c2,urban,singapore,Singapore,1.2903,103.8519,1.290316072667127,103.88784900457223,00-15,32648,4000.0,0.0,12.5,0.001,14,20,cuda:0,0.04732773945125771,nearest,,0.05618972244003731,-0.1872471216992404,169975,170789,,,,,,0.0,0.13570049637928605,0.0,0.13570049637928605,0.13570049637928605,computed,6,True
urban__singapore__r1c2,urban,singapore,Singapore,1.2903,103.8519,1.290316072667127,103.88784900457223,00-15,32648,4000.0,0.0,12.5,0.001,14,20,cuda:0,0.04732773945125771,bilinear,,0.05815870577737942,-0.228850277906816,169975,170789,,,,,,0.0,0.1083507058210671,0.0,0.1083507058210671,0.1083507058210671,computed,6,True
urban__singapore__r1c2,urban,singapore,Singapore,1.2903,103.8519,1.290316072667127,103.88784900457223,00-15,32648,4000.0,0.0,12.5,0.001,14,20,cuda:0,0.04732773945125771,bicubic,,0.053327944682847656,-0.12677988218240355,169975,170789,,,,,,0.0,0.7712207641452551,0.0,0.7712207641452551,0.7712207641452551,computed,6,True
urban__singapore__r2c0,urban,singapore,Singapore,1.2903,103.8519,1.3264647022528997,103.81593448523955,00-15,32648,-4000.0,4000.0,12.5,0.001,14,20,cuda:0,0.05127514373711549,blurred_observation,12.5,0.05127514373711549,0.0,170836,170836,,,,,,0.0,0.0,0.0,0.0,0.0,computed,7,True
urban__singapore__r2c0,urban,singapore,Singapore,1.2903,103.8519,1.3264647022528997,103.81593448523955,00-15,32648,-4000.0,4000.0,12.5,0.001,14,20,cuda:0,0.05127514373711549,psf_aware_matched,12.5,0.041557124568783924,0.18952690251158055,170836,172257,22.0,65536.0,172257.0,1441792.0,0.00012771614506231968,0.27077704994007945,0.04033234529197216,1.779079020023346,0.3111093952320516,2.0901884152553976,computed,7,True
urban__singapore__r2c0,urban,singapore,Singapore,1.2903,103.8519,1.3264647022528997,103.81593448523955,00-15,32648,-4000.0,4000.0,12.5,0.001,14,20,cuda:0,0.05127514373711549,psf_aware_plus50,18.75,0.07835439800059141,-0.5281165939253061,170836,174049,48.0,65536.0,174049.0,3145728.0,0.0002757844055409684,0.44435950135812163,0.08101052418351173,1.7263635359704494,0.5253700255416334,2.251733561512083,computed,7,True
urban__singapore__r2c0,urban,singapore,Singapore,1.2903,103.8519,1.3264647022528997,103.81593448523955,00-15,32648,-4000.0,4000.0,12.5,0.001,14,20,cuda:0,0.05127514373711549,psf_aware_minus50,6.25,0.058703258421701196,-0.14486774961898097,170394,170394,9.0,65536.0,170394.0,589824.0,5.281876122398676e-05,0.17068411223590374,0.022221229039132595,1.6821158966049552,0.19290534127503633,1.8750212378799915,computed,7,True
urban__singapore__r2c0,urban,singapore,Singapore,1.2903,103.8519,1.3264647022528997,103.81593448523955,00-15,32648,-4000.0,4000.0,12.5,0.001,14,20,cuda:0,0.05127514373711549,nearest,,0.0614428584675657,-0.19829714729966352,169922,170836,,,,,,0.0,0.12150380294770002,0.0,0.12150380294770002,0.12150380294770002,computed,7,True
urban__singapore__r2c0,urban,singapore,Singapore,1.2903,103.8519,1.3264647022528997,103.81593448523955,00-15,32648,-4000.0,4000.0,12.5,0.001,14,20,cuda:0,0.05127514373711549,bilinear,,0.06382688491417146,-0.24479192572151476,169922,170836,,,,,,0.0,0.35155158722773194,0.0,0.35155158722773194,0.35155158722773194,computed,7,True
urban__singapore__r2c0,urban,singapore,Singapore,1.2903,103.8519,1.3264647022528997,103.81593448523955,00-15,32648,-4000.0,4000.0,12.5,0.001,14,20,cuda:0,0.05127514373711549,bicubic,,0.05825227983419925,-0.13607248246548287,169922,170836,,,,,,0.0,0.7661509430035949,0.0,0.7661509430035949,0.7661509430035949,computed,7,True
urban__singapore__r2c1,urban,singapore,Singapore,1.2903,103.8519,1.3264817510916866,103.85188354931874,00-15,32648,0.0,4000.0,12.5,0.001,14,20,cuda:0,0.06065156349577365,blurred_observation,12.5,0.06065156349577365,0.0,170953,170953,,,,,,0.0,0.0,0.0,0.0,0.0,computed,8,True
urban__singapore__r2c1,urban,singapore,Singapore,1.2903,103.8519,1.3264817510916866,103.85188354931874,00-15,32648,0.0,4000.0,12.5,0.001,14,20,cuda:0,0.06065156349577365,psf_aware_matched,12.5,0.047850907126230954,0.21105237246579267,170953,172207,22.0,65536.0,172207.0,1441792.0,0.00012775322722072854,0.2715873452834785,0.04044670006260276,1.7334574800916016,0.31203404534608126,2.045491525437683,computed,8,True
urban__singapore__r2c1,urban,singapore,Singapore,1.2903,103.8519,1.3264817510916866,103.85188354931874,00-15,32648,0.0,4000.0,12.5,0.001,14,20,cuda:0,0.06065156349577365,psf_aware_plus50,18.75,0.09324768089642539,-0.5374324340859427,170953,174239,48.0,65536.0,174239.0,3145728.0,0.00027548367472265105,0.4329045591875911,0.08042272133752704,1.734458213672042,0.5133272805251181,2.24778549419716,computed,8,True
urban__singapore__r2c1,urban,singapore,Singapore,1.2903,103.8519,1.3264817510916866,103.85188354931874,00-15,32648,0.0,4000.0,12.5,0.001,14,20,cuda:0,0.06065156349577365,psf_aware_minus50,6.25,0.0703488089478028,-0.1598845090399834,170271,170271,9.0,65536.0,170271.0,589824.0,5.2856916327501456e-05,0.17214162135496736,0.022246226202696562,1.6619194629602134,0.19438784755766392,1.8563073105178773,computed,8,True
urban__singapore__r2c1,urban,singapore,Singapore,1.2903,103.8519,1.3264817510916866,103.85188354931874,00-15,32648,0.0,4000.0,12.5,0.001,14,20,cuda:0,0.06065156349577365,nearest,,0.07377254647419816,-0.21633379623163074,170057,170953,,,,,,0.0,0.12154846731573343,0.0,0.12154846731573343,0.12154846731573343,computed,8,True
urban__singapore__r2c1,urban,singapore,Singapore,1.2903,103.8519,1.3264817510916866,103.85188354931874,00-15,32648,0.0,4000.0,12.5,0.001,14,20,cuda:0,0.06065156349577365,bilinear,,0.07672921213758653,-0.2650821795044609,170057,170953,,,,,,0.0,0.10805730009451509,0.0,0.10805730009451509,0.10805730009451509,computed,8,True
urban__singapore__r2c1,urban,singapore,Singapore,1.2903,103.8519,1.3264817510916866,103.85188354931874,00-15,32648,0.0,4000.0,12.5,0.001,14,20,cuda:0,0.06065156349577365,bicubic,,0.06914340081523918,-0.14001019644048007,170057,170953,,,,,,0.0,0.7700915248133242,0.0,0.7700915248133242,0.7700915248133242,computed,8,True
urban__singapore__r2c2,urban,singapore,Singapore,1.2903,103.8519,1.326498274610578,103.88783306872739,00-15,32648,4000.0,4000.0,12.5,0.001,14,20,cuda:0,0.06528181627404563,blurred_observation,12.5,0.06528181627404563,0.0,170785,170785,,,,,,0.0,0.0,0.0,0.0,0.0,computed,9,True
urban__singapore__r2c2,urban,singapore,Singapore,1.2903,103.8519,1.326498274610578,103.88783306872739,00-15,32648,4000.0,4000.0,12.5,0.001,14,20,cuda:0,0.06528181627404563,psf_aware_matched,12.5,0.05161885061933058,0.2092920576437315,170785,172206,22.0,65536.0,172206.0,1441792.0,0.00012775396908353947,0.2750510131008923,0.04029062483459711,1.713091623969376,0.3153416379354894,2.0284332619048655,computed,9,True
urban__singapore__r2c2,urban,singapore,Singapore,1.2903,103.8519,1.326498274610578,103.88783306872739,00-15,32648,4000.0,4000.0,12.5,0.001,14,20,cuda:0,0.06528181627404563,psf_aware_plus50,18.75,0.10088494201790907,-0.5453758454636981,170785,174379,48.0,65536.0,174379.0,3145728.0,0.0002752625029390007,0.44933752715587616,0.08068973617628217,1.7053735489025712,0.5300272633321583,2.2354008122347295,computed,9,True
urban__singapore__r2c2,urban,singapore,Singapore,1.2903,103.8519,1.326498274610578,103.88783306872739,00-15,32648,4000.0,4000.0,12.5,0.001,14,20,cuda:0,0.06528181627404563,psf_aware_minus50,6.25,0.0763885626471934,-0.17013537623590191,170476,170476,9.0,65536.0,170476.0,589824.0,5.2793355076374384e-05,0.1708121537230909,0.022338601294904947,1.6851682676933706,0.19315075501799583,1.8783190227113664,computed,9,True
urban__singapore__r2c2,urban,singapore,Singapore,1.2903,103.8519,1.326498274610578,103.88783306872739,00-15,32648,4000.0,4000.0,12.5,0.001,14,20,cuda:0,0.06528181627404563,nearest,,0.0800478227165752,-0.226188658424324,169678,170785,,,,,,0.0,0.1213318882510066,0.0,0.1213318882510066,0.1213318882510066,computed,9,True
urban__singapore__r2c2,urban,singapore,Singapore,1.2903,103.8519,1.326498274610578,103.88783306872739,00-15,32648,4000.0,4000.0,12.5,0.001,14,20,cuda:0,0.06528181627404563,bilinear,,0.0833030080350254,-0.27605224225577407,169678,170785,,,,,,0.0,0.10871297214180231,0.0,0.10871297214180231,0.10871297214180231,computed,9,True
urban__singapore__r2c2,urban,singapore,Singapore,1.2903,103.8519,1.326498274610578,103.88783306872739,00-15,32648,4000.0,4000.0,12.5,0.001,14,20,cuda:0,0.06528181627404563,bicubic,,0.07480175998039514,-0.14582841363337495,169678,170785,,,,,,0.0,0.7664991221390665,0.0,0.7664991221390665,0.7664991221390665,computed,9,True
urban__nairobi__r0c0,urban,nairobi,"Nairobi, Kenya",-1.2864,36.8172,-1.3225305542879326,36.78123901895743,00-15,32737,-4000.0,-4000.0,12.5,0.001,14,20,cuda:0,0.05441567700944729,blurred_observation,12.5,0.05441567700944729,0.0,170764,170764,,,,,,0.0,0.0,0.0,0.0,0.0,computed,10,True
urban__nairobi__r0c0,urban,nairobi,"Nairobi, Kenya",-1.2864,36.8172,-1.3225305542879326,36.78123901895743,00-15,32737,-4000.0,-4000.0,12.5,0.001,14,20,cuda:0,0.05441567700944729,psf_aware_matched,12.5,0.04546939509640273,0.1644063329670854,170764,172038,22.0,65536.0,172038.0,1441792.0,0.00012787872446785013,0.27593760238960385,0.040525289718061686,1.719459162093699,0.31646289210766554,2.0359220542013645,computed,10,True
urban__nairobi__r0c0,urban,nairobi,"Nairobi, Kenya",-1.2864,36.8172,-1.3225305542879326,36.78123901895743,00-15,32737,-4000.0,-4000.0,12.5,0.001,14,20,cuda:0,0.05441567700944729,psf_aware_plus50,18.75,0.0810331246511304,-0.4891503534369692,170764,173920,48.0,65536.0,173920.0,3145728.0,0.00027598896044158235,0.5984377972781658,0.08070071693509817,1.7086466872133315,0.679138514213264,2.3877852014265954,computed,10,True
urban__nairobi__r0c0,urban,nairobi,"Nairobi, Kenya",-1.2864,36.8172,-1.3225305542879326,36.78123901895743,00-15,32737,-4000.0,-4000.0,12.5,0.001,14,20,cuda:0,0.05441567700944729,psf_aware_minus50,6.25,0.06158048381967095,-0.13166806339613757,170157,170157,9.0,65536.0,170157.0,589824.0,5.289232884923923e-05,0.19036823604255915,0.02320632478222251,1.6523252152837813,0.21357456082478166,1.865899776108563,computed,10,True
urban__nairobi__r0c0,urban,nairobi,"Nairobi, Kenya",-1.2864,36.8172,-1.3225305542879326,36.78123901895743,00-15,32737,-4000.0,-4000.0,12.5,0.001,14,20,cuda:0,0.05441567700944729,nearest,,0.06415823139905082,-0.17903947768419903,169595,170764,,,,,,0.0,0.1366238039918244,0.0,0.1366238039918244,0.1366238039918244,computed,10,True
urban__nairobi__r0c0,urban,nairobi,"Nairobi, Kenya",-1.2864,36.8172,-1.3225305542879326,36.78123901895743,00-15,32737,-4000.0,-4000.0,12.5,0.001,14,20,cuda:0,0.05441567700944729,bilinear,,0.06646020281434481,-0.2213429376759648,169595,170764,,,,,,0.0,0.10834383172914386,0.0,0.10834383172914386,0.10834383172914386,computed,10,True
urban__nairobi__r0c0,urban,nairobi,"Nairobi, Kenya",-1.2864,36.8172,-1.3225305542879326,36.78123901895743,00-15,32737,-4000.0,-4000.0,12.5,0.001,14,20,cuda:0,0.05441567700944729,bicubic,,0.06135155089012766,-0.12746094989273415,169595,170764,,,,,,0.0,0.7598869320936501,0.0,0.7598869320936501,0.7598869320936501,computed,10,True
urban__nairobi__r0c1,urban,nairobi,"Nairobi, Kenya",-1.2864,36.8172,-1.3225626302473925,36.8171688223362,00-15,32737,0.0,-4000.0,12.5,0.001,14,20,cuda:0,0.05169577195275087,blurred_observation,12.5,0.05169577195275087,0.0,170730,170730,,,,,,0.0,0.0,0.0,0.0,0.0,computed,11,True
urban__nairobi__r0c1,urban,nairobi,"Nairobi, Kenya",-1.2864,36.8172,-1.3225626302473925,36.8171688223362,00-15,32737,0.0,-4000.0,12.5,0.001,14,20,cuda:0,0.05169577195275087,psf_aware_matched,12.5,0.04277299999152987,0.1726015808290139,170730,172046,22.0,65536.0,172046.0,1441792.0,0.0001278727782104786,0.2758377939462662,0.040465456899255514,1.6767548560164869,0.3163032508455217,1.9930581068620086,computed,11,True
urban__nairobi__r0c1,urban,nairobi,"Nairobi, Kenya",-1.2864,36.8172,-1.3225626302473925,36.8171688223362,00-15,32737,0.0,-4000.0,12.5,0.001,14,20,cuda:0,0.05169577195275087,psf_aware_plus50,18.75,0.07795022773115391,-0.5078646625569148,170730,173998,48.0,65536.0,173998.0,3145728.0,0.0002758652398303429,0.5064160120673478,0.0805185423232615,1.7514419448561966,0.5869345543906093,2.338376499246806,computed,11,True
urban__nairobi__r0c1,urban,nairobi,"Nairobi, Kenya",-1.2864,36.8172,-1.3225626302473925,36.8171688223362,00-15,32737,0.0,-4000.0,12.5,0.001,14,20,cuda:0,0.05169577195275087,psf_aware_minus50,6.25,0.05894086774022359,-0.1401487106932966,170190,170190,9.0,65536.0,170190.0,589824.0,5.288207297726071e-05,0.17884786101058125,0.022367124911397696,1.6325702467001975,0.20121498592197895,1.8337852326221764,computed,11,True
urban__nairobi__r0c1,urban,nairobi,"Nairobi, Kenya",-1.2864,36.8172,-1.3225626302473925,36.8171688223362,00-15,32737,0.0,-4000.0,12.5,0.001,14,20,cuda:0,0.05169577195275087,nearest,,0.061420708098703064,-0.1881185980710498,169670,170730,,,,,,0.0,0.12126739462837577,0.0,0.12126739462837577,0.12126739462837577,computed,11,True
urban__nairobi__r0c1,urban,nairobi,"Nairobi, Kenya",-1.2864,36.8172,-1.3225626302473925,36.8171688223362,00-15,32737,0.0,-4000.0,12.5,0.001,14,20,cuda:0,0.05169577195275087,bilinear,,0.06372467441047915,-0.23268638813871467,169670,170730,,,,,,0.0,0.10825255000963807,0.0,0.10825255000963807,0.10825255000963807,computed,11,True
urban__nairobi__r0c1,urban,nairobi,"Nairobi, Kenya",-1.2864,36.8172,-1.3225626302473925,36.8171688223362,00-15,32737,0.0,-4000.0,12.5,0.001,14,20,cuda:0,0.05169577195275087,bicubic,,0.05853696313430489,-0.13233560353459395,169670,170730,,,,,,0.0,0.7613617242313921,0.0,0.7613617242313921,0.7613617242313921,computed,11,True
urban__nairobi__r0c2,urban,nairobi,"Nairobi, Kenya",-1.2864,36.8172,-1.3225941835392068,36.85309949078891,00-15,32737,4000.0,-4000.0,12.5,0.001,14,20,cuda:0,0.05441147438633017,blurred_observation,12.5,0.05441147438633017,0.0,170666,170666,,,,,,0.0,0.0,0.0,0.0,0.0,computed,12,True
urban__nairobi__r0c2,urban,nairobi,"Nairobi, Kenya",-1.2864,36.8172,-1.3225941835392068,36.85309949078891,00-15,32737,4000.0,-4000.0,12.5,0.001,14,20,cuda:0,0.05441147438633017,psf_aware_matched,12.5,0.04409428879776682,0.1896141522523298,170666,172024,22.0,65536.0,172024.0,1441792.0,0.00012788913174905826,0.27381173707544804,0.04030173597857356,1.7181922630406916,0.3141134730540216,2.032305736094713,computed,12,True
urban__nairobi__r0c2,urban,nairobi,"Nairobi, Kenya",-1.2864,36.8172,-1.3225941835392068,36.85309949078891,00-15,32737,4000.0,-4000.0,12.5,0.001,14,20,cuda:0,0.05441147438633017,psf_aware_plus50,18.75,0.0835710078388763,-0.5359077985189076,170666,174106,48.0,65536.0,174106.0,3145728.0,0.00027569411737677046,0.4351046960800886,0.08097435487434268,1.7215492487885058,0.5160790509544313,2.237628299742937,computed,12,True
urban__nairobi__r0c2,urban,nairobi,"Nairobi, Kenya",-1.2864,36.8172,-1.3225941835392068,36.85309949078891,00-15,32737,4000.0,-4000.0,12.5,0.001,14,20,cuda:0,0.05441147438633017,psf_aware_minus50,6.25,0.0624307551200194,-0.14738216201882448,170218,170218,9.0,65536.0,170218.0,589824.0,5.287337414374508e-05,0.17547894222661853,0.022312310989946127,1.648515170905739,0.19779125321656466,1.8463064241223037,computed,12,True
urban__nairobi__r0c2,urban,nairobi,"Nairobi, Kenya",-1.2864,36.8172,-1.3225941835392068,36.85309949078891,00-15,32737,4000.0,-4000.0,12.5,0.001,14,20,cuda:0,0.05441147438633017,nearest,,0.06531091589020058,-0.20031512887305025,169865,170666,,,,,,0.0,0.3139578392729163,0.0,0.3139578392729163,0.3139578392729163,computed,12,True
urban__nairobi__r0c2,urban,nairobi,"Nairobi, Kenya",-1.2864,36.8172,-1.3225941835392068,36.85309949078891,00-15,32737,4000.0,-4000.0,12.5,0.001,14,20,cuda:0,0.05441147438633017,bilinear,,0.06785968562794095,-0.24715763344559138,169865,170666,,,,,,0.0,0.30957697285339236,0.0,0.30957697285339236,0.30957697285339236,computed,12,True
urban__nairobi__r0c2,urban,nairobi,"Nairobi, Kenya",-1.2864,36.8172,-1.3225941835392068,36.85309949078891,00-15,32737,4000.0,-4000.0,12.5,0.001,14,20,cuda:0,0.05441147438633017,bicubic,,0.061894178051288544,-0.1375206930036481,169865,170666,,,,,,0.0,0.7578420988284051,0.0,0.7578420988284051,0.7578420988284051,computed,12,True
urban__nairobi__r1c0,urban,nairobi,"Nairobi, Kenya",-1.2864,36.8172,-1.286368801375594,36.781270708793215,00-15,32737,-4000.0,0.0,12.5,0.001,14,20,cuda:0,0.06690085041126687,blurred_observation,12.5,0.06690085041126687,0.0,170711,170711,,,,,,0.0,0.0,0.0,0.0,0.0,computed,13,True
urban__nairobi__r1c0,urban,nairobi,"Nairobi, Kenya",-1.2864,36.8172,-1.286368801375594,36.781270708793215,00-15,32737,-4000.0,0.0,12.5,0.001,14,20,cuda:0,0.06690085041126687,psf_aware_matched,12.5,0.054558684397048106,0.18448444135383069,170711,172127,22.0,65536.0,172127.0,1441792.0,0.00012781260348463636,0.27588933100923896,0.04098933842033148,1.6713941250927746,0.31687866942957044,1.988272794522345,computed,13,True
urban__nairobi__r1c0,urban,nairobi,"Nairobi, Kenya",-1.2864,36.8172,-1.286368801375594,36.781270708793215,00-15,32737,-4000.0,0.0,12.5,0.001,14,20,cuda:0,0.06690085041126687,psf_aware_plus50,18.75,0.10402044620352999,-0.5548449020314958,170711,174127,48.0,65536.0,174127.0,3145728.0,0.0002756608682168762,0.4572991421446204,0.08059413777664304,1.6860552299767733,0.5378932799212635,2.2239485098980367,computed,13,True
urban__nairobi__r1c0,urban,nairobi,"Nairobi, Kenya",-1.2864,36.8172,-1.286368801375594,36.781270708793215,00-15,32737,-4000.0,0.0,12.5,0.001,14,20,cuda:0,0.06690085041126687,psf_aware_minus50,6.25,0.07709632878780877,-0.15239684269880183,170131,170131,9.0,65536.0,170131.0,589824.0,5.290041203543152e-05,0.1706712651066482,0.02317884098738432,1.6349549549631774,0.19385010609403253,1.82880506105721,computed,13,True
urban__nairobi__r1c0,urban,nairobi,"Nairobi, Kenya",-1.2864,36.8172,-1.286368801375594,36.781270708793215,00-15,32737,-4000.0,0.0,12.5,0.001,14,20,cuda:0,0.06690085041126687,nearest,,0.08064911307440412,-0.20550206131343707,169763,170711,,,,,,0.0,0.12045991374179721,0.0,0.12045991374179721,0.12045991374179721,computed,13,True
urban__nairobi__r1c0,urban,nairobi,"Nairobi, Kenya",-1.2864,36.8172,-1.286368801375594,36.781270708793215,00-15,32737,-4000.0,0.0,12.5,0.001,14,20,cuda:0,0.06690085041126687,bilinear,,0.08382309077027068,-0.2529450710263905,169763,170711,,,,,,0.0,0.10955329705029726,0.0,0.10955329705029726,0.10955329705029726,computed,13,True
urban__nairobi__r1c0,urban,nairobi,"Nairobi, Kenya",-1.2864,36.8172,-1.286368801375594,36.781270708793215,00-15,32737,-4000.0,0.0,12.5,0.001,14,20,cuda:0,0.06690085041126687,bicubic,,0.07638844070321389,-0.14181569043775877,169763,170711,,,,,,0.0,0.7583058099262416,0.0,0.7583058099262416,0.7583058099262416,computed,13,True
urban__nairobi__r1c1,urban,nairobi,"Nairobi, Kenya",-1.2864,36.8172,-1.2863999999999969,36.8172,00-15,32737,0.0,0.0,12.5,0.001,14,20,cuda:0,0.06099299697119965,blurred_observation,12.5,0.06099299697119965,0.0,170798,170798,,,,,,0.0,0.0,0.0,0.0,0.0,computed,14,True
urban__nairobi__r1c1,urban,nairobi,"Nairobi, Kenya",-1.2864,36.8172,-1.2863999999999969,36.8172,00-15,32737,0.0,0.0,12.5,0.001,14,20,cuda:0,0.06099299697119965,psf_aware_matched,12.5,0.04858151832286438,0.20349022452849563,170798,172154,22.0,65536.0,172154.0,1441792.0,0.00012779255782613243,0.42177725676447153,0.04051521699875593,1.6732247788459063,0.46229247376322746,2.1355172526091337,computed,14,True
urban__nairobi__r1c1,urban,nairobi,"Nairobi, Kenya",-1.2864,36.8172,-1.2863999999999969,36.8172,00-15,32737,0.0,0.0,12.5,0.001,14,20,cuda:0,0.06099299697119965,psf_aware_plus50,18.75,0.09424390808650557,-0.5451594898838419,170798,174049,48.0,65536.0,174049.0,3145728.0,0.0002757844055409684,0.43268235120922327,0.08035476366057992,1.6978130200877786,0.5130371148698032,2.2108501349575818,computed,14,True
urban__nairobi__r1c1,urban,nairobi,"Nairobi, Kenya",-1.2864,36.8172,-1.2863999999999969,36.8172,00-15,32737,0.0,0.0,12.5,0.001,14,20,cuda:0,0.06099299697119965,psf_aware_minus50,6.25,0.070439183507639,-0.15487329702621033,170112,170112,9.0,65536.0,170112.0,589824.0,5.290632054176072e-05,0.1770274848677218,0.023240588139742613,1.7696807100437582,0.2002680730074644,1.9699487830512226,computed,14,True
urban__nairobi__r1c1,urban,nairobi,"Nairobi, Kenya",-1.2864,36.8172,-1.2863999999999969,36.8172,00-15,32737,0.0,0.0,12.5,0.001,14,20,cuda:0,0.06099299697119965,nearest,,0.07377833532664313,-0.2096197758814935,169697,170798,,,,,,0.0,0.12140978313982487,0.0,0.12140978313982487,0.12140978313982487,computed,14,True
urban__nairobi__r1c1,urban,nairobi,"Nairobi, Kenya",-1.2864,36.8172,-1.2863999999999969,36.8172,00-15,32737,0.0,0.0,12.5,0.001,14,20,cuda:0,0.06099299697119965,bilinear,,0.07671803848567517,-0.25781716418855005,169697,170798,,,,,,0.0,0.10813010111451149,0.0,0.10813010111451149,0.10813010111451149,computed,14,True
urban__nairobi__r1c1,urban,nairobi,"Nairobi, Kenya",-1.2864,36.8172,-1.2863999999999969,36.8172,00-15,32737,0.0,0.0,12.5,0.001,14,20,cuda:0,0.06099299697119965,bicubic,,0.0694829308907393,-0.13919522471651158,169697,170798,,,,,,0.0,0.7634738790802658,0.0,0.7634738790802658,0.7634738790802658,computed,14,True
urban__nairobi__r1c2,urban,nairobi,"Nairobi, Kenya",-1.2864,36.8172,-1.2864306902526315,36.85313015621936,00-15,32737,4000.0,0.0,12.5,0.001,14,20,cuda:0,0.05967660049819148,blurred_observation,12.5,0.05967660049819148,0.0,170763,170763,,,,,,0.0,0.0,0.0,0.0,0.0,computed,15,True
urban__nairobi__r1c2,urban,nairobi,"Nairobi, Kenya",-1.2864,36.8172,-1.2864306902526315,36.85313015621936,00-15,32737,4000.0,0.0,12.5,0.001,14,20,cuda:0,0.05967660049819148,psf_aware_matched,12.5,0.05035410188504772,0.15621698513852644,170763,172085,22.0,65536.0,172085.0,1441792.0,0.0001278437981230206,0.27961132070049644,0.040385662112385035,1.6755725461989641,0.31999698281288147,1.9955695290118456,computed,15,True
urban__nairobi__r1c2,urban,nairobi,"Nairobi, Kenya",-1.2864,36.8172,-1.2864306902526315,36.85313015621936,00-15,32737,4000.0,0.0,12.5,0.001,14,20,cuda:0,0.05967660049819148,psf_aware_plus50,18.75,0.09026458494323808,-0.5125624480900781,170763,173988,48.0,65536.0,173988.0,3145728.0,0.00027588109524794816,0.6996642611920834,0.0806258269585669,1.6926556518301368,0.7802900881506503,2.472945739980787,computed,15,True
urban__nairobi__r1c2,urban,nairobi,"Nairobi, Kenya",-1.2864,36.8172,-1.2864306902526315,36.85313015621936,00-15,32737,4000.0,0.0,12.5,0.001,14,20,cuda:0,0.05967660049819148,psf_aware_minus50,6.25,0.0682118578548754,-0.1430251938855427,170190,170190,9.0,65536.0,170190.0,589824.0,5.288207297726071e-05,0.17324434872716665,0.022259480319917202,1.723333917092532,0.19550382904708385,1.9188377461396158,computed,15,True
urban__nairobi__r1c2,urban,nairobi,"Nairobi, Kenya",-1.2864,36.8172,-1.2864306902526315,36.85313015621936,00-15,32737,4000.0,0.0,12.5,0.001,14,20,cuda:0,0.05967660049819148,nearest,,0.07100552401502043,-0.18983862053556955,169638,170763,,,,,,0.0,0.12205835105851293,0.0,0.12205835105851293,0.12205835105851293,computed,15,True
urban__nairobi__r1c2,urban,nairobi,"Nairobi, Kenya",-1.2864,36.8172,-1.2864306902526315,36.85313015621936,00-15,32737,4000.0,0.0,12.5,0.001,14,20,cuda:0,0.05967660049819148,bilinear,,0.0736128317477536,-0.23352924149867516,169638,170763,,,,,,0.0,0.10801473259925842,0.0,0.10801473259925842,0.10801473259925842,computed,15,True
urban__nairobi__r1c2,urban,nairobi,"Nairobi, Kenya",-1.2864,36.8172,-1.2864306902526315,36.85313015621936,00-15,32737,4000.0,0.0,12.5,0.001,14,20,cuda:0,0.05967660049819148,bicubic,,0.06772950230614568,-0.13494236837767337,169638,170763,,,,,,0.0,0.7930237166583538,0.0,0.7930237166583538,0.7930237166583538,computed,15,True
urban__nairobi__r2c0,urban,nairobi,"Nairobi, Kenya",-1.2864,36.8172,-1.2502070374169012,36.781301519406156,00-15,32737,-4000.0,4000.0,12.5,0.001,14,20,cuda:0,0.0550523048067277,blurred_observation,12.5,0.0550523048067277,0.0,170600,170600,,,,,,0.0,0.0,0.0,0.0,0.0,computed,16,True
urban__nairobi__r2c0,urban,nairobi,"Nairobi, Kenya",-1.2864,36.8172,-1.2502070374169012,36.781301519406156,00-15,32737,-4000.0,4000.0,12.5,0.001,14,20,cuda:0,0.0550523048067277,psf_aware_matched,12.5,0.045392233539095425,0.17547078730937637,170600,171873,22.0,65536.0,171873.0,1441792.0,0.00012800148947187748,0.2759670289233327,0.04040983784943819,1.677324233110994,0.3163768667727709,1.993701099883765,computed,16,True
urban__nairobi__r2c0,urban,nairobi,"Nairobi, Kenya",-1.2864,36.8172,-1.2502070374169012,36.781301519406156,00-15,32737,-4000.0,4000.0,12.5,0.001,14,20,cuda:0,0.0550523048067277,psf_aware_plus50,18.75,0.08424337603525078,-0.5302424908639931,170600,173969,48.0,65536.0,173969.0,3145728.0,0.00027591122556317507,0.43097663996741176,0.08066998096182942,1.6971467677503824,0.5116466209292412,2.2087933886796236,computed,16,True
urban__nairobi__r2c0,urban,nairobi,"Nairobi, Kenya",-1.2864,36.8172,-1.2502070374169012,36.781301519406156,00-15,32737,-4000.0,4000.0,12.5,0.001,14,20,cuda:0,0.0550523048067277,psf_aware_minus50,6.25,0.06316659690938059,-0.14739241401681102,170265,170265,9.0,65536.0,170265.0,589824.0,5.285877896220597e-05,0.3741557812318206,0.024762331042438745,1.672081703785807,0.39891811227425933,2.0709998160600662,computed,16,True
urban__nairobi__r2c0,urban,nairobi,"Nairobi, Kenya",-1.2864,36.8172,-1.2502070374169012,36.781301519406156,00-15,32737,-4000.0,4000.0,12.5,0.001,14,20,cuda:0,0.0550523048067277,nearest,,0.06596029327954639,-0.19813863399749376,169741,170600,,,,,,0.0,0.12145790411159396,0.0,0.12145790411159396,0.12145790411159396,computed,16,True
urban__nairobi__r2c0,urban,nairobi,"Nairobi, Kenya",-1.2864,36.8172,-1.2502070374169012,36.781301519406156,00-15,32737,-4000.0,4000.0,12.5,0.001,14,20,cuda:0,0.0550523048067277,bilinear,,0.0684706484514566,-0.24373809038216887,169741,170600,,,,,,0.0,0.10808549681678414,0.0,0.10808549681678414,0.10808549681678414,computed,16,True
urban__nairobi__r2c0,urban,nairobi,"Nairobi, Kenya",-1.2864,36.8172,-1.2502070374169012,36.781301519406156,00-15,32737,-4000.0,4000.0,12.5,0.001,14,20,cuda:0,0.0550523048067277,bicubic,,0.06264655917350556,-0.1379461658043024,169741,170600,,,,,,0.0,0.7612110730260611,0.0,0.7612110730260611,0.7612110730260611,computed,16,True
urban__nairobi__r2c1,urban,nairobi,"Nairobi, Kenya",-1.2864,36.8172,-1.2502373587298494,36.817230312650956,00-15,32737,0.0,4000.0,12.5,0.001,14,20,cuda:0,0.05289457551462629,blurred_observation,12.5,0.05289457551462629,0.0,170636,170636,,,,,,0.0,0.0,0.0,0.0,0.0,computed,17,True
urban__nairobi__r2c1,urban,nairobi,"Nairobi, Kenya",-1.2864,36.8172,-1.2502373587298494,36.817230312650956,00-15,32737,0.0,4000.0,12.5,0.001,14,20,cuda:0,0.05289457551462629,psf_aware_matched,12.5,0.04255971513053305,0.19538601611871276,170636,171931,22.0,65536.0,171931.0,1441792.0,0.00012795830885645987,0.2749545508995652,0.04038599180057645,1.7642335621640086,0.31534054270014167,2.0795741048641503,computed,17,True
urban__nairobi__r2c1,urban,nairobi,"Nairobi, Kenya",-1.2864,36.8172,-1.2502373587298494,36.817230312650956,00-15,32737,0.0,4000.0,12.5,0.001,14,20,cuda:0,0.05289457551462629,psf_aware_plus50,18.75,0.08091188231535207,-0.5296820425939233,170636,174009,48.0,65536.0,174009.0,3145728.0,0.00027584780097581157,0.4318332429975271,0.08089345367625356,1.707545984070748,0.5127266966737807,2.2202726807445288,computed,17,True
urban__nairobi__r2c1,urban,nairobi,"Nairobi, Kenya",-1.2864,36.8172,-1.2502373587298494,36.817230312650956,00-15,32737,0.0,4000.0,12.5,0.001,14,20,cuda:0,0.05289457551462629,psf_aware_minus50,6.25,0.06067687278325375,-0.14712845680131248,170242,170242,9.0,65536.0,170242.0,589824.0,5.286592027819222e-05,0.1786360410042107,0.02345437277108431,1.6636345647275448,0.20209041377529502,1.8657249785028398,computed,17,True
urban__nairobi__r2c1,urban,nairobi,"Nairobi, Kenya",-1.2864,36.8172,-1.2502373587298494,36.817230312650956,00-15,32737,0.0,4000.0,12.5,0.001,14,20,cuda:0,0.05289457551462629,nearest,,0.0634977243594215,-0.2004581517411601,169729,170636,,,,,,0.0,0.329550898168236,0.0,0.329550898168236,0.329550898168236,computed,17,True
urban__nairobi__r2c1,urban,nairobi,"Nairobi, Kenya",-1.2864,36.8172,-1.2502373587298494,36.817230312650956,00-15,32737,0.0,4000.0,12.5,0.001,14,20,cuda:0,0.05289457551462629,bilinear,,0.06596198610245518,-0.24704632678667626,169729,170636,,,,,,0.0,0.35703786788508296,0.0,0.35703786788508296,0.35703786788508296,computed,17,True
urban__nairobi__r2c1,urban,nairobi,"Nairobi, Kenya",-1.2864,36.8172,-1.2502373587298494,36.817230312650956,00-15,32737,0.0,4000.0,12.5,0.001,14,20,cuda:0,0.05289457551462629,bicubic,,0.060104662890345495,-0.13631052533402954,169729,170636,,,,,,0.0,0.7676329361274838,0.0,0.7676329361274838,0.7676329361274838,computed,17,True
urban__nairobi__r2c2,urban,nairobi,"Nairobi, Kenya",-1.2864,36.8172,-1.2502671859665244,36.85315997084865,00-15,32737,4000.0,4000.0,12.5,0.001,14,20,cuda:0,0.04641426707172945,blurred_observation,12.5,0.04641426707172945,0.0,170809,170809,,,,,,0.0,0.0,0.0,0.0,0.0,computed,18,True
urban__nairobi__r2c2,urban,nairobi,"Nairobi, Kenya",-1.2864,36.8172,-1.2502671859665244,36.85315997084865,00-15,32737,4000.0,4000.0,12.5,0.001,14,20,cuda:0,0.04641426707172945,psf_aware_matched,12.5,0.038518731688393794,0.170110095051889,170809,172156,22.0,65536.0,172156.0,1441792.0,0.00012779107321266757,0.2743667270988226,0.04027555324137211,1.7298814980313182,0.3146422803401947,2.044523778371513,computed,18,True
urban__nairobi__r2c2,urban,nairobi,"Nairobi, Kenya",-1.2864,36.8172,-1.2502671859665244,36.85315997084865,00-15,32737,4000.0,4000.0,12.5,0.001,14,20,cuda:0,0.04641426707172945,psf_aware_plus50,18.75,0.07024763316105628,-0.5134922426437181,170809,174049,48.0,65536.0,174049.0,3145728.0,0.0002757844055409684,0.43036262691020966,0.08040198311209679,1.7064864384010434,0.5107646100223064,2.21725104842335,computed,18,True
urban__nairobi__r2c2,urban,nairobi,"Nairobi, Kenya",-1.2864,36.8172,-1.2502671859665244,36.85315997084865,00-15,32737,4000.0,4000.0,12.5,0.001,14,20,cuda:0,0.04641426707172945,psf_aware_minus50,6.25,0.05285498490491296,-0.13876590625097895,170141,170141,9.0,65536.0,170141.0,589824.0,5.289730282530372e-05,0.17832673527300358,0.0231174249202013,1.7102254200726748,0.20144416019320488,1.9116695802658796,computed,18,True
urban__nairobi__r2c2,urban,nairobi,"Nairobi, Kenya",-1.2864,36.8172,-1.2502671859665244,36.85315997084865,00-15,32737,4000.0,4000.0,12.5,0.001,14,20,cuda:0,0.04641426707172945,nearest,,0.05515204535956164,-0.1882563021910626,169694,170809,,,,,,0.0,0.1220714463852346,0.0,0.1220714463852346,0.1220714463852346,computed,18,True
urban__nairobi__r2c2,urban,nairobi,"Nairobi, Kenya",-1.2864,36.8172,-1.2502671859665244,36.85315997084865,00-15,32737,4000.0,4000.0,12.5,0.001,14,20,cuda:0,0.04641426707172945,bilinear,,0.05722922690054864,-0.23300938506915458,169694,170809,,,,,,0.0,0.10915104486048222,0.0,0.10915104486048222,0.10915104486048222,computed,18,True
urban__nairobi__r2c2,urban,nairobi,"Nairobi, Kenya",-1.2864,36.8172,-1.2502671859665244,36.85315997084865,00-15,32737,4000.0,4000.0,12.5,0.001,14,20,cuda:0,0.04641426707172945,bicubic,,0.05252759485009413,-0.13171225496067906,169694,170809,,,,,,0.0,0.7642649868503213,0.0,0.7642649868503213,0.7642649868503213,computed,18,True
urban__sao_paulo__r0c0,urban,sao_paulo,"Sao Paulo, Brazil",-23.5505,-46.6333,-23.586199295303587,-46.672933198899024,15-30,32723,-4000.0,-4000.0,12.5,0.001,14,20,cuda:0,0.08771505699089328,blurred_observation,12.5,0.08771505699089328,0.0,170469,170469,,,,,,0.0,0.0,0.0,0.0,0.0,computed,19,True
urban__sao_paulo__r0c0,urban,sao_paulo,"Sao Paulo, Brazil",-23.5505,-46.6333,-23.586199295303587,-46.672933198899024,15-30,32723,-4000.0,-4000.0,12.5,0.001,14,20,cuda:0,0.08771505699089328,psf_aware_matched,12.5,0.06953817533553991,0.2072264703338279,170469,171805,22.0,65536.0,171805.0,1441792.0,0.00012805215214923895,0.27217011665925384,0.04029336618259549,2.8206048058345914,0.3124634828418493,3.1330682886764407,computed,19,True
urban__sao_paulo__r0c0,urban,sao_paulo,"Sao Paulo, Brazil",-23.5505,-46.6333,-23.586199295303587,-46.672933198899024,15-30,32723,-4000.0,-4000.0,12.5,0.001,14,20,cuda:0,0.08771505699089328,psf_aware_plus50,18.75,0.13488220377973056,-0.5377314728728302,170469,173799,48.0,65536.0,173799.0,3145728.0,0.0002761811057601022,0.43385622510686517,0.08101424295455217,2.86507358122617,0.5148704680614173,3.3799440492875874,computed,19,True
urban__sao_paulo__r0c0,urban,sao_paulo,"Sao Paulo, Brazil",-23.5505,-46.6333,-23.586199295303587,-46.672933198899024,15-30,32723,-4000.0,-4000.0,12.5,0.001,14,20,cuda:0,0.08771505699089328,psf_aware_minus50,6.25,0.10223627266233631,-0.16554986304062536,169949,169949,9.0,65536.0,169949.0,589824.0,5.295706358966514e-05,0.17284940090030432,0.022273246198892593,2.69478730391711,0.1951226470991969,2.889909951016307,computed,19,True
urban__sao_paulo__r0c0,urban,sao_paulo,"Sao Paulo, Brazil",-23.5505,-46.6333,-23.586199295303587,-46.672933198899024,15-30,32723,-4000.0,-4000.0,12.5,0.001,14,20,cuda:0,0.08771505699089328,nearest,,0.10725661084989967,-0.22278448569024145,169473,170469,,,,,,0.0,0.12240447662770748,0.0,0.12240447662770748,0.12240447662770748,computed,19,True
urban__sao_paulo__r0c0,urban,sao_paulo,"Sao Paulo, Brazil",-23.5505,-46.6333,-23.586199295303587,-46.672933198899024,15-30,32723,-4000.0,-4000.0,12.5,0.001,14,20,cuda:0,0.08771505699089328,bilinear,,0.11184756811026089,-0.2751239290863492,169473,170469,,,,,,0.0,0.10789120895788074,0.0,0.10789120895788074,0.10789120895788074,computed,19,True
urban__sao_paulo__r0c0,urban,sao_paulo,"Sao Paulo, Brazil",-23.5505,-46.6333,-23.586199295303587,-46.672933198899024,15-30,32723,-4000.0,-4000.0,12.5,0.001,14,20,cuda:0,0.08771505699089328,bicubic,,0.10035529093614584,-0.14410563452709013,169473,170469,,,,,,0.0,0.7605291209183633,0.0,0.7605291209183633,0.7605291209183633,computed,19,True
urban__sao_paulo__r0c1,urban,sao_paulo,"Sao Paulo, Brazil",-23.5505,-46.6333,-23.58661641824638,-46.633746782506876,15-30,32723,0.0,-4000.0,12.5,0.001,14,20,cuda:0,0.07247968437167028,blurred_observation,12.5,0.07247968437167028,0.0,170476,170476,,,,,,0.0,0.0,0.0,0.0,0.0,computed,20,True
urban__sao_paulo__r0c1,urban,sao_paulo,"Sao Paulo, Brazil",-23.5505,-46.6333,-23.58661641824638,-46.633746782506876,15-30,32723,0.0,-4000.0,12.5,0.001,14,20,cuda:0,0.07247968437167028,psf_aware_matched,12.5,0.0577778900886711,0.20284020840390948,170476,171815,22.0,65536.0,171815.0,1441792.0,0.00012804469924046212,0.2729065720923245,0.040290541015565395,2.8216494447551668,0.3131971131078899,3.1348465578630567,computed,20,True
urban__sao_paulo__r0c1,urban,sao_paulo,"Sao Paulo, Brazil",-23.5505,-46.6333,-23.58661641824638,-46.633746782506876,15-30,32723,0.0,-4000.0,12.5,0.001,14,20,cuda:0,0.07247968437167028,psf_aware_plus50,18.75,0.11241739433998664,-0.551019369283106,170476,173808,48.0,65536.0,173808.0,3145728.0,0.00027616680475006904,0.44001638190820813,0.08063468476757407,2.7844771491363645,0.5206510666757822,3.3051282158121467,computed,20,True
urban__sao_paulo__r0c1,urban,sao_paulo,"Sao Paulo, Brazil",-23.5505,-46.6333,-23.58661641824638,-46.633746782506876,15-30,32723,0.0,-4000.0,12.5,0.001,14,20,cuda:0,0.07247968437167028,psf_aware_minus50,6.25,0.08366148386355286,-0.15427494737067526,169949,169949,9.0,65536.0,169949.0,589824.0,5.295706358966514e-05,0.17336262296885252,0.022178245708346367,2.7287827120162547,0.1955408686771989,2.9243235806934536,computed,20,True
urban__sao_paulo__r0c1,urban,sao_paulo,"Sao Paulo, Brazil",-23.5505,-46.6333,-23.58661641824638,-46.633746782506876,15-30,32723,0.0,-4000.0,12.5,0.001,14,20,cuda:0,0.07247968437167028,nearest,,0.08770053734903997,-0.21000164541719468,169484,170476,,,,,,0.0,0.3661057739518583,0.0,0.3661057739518583,0.3661057739518583,computed,20,True
urban__sao_paulo__r0c1,urban,sao_paulo,"Sao Paulo, Brazil",-23.5505,-46.6333,-23.58661641824638,-46.633746782506876,15-30,32723,0.0,-4000.0,12.5,0.001,14,20,cuda:0,0.07247968437167028,bilinear,,0.09135056316743967,-0.2603609405775136,169484,170476,,,,,,0.0,0.11018950212746859,0.0,0.11018950212746859,0.11018950212746859,computed,20,True
urban__sao_paulo__r0c1,urban,sao_paulo,"Sao Paulo, Brazil",-23.5505,-46.6333,-23.58661641824638,-46.633746782506876,15-30,32723,0.0,-4000.0,12.5,0.001,14,20,cuda:0,0.07247968437167028,bicubic,,0.08266992254741759,-0.14059440606132534,169484,170476,,,,,,0.0,0.7668692991137505,0.0,0.7668692991137505,0.7668692991137505,computed,20,True
urban__sao_paulo__r0c2,urban,sao_paulo,"Sao Paulo, Brazil",-23.5505,-46.6333,-23.58702366399111,-46.594559475654854,15-30,32723,4000.0,-4000.0,12.5,0.001,14,20,cuda:0,0.07365662499880594,blurred_observation,12.5,0.07365662499880594,0.0,170487,170487,,,,,,0.0,0.0,0.0,0.0,0.0,computed,21,True
urban__sao_paulo__r0c2,urban,sao_paulo,"Sao Paulo, Brazil",-23.5505,-46.6333,-23.58702366399111,-46.594559475654854,15-30,32723,4000.0,-4000.0,12.5,0.001,14,20,cuda:0,0.07365662499880594,psf_aware_matched,12.5,0.059132422767749014,0.19718799539474396,170487,171821,22.0,65536.0,171821.0,1441792.0,0.00012804022791160569,0.2816832950338721,0.04040778335183859,2.7501769228838384,0.3220910783857107,3.072268001269549,computed,21,True
urban__sao_paulo__r0c2,urban,sao_paulo,"Sao Paulo, Brazil",-23.5505,-46.6333,-23.58702366399111,-46.594559475654854,15-30,32723,4000.0,-4000.0,12.5,0.001,14,20,cuda:0,0.07365662499880594,psf_aware_plus50,18.75,0.11367740356077186,-0.5433425515032042,170487,173809,48.0,65536.0,173809.0,3145728.0,0.0002761652158403765,0.5590650029480457,0.08065432216972113,2.789395954925567,0.6397193251177669,3.4291152800433338,computed,21,True
urban__sao_paulo__r0c2,urban,sao_paulo,"Sao Paulo, Brazil",-23.5505,-46.6333,-23.58702366399111,-46.594559475654854,15-30,32723,4000.0,-4000.0,12.5,0.001,14,20,cuda:0,0.07365662499880594,psf_aware_minus50,6.25,0.0848126911412248,-0.15146045780131412,169956,169956,9.0,65536.0,169956.0,589824.0,5.2954882440160984e-05,0.17279583029448986,0.022140004206448793,2.8750104210339487,0.19493583450093865,3.0699462555348873,computed,21,True
urban__sao_paulo__r0c2,urban,sao_paulo,"Sao Paulo, Brazil",-23.5505,-46.6333,-23.58702366399111,-46.594559475654854,15-30,32723,4000.0,-4000.0,12.5,0.001,14,20,cuda:0,0.07365662499880594,nearest,,0.08882159392638249,-0.20588737167664672,169492,170487,,,,,,0.0,0.12224259972572327,0.0,0.12224259972572327,0.12224259972572327,computed,21,True
urban__sao_paulo__r0c2,urban,sao_paulo,"Sao Paulo, Brazil",-23.5505,-46.6333,-23.58702366399111,-46.594559475654854,15-30,32723,4000.0,-4000.0,12.5,0.001,14,20,cuda:0,0.07365662499880594,bilinear,,0.09238967940080749,-0.25432952436125356,169492,170487,,,,,,0.0,0.10872437711805105,0.0,0.10872437711805105,0.10872437711805105,computed,21,True
urban__sao_paulo__r0c2,urban,sao_paulo,"Sao Paulo, Brazil",-23.5505,-46.6333,-23.58702366399111,-46.594559475654854,15-30,32723,4000.0,-4000.0,12.5,0.001,14,20,cuda:0,0.07365662499880594,bicubic,,0.08388194842117908,-0.13882421876564255,169492,170487,,,,,,0.0,0.7552599920891225,0.0,0.7552599920891225,0.7552599920891225,computed,21,True
urban__sao_paulo__r1c0,urban,sao_paulo,"Sao Paulo, Brazil",-23.5505,-46.6333,-23.550083591293532,-46.672475712076306,15-30,32723,-4000.0,0.0,12.5,0.001,14,20,cuda:0,0.08459869513251203,blurred_observation,12.5,0.08459869513251203,0.0,170474,170474,,,,,,0.0,0.0,0.0,0.0,0.0,computed,22,True
urban__sao_paulo__r1c0,urban,sao_paulo,"Sao Paulo, Brazil",-23.5505,-46.6333,-23.550083591293532,-46.672475712076306,15-30,32723,-4000.0,0.0,12.5,0.001,14,20,cuda:0,0.08459869513251203,psf_aware_matched,12.5,0.06700431905678117,0.20797455620529048,170474,171816,22.0,65536.0,171816.0,1441792.0,0.00012804395399729945,0.2729553338140249,0.040327089838683605,2.797474536113441,0.31328242365270853,3.1107569597661495,computed,22,True
urban__sao_paulo__r1c0,urban,sao_paulo,"Sao Paulo, Brazil",-23.5505,-46.6333,-23.550083591293532,-46.672475712076306,15-30,32723,-4000.0,0.0,12.5,0.001,14,20,cuda:0,0.08459869513251203,psf_aware_plus50,18.75,0.1294387806850744,-0.5300328271296222,170474,173795,48.0,65536.0,173795.0,3145728.0,0.0002761874622399954,0.43900833325460553,0.08072247076779604,2.833017034921795,0.5197308040224016,3.3527478389441967,computed,22,True
urban__sao_paulo__r1c0,urban,sao_paulo,"Sao Paulo, Brazil",-23.5505,-46.6333,-23.550083591293532,-46.672475712076306,15-30,32723,-4000.0,0.0,12.5,0.001,14,20,cuda:0,0.08459869513251203,psf_aware_minus50,6.25,0.09762175876328037,-0.15393929670392126,169945,169945,9.0,65536.0,169945.0,589824.0,5.295831004148401e-05,0.17433452419936657,0.022279688622802496,2.7731058709323406,0.19661421282216907,2.9697200837545097,computed,22,True
urban__sao_paulo__r1c0,urban,sao_paulo,"Sao Paulo, Brazil",-23.5505,-46.6333,-23.550083591293532,-46.672475712076306,15-30,32723,-4000.0,0.0,12.5,0.001,14,20,cuda:0,0.08459869513251203,nearest,,0.10238734494740617,-0.21027097152066831,169487,170474,,,,,,0.0,0.121823376044631,0.0,0.121823376044631,0.121823376044631,computed,22,True
urban__sao_paulo__r1c0,urban,sao_paulo,"Sao Paulo, Brazil",-23.5505,-46.6333,-23.550083591293532,-46.672475712076306,15-30,32723,-4000.0,0.0,12.5,0.001,14,20,cuda:0,0.08459869513251203,bilinear,,0.10666300614788722,-0.26081148155789546,169487,170474,,,,,,0.0,0.10802381997928023,0.0,0.10802381997928023,0.10802381997928023,computed,22,True
urban__sao_paulo__r1c0,urban,sao_paulo,"Sao Paulo, Brazil",-23.5505,-46.6333,-23.550083591293532,-46.672475712076306,15-30,32723,-4000.0,0.0,12.5,0.001,14,20,cuda:0,0.08459869513251203,bicubic,,0.09631034011570319,-0.13843765515350448,169487,170474,,,,,,0.0,0.7688167267479002,0.0,0.7688167267479002,0.7688167267479002,computed,22,True
urban__sao_paulo__r1c1,urban,sao_paulo,"Sao Paulo, Brazil",-23.5505,-46.6333,-23.5505,-46.6333,15-30,32723,0.0,0.0,12.5,0.001,14,20,cuda:0,0.07343271114515937,blurred_observation,12.5,0.07343271114515937,0.0,170492,170492,,,,,,0.0,0.0,0.0,0.0,0.0,computed,23,True
urban__sao_paulo__r1c1,urban,sao_paulo,"Sao Paulo, Brazil",-23.5505,-46.6333,-23.5505,-46.6333,15-30,32723,0.0,0.0,12.5,0.001,14,20,cuda:0,0.07343271114515937,psf_aware_matched,12.5,0.05837461285930169,0.20505981668157836,170492,171823,22.0,65536.0,171823.0,1441792.0,0.00012803873753804788,0.2744215209968388,0.04060579929500818,2.8567224140278995,0.315027320291847,3.1717497343197465,computed,23,True
urban__sao_paulo__r1c1,urban,sao_paulo,"Sao Paulo, Brazil",-23.5505,-46.6333,-23.5505,-46.6333,15-30,32723,0.0,0.0,12.5,0.001,14,20,cuda:0,0.07343271114515937,psf_aware_plus50,18.75,0.11461350603277205,-0.5607963296657785,170492,173807,48.0,65536.0,173807.0,3145728.0,0.00027616839367804516,0.4502304270863533,0.0809712721966207,2.8169596809893847,0.531201699282974,3.3481613802723587,computed,23,True
urban__sao_paulo__r1c1,urban,sao_paulo,"Sao Paulo, Brazil",-23.5505,-46.6333,-23.5505,-46.6333,15-30,32723,0.0,0.0,12.5,0.001,14,20,cuda:0,0.07343271114515937,psf_aware_minus50,6.25,0.08510503972106721,-0.1589527118620797,169950,169950,9.0,65536.0,169950.0,589824.0,5.29567519858782e-05,0.2734902468509972,0.02327671693637967,2.787770366296172,0.2967669637873769,3.084537330083549,computed,23,True
urban__sao_paulo__r1c1,urban,sao_paulo,"Sao Paulo, Brazil",-23.5505,-46.6333,-23.5505,-46.6333,15-30,32723,0.0,0.0,12.5,0.001,14,20,cuda:0,0.07343271114515937,nearest,,0.08915915514774155,-0.21416128803272239,169497,170492,,,,,,0.0,0.13309347303584218,0.0,0.13309347303584218,0.13309347303584218,computed,23,True
urban__sao_paulo__r1c1,urban,sao_paulo,"Sao Paulo, Brazil",-23.5505,-46.6333,-23.5505,-46.6333,15-30,32723,0.0,0.0,12.5,0.001,14,20,cuda:0,0.07343271114515937,bilinear,,0.0928677839510396,-0.26466505870199475,169497,170492,,,,,,0.0,0.10877867043018341,0.0,0.10877867043018341,0.10877867043018341,computed,23,True
urban__sao_paulo__r1c1,urban,sao_paulo,"Sao Paulo, Brazil",-23.5505,-46.6333,-23.5505,-46.6333,15-30,32723,0.0,0.0,12.5,0.001,14,20,cuda:0,0.07343271114515937,bicubic,,0.08389820561641322,-0.142518154485213,169497,170492,,,,,,0.0,0.7659191899001598,0.0,0.7659191899001598,0.7659191899001598,computed,23,True
urban__sao_paulo__r1c2,urban,sao_paulo,"Sao Paulo, Brazil",-23.5505,-46.6333,-23.550906548416815,-46.594123398542685,15-30,32723,4000.0,0.0,12.5,0.001,14,20,cuda:0,0.0737059314681808,blurred_observation,12.5,0.0737059314681808,0.0,170486,170486,,,,,,0.0,0.0,0.0,0.0,0.0,computed,24,True
urban__sao_paulo__r1c2,urban,sao_paulo,"Sao Paulo, Brazil",-23.5505,-46.6333,-23.550906548416815,-46.594123398542685,15-30,32723,4000.0,0.0,12.5,0.001,14,20,cuda:0,0.0737059314681808,psf_aware_matched,12.5,0.05857406929315403,0.20530046732479423,170486,171818,22.0,65536.0,171818.0,1441792.0,0.00012804246353699845,0.27809744281694293,0.040381002239882946,2.747802014928311,0.3184784450568259,3.066280459985137,computed,24,True
urban__sao_paulo__r1c2,urban,sao_paulo,"Sao Paulo, Brazil",-23.5505,-46.6333,-23.550906548416815,-46.594123398542685,15-30,32723,4000.0,0.0,12.5,0.001,14,20,cuda:0,0.0737059314681808,psf_aware_plus50,18.75,0.1134042991477239,-0.5386047891773957,170486,173808,48.0,65536.0,173808.0,3145728.0,0.00027616680475006904,0.48066714592278004,0.08071236219257116,2.8270164490677416,0.5613795081153512,3.388395957183093,computed,24,True
urban__sao_paulo__r1c2,urban,sao_paulo,"Sao Paulo, Brazil",-23.5505,-46.6333,-23.550906548416815,-46.594123398542685,15-30,32723,4000.0,0.0,12.5,0.001,14,20,cuda:0,0.0737059314681808,psf_aware_minus50,6.25,0.08444923845596317,-0.14575905593731364,169957,169957,9.0,65536.0,169957.0,589824.0,5.295457086204157e-05,0.17458724323660135,0.02242680685594678,2.7840202529914677,0.19701405009254813,2.981034303084016,computed,24,True
urban__sao_paulo__r1c2,urban,sao_paulo,"Sao Paulo, Brazil",-23.5505,-46.6333,-23.550906548416815,-46.594123398542685,15-30,32723,4000.0,0.0,12.5,0.001,14,20,cuda:0,0.0737059314681808,nearest,,0.08853341706605732,-0.2011708596923114,169494,170486,,,,,,0.0,0.12277501868084073,0.0,0.12277501868084073,0.12277501868084073,computed,24,True
urban__sao_paulo__r1c2,urban,sao_paulo,"Sao Paulo, Brazil",-23.5505,-46.6333,-23.550906548416815,-46.594123398542685,15-30,32723,4000.0,0.0,12.5,0.001,14,20,cuda:0,0.0737059314681808,bilinear,,0.09217222128669583,-0.25054007799205436,169494,170486,,,,,,0.0,0.10832524113357067,0.0,0.10832524113357067,0.10832524113357067,computed,24,True
urban__sao_paulo__r1c2,urban,sao_paulo,"Sao Paulo, Brazil",-23.5505,-46.6333,-23.550906548416815,-46.594123398542685,15-30,32723,4000.0,0.0,12.5,0.001,14,20,cuda:0,0.0737059314681808,bicubic,,0.08367373317820553,-0.13523744305881102,169494,170486,,,,,,0.0,0.7721227202564478,0.0,0.7721227202564478,0.7721227202564478,computed,24,True
urban__sao_paulo__r2c0,urban,sao_paulo,"Sao Paulo, Brazil",-23.5505,-46.6333,-23.513967711274553,-46.672019135933624,15-30,32723,-4000.0,4000.0,12.5,0.001,14,20,cuda:0,0.08139346150295527,blurred_observation,12.5,0.08139346150295527,0.0,170473,170473,,,,,,0.0,0.0,0.0,0.0,0.0,computed,25,True
urban__sao_paulo__r2c0,urban,sao_paulo,"Sao Paulo, Brazil",-23.5505,-46.6333,-23.513967711274553,-46.672019135933624,15-30,32723,-4000.0,4000.0,12.5,0.001,14,20,cuda:0,0.08139346150295527,psf_aware_matched,12.5,0.06657130542852152,0.18210499714274453,170473,171812,22.0,65536.0,171812.0,1441792.0,0.00012804693502200078,0.27835765620693564,0.04031752189621329,2.739074415061623,0.31867517810314894,3.057749593164772,computed,25,True
urban__sao_paulo__r2c0,urban,sao_paulo,"Sao Paulo, Brazil",-23.5505,-46.6333,-23.513967711274553,-46.672019135933624,15-30,32723,-4000.0,4000.0,12.5,0.001,14,20,cuda:0,0.08139346150295527,psf_aware_plus50,18.75,0.12543545034312803,-0.541099838081879,170473,173800,48.0,65536.0,173800.0,3145728.0,0.0002761795166858458,0.4724542498588562,0.08118552714586258,2.815226920414716,0.5536397770047188,3.368866697419435,computed,25,True
urban__sao_paulo__r2c0,urban,sao_paulo,"Sao Paulo, Brazil",-23.5505,-46.6333,-23.513967711274553,-46.672019135933624,15-30,32723,-4000.0,4000.0,12.5,0.001,14,20,cuda:0,0.08139346150295527,psf_aware_minus50,6.25,0.09413994155006022,-0.15660324320574737,169950,169950,9.0,65536.0,169950.0,589824.0,5.29567519858782e-05,0.17454745713621378,0.022261945065110922,2.7564654937013984,0.1968094022013247,2.953274895902723,computed,25,True
urban__sao_paulo__r2c0,urban,sao_paulo,"Sao Paulo, Brazil",-23.5505,-46.6333,-23.513967711274553,-46.672019135933624,15-30,32723,-4000.0,4000.0,12.5,0.001,14,20,cuda:0,0.08139346150295527,nearest,,0.09834816870126241,-0.2083055184683542,169481,170473,,,,,,0.0,0.1591845490038395,0.0,0.1591845490038395,0.1591845490038395,computed,25,True
urban__sao_paulo__r2c0,urban,sao_paulo,"Sao Paulo, Brazil",-23.5505,-46.6333,-23.513967711274553,-46.672019135933624,15-30,32723,-4000.0,4000.0,12.5,0.001,14,20,cuda:0,0.08139346150295527,bilinear,,0.10221026361673179,-0.2557552133720309,169481,170473,,,,,,0.0,0.10837366292253137,0.0,0.10837366292253137,0.10837366292253137,computed,25,True
urban__sao_paulo__r2c0,urban,sao_paulo,"Sao Paulo, Brazil",-23.5505,-46.6333,-23.513967711274553,-46.672019135933624,15-30,32723,-4000.0,4000.0,12.5,0.001,14,20,cuda:0,0.08139346150295527,bicubic,,0.09286411130116379,-0.1409283938340924,169481,170473,,,,,,0.0,0.7717418079264462,0.0,0.7717418079264462,0.7717418079264462,computed,25,True
urban__sao_paulo__r2c1,urban,sao_paulo,"Sao Paulo, Brazil",-23.5505,-46.6333,-23.51438340612312,-46.63285410687462,15-30,32723,0.0,4000.0,12.5,0.001,14,20,cuda:0,0.06673441746727736,blurred_observation,12.5,0.06673441746727736,0.0,170491,170491,,,,,,0.0,0.0,0.0,0.0,0.0,computed,26,True
urban__sao_paulo__r2c1,urban,sao_paulo,"Sao Paulo, Brazil",-23.5505,-46.6333,-23.51438340612312,-46.63285410687462,15-30,32723,0.0,4000.0,12.5,0.001,14,20,cuda:0,0.06673441746727736,psf_aware_matched,12.5,0.05351364139582768,0.19811030909099303,170491,171822,22.0,65536.0,171822.0,1441792.0,0.0001280394827204898,0.277317957021296,0.0404084138572216,2.8325554002076387,0.3177263708785176,3.1502817710861564,computed,26,True
urban__sao_paulo__r2c1,urban,sao_paulo,"Sao Paulo, Brazil",-23.5505,-46.6333,-23.51438340612312,-46.63285410687462,15-30,32723,0.0,4000.0,12.5,0.001,14,20,cuda:0,0.06673441746727736,psf_aware_plus50,18.75,0.1044176270552427,-0.5646742867942613,170491,173811,48.0,65536.0,173811.0,3145728.0,0.000276162038075841,0.5009169392287731,0.08071812195703387,2.7779501671902835,0.581635061185807,3.3595852283760905,computed,26,True
urban__sao_paulo__r2c1,urban,sao_paulo,"Sao Paulo, Brazil",-23.5505,-46.6333,-23.51438340612312,-46.63285410687462,15-30,32723,0.0,4000.0,12.5,0.001,14,20,cuda:0,0.06673441746727736,psf_aware_minus50,6.25,0.07748698307171012,-0.1611247391153925,169951,169951,9.0,65536.0,169951.0,589824.0,5.295644038575825e-05,0.17664063116535544,0.02345040626823902,2.7664000699296594,0.20009103743359447,2.966491107363254,computed,26,True
urban__sao_paulo__r2c1,urban,sao_paulo,"Sao Paulo, Brazil",-23.5505,-46.6333,-23.51438340612312,-46.63285410687462,15-30,32723,0.0,4000.0,12.5,0.001,14,20,cuda:0,0.06673441746727736,nearest,,0.08107948453937183,-0.21495755288683616,169489,170491,,,,,,0.0,0.14410301530733705,0.0,0.14410301530733705,0.14410301530733705,computed,26,True
urban__sao_paulo__r2c1,urban,sao_paulo,"Sao Paulo, Brazil",-23.5505,-46.6333,-23.51438340612312,-46.63285410687462,15-30,32723,0.0,4000.0,12.5,0.001,14,20,cuda:0,0.06673441746727736,bilinear,,0.0844311841368591,-0.26518200564587513,169489,170491,,,,,,0.0,0.10849480098113418,0.0,0.10849480098113418,0.10849480098113418,computed,26,True
urban__sao_paulo__r2c1,urban,sao_paulo,"Sao Paulo, Brazil",-23.5505,-46.6333,-23.51438340612312,-46.63285410687462,15-30,32723,0.0,4000.0,12.5,0.001,14,20,cuda:0,0.06673441746727736,bicubic,,0.07638268361725661,-0.1445770640720765,169489,170491,,,,,,0.0,0.7674698969349265,0.0,0.7674698969349265,0.7674698969349265,computed,26,True
urban__sao_paulo__r2c2,urban,sao_paulo,"Sao Paulo, Brazil",-23.5505,-46.6333,-23.51478925758149,-46.59368818951062,15-30,32723,4000.0,4000.0,12.5,0.001,14,20,cuda:0,0.07584012359820115,blurred_observation,12.5,0.07584012359820115,0.0,170486,170486,,,,,,0.0,0.0,0.0,0.0,0.0,computed,27,True
urban__sao_paulo__r2c2,urban,sao_paulo,"Sao Paulo, Brazil",-23.5505,-46.6333,-23.51478925758149,-46.59368818951062,15-30,32723,4000.0,4000.0,12.5,0.001,14,20,cuda:0,0.07584012359820115,psf_aware_matched,12.5,0.06009047155739758,0.20766912412016614,170486,171832,22.0,65536.0,171832.0,1441792.0,0.00012803203128637273,0.2799913906492293,0.040295972023159266,2.9136940888129175,0.32028736267238855,3.233981451485306,computed,27,True
urban__sao_paulo__r2c2,urban,sao_paulo,"Sao Paulo, Brazil",-23.5505,-46.6333,-23.51478925758149,-46.59368818951062,15-30,32723,4000.0,4000.0,12.5,0.001,14,20,cuda:0,0.07584012359820115,psf_aware_plus50,18.75,0.11654648750973295,-0.5367391557428489,170486,173808,48.0,65536.0,173808.0,3145728.0,0.00027616680475006904,0.4375708196312189,0.08083093632012606,2.84533722884953,0.518401755951345,3.363738984800875,computed,27,True
urban__sao_paulo__r2c2,urban,sao_paulo,"Sao Paulo, Brazil",-23.5505,-46.6333,-23.51478925758149,-46.59368818951062,15-30,32723,4000.0,4000.0,12.5,0.001,14,20,cuda:0,0.07584012359820115,psf_aware_minus50,6.25,0.08680960037817477,-0.1446394897520158,169954,169954,9.0,65536.0,169954.0,589824.0,5.295550560739965e-05,0.19354512868449092,0.02229492738842964,2.775772492401302,0.21584005607292056,2.9916125484742224,computed,27,True
urban__sao_paulo__r2c2,urban,sao_paulo,"Sao Paulo, Brazil",-23.5505,-46.6333,-23.51478925758149,-46.59368818951062,15-30,32723,4000.0,4000.0,12.5,0.001,14,20,cuda:0,0.07584012359820115,nearest,,0.09093207393270772,-0.19899691111347995,169502,170486,,,,,,0.0,0.1329866098240018,0.0,0.1329866098240018,0.1329866098240018,computed,27,True
urban__sao_paulo__r2c2,urban,sao_paulo,"Sao Paulo, Brazil",-23.5505,-46.6333,-23.51478925758149,-46.59368818951062,15-30,32723,4000.0,4000.0,12.5,0.001,14,20,cuda:0,0.07584012359820115,bilinear,,0.09466041890098503,-0.24815749777114382,169502,170486,,,,,,0.0,0.10884889215230942,0.0,0.10884889215230942,0.10884889215230942,computed,27,True
urban__sao_paulo__r2c2,urban,sao_paulo,"Sao Paulo, Brazil",-23.5505,-46.6333,-23.51478925758149,-46.59368818951062,15-30,32723,4000.0,4000.0,12.5,0.001,14,20,cuda:0,0.07584012359820115,bicubic,,0.08602505068606954,-0.13429470581862235,169502,170486,,,,,,0.0,0.7678607180714607,0.0,0.7678607180714607,0.7678607180714607,computed,27,True
urban__cape_town__r0c0,urban,cape_town,"Cape Town, South Africa",-33.9249,18.4241,-33.960025727460355,18.379763738660497,30-45,32734,-4000.0,-4000.0,12.5,0.001,14,20,cuda:0,0.04703796433246439,blurred_observation,12.5,0.04703796433246439,0.0,170008,170008,,,,,,0.0,0.0,0.0,0.0,0.0,computed,28,True
urban__cape_town__r0c0,urban,cape_town,"Cape Town, South Africa",-33.9249,18.4241,-33.960025727460355,18.379763738660497,30-45,32734,-4000.0,-4000.0,12.5,0.001,14,20,cuda:0,0.04703796433246439,psf_aware_matched,12.5,0.037020284636132314,0.21297009423127033,170008,171340,22.0,65536.0,171340.0,1441792.0,0.0001283996731644683,0.2747050579637289,0.040329615119844675,1.7096386891789734,0.3150346730835736,2.024673362262547,computed,28,True
urban__cape_town__r0c0,urban,cape_town,"Cape Town, South Africa",-33.9249,18.4241,-33.960025727460355,18.379763738660497,30-45,32734,-4000.0,-4000.0,12.5,0.001,14,20,cuda:0,0.04703796433246439,psf_aware_plus50,18.75,0.07501262898765777,-0.5947252406049806,170008,173322,48.0,65536.0,173322.0,3145728.0,0.0002769411846159172,0.48654782259836793,0.08087472803890705,1.690828660968691,0.567422550637275,2.258251211605966,computed,28,True
urban__cape_town__r0c0,urban,cape_town,"Cape Town, South Africa",-33.9249,18.4241,-33.960025727460355,18.379763738660497,30-45,32734,-4000.0,-4000.0,12.5,0.001,14,20,cuda:0,0.04703796433246439,psf_aware_minus50,6.25,0.054155258306500975,-0.15130956611411883,169493,169493,9.0,65536.0,169493.0,589824.0,5.3099538034019106e-05,0.1785101918503642,0.022353417705744505,1.7139783976599574,0.2008636095561087,1.9148420072160661,computed,28,True
urban__cape_town__r0c0,urban,cape_town,"Cape Town, South Africa",-33.9249,18.4241,-33.960025727460355,18.379763738660497,30-45,32734,-4000.0,-4000.0,12.5,0.001,14,20,cuda:0,0.04703796433246439,nearest,,0.05687584991116867,-0.20914777495833126,169024,170008,,,,,,0.0,0.13120113778859377,0.0,0.13120113778859377,0.13120113778859377,computed,28,True
urban__cape_town__r0c0,urban,cape_town,"Cape Town, South Africa",-33.9249,18.4241,-33.960025727460355,18.379763738660497,30-45,32734,-4000.0,-4000.0,12.5,0.001,14,20,cuda:0,0.04703796433246439,bilinear,,0.05929146996572249,-0.2605024644912417,169024,170008,,,,,,0.0,0.1081044627353549,0.0,0.1081044627353549,0.1081044627353549,computed,28,True
urban__cape_town__r0c0,urban,cape_town,"Cape Town, South Africa",-33.9249,18.4241,-33.960025727460355,18.379763738660497,30-45,32734,-4000.0,-4000.0,12.5,0.001,14,20,cuda:0,0.04703796433246439,bicubic,,0.053794509373438444,-0.14364025180211426,169024,170008,,,,,,0.0,0.7718596211634576,0.0,0.7718596211634576,0.7718596211634576,computed,28,True
urban__cape_town__r0c1,urban,cape_town,"Cape Town, South Africa",-33.9249,18.4241,-33.9609394320875,18.423013535287144,30-45,32734,0.0,-4000.0,12.5,0.001,14,20,cuda:0,0.02685971403946413,blurred_observation,12.5,0.02685971403946413,0.0,170012,170012,,,,,,0.0,0.0,0.0,0.0,0.0,computed,29,True
urban__cape_town__r0c1,urban,cape_town,"Cape Town, South Africa",-33.9249,18.4241,-33.9609394320875,18.423013535287144,30-45,32734,0.0,-4000.0,12.5,0.001,14,20,cuda:0,0.02685971403946413,psf_aware_matched,12.5,0.0221683619963974,0.17466128031645733,170012,171353,22.0,65536.0,171353.0,1441792.0,0.00012838993189497703,0.2736065280623734,0.040776962880045176,1.658934613224119,0.3143834909424186,1.9733181041665375,computed,29,True
urban__cape_town__r0c1,urban,cape_town,"Cape Town, South Africa",-33.9249,18.4241,-33.9609394320875,18.423013535287144,30-45,32734,0.0,-4000.0,12.5,0.001,14,20,cuda:0,0.02685971403946413,psf_aware_plus50,18.75,0.03983303782312145,-0.48300304927282633,170012,173332,48.0,65536.0,173332.0,3145728.0,0.00027692520711697783,0.42951510194689035,0.08036963315680623,1.6936741610988975,0.5098847351036966,2.203558896202594,computed,29,True
urban__cape_town__r0c1,urban,cape_town,"Cape Town, South Africa",-33.9249,18.4241,-33.9609394320875,18.423013535287144,30-45,32734,0.0,-4000.0,12.5,0.001,14,20,cuda:0,0.02685971403946413,psf_aware_minus50,6.25,0.03070087408946522,-0.143008225789649,169488,169488,9.0,65536.0,169488.0,589824.0,5.310110450297366e-05,0.17659794120118022,0.022287902887910604,1.6318896901793778,0.19888584408909082,1.8307755342684686,computed,29,True
urban__cape_town__r0c1,urban,cape_town,"Cape Town, South Africa",-33.9249,18.4241,-33.9609394320875,18.423013535287144,30-45,32734,0.0,-4000.0,12.5,0.001,14,20,cuda:0,0.02685971403946413,nearest,,0.03191729522657074,-0.18829616650704706,169031,170012,,,,,,0.0,0.12200827710330486,0.0,0.12200827710330486,0.12200827710330486,computed,29,True
urban__cape_town__r0c1,urban,cape_town,"Cape Town, South Africa",-33.9249,18.4241,-33.9609394320875,18.423013535287144,30-45,32734,0.0,-4000.0,12.5,0.001,14,20,cuda:0,0.02685971403946413,bilinear,,0.03304876629588329,-0.23042137557107956,169031,170012,,,,,,0.0,0.10956898611038923,0.0,0.10956898611038923,0.10956898611038923,computed,29,True
urban__cape_town__r0c1,urban,cape_town,"Cape Town, South Africa",-33.9249,18.4241,-33.9609394320875,18.423013535287144,30-45,32734,0.0,-4000.0,12.5,0.001,14,20,cuda:0,0.02685971403946413,bicubic,,0.030208871613210828,-0.12469073828656119,169031,170012,,,,,,0.0,0.7597622689791024,0.0,0.7597622689791024,0.7597622689791024,computed,29,True
urban__cape_town__r0c2,urban,cape_town,"Cape Town, South Africa",-33.9249,18.4241,-33.96183796023641,18.466265264593428,30-45,32734,4000.0,-4000.0,12.5,0.001,14,20,cuda:0,0.057678842664766354,blurred_observation,12.5,0.057678842664766354,0.0,170022,170022,,,,,,0.0,0.0,0.0,0.0,0.0,computed,30,True
urban__cape_town__r0c2,urban,cape_town,"Cape Town, South Africa",-33.9249,18.4241,-33.96183796023641,18.466265264593428,30-45,32734,4000.0,-4000.0,12.5,0.001,14,20,cuda:0,0.057678842664766354,psf_aware_matched,12.5,0.04631044852343395,0.19709816660861834,170022,171361,22.0,65536.0,171361.0,1441792.0,0.0001283839380022292,0.30245329393073916,0.040457407012581825,1.6609544092789292,0.342910700943321,2.0038651102222502,computed,30,True
urban__cape_town__r0c2,urban,cape_town,"Cape Town, South Africa",-33.9249,18.4241,-33.96183796023641,18.466265264593428,30-45,32734,4000.0,-4000.0,12.5,0.001,14,20,cuda:0,0.057678842664766354,psf_aware_plus50,18.75,0.09037348495418131,-0.5668394298311186,170022,173344,48.0,65536.0,173344.0,3145728.0,0.0002769060365515968,0.4314703461714089,0.08071100898087025,1.6724594100378454,0.5121813551522791,2.1846407651901245,computed,30,True
urban__cape_town__r0c2,urban,cape_town,"Cape Town, South Africa",-33.9249,18.4241,-33.96183796023641,18.466265264593428,30-45,32734,4000.0,-4000.0,12.5,0.001,14,20,cuda:0,0.057678842664766354,psf_aware_minus50,6.25,0.06645229256408597,-0.1521086328016592,169478,169478,9.0,65536.0,169478.0,589824.0,5.310423771816991e-05,0.17380023235455155,0.02226199535652995,1.626013751141727,0.1960622277110815,1.8220759788528085,computed,30,True
urban__cape_town__r0c2,urban,cape_town,"Cape Town, South Africa",-33.9249,18.4241,-33.96183796023641,18.466265264593428,30-45,32734,4000.0,-4000.0,12.5,0.001,14,20,cuda:0,0.057678842664766354,nearest,,0.0695836984894066,-0.20639900654442966,169033,170022,,,,,,0.0,0.12047294899821281,0.0,0.12047294899821281,0.12047294899821281,computed,30,True
urban__cape_town__r0c2,urban,cape_town,"Cape Town, South Africa",-33.9249,18.4241,-33.96183796023641,18.466265264593428,30-45,32734,4000.0,-4000.0,12.5,0.001,14,20,cuda:0,0.057678842664766354,bilinear,,0.07247898218710293,-0.2565956395546296,169033,170022,,,,,,0.0,0.10822645388543606,0.0,0.10822645388543606,0.10822645388543606,computed,30,True
urban__cape_town__r0c2,urban,cape_town,"Cape Town, South Africa",-33.9249,18.4241,-33.96183796023641,18.466265264593428,30-45,32734,4000.0,-4000.0,12.5,0.001,14,20,cuda:0,0.057678842664766354,bicubic,,0.06585313360293982,-0.14172078634939056,169033,170022,,,,,,0.0,0.7583027742803097,0.0,0.7583027742803097,0.7583027742803097,computed,30,True
urban__cape_town__r1c0,urban,cape_town,"Cape Town, South Africa",-33.9249,18.4241,-33.923987528109855,18.38086838718791,30-45,32734,-4000.0,0.0,12.5,0.001,14,20,cuda:0,0.05402769308453067,blurred_observation,12.5,0.05402769308453067,0.0,170012,170012,,,,,,0.0,0.0,0.0,0.0,0.0,computed,31,True
urban__cape_town__r1c0,urban,cape_town,"Cape Town, South Africa",-33.9249,18.4241,-33.923987528109855,18.38086838718791,30-45,32734,-4000.0,0.0,12.5,0.001,14,20,cuda:0,0.05402769308453067,psf_aware_matched,12.5,0.04146369159234954,0.23254743585893511,170012,171351,22.0,65536.0,171351.0,1441792.0,0.0001283914304556145,0.2728398749604821,0.040378978941589594,1.670831826981157,0.3132188539020717,1.9840506808832288,computed,31,True
urban__cape_town__r1c0,urban,cape_town,"Cape Town, South Africa",-33.9249,18.4241,-33.923987528109855,18.38086838718791,30-45,32734,-4000.0,0.0,12.5,0.001,14,20,cuda:0,0.05402769308453067,psf_aware_plus50,18.75,0.08517941147710835,-0.5765879794985567,170012,173328,48.0,65536.0,173328.0,3145728.0,0.00027693159789531985,0.43054855009540915,0.08071203995496035,1.665097075048834,0.5112605900503695,2.1763576650992036,computed,31,True
urban__cape_town__r1c0,urban,cape_town,"Cape Town, South Africa",-33.9249,18.4241,-33.923987528109855,18.38086838718791,30-45,32734,-4000.0,0.0,12.5,0.001,14,20,cuda:0,0.05402769308453067,psf_aware_minus50,6.25,0.062097628342483197,-0.1493666450893334,169465,169465,9.0,65536.0,169465.0,589824.0,5.310831145074204e-05,0.18366274191066623,0.022313913330435753,1.6207896759733558,0.20597665524110198,1.8267663312144578,computed,31,True
urban__cape_town__r1c0,urban,cape_town,"Cape Town, South Africa",-33.9249,18.4241,-33.923987528109855,18.38086838718791,30-45,32734,-4000.0,0.0,12.5,0.001,14,20,cuda:0,0.05402769308453067,nearest,,0.06536529170338763,-0.20984791264580505,169021,170012,,,,,,0.0,0.1213657888583839,0.0,0.1213657888583839,0.1213657888583839,computed,31,True
urban__cape_town__r1c0,urban,cape_town,"Cape Town, South Africa",-33.9249,18.4241,-33.923987528109855,18.38086838718791,30-45,32734,-4000.0,0.0,12.5,0.001,14,20,cuda:0,0.05402769308453067,bilinear,,0.06826215148048,-0.2634659668640371,169021,170012,,,,,,0.0,0.1091718440875411,0.0,0.1091718440875411,0.1091718440875411,computed,31,True
urban__cape_town__r1c0,urban,cape_town,"Cape Town, South Africa",-33.9249,18.4241,-33.923987528109855,18.38086838718791,30-45,32734,-4000.0,0.0,12.5,0.001,14,20,cuda:0,0.05402769308453067,bicubic,,0.061505075438398664,-0.13839906771827226,169021,170012,,,,,,0.0,0.7658200017176569,0.0,0.7658200017176569,0.7658200017176569,computed,31,True
urban__cape_town__r1c1,urban,cape_town,"Cape Town, South Africa",-33.9249,18.4241,-33.924899999999994,18.4241,30-45,32734,0.0,0.0,12.5,0.001,14,20,cuda:0,0.0699518198356711,blurred_observation,12.5,0.0699518198356711,0.0,170020,170020,,,,,,0.0,0.0,0.0,0.0,0.0,computed,32,True
urban__cape_town__r1c1,urban,cape_town,"Cape Town, South Africa",-33.9249,18.4241,-33.924899999999994,18.4241,30-45,32734,0.0,0.0,12.5,0.001,14,20,cuda:0,0.0699518198356711,psf_aware_matched,12.5,0.05266639236339316,0.2471047574299624,170020,171355,22.0,65536.0,171355.0,1441792.0,0.000128388433369321,0.2783256359398365,0.04042828315868974,1.70146764209494,0.31875391909852624,2.020221561193466,computed,32,True
urban__cape_town__r1c1,urban,cape_town,"Cape Town, South Africa",-33.9249,18.4241,-33.924899999999994,18.4241,30-45,32734,0.0,0.0,12.5,0.001,14,20,cuda:0,0.0699518198356711,psf_aware_plus50,18.75,0.11037905253811774,-0.5779296778470837,170020,173338,48.0,65536.0,173338.0,3145728.0,0.000276915621502498,0.4372476269491017,0.08079410577192903,1.702462166082114,0.5180417327210307,2.2205038988031447,computed,32,True
urban__cape_town__r1c1,urban,cape_town,"Cape Town, South Africa",-33.9249,18.4241,-33.924899999999994,18.4241,30-45,32734,0.0,0.0,12.5,0.001,14,20,cuda:0,0.0699518198356711,psf_aware_minus50,6.25,0.0812498099368961,-0.16151102469908474,169466,169466,9.0,65536.0,169466.0,589824.0,5.310799806450851e-05,0.1792620071209967,0.02318928111344576,1.6329633928835392,0.20245128823444247,1.8354146811179817,computed,32,True
urban__cape_town__r1c1,urban,cape_town,"Cape Town, South Africa",-33.9249,18.4241,-33.924899999999994,18.4241,30-45,32734,0.0,0.0,12.5,0.001,14,20,cuda:0,0.0699518198356711,nearest,,0.08544484737737285,-0.22148140789042436,169026,170020,,,,,,0.0,0.14719990035519004,0.0,0.14719990035519004,0.14719990035519004,computed,32,True
urban__cape_town__r1c1,urban,cape_town,"Cape Town, South Africa",-33.9249,18.4241,-33.924899999999994,18.4241,30-45,32734,0.0,0.0,12.5,0.001,14,20,cuda:0,0.0699518198356711,bilinear,,0.08917166403741182,-0.27475831575063303,169026,170020,,,,,,0.0,0.1086675887927413,0.0,0.1086675887927413,0.1086675887927413,computed,32,True
urban__cape_town__r1c1,urban,cape_town,"Cape Town, South Africa",-33.9249,18.4241,-33.924899999999994,18.4241,30-45,32734,0.0,0.0,12.5,0.001,14,20,cuda:0,0.0699518198356711,bicubic,,0.07994617267362689,-0.14287480813843367,169026,170020,,,,,,0.0,0.7614304078742862,0.0,0.7614304078742862,0.7614304078742862,computed,32,True
urban__cape_town__r1c2,urban,cape_town,"Cape Town, South Africa",-33.9249,18.4241,-33.9257973158621,18.46733354220432,30-45,32734,4000.0,0.0,12.5,0.001,14,20,cuda:0,0.0675211816732655,blurred_observation,12.5,0.0675211816732655,0.0,170033,170033,,,,,,0.0,0.0,0.0,0.0,0.0,computed,33,True
urban__cape_town__r1c2,urban,cape_town,"Cape Town, South Africa",-33.9249,18.4241,-33.9257973158621,18.46733354220432,30-45,32734,4000.0,0.0,12.5,0.001,14,20,cuda:0,0.0675211816732655,psf_aware_matched,12.5,0.05409977457495384,0.19877328514861825,170033,171359,22.0,65536.0,171359.0,1441792.0,0.0001283854364229483,0.2749399929307401,0.04046011343598366,1.6557184718549252,0.3154001063667238,1.971118578221649,computed,33,True
urban__cape_town__r1c2,urban,cape_town,"Cape Town, South Africa",-33.9249,18.4241,-33.9257973158621,18.46733354220432,30-45,32734,4000.0,0.0,12.5,0.001,14,20,cuda:0,0.0675211816732655,psf_aware_plus50,18.75,0.1049428145324732,-0.5542206450161182,170033,173340,48.0,65536.0,173340.0,3145728.0,0.0002769124264451367,0.48050934728235006,0.08079259330406785,1.6797839221544564,0.5613019405864179,2.2410858627408743,computed,33,True
urban__cape_town__r1c2,urban,cape_town,"Cape Town, South Africa",-33.9249,18.4241,-33.9257973158621,18.46733354220432,30-45,32734,4000.0,0.0,12.5,0.001,14,20,cuda:0,0.0675211816732655,psf_aware_minus50,6.25,0.07751404900394335,-0.1479960374365672,169484,169484,9.0,65536.0,169484.0,589824.0,5.3102357744683866e-05,0.18751490814611316,0.02360865520313382,1.7190041560679674,0.21112356334924698,1.9301277194172144,computed,33,True
urban__cape_town__r1c2,urban,cape_town,"Cape Town, South Africa",-33.9249,18.4241,-33.9257973158621,18.46733354220432,30-45,32734,4000.0,0.0,12.5,0.001,14,20,cuda:0,0.0675211816732655,nearest,,0.08117320371269922,-0.20218873101918966,169037,170033,,,,,,0.0,0.12022390775382519,0.0,0.12022390775382519,0.12022390775382519,computed,33,True
urban__cape_town__r1c2,urban,cape_town,"Cape Town, South Africa",-33.9249,18.4241,-33.9257973158621,18.46733354220432,30-45,32734,4000.0,0.0,12.5,0.001,14,20,cuda:0,0.0675211816732655,bilinear,,0.08453898335127605,-0.25203649071723255,169037,170033,,,,,,0.0,0.10928510874509811,0.0,0.10928510874509811,0.10928510874509811,computed,33,True
urban__cape_town__r1c2,urban,cape_town,"Cape Town, South Africa",-33.9249,18.4241,-33.9257973158621,18.46733354220432,30-45,32734,4000.0,0.0,12.5,0.001,14,20,cuda:0,0.0675211816732655,bicubic,,0.07678481020511944,-0.13719588879058087,169037,170033,,,,,,0.0,0.7686977623961866,0.0,0.7686977623961866,0.7686977623961866,computed,33,True
urban__cape_town__r2c0,urban,cape_town,"Cape Town, South Africa",-33.9249,18.4241,-33.88794908584836,18.381971074093535,30-45,32734,-4000.0,4000.0,12.5,0.001,14,20,cuda:0,0.0005350902373399469,blurred_observation,12.5,0.0005350902373399469,0.0,170013,170013,,,,,,0.0,0.0,0.0,0.0,0.0,computed,34,True
urban__cape_town__r2c0,urban,cape_town,"Cape Town, South Africa",-33.9249,18.4241,-33.88794908584836,18.381971074093535,30-45,32734,-4000.0,4000.0,12.5,0.001,14,20,cuda:0,0.0005350902373399469,psf_aware_matched,12.5,0.0004650686684638455,0.13085936537394927,170013,171351,22.0,65536.0,171351.0,1441792.0,0.0001283914304556145,0.27304911194369197,0.04025903204455972,1.6585110910236835,0.3133081439882517,1.9718192350119352,computed,34,True
urban__cape_town__r2c0,urban,cape_town,"Cape Town, South Africa",-33.9249,18.4241,-33.88794908584836,18.381971074093535,30-45,32734,-4000.0,4000.0,12.5,0.001,14,20,cuda:0,0.0005350902373399469,psf_aware_plus50,18.75,0.0007636438073839361,-0.42713089138045235,170013,173324,48.0,65536.0,173324.0,3145728.0,0.0002769379889686368,0.42898360593244433,0.08078447822481394,1.6715318718925118,0.5097680841572583,2.18129995604977,computed,34,True
urban__cape_town__r2c0,urban,cape_town,"Cape Town, South Africa",-33.9249,18.4241,-33.88794908584836,18.381971074093535,30-45,32734,-4000.0,4000.0,12.5,0.001,14,20,cuda:0,0.0005350902373399469,psf_aware_minus50,6.25,0.0006048637048837486,-0.13039570277092172,169482,169482,9.0,65536.0,169482.0,589824.0,5.310298438772259e-05,0.17805466009303927,0.02224485296756029,1.6191723928786814,0.20029951306059957,1.819471905939281,computed,34,True
urban__cape_town__r2c0,urban,cape_town,"Cape Town, South Africa",-33.9249,18.4241,-33.88794908584836,18.381971074093535,30-45,32734,-4000.0,4000.0,12.5,0.001,14,20,cuda:0,0.0005350902373399469,nearest,,0.0006208612321506735,-0.16029258025172233,169019,170013,,,,,,0.0,0.12129373429343104,0.0,0.12129373429343104,0.12129373429343104,computed,34,True
urban__cape_town__r2c0,urban,cape_town,"Cape Town, South Africa",-33.9249,18.4241,-33.88794908584836,18.381971074093535,30-45,32734,-4000.0,4000.0,12.5,0.001,14,20,cuda:0,0.0005350902373399469,bilinear,,0.0006357629085804977,-0.18814148383834706,169019,170013,,,,,,0.0,0.10760393412783742,0.0,0.10760393412783742,0.10760393412783742,computed,34,True
urban__cape_town__r2c0,urban,cape_town,"Cape Town, South Africa",-33.9249,18.4241,-33.88794908584836,18.381971074093535,30-45,32734,-4000.0,4000.0,12.5,0.001,14,20,cuda:0,0.0005350902373399469,bicubic,,0.0005942074961907469,-0.11048091466718812,169019,170013,,,,,,0.0,0.7579033370129764,0.0,0.7579033370129764,0.7579033370129764,computed,34,True
urban__cape_town__r2c1,urban,cape_town,"Cape Town, South Africa",-33.9249,18.4241,-33.88886032601885,18.42518453531914,30-45,32734,0.0,4000.0,12.5,0.001,14,20,cuda:0,0.010477276286407867,blurred_observation,12.5,0.010477276286407867,0.0,170020,170020,,,,,,0.0,0.0,0.0,0.0,0.0,computed,35,True
urban__cape_town__r2c1,urban,cape_town,"Cape Town, South Africa",-33.9249,18.4241,-33.88886032601885,18.42518453531914,30-45,32734,0.0,4000.0,12.5,0.001,14,20,cuda:0,0.010477276286407867,psf_aware_matched,12.5,0.007752084430148383,0.26010499119841535,170020,171356,22.0,65536.0,171356.0,1441792.0,0.00012838768411961064,0.3016938650980592,0.04057595180347562,1.6614625011570752,0.3422698169015348,2.00373231805861,computed,35,True
urban__cape_town__r2c1,urban,cape_town,"Cape Town, South Africa",-33.9249,18.4241,-33.88886032601885,18.42518453531914,30-45,32734,0.0,4000.0,12.5,0.001,14,20,cuda:0,0.010477276286407867,psf_aware_plus50,18.75,0.01731908322625551,-0.6530138895662696,170020,173336,48.0,65536.0,173336.0,3145728.0,0.00027691881663359025,0.43440999323502183,0.08086254633963108,1.691238608211279,0.5152725395746529,2.206511147785932,computed,35,True
urban__cape_town__r2c1,urban,cape_town,"Cape Town, South Africa",-33.9249,18.4241,-33.88886032601885,18.42518453531914,30-45,32734,0.0,4000.0,12.5,0.001,14,20,cuda:0,0.010477276286407867,psf_aware_minus50,6.25,0.012421438630908603,-0.18555990043165038,169477,169477,9.0,65536.0,169477.0,589824.0,5.310455106002584e-05,0.176208873745054,0.02235309686511755,1.6405085138976574,0.19856197061017156,1.839070484507829,computed,35,True
urban__cape_town__r2c1,urban,cape_town,"Cape Town, South Africa",-33.9249,18.4241,-33.88886032601885,18.42518453531914,30-45,32734,0.0,4000.0,12.5,0.001,14,20,cuda:0,0.010477276286407867,nearest,,0.013006469210455295,-0.24139794111648483,169027,170020,,,,,,0.0,0.12171015189960599,0.0,0.12171015189960599,0.12171015189960599,computed,35,True
urban__cape_town__r2c1,urban,cape_town,"Cape Town, South Africa",-33.9249,18.4241,-33.88886032601885,18.42518453531914,30-45,32734,0.0,4000.0,12.5,0.001,14,20,cuda:0,0.010477276286407867,bilinear,,0.013619935552773904,-0.2999500233131198,169027,170020,,,,,,0.0,0.1082744337618351,0.0,0.1082744337618351,0.1082744337618351,computed,35,True
urban__cape_town__r2c1,urban,cape_town,"Cape Town, South Africa",-33.9249,18.4241,-33.88886032601885,18.42518453531914,30-45,32734,0.0,4000.0,12.5,0.001,14,20,cuda:0,0.010477276286407867,bicubic,,0.012027064567699452,-0.14791900479918807,169027,170020,,,,,,0.0,0.7663785698823631,0.0,0.7663785698823631,0.7663785698823631,computed,35,True
urban__cape_town__r2c2,urban,cape_town,"Cape Town, South Africa",-33.9249,18.4241,-33.88975643059475,18.46839992265851,30-45,32734,4000.0,4000.0,12.5,0.001,14,20,cuda:0,0.013905723414926872,blurred_observation,12.5,0.013905723414926872,0.0,170027,170027,,,,,,0.0,0.0,0.0,0.0,0.0,computed,36,True
urban__cape_town__r2c2,urban,cape_town,"Cape Town, South Africa",-33.9249,18.4241,-33.88975643059475,18.46839992265851,30-45,32734,4000.0,4000.0,12.5,0.001,14,20,cuda:0,0.013905723414926872,psf_aware_matched,12.5,0.010907722881057992,0.21559471912484074,170027,171362,22.0,65536.0,171362.0,1441792.0,0.00012838318880498595,0.27611626125872135,0.04036640515550971,1.6590170501731336,0.31648266641423106,1.9754997165873647,computed,36,True
urban__cape_town__r2c2,urban,cape_town,"Cape Town, South Africa",-33.9249,18.4241,-33.88975643059475,18.46839992265851,30-45,32734,4000.0,4000.0,12.5,0.001,14,20,cuda:0,0.013905723414926872,psf_aware_plus50,18.75,0.021398953930386364,-0.5388594531814148,170027,173346,48.0,65536.0,173346.0,3145728.0,0.0002769028417154131,0.4495816887356341,0.08069183304905891,1.690607543103397,0.530273521784693,2.22088106488809,computed,36,True
urban__cape_town__r2c2,urban,cape_town,"Cape Town, South Africa",-33.9249,18.4241,-33.88975643059475,18.46839992265851,30-45,32734,4000.0,4000.0,12.5,0.001,14,20,cuda:0,0.013905723414926872,psf_aware_minus50,6.25,0.016240083768275397,-0.16787047201318162,169489,169489,9.0,65536.0,169489.0,589824.0,5.310079120178891e-05,0.176271703094244,0.02230683993548155,1.7709055691957474,0.19857854302972555,1.969484112225473,computed,36,True
urban__cape_town__r2c2,urban,cape_town,"Cape Town, South Africa",-33.9249,18.4241,-33.88975643059475,18.46839992265851,30-45,32734,4000.0,4000.0,12.5,0.001,14,20,cuda:0,0.013905723414926872,nearest,,0.016959605559883215,-0.21961332422865554,169042,170027,,,,,,0.0,0.12138771126046777,0.0,0.12138771126046777,0.12138771126046777,computed,36,True
urban__cape_town__r2c2,urban,cape_town,"Cape Town, South Africa",-33.9249,18.4241,-33.88975643059475,18.46839992265851,30-45,32734,4000.0,4000.0,12.5,0.001,14,20,cuda:0,0.013905723414926872,bilinear,,0.01757890543408835,-0.26414893418767127,169042,170027,,,,,,0.0,0.10919270291924477,0.0,0.10919270291924477,0.10919270291924477,computed,36,True
urban__cape_town__r2c2,urban,cape_town,"Cape Town, South Africa",-33.9249,18.4241,-33.88975643059475,18.46839992265851,30-45,32734,4000.0,4000.0,12.5,0.001,14,20,cuda:0,0.013905723414926872,bicubic,,0.015766228250356625,-0.13379417811752425,169042,170027,,,,,,0.0,0.7663354789838195,0.0,0.7663354789838195,0.7663354789838195,computed,36,True
urban__sydney__r0c0,urban,sydney,"Sydney, Australia",-33.8688,151.2093,-33.904221970944,151.16530175038037,30-45,32756,-4000.0,-4000.0,12.5,0.001,14,20,cuda:0,0.08241505460489942,blurred_observation,12.5,0.08241505460489942,0.0,170139,170139,,,,,,0.0,0.0,0.0,0.0,0.0,computed,37,True
urban__sydney__r0c0,urban,sydney,"Sydney, Australia",-33.8688,151.2093,-33.904221970944,151.16530175038037,30-45,32756,-4000.0,-4000.0,12.5,0.001,14,20,cuda:0,0.08241505460489942,psf_aware_matched,12.5,0.066565741816853,0.19231089348940633,170139,171472,22.0,65536.0,171472.0,1441792.0,0.00012830083045628442,0.2769344509579241,0.0409310651011765,2.521847903262824,0.31786551605910063,2.8397134193219244,computed,37,True
urban__sydney__r0c0,urban,sydney,"Sydney, Australia",-33.8688,151.2093,-33.904221970944,151.16530175038037,30-45,32756,-4000.0,-4000.0,12.5,0.001,14,20,cuda:0,0.08241505460489942,psf_aware_plus50,18.75,0.12498130374964386,-0.5164863306686927,170139,173451,48.0,65536.0,173451.0,3145728.0,0.0002767352162858675,0.4364230060018599,0.0809414149262011,2.434139781165868,0.517364420928061,2.951504202093929,computed,37,True
urban__sydney__r0c0,urban,sydney,"Sydney, Australia",-33.8688,151.2093,-33.904221970944,151.16530175038037,30-45,32756,-4000.0,-4000.0,12.5,0.001,14,20,cuda:0,0.08241505460489942,psf_aware_minus50,6.25,0.09426389339265881,-0.14377032017467095,169610,169610,9.0,65536.0,169610.0,589824.0,5.306290902659041e-05,0.1925234841182828,0.02233737800270319,2.397678080946207,0.21486086212098598,2.612538943067193,computed,37,True
urban__sydney__r0c0,urban,sydney,"Sydney, Australia",-33.8688,151.2093,-33.904221970944,151.16530175038037,30-45,32756,-4000.0,-4000.0,12.5,0.001,14,20,cuda:0,0.08241505460489942,nearest,,0.09862415018524659,-0.19667639192929154,169146,170139,,,,,,0.0,0.13167720008641481,0.0,0.13167720008641481,0.13167720008641481,computed,37,True
urban__sydney__r0c0,urban,sydney,"Sydney, Australia",-33.8688,151.2093,-33.904221970944,151.16530175038037,30-45,32756,-4000.0,-4000.0,12.5,0.001,14,20,cuda:0,0.08241505460489942,bilinear,,0.10258477237789694,-0.24473341514716984,169146,170139,,,,,,0.0,0.10966896591708064,0.0,0.10966896591708064,0.10966896591708064,computed,37,True
urban__sydney__r0c0,urban,sydney,"Sydney, Australia",-33.8688,151.2093,-33.904221970944,151.16530175038037,30-45,32756,-4000.0,-4000.0,12.5,0.001,14,20,cuda:0,0.08241505460489942,bicubic,,0.09334526394374762,-0.13262394099291686,169146,170139,,,,,,0.0,0.772735089994967,0.0,0.772735089994967,0.772735089994967,computed,37,True
urban__sydney__r0c1,urban,sydney,"Sydney, Australia",-33.8688,151.2093,-33.904858663668826,151.20854618059698,30-45,32756,0.0,-4000.0,12.5,0.001,14,20,cuda:0,0.0797654763601811,blurred_observation,12.5,0.0797654763601811,0.0,170135,170135,,,,,,0.0,0.0,0.0,0.0,0.0,computed,38,True
urban__sydney__r0c1,urban,sydney,"Sydney, Australia",-33.8688,151.2093,-33.904858663668826,151.20854618059698,30-45,32756,0.0,-4000.0,12.5,0.001,14,20,cuda:0,0.0797654763601811,psf_aware_matched,12.5,0.06357604752010713,0.202962855345721,170135,171480,22.0,65536.0,171480.0,1441792.0,0.00012829484487986937,0.2847736580297351,0.040138622745871544,2.4125587958842516,0.32491228077560663,2.7374710766598582,computed,38,True
urban__sydney__r0c1,urban,sydney,"Sydney, Australia",-33.8688,151.2093,-33.904858663668826,151.20854618059698,30-45,32756,0.0,-4000.0,12.5,0.001,14,20,cuda:0,0.0797654763601811,psf_aware_plus50,18.75,0.12282101232958197,-0.5397765792181013,170135,173463,48.0,65536.0,173463.0,3145728.0,0.00027671607201535775,0.4899642742238939,0.08105200482532382,2.444451332092285,0.5710162790492177,3.015467611141503,computed,38,True
urban__sydney__r0c1,urban,sydney,"Sydney, Australia",-33.8688,151.2093,-33.904858663668826,151.20854618059698,30-45,32756,0.0,-4000.0,12.5,0.001,14,20,cuda:0,0.0797654763601811,psf_aware_minus50,6.25,0.09298305292614485,-0.16570548022906273,169623,169623,9.0,65536.0,169623.0,589824.0,5.305884225606197e-05,0.17383853485807776,0.02253557275980711,2.4168780860491097,0.19637410761788487,2.6132521936669946,computed,38,True
urban__sydney__r0c1,urban,sydney,"Sydney, Australia",-33.8688,151.2093,-33.904858663668826,151.20854618059698,30-45,32756,0.0,-4000.0,12.5,0.001,14,20,cuda:0,0.0797654763601811,nearest,,0.0974315819916052,-0.22147558615023866,169154,170135,,,,,,0.0,0.12042020913213491,0.0,0.12042020913213491,0.12042020913213491,computed,38,True
urban__sydney__r0c1,urban,sydney,"Sydney, Australia",-33.8688,151.2093,-33.904858663668826,151.20854618059698,30-45,32756,0.0,-4000.0,12.5,0.001,14,20,cuda:0,0.0797654763601811,bilinear,,0.10139346620201117,-0.27114474618278295,169154,170135,,,,,,0.0,0.10747667402029037,0.0,0.10747667402029037,0.10747667402029037,computed,38,True
urban__sydney__r0c1,urban,sydney,"Sydney, Australia",-33.8688,151.2093,-33.904858663668826,151.20854618059698,30-45,32756,0.0,-4000.0,12.5,0.001,14,20,cuda:0,0.0797654763601811,bicubic,,0.091226263506331,-0.14368104685288552,169154,170135,,,,,,0.0,0.7699770559556782,0.0,0.7699770559556782,0.7699770559556782,computed,38,True
urban__sydney__r0c2,urban,sydney,"Sydney, Australia",-33.8688,151.2093,-33.90548018506739,151.25179195262064,30-45,32756,4000.0,-4000.0,12.5,0.001,14,20,cuda:0,0.08153215271442799,blurred_observation,12.5,0.08153215271442799,0.0,170147,170147,,,,,,0.0,0.0,0.0,0.0,0.0,computed,39,True
urban__sydney__r0c2,urban,sydney,"Sydney, Australia",-33.8688,151.2093,-33.90548018506739,151.25179195262064,30-45,32756,4000.0,-4000.0,12.5,0.001,14,20,cuda:0,0.08153215271442799,psf_aware_matched,12.5,0.06844986618963117,0.16045555145119783,170147,171486,22.0,65536.0,171486.0,1441792.0,0.00012829035606405187,0.2761152391321957,0.04045564401894808,2.5406855707988143,0.3165708831511438,2.857256453949958,computed,39,True
urban__sydney__r0c2,urban,sydney,"Sydney, Australia",-33.8688,151.2093,-33.90548018506739,151.25179195262064,30-45,32756,4000.0,-4000.0,12.5,0.001,14,20,cuda:0,0.08153215271442799,psf_aware_plus50,18.75,0.12347403968666115,-0.5144214346840261,170147,173468,48.0,65536.0,173468.0,3145728.0,0.0002767080960177093,0.46884217904880643,0.08084547286853194,2.4314817073754966,0.5496876519173384,2.981169359292835,computed,39,True
urban__sydney__r0c2,urban,sydney,"Sydney, Australia",-33.8688,151.2093,-33.90548018506739,151.25179195262064,30-45,32756,4000.0,-4000.0,12.5,0.001,14,20,cuda:0,0.08153215271442799,psf_aware_minus50,6.25,0.09300682163393599,-0.1407379608839574,169633,169633,9.0,65536.0,169633.0,589824.0,5.3055714395194334e-05,0.17475324729457498,0.02236544108018279,2.416917792055756,0.19711868837475777,2.6140364804305136,computed,39,True
urban__sydney__r0c2,urban,sydney,"Sydney, Australia",-33.8688,151.2093,-33.90548018506739,151.25179195262064,30-45,32756,4000.0,-4000.0,12.5,0.001,14,20,cuda:0,0.08153215271442799,nearest,,0.09696037911072401,-0.18922873838906784,169153,170147,,,,,,0.0,0.12104985071346164,0.0,0.12104985071346164,0.12104985071346164,computed,39,True
urban__sydney__r0c2,urban,sydney,"Sydney, Australia",-33.8688,151.2093,-33.90548018506739,151.25179195262064,30-45,32756,4000.0,-4000.0,12.5,0.001,14,20,cuda:0,0.08153215271442799,bilinear,,0.10058797939288266,-0.23372161833134752,169153,170147,,,,,,0.0,0.11004222184419632,0.0,0.11004222184419632,0.11004222184419632,computed,39,True
urban__sydney__r0c2,urban,sydney,"Sydney, Australia",-33.8688,151.2093,-33.90548018506739,151.25179195262064,30-45,32756,4000.0,-4000.0,12.5,0.001,14,20,cuda:0,0.08153215271442799,bicubic,,0.09234979439537233,-0.1326794561506781,169153,170147,,,,,,0.0,0.7697288547642529,0.0,0.7697288547642529,0.7697288547642529,computed,39,True
urban__sydney__r1c0,urban,sydney,"Sydney, Australia",-33.8688,151.2093,-33.86816416743214,151.16607374187643,30-45,32756,-4000.0,0.0,12.5,0.001,14,20,cuda:0,0.07634876162985871,blurred_observation,12.5,0.07634876162985871,0.0,170138,170138,,,,,,0.0,0.0,0.0,0.0,0.0,computed,40,True
urban__sydney__r1c0,urban,sydney,"Sydney, Australia",-33.8688,151.2093,-33.86816416743214,151.16607374187643,30-45,32756,-4000.0,0.0,12.5,0.001,14,20,cuda:0,0.07634876162985871,psf_aware_matched,12.5,0.06124520639922005,0.1978231854481306,170138,171470,22.0,65536.0,171470.0,1441792.0,0.00012830232693765672,0.27783379424363375,0.040434212889522314,2.432077495381236,0.31826800713315606,2.750345502514392,computed,40,True
urban__sydney__r1c0,urban,sydney,"Sydney, Australia",-33.8688,151.2093,-33.86816416743214,151.16607374187643,30-45,32756,-4000.0,0.0,12.5,0.001,14,20,cuda:0,0.07634876162985871,psf_aware_plus50,18.75,0.11702958915047369,-0.5328289110678306,170138,173452,48.0,65536.0,173452.0,3145728.0,0.0002767336208288172,0.494806005153805,0.0806256071664393,2.4386042868718505,0.5754316123202443,3.014035899192095,computed,40,True
urban__sydney__r1c0,urban,sydney,"Sydney, Australia",-33.8688,151.2093,-33.86816416743214,151.16607374187643,30-45,32756,-4000.0,0.0,12.5,0.001,14,20,cuda:0,0.07634876162985871,psf_aware_minus50,6.25,0.08764853244620105,-0.14800201830547044,169608,169608,9.0,65536.0,169608.0,589824.0,5.306353473892741e-05,0.18439922714605927,0.022398333065211773,2.587497633881867,0.20679756021127105,2.794295194093138,computed,40,True
urban__sydney__r1c0,urban,sydney,"Sydney, Australia",-33.8688,151.2093,-33.86816416743214,151.16607374187643,30-45,32756,-4000.0,0.0,12.5,0.001,14,20,cuda:0,0.07634876162985871,nearest,,0.09180240172819326,-0.2024085233137678,169146,170138,,,,,,0.0,0.12132451124489307,0.0,0.12132451124489307,0.12132451124489307,computed,40,True
urban__sydney__r1c0,urban,sydney,"Sydney, Australia",-33.8688,151.2093,-33.86816416743214,151.16607374187643,30-45,32756,-4000.0,0.0,12.5,0.001,14,20,cuda:0,0.07634876162985871,bilinear,,0.09562451908704797,-0.25246981150314873,169146,170138,,,,,,0.0,0.10754684684798121,0.0,0.10754684684798121,0.10754684684798121,computed,40,True
urban__sydney__r1c0,urban,sydney,"Sydney, Australia",-33.8688,151.2093,-33.86816416743214,151.16607374187643,30-45,32756,-4000.0,0.0,12.5,0.001,14,20,cuda:0,0.07634876162985871,bicubic,,0.0866960450447374,-0.1355265389246607,169146,170138,,,,,,0.0,0.7666320903226733,0.0,0.7666320903226733,0.7666320903226733,computed,40,True
urban__sydney__r1c1,urban,sydney,"Sydney, Australia",-33.8688,151.2093,-33.86879999999999,151.2093,30-45,32756,0.0,0.0,12.5,0.001,14,20,cuda:0,0.07630707513314122,blurred_observation,12.5,0.07630707513314122,0.0,170144,170144,,,,,,0.0,0.0,0.0,0.0,0.0,computed,41,True
urban__sydney__r1c1,urban,sydney,"Sydney, Australia",-33.8688,151.2093,-33.86879999999999,151.2093,30-45,32756,0.0,0.0,12.5,0.001,14,20,cuda:0,0.07630707513314122,psf_aware_matched,12.5,0.060496576436765745,0.20719571112887225,170144,171475,22.0,65536.0,171475.0,1441792.0,0.00012829858579967924,0.27926555601879954,0.04096533032134175,2.669276596046984,0.3202308863401413,2.9895074823871255,computed,41,True
urban__sydney__r1c1,urban,sydney,"Sydney, Australia",-33.8688,151.2093,-33.86879999999999,151.2093,30-45,32756,0.0,0.0,12.5,0.001,14,20,cuda:0,0.07630707513314122,psf_aware_plus50,18.75,0.11810878832519661,-0.5478091398355842,170144,173465,48.0,65536.0,173465.0,3145728.0,0.0002767128815611218,0.4383158809505403,0.08053685910999775,2.4279925380833447,0.518852740060538,2.9468452781438828,computed,41,True
urban__sydney__r1c1,urban,sydney,"Sydney, Australia",-33.8688,151.2093,-33.86879999999999,151.2093,30-45,32756,0.0,0.0,12.5,0.001,14,20,cuda:0,0.07630707513314122,psf_aware_minus50,6.25,0.08949659030135461,-0.17284786692715204,169630,169630,9.0,65536.0,169630.0,589824.0,5.3056652714732064e-05,0.199297864921391,0.02339330781251192,2.4173189220018685,0.22269117273390293,2.6400100947357714,computed,41,True
urban__sydney__r1c1,urban,sydney,"Sydney, Australia",-33.8688,151.2093,-33.86879999999999,151.2093,30-45,32756,0.0,0.0,12.5,0.001,14,20,cuda:0,0.07630707513314122,nearest,,0.09380152426216642,-0.2292637884298505,169156,170144,,,,,,0.0,0.1318479930050671,0.0,0.1318479930050671,0.1318479930050671,computed,41,True
urban__sydney__r1c1,urban,sydney,"Sydney, Australia",-33.8688,151.2093,-33.86879999999999,151.2093,30-45,32756,0.0,0.0,12.5,0.001,14,20,cuda:0,0.07630707513314122,bilinear,,0.0976327000924968,-0.2794711358304123,169156,170144,,,,,,0.0,0.10932568507269025,0.0,0.10932568507269025,0.10932568507269025,computed,41,True
urban__sydney__r1c1,urban,sydney,"Sydney, Australia",-33.8688,151.2093,-33.86879999999999,151.2093,30-45,32756,0.0,0.0,12.5,0.001,14,20,cuda:0,0.07630707513314122,bicubic,,0.08747711201853402,-0.1463827157036648,169156,170144,,,,,,0.0,0.7670230912044644,0.0,0.7670230912044644,0.7670230912044644,computed,41,True
urban__sydney__r1c2,urban,sydney,"Sydney, Australia",-33.8688,151.2093,-33.869420681725536,151.25252759765013,30-45,32756,4000.0,0.0,12.5,0.001,14,20,cuda:0,0.06070412606527198,blurred_observation,12.5,0.06070412606527198,0.0,170146,170146,,,,,,0.0,0.0,0.0,0.0,0.0,computed,42,True
urban__sydney__r1c2,urban,sydney,"Sydney, Australia",-33.8688,151.2093,-33.869420681725536,151.25252759765013,30-45,32756,4000.0,0.0,12.5,0.001,14,20,cuda:0,0.06070412606527198,psf_aware_matched,12.5,0.04968589567342414,0.181507108429508,170146,171483,22.0,65536.0,171483.0,1441792.0,0.00012829260043269595,0.2750766919925809,0.04035992221906781,2.4138011187314987,0.3154366142116487,2.7292377329431474,computed,42,True
urban__sydney__r1c2,urban,sydney,"Sydney, Australia",-33.8688,151.2093,-33.869420681725536,151.25252759765013,30-45,32756,4000.0,0.0,12.5,0.001,14,20,cuda:0,0.06070412606527198,psf_aware_plus50,18.75,0.09229701157378464,-0.5204404964918279,170146,173466,48.0,65536.0,173466.0,3145728.0,0.0002767112863615925,0.5696350829675794,0.08066989108920097,2.4478651569224894,0.6503049740567803,3.0981701309792697,computed,42,True
urban__sydney__r1c2,urban,sydney,"Sydney, Australia",-33.8688,151.2093,-33.869420681725536,151.25252759765013,30-45,32756,4000.0,0.0,12.5,0.001,14,20,cuda:0,0.06070412606527198,psf_aware_minus50,6.25,0.0693775352198054,-0.14288005967184758,169621,169621,9.0,65536.0,169621.0,589824.0,5.30594678724922e-05,0.17808354506269097,0.022390058264136314,2.5312262061052024,0.2004736033268273,2.7316998094320297,computed,42,True
urban__sydney__r1c2,urban,sydney,"Sydney, Australia",-33.8688,151.2093,-33.869420681725536,151.25252759765013,30-45,32756,4000.0,0.0,12.5,0.001,14,20,cuda:0,0.06070412606527198,nearest,,0.07244242971543662,-0.19336912350147428,169160,170146,,,,,,0.0,0.12312751589342952,0.0,0.12312751589342952,0.12312751589342952,computed,42,True
urban__sydney__r1c2,urban,sydney,"Sydney, Australia",-33.8688,151.2093,-33.869420681725536,151.25252759765013,30-45,32756,4000.0,0.0,12.5,0.001,14,20,cuda:0,0.06070412606527198,bilinear,,0.07522050956581097,-0.23913339078352402,169160,170146,,,,,,0.0,0.10907535068690777,0.0,0.10907535068690777,0.10907535068690777,computed,42,True
urban__sydney__r1c2,urban,sydney,"Sydney, Australia",-33.8688,151.2093,-33.869420681725536,151.25252759765013,30-45,32756,4000.0,0.0,12.5,0.001,14,20,cuda:0,0.06070412606527198,bicubic,,0.06877640972816194,-0.13297751217454734,169160,170146,,,,,,0.0,0.7803275901824236,0.0,0.7803275901824236,0.7803275901824236,computed,42,True
urban__sydney__r2c0,urban,sydney,"Sydney, Australia",-33.8688,151.2093,-33.83210613711003,151.16684436158428,30-45,32756,-4000.0,4000.0,12.5,0.001,14,20,cuda:0,0.05851575732237005,blurred_observation,12.5,0.05851575732237005,0.0,170139,170139,,,,,,0.0,0.0,0.0,0.0,0.0,computed,43,True
urban__sydney__r2c0,urban,sydney,"Sydney, Australia",-33.8688,151.2093,-33.83210613711003,151.16684436158428,30-45,32756,-4000.0,4000.0,12.5,0.001,14,20,cuda:0,0.05851575732237005,psf_aware_matched,12.5,0.04842803734180764,0.17239322264920887,170139,171472,22.0,65536.0,171472.0,1441792.0,0.00012830083045628442,0.2765898280777037,0.04038072191178799,2.407530512660742,0.3169705499894917,2.7245010626502335,computed,43,True
urban__sydney__r2c0,urban,sydney,"Sydney, Australia",-33.8688,151.2093,-33.83210613711003,151.16684436158428,30-45,32756,-4000.0,4000.0,12.5,0.001,14,20,cuda:0,0.05851575732237005,psf_aware_plus50,18.75,0.08883735147640466,-0.5181782743917926,170139,173462,48.0,65536.0,173462.0,3145728.0,0.0002767176672700649,0.4686923651024699,0.08060700073838234,2.4457832337357104,0.5492993658408523,2.9950825995765626,computed,43,True
urban__sydney__r2c0,urban,sydney,"Sydney, Australia",-33.8688,151.2093,-33.83210613711003,151.16684436158428,30-45,32756,-4000.0,4000.0,12.5,0.001,14,20,cuda:0,0.05851575732237005,psf_aware_minus50,6.25,0.06652231047480886,-0.13682730120589204,169622,169622,9.0,65536.0,169622.0,589824.0,5.305915506243294e-05,0.17524298513308167,0.02239247178658843,2.591775566805154,0.1976354569196701,2.789411023724824,computed,43,True
urban__sydney__r2c0,urban,sydney,"Sydney, Australia",-33.8688,151.2093,-33.83210613711003,151.16684436158428,30-45,32756,-4000.0,4000.0,12.5,0.001,14,20,cuda:0,0.05851575732237005,nearest,,0.06937701247759157,-0.1856124854607215,169146,170139,,,,,,0.0,0.122224235907197,0.0,0.122224235907197,0.122224235907197,computed,43,True
urban__sydney__r2c0,urban,sydney,"Sydney, Australia",-33.8688,151.2093,-33.83210613711003,151.16684436158428,30-45,32756,-4000.0,4000.0,12.5,0.001,14,20,cuda:0,0.05851575732237005,bilinear,,0.07199796402034049,-0.2304030113409523,169146,170139,,,,,,0.0,0.1094218879006803,0.0,0.1094218879006803,0.1094218879006803,computed,43,True
urban__sydney__r2c0,urban,sydney,"Sydney, Australia",-33.8688,151.2093,-33.83210613711003,151.16684436158428,30-45,32756,-4000.0,4000.0,12.5,0.001,14,20,cuda:0,0.05851575732237005,bicubic,,0.06621568313064577,-0.13158721959037356,169146,170139,,,,,,0.0,0.7675792151130736,0.0,0.7675792151130736,0.7675792151130736,computed,43,True
urban__sydney__r2c1,urban,sydney,"Sydney, Australia",-33.8688,151.2093,-33.83274111023,151.2100524798755,30-45,32756,0.0,4000.0,12.5,0.001,14,20,cuda:0,0.07633838173026573,blurred_observation,12.5,0.07633838173026573,0.0,170144,170144,,,,,,0.0,0.0,0.0,0.0,0.0,computed,44,True
urban__sydney__r2c1,urban,sydney,"Sydney, Australia",-33.8688,151.2093,-33.83274111023,151.2100524798755,30-45,32756,0.0,4000.0,12.5,0.001,14,20,cuda:0,0.07633838173026573,psf_aware_matched,12.5,0.06251645222633813,0.1810613375689054,170144,171477,22.0,65536.0,171477.0,1441792.0,0.00012829708940557627,0.2769457120448351,0.04051354434341192,2.4310337388888,0.317459256388247,2.748492995277047,computed,44,True
urban__sydney__r2c1,urban,sydney,"Sydney, Australia",-33.8688,151.2093,-33.83274111023,151.2100524798755,30-45,32756,0.0,4000.0,12.5,0.001,14,20,cuda:0,0.07633838173026573,psf_aware_plus50,18.75,0.11736894172650424,-0.5374827061597403,170144,173459,48.0,65536.0,173459.0,3145728.0,0.00027672245314454714,0.4385343552567065,0.08091318188235164,2.437419923953712,0.5194475371390581,2.95686746109277,computed,44,True
urban__sydney__r2c1,urban,sydney,"Sydney, Australia",-33.8688,151.2093,-33.83274111023,151.2100524798755,30-45,32756,0.0,4000.0,12.5,0.001,14,20,cuda:0,0.07633838173026573,psf_aware_minus50,6.25,0.0877697764935781,-0.1497463596189934,169620,169620,9.0,65536.0,169620.0,589824.0,5.305978068623983e-05,0.18763749999925494,0.02373040560632944,2.5206297850236297,0.21136790560558438,2.731997690629214,computed,44,True
urban__sydney__r2c1,urban,sydney,"Sydney, Australia",-33.8688,151.2093,-33.83274111023,151.2100524798755,30-45,32756,0.0,4000.0,12.5,0.001,14,20,cuda:0,0.07633838173026573,nearest,,0.09169722306162423,-0.20119422213621796,169152,170144,,,,,,0.0,0.12108690198510885,0.0,0.12108690198510885,0.12108690198510885,computed,44,True
urban__sydney__r2c1,urban,sydney,"Sydney, Australia",-33.8688,151.2093,-33.83274111023,151.2100524798755,30-45,32756,0.0,4000.0,12.5,0.001,14,20,cuda:0,0.07633838173026573,bilinear,,0.09527126625955142,-0.24801265235334946,169152,170144,,,,,,0.0,0.10801339987665415,0.0,0.10801339987665415,0.10801339987665415,computed,44,True
urban__sydney__r2c1,urban,sydney,"Sydney, Australia",-33.8688,151.2093,-33.83274111023,151.2100524798755,30-45,32756,0.0,4000.0,12.5,0.001,14,20,cuda:0,0.07633838173026573,bicubic,,0.08686152272021821,-0.1378486254415896,169152,170144,,,,,,0.0,0.7692418731749058,0.0,0.7692418731749058,0.7692418731749058,computed,44,True
urban__sydney__r2c2,urban,sydney,"Sydney, Australia",-33.8688,151.2093,-33.83336095297478,151.2532619354189,30-45,32756,4000.0,4000.0,12.5,0.001,14,20,cuda:0,0.060081156423335426,blurred_observation,12.5,0.060081156423335426,0.0,170148,170148,,,,,,0.0,0.0,0.0,0.0,0.0,computed,45,True
urban__sydney__r2c2,urban,sydney,"Sydney, Australia",-33.8688,151.2093,-33.83336095297478,151.2532619354189,30-45,32756,4000.0,4000.0,12.5,0.001,14,20,cuda:0,0.060081156423335426,psf_aware_matched,12.5,0.05027537810701602,0.16320888112118392,170148,171485,22.0,65536.0,171485.0,1441792.0,0.000128291104178208,0.27534398762509227,0.04030942730605602,2.556122199166566,0.3156534149311483,2.8717756140977144,computed,45,True
urban__sydney__r2c2,urban,sydney,"Sydney, Australia",-33.8688,151.2093,-33.83336095297478,151.2532619354189,30-45,32756,4000.0,4000.0,12.5,0.001,14,20,cuda:0,0.060081156423335426,psf_aware_plus50,18.75,0.09031132287784728,-0.503155535847351,170148,173471,48.0,65536.0,173471.0,3145728.0,0.00027670331063981877,0.4432615991681814,0.08068835595622659,2.516474014148116,0.523949955124408,3.040423969272524,computed,45,True
urban__sydney__r2c2,urban,sydney,"Sydney, Australia",-33.8688,151.2093,-33.83336095297478,151.2532619354189,30-45,32756,4000.0,4000.0,12.5,0.001,14,20,cuda:0,0.060081156423335426,psf_aware_minus50,6.25,0.0683447980680057,-0.13754132138276698,169611,169611,9.0,65536.0,169611.0,589824.0,5.306259617595557e-05,0.1768733928911388,0.022506147157400846,2.4455577372573316,0.19937954004853964,2.6449372773058712,computed,45,True
urban__sydney__r2c2,urban,sydney,"Sydney, Australia",-33.8688,151.2093,-33.83336095297478,151.2532619354189,30-45,32756,4000.0,4000.0,12.5,0.001,14,20,cuda:0,0.060081156423335426,nearest,,0.07117914782723214,-0.18471667432130645,169159,170148,,,,,,0.0,0.14811077481135726,0.0,0.14811077481135726,0.14811077481135726,computed,45,True
urban__sydney__r2c2,urban,sydney,"Sydney, Australia",-33.8688,151.2093,-33.83336095297478,151.2532619354189,30-45,32756,4000.0,4000.0,12.5,0.001,14,20,cuda:0,0.060081156423335426,bilinear,,0.07379321238243254,-0.2282255664734738,169159,170148,,,,,,0.0,0.10875181900337338,0.0,0.10875181900337338,0.10875181900337338,computed,45,True
urban__sydney__r2c2,urban,sydney,"Sydney, Australia",-33.8688,151.2093,-33.83336095297478,151.2532619354189,30-45,32756,4000.0,4000.0,12.5,0.001,14,20,cuda:0,0.060081156423335426,bicubic,,0.06786287779032568,-0.12952016622582607,169159,170148,,,,,,0.0,0.7686188528314233,0.0,0.7686188528314233,0.7686188528314233,computed,45,True
urban__mexico_city__r0c0,urban,mexico_city,"Mexico City, Mexico",19.4326,-99.1332,19.396419093262978,-99.17126634016445,15-30,32614,-4000.0,-4000.0,12.5,0.001,14,20,cuda:0,0.08224998331422335,blurred_observation,12.5,0.08224998331422335,0.0,170700,170700,,,,,,0.0,0.0,0.0,0.0,0.0,computed,46,True
urban__mexico_city__r0c0,urban,mexico_city,"Mexico City, Mexico",19.4326,-99.1332,19.396419093262978,-99.17126634016445,15-30,32614,-4000.0,-4000.0,12.5,0.001,14,20,cuda:0,0.08224998331422335,psf_aware_matched,12.5,0.06859573568584951,0.1660091233843769,170700,171874,22.0,65536.0,171874.0,1441792.0,0.00012800074473160572,0.2760244766250253,0.04029239434748888,2.5191786671057343,0.31631687097251415,2.8354955380782485,computed,46,True
urban__mexico_city__r0c0,urban,mexico_city,"Mexico City, Mexico",19.4326,-99.1332,19.396419093262978,-99.17126634016445,15-30,32614,-4000.0,-4000.0,12.5,0.001,14,20,cuda:0,0.08224998331422335,psf_aware_plus50,18.75,0.12541857705826137,-0.5248462310213373,170700,174201,48.0,65536.0,174201.0,3145728.0,0.00027554376840546263,0.5065811770036817,0.07979596499353647,2.577995997853577,0.5863771419972181,3.1643731398507953,computed,46,True
urban__mexico_city__r0c0,urban,mexico_city,"Mexico City, Mexico",19.4326,-99.1332,19.396419093262978,-99.17126634016445,15-30,32614,-4000.0,-4000.0,12.5,0.001,14,20,cuda:0,0.08224998331422335,psf_aware_minus50,6.25,0.0937933604248661,-0.14034503893506045,170230,170230,9.0,65536.0,170230.0,589824.0,5.286964694824649e-05,0.17633704701438546,0.02232662681490183,2.4999720887281,0.1986636738292873,2.6986357625573874,computed,46,True
urban__mexico_city__r0c0,urban,mexico_city,"Mexico City, Mexico",19.4326,-99.1332,19.396419093262978,-99.17126634016445,15-30,32614,-4000.0,-4000.0,12.5,0.001,14,20,cuda:0,0.08224998331422335,nearest,,0.09791922542331159,-0.1905075414936721,169533,170700,,,,,,0.0,0.12182871717959642,0.0,0.12182871717959642,0.12182871717959642,computed,46,True
urban__mexico_city__r0c0,urban,mexico_city,"Mexico City, Mexico",19.4326,-99.1332,19.396419093262978,-99.17126634016445,15-30,32614,-4000.0,-4000.0,12.5,0.001,14,20,cuda:0,0.08224998331422335,bilinear,,0.10168272342722094,-0.23626436541339846,169533,170700,,,,,,0.0,0.10866201762109995,0.0,0.10866201762109995,0.10866201762109995,computed,46,True
urban__mexico_city__r0c0,urban,mexico_city,"Mexico City, Mexico",19.4326,-99.1332,19.396419093262978,-99.17126634016445,15-30,32614,-4000.0,-4000.0,12.5,0.001,14,20,cuda:0,0.08224998331422335,bicubic,,0.09326182763126536,-0.13388263283863489,169533,170700,,,,,,0.0,0.7679503173567355,0.0,0.7679503173567355,0.7679503173567355,computed,46,True
urban__mexico_city__r0c1,urban,mexico_city,"Mexico City, Mexico",19.4326,-99.1332,19.396450987683966,-99.13317056114029,15-30,32614,0.0,-4000.0,12.5,0.001,14,20,cuda:0,0.0787906813161825,blurred_observation,12.5,0.0787906813161825,0.0,170743,170743,,,,,,0.0,0.0,0.0,0.0,0.0,computed,47,True
urban__mexico_city__r0c1,urban,mexico_city,"Mexico City, Mexico",19.4326,-99.1332,19.396450987683966,-99.13317056114029,15-30,32614,0.0,-4000.0,12.5,0.001,14,20,cuda:0,0.0787906813161825,psf_aware_matched,12.5,0.06706823557393295,0.14877959609472147,170743,171996,22.0,65536.0,171996.0,1441792.0,0.00012790995139421848,0.2783937039785087,0.04028796683996916,2.7536494699306786,0.31868167081847787,3.0723311407491565,computed,47,True
urban__mexico_city__r0c1,urban,mexico_city,"Mexico City, Mexico",19.4326,-99.1332,19.396450987683966,-99.13317056114029,15-30,32614,0.0,-4000.0,12.5,0.001,14,20,cuda:0,0.0787906813161825,psf_aware_plus50,18.75,0.11967293229505796,-0.5188716520271899,170743,174054,48.0,65536.0,174054.0,3145728.0,0.0002757764831603985,0.43935756385326385,0.08102259878069162,2.511369636282325,0.5203801626339555,3.0317497989162803,computed,47,True
urban__mexico_city__r0c1,urban,mexico_city,"Mexico City, Mexico",19.4326,-99.1332,19.396450987683966,-99.13317056114029,15-30,32614,0.0,-4000.0,12.5,0.001,14,20,cuda:0,0.0787906813161825,psf_aware_minus50,6.25,0.0894415715818772,-0.13517956803740905,170179,170179,9.0,65536.0,170179.0,589824.0,5.2885491159308726e-05,0.17395101813599467,0.02223459305241704,2.481704148929566,0.1961856111884117,2.677889760117978,computed,47,True
urban__mexico_city__r0c1,urban,mexico_city,"Mexico City, Mexico",19.4326,-99.1332,19.396450987683966,-99.13317056114029,15-30,32614,0.0,-4000.0,12.5,0.001,14,20,cuda:0,0.0787906813161825,nearest,,0.09309704921302814,-0.18157436460582188,169683,170743,,,,,,0.0,0.12390266358852386,0.0,0.12390266358852386,0.12390266358852386,computed,47,True
urban__mexico_city__r0c1,urban,mexico_city,"Mexico City, Mexico",19.4326,-99.1332,19.396450987683966,-99.13317056114029,15-30,32614,0.0,-4000.0,12.5,0.001,14,20,cuda:0,0.0787906813161825,bilinear,,0.09656615677738485,-0.22560377907979223,169683,170743,,,,,,0.0,0.10874581802636385,0.0,0.10874581802636385,0.10874581802636385,computed,47,True
urban__mexico_city__r0c1,urban,mexico_city,"Mexico City, Mexico",19.4326,-99.1332,19.396450987683966,-99.13317056114029,15-30,32614,0.0,-4000.0,12.5,0.001,14,20,cuda:0,0.0787906813161825,bicubic,,0.08914051594778903,-0.13135861321052977,169683,170743,,,,,,0.0,0.7735660332255065,0.0,0.7735660332255065,0.7735660332255065,computed,47,True
urban__mexico_city__r0c2,urban,mexico_city,"Mexico City, Mexico",19.4326,-99.1332,19.396474899912338,-99.0950747164355,15-30,32614,4000.0,-4000.0,12.5,0.001,14,20,cuda:0,0.07530533062644387,blurred_observation,12.5,0.07530533062644387,0.0,170713,170713,,,,,,0.0,0.0,0.0,0.0,0.0,computed,48,True
urban__mexico_city__r0c2,urban,mexico_city,"Mexico City, Mexico",19.4326,-99.1332,19.396474899912338,-99.0950747164355,15-30,32614,4000.0,-4000.0,12.5,0.001,14,20,cuda:0,0.07530533062644387,psf_aware_matched,12.5,0.0643040915529153,0.1460884506051876,170713,172336,22.0,65536.0,172336.0,1441792.0,0.00012765759910871786,0.2683307253755629,0.04024841217324138,2.47657521488145,0.3085791375488043,2.785154352430254,computed,48,True
urban__mexico_city__r0c2,urban,mexico_city,"Mexico City, Mexico",19.4326,-99.1332,19.396474899912338,-99.0950747164355,15-30,32614,4000.0,-4000.0,12.5,0.001,14,20,cuda:0,0.07530533062644387,psf_aware_plus50,18.75,0.11247894366807379,-0.49363853438253424,170713,173820,48.0,65536.0,173820.0,3145728.0,0.0002761477390403866,0.459187522996217,0.08025294076651335,2.7351825940422714,0.5394404637627304,3.2746230578050017,computed,48,True
urban__mexico_city__r0c2,urban,mexico_city,"Mexico City, Mexico",19.4326,-99.1332,19.396474899912338,-99.0950747164355,15-30,32614,4000.0,-4000.0,12.5,0.001,14,20,cuda:0,0.07530533062644387,psf_aware_minus50,6.25,0.08564686432896744,-0.13732804326725945,170116,170116,9.0,65536.0,170116.0,589824.0,5.290507653601072e-05,0.18312116619199514,0.022347496822476387,2.514777942094952,0.20546866301447153,2.7202466051094234,computed,48,True
urban__mexico_city__r0c2,urban,mexico_city,"Mexico City, Mexico",19.4326,-99.1332,19.396474899912338,-99.0950747164355,15-30,32614,4000.0,-4000.0,12.5,0.001,14,20,cuda:0,0.07530533062644387,nearest,,0.08910913972180823,-0.1833045413987875,169984,170713,,,,,,0.0,0.12170503288507462,0.0,0.12170503288507462,0.12170503288507462,computed,48,True
urban__mexico_city__r0c2,urban,mexico_city,"Mexico City, Mexico",19.4326,-99.1332,19.396474899912338,-99.0950747164355,15-30,32614,4000.0,-4000.0,12.5,0.001,14,20,cuda:0,0.07530533062644387,bilinear,,0.09221324791399924,-0.22452483970129533,169984,170713,,,,,,0.0,0.11103078536689281,0.0,0.11103078536689281,0.11103078536689281,computed,48,True
urban__mexico_city__r0c2,urban,mexico_city,"Mexico City, Mexico",19.4326,-99.1332,19.396474899912338,-99.0950747164355,15-30,32614,4000.0,-4000.0,12.5,0.001,14,20,cuda:0,0.07530533062644387,bicubic,,0.08510003423501042,-0.13006653748263441,169984,170713,,,,,,0.0,0.7663724981248379,0.0,0.7663724981248379,0.7663724981248379,computed,48,True
urban__mexico_city__r1c0,urban,mexico_city,"Mexico City, Mexico",19.4326,-99.1332,19.432568041496072,-99.17130420043806,15-30,32614,-4000.0,0.0,12.5,0.001,14,20,cuda:0,0.0773040053916075,blurred_observation,12.5,0.0773040053916075,0.0,170700,170700,,,,,,0.0,0.0,0.0,0.0,0.0,computed,49,True
urban__mexico_city__r1c0,urban,mexico_city,"Mexico City, Mexico",19.4326,-99.1332,19.432568041496072,-99.17130420043806,15-30,32614,-4000.0,0.0,12.5,0.001,14,20,cuda:0,0.0773040053916075,psf_aware_matched,12.5,0.0626409210260358,0.1896807842141075,170700,171915,22.0,65536.0,171915.0,1441792.0,0.00012797021784021173,0.27609436912462115,0.04042668920010328,2.515087918844074,0.31652105832472444,2.8316089771687984,computed,49,True
urban__mexico_city__r1c0,urban,mexico_city,"Mexico City, Mexico",19.4326,-99.1332,19.432568041496072,-99.17130420043806,15-30,32614,-4000.0,0.0,12.5,0.001,14,20,cuda:0,0.0773040053916075,psf_aware_plus50,18.75,0.11829921864690812,-0.5303116319474859,170700,174173,48.0,65536.0,174173.0,3145728.0,0.00027558806474022957,0.44074790785089135,0.08067397773265839,2.5278326477855444,0.5214218855835497,3.049254533369094,computed,49,True
urban__mexico_city__r1c0,urban,mexico_city,"Mexico City, Mexico",19.4326,-99.1332,19.432568041496072,-99.17130420043806,15-30,32614,-4000.0,0.0,12.5,0.001,14,20,cuda:0,0.0773040053916075,psf_aware_minus50,6.25,0.08892190205079906,-0.15028841779074043,170199,170199,9.0,65536.0,170199.0,589824.0,5.2879276611495956e-05,0.18627497972920537,0.022401769645512104,2.452948465012014,0.20867674937471747,2.6616252143867314,computed,49,True
urban__mexico_city__r1c0,urban,mexico_city,"Mexico City, Mexico",19.4326,-99.1332,19.432568041496072,-99.17130420043806,15-30,32614,-4000.0,0.0,12.5,0.001,14,20,cuda:0,0.0773040053916075,nearest,,0.09305586729875209,-0.20376514551023095,169619,170700,,,,,,0.0,0.13770909514278173,0.0,0.13770909514278173,0.13770909514278173,computed,49,True
urban__mexico_city__r1c0,urban,mexico_city,"Mexico City, Mexico",19.4326,-99.1332,19.432568041496072,-99.17130420043806,15-30,32614,-4000.0,0.0,12.5,0.001,14,20,cuda:0,0.0773040053916075,bilinear,,0.09672896730777278,-0.2512801480047777,169619,170700,,,,,,0.0,0.1084146499633789,0.0,0.1084146499633789,0.1084146499633789,computed,49,True
urban__mexico_city__r1c0,urban,mexico_city,"Mexico City, Mexico",19.4326,-99.1332,19.432568041496072,-99.17130420043806,15-30,32614,-4000.0,0.0,12.5,0.001,14,20,cuda:0,0.0773040053916075,bicubic,,0.08789314346769649,-0.13698045815926885,169619,170700,,,,,,0.0,0.7695502573624253,0.0,0.7695502573624253,0.7695502573624253,computed,49,True
urban__mexico_city__r1c1,urban,mexico_city,"Mexico City, Mexico",19.4326,-99.1332,19.4326,-99.1332,15-30,32614,0.0,0.0,12.5,0.001,14,20,cuda:0,0.07988454853507897,blurred_observation,12.5,0.07988454853507897,0.0,170688,170688,,,,,,0.0,0.0,0.0,0.0,0.0,computed,50,True
urban__mexico_city__r1c1,urban,mexico_city,"Mexico City, Mexico",19.4326,-99.1332,19.4326,-99.1332,15-30,32614,0.0,0.0,12.5,0.001,14,20,cuda:0,0.07988454853507897,psf_aware_matched,12.5,0.06736093328108132,0.15677143432184837,170688,171891,22.0,65536.0,171891.0,1441792.0,0.00012798808547277054,0.2750764722004533,0.04029529960826039,2.4848002828657627,0.3153717718087137,2.8001720546744764,computed,50,True
urban__mexico_city__r1c1,urban,mexico_city,"Mexico City, Mexico",19.4326,-99.1332,19.4326,-99.1332,15-30,32614,0.0,0.0,12.5,0.001,14,20,cuda:0,0.07988454853507897,psf_aware_plus50,18.75,0.12382905029849643,-0.5501001453881975,170688,174156,48.0,65536.0,174156.0,3145728.0,0.00027561496589264796,0.510602633934468,0.07972587272524834,2.546942201908678,0.5903285066597164,3.137270708568394,computed,50,True
urban__mexico_city__r1c1,urban,mexico_city,"Mexico City, Mexico",19.4326,-99.1332,19.4326,-99.1332,15-30,32614,0.0,0.0,12.5,0.001,14,20,cuda:0,0.07988454853507897,psf_aware_minus50,6.25,0.09161820208194295,-0.14688264203823453,170257,170257,9.0,65536.0,170257.0,589824.0,5.28612626793612e-05,0.1747905882075429,0.022265943232923746,2.4835635614581406,0.19705653144046664,2.6806200928986073,computed,50,True
urban__mexico_city__r1c1,urban,mexico_city,"Mexico City, Mexico",19.4326,-99.1332,19.4326,-99.1332,15-30,32614,0.0,0.0,12.5,0.001,14,20,cuda:0,0.07988454853507897,nearest,,0.09549798817592549,-0.19545005795445336,169533,170688,,,,,,0.0,0.12261680932715535,0.0,0.12261680932715535,0.12261680932715535,computed,50,True
urban__mexico_city__r1c1,urban,mexico_city,"Mexico City, Mexico",19.4326,-99.1332,19.4326,-99.1332,15-30,32614,0.0,0.0,12.5,0.001,14,20,cuda:0,0.07988454853507897,bilinear,,0.09913242143888969,-0.24094613109515883,169533,170688,,,,,,0.0,0.10871561011299491,0.0,0.10871561011299491,0.10871561011299491,computed,50,True
urban__mexico_city__r1c1,urban,mexico_city,"Mexico City, Mexico",19.4326,-99.1332,19.4326,-99.1332,15-30,32614,0.0,0.0,12.5,0.001,14,20,cuda:0,0.07988454853507897,bicubic,,0.09097464346411843,-0.13882653319583538,169533,170688,,,,,,0.0,0.7704236921854317,0.0,0.7704236921854317,0.7704236921854317,computed,50,True
urban__mexico_city__r1c2,urban,mexico_city,"Mexico City, Mexico",19.4326,-99.1332,19.43262396027334,-99.09509573381472,15-30,32614,4000.0,0.0,12.5,0.001,14,20,cuda:0,0.07593032087909468,blurred_observation,12.5,0.07593032087909468,0.0,170552,170552,,,,,,0.0,0.0,0.0,0.0,0.0,computed,51,True
urban__mexico_city__r1c2,urban,mexico_city,"Mexico City, Mexico",19.4326,-99.1332,19.43262396027334,-99.09509573381472,15-30,32614,4000.0,0.0,12.5,0.001,14,20,cuda:0,0.07593032087909468,psf_aware_matched,12.5,0.062429980388328726,0.1777990707067182,170552,172035,22.0,65536.0,172035.0,1441792.0,0.0001278809544569419,0.2793223229236901,0.04033675929531455,2.4770190357230604,0.31965908221900463,2.796678117942065,computed,51,True
urban__mexico_city__r1c2,urban,mexico_city,"Mexico City, Mexico",19.4326,-99.1332,19.43262396027334,-99.09509573381472,15-30,32614,4000.0,0.0,12.5,0.001,14,20,cuda:0,0.07593032087909468,psf_aware_plus50,18.75,0.11292229456339671,-0.48718316024510244,170552,173998,48.0,65536.0,173998.0,3145728.0,0.0002758652398303429,0.43544711684808135,0.08183702128008008,2.4766446258872747,0.5172841381281614,2.993928764015436,computed,51,True
urban__mexico_city__r1c2,urban,mexico_city,"Mexico City, Mexico",19.4326,-99.1332,19.43262396027334,-99.09509573381472,15-30,32614,4000.0,0.0,12.5,0.001,14,20,cuda:0,0.07593032087909468,psf_aware_minus50,6.25,0.08630938163300869,-0.13669191218671117,170272,170272,9.0,65536.0,170272.0,589824.0,5.2856605901146404e-05,0.1730293706059456,0.022243550047278404,2.423399928957224,0.195272920653224,2.618672849610448,computed,51,True
urban__mexico_city__r1c2,urban,mexico_city,"Mexico City, Mexico",19.4326,-99.1332,19.43262396027334,-99.09509573381472,15-30,32614,4000.0,0.0,12.5,0.001,14,20,cuda:0,0.07593032087909468,nearest,,0.09005995145371758,-0.18608680183403647,169639,170552,,,,,,0.0,0.12393203098326921,0.0,0.12393203098326921,0.12393203098326921,computed,51,True
urban__mexico_city__r1c2,urban,mexico_city,"Mexico City, Mexico",19.4326,-99.1332,19.43262396027334,-99.09509573381472,15-30,32614,4000.0,0.0,12.5,0.001,14,20,cuda:0,0.07593032087909468,bilinear,,0.09341905091184717,-0.23032603879812563,169639,170552,,,,,,0.0,0.10786382621154189,0.0,0.10786382621154189,0.10786382621154189,computed,51,True
urban__mexico_city__r1c2,urban,mexico_city,"Mexico City, Mexico",19.4326,-99.1332,19.43262396027334,-99.09509573381472,15-30,32614,4000.0,0.0,12.5,0.001,14,20,cuda:0,0.07593032087909468,bicubic,,0.08575671914045611,-0.12941336408953408,169639,170552,,,,,,0.0,0.7597440844401717,0.0,0.7597440844401717,0.7597440844401717,computed,51,True
urban__mexico_city__r2c0,urban,mexico_city,"Mexico City, Mexico",19.4326,-99.1332,19.46871684584549,-99.17134214526682,15-30,32614,-4000.0,4000.0,12.5,0.001,14,20,cuda:0,0.08346512095484705,blurred_observation,12.5,0.08346512095484705,0.0,170665,170665,,,,,,0.0,0.0,0.0,0.0,0.0,computed,52,True
urban__mexico_city__r2c0,urban,mexico_city,"Mexico City, Mexico",19.4326,-99.1332,19.46871684584549,-99.17134214526682,15-30,32614,-4000.0,4000.0,12.5,0.001,14,20,cuda:0,0.08346512095484705,psf_aware_matched,12.5,0.07032766442743749,0.15740055698854938,170665,172051,22.0,65536.0,172051.0,1441792.0,0.00012786906208042963,0.2949651009403169,0.040410798974335194,2.4903165311552584,0.3353758999146521,2.8256924310699105,computed,52,True
urban__mexico_city__r2c0,urban,mexico_city,"Mexico City, Mexico",19.4326,-99.1332,19.46871684584549,-99.17134214526682,15-30,32614,-4000.0,4000.0,12.5,0.001,14,20,cuda:0,0.08346512095484705,psf_aware_plus50,18.75,0.1276149641405064,-0.5289615911482777,170665,173990,48.0,65536.0,173990.0,3145728.0,0.00027587792401862176,0.4349055620841682,0.08055278798565269,2.4918971648439765,0.5154583500698209,3.0073555149137974,computed,52,True
urban__mexico_city__r2c0,urban,mexico_city,"Mexico City, Mexico",19.4326,-99.1332,19.46871684584549,-99.17134214526682,15-30,32614,-4000.0,4000.0,12.5,0.001,14,20,cuda:0,0.08346512095484705,psf_aware_minus50,6.25,0.09496581739069125,-0.1377904483247061,170204,170204,9.0,65536.0,170204.0,589824.0,5.287772320274494e-05,0.17823607381433249,0.023491533938795328,2.5423718160018325,0.2017276077531278,2.7440994237549603,computed,52,True
urban__mexico_city__r2c0,urban,mexico_city,"Mexico City, Mexico",19.4326,-99.1332,19.46871684584549,-99.17134214526682,15-30,32614,-4000.0,4000.0,12.5,0.001,14,20,cuda:0,0.08346512095484705,nearest,,0.09898883707088349,-0.1859904585106209,169696,170665,,,,,,0.0,0.12215459393337369,0.0,0.12215459393337369,0.12215459393337369,computed,52,True
urban__mexico_city__r2c0,urban,mexico_city,"Mexico City, Mexico",19.4326,-99.1332,19.46871684584549,-99.17134214526682,15-30,32614,-4000.0,4000.0,12.5,0.001,14,20,cuda:0,0.08346512095484705,bilinear,,0.10261064155293051,-0.22938348832491107,169696,170665,,,,,,0.0,0.10782201774418354,0.0,0.10782201774418354,0.10782201774418354,computed,52,True
urban__mexico_city__r2c0,urban,mexico_city,"Mexico City, Mexico",19.4326,-99.1332,19.46871684584549,-99.17134214526682,15-30,32614,-4000.0,4000.0,12.5,0.001,14,20,cuda:0,0.08346512095484705,bicubic,,0.09460202925361867,-0.1334318835384718,169696,170665,,,,,,0.0,0.7692745351232588,0.0,0.7692745351232588,0.7692745351232588,computed,52,True
urban__mexico_city__r2c1,urban,mexico_city,"Mexico City, Mexico",19.4326,-99.1332,19.468748868459762,-99.13322950460694,15-30,32614,0.0,4000.0,12.5,0.001,14,20,cuda:0,0.07880092383702965,blurred_observation,12.5,0.07880092383702965,0.0,170658,170658,,,,,,0.0,0.0,0.0,0.0,0.0,computed,53,True
urban__mexico_city__r2c1,urban,mexico_city,"Mexico City, Mexico",19.4326,-99.1332,19.468748868459762,-99.13322950460694,15-30,32614,0.0,4000.0,12.5,0.001,14,20,cuda:0,0.07880092383702965,psf_aware_matched,12.5,0.06643460426587895,0.15693114964902977,170658,172128,22.0,65536.0,172128.0,1441792.0,0.0001278118609406953,0.28847057092934847,0.04032329423353076,2.4792274977080524,0.32879386516287923,2.8080213628709316,computed,53,True
urban__mexico_city__r2c1,urban,mexico_city,"Mexico City, Mexico",19.4326,-99.1332,19.468748868459762,-99.13322950460694,15-30,32614,0.0,4000.0,12.5,0.001,14,20,cuda:0,0.07880092383702965,psf_aware_plus50,18.75,0.12043740394620565,-0.528375532694078,170658,173839,48.0,65536.0,173839.0,3145728.0,0.000276117557049914,0.4354560151696205,0.08351092087104917,2.5803197296336293,0.5189669360406697,3.099286665674299,computed,53,True
urban__mexico_city__r2c1,urban,mexico_city,"Mexico City, Mexico",19.4326,-99.1332,19.468748868459762,-99.13322950460694,15-30,32614,0.0,4000.0,12.5,0.001,14,20,cuda:0,0.07880092383702965,psf_aware_minus50,6.25,0.08931662742371177,-0.1334464505572286,170183,170183,9.0,65536.0,170183.0,589824.0,5.288424813289224e-05,0.35178485000506043,0.022733978927135468,2.592401403002441,0.3745188289321959,2.966920231934637,computed,53,True
urban__mexico_city__r2c1,urban,mexico_city,"Mexico City, Mexico",19.4326,-99.1332,19.468748868459762,-99.13322950460694,15-30,32614,0.0,4000.0,12.5,0.001,14,20,cuda:0,0.07880092383702965,nearest,,0.09304098177936136,-0.18070927660419267,169768,170658,,,,,,0.0,0.12371484935283661,0.0,0.12371484935283661,0.12371484935283661,computed,53,True
urban__mexico_city__r2c1,urban,mexico_city,"Mexico City, Mexico",19.4326,-99.1332,19.468748868459762,-99.13322950460694,15-30,32614,0.0,4000.0,12.5,0.001,14,20,cuda:0,0.07880092383702965,bilinear,,0.09642791953654067,-0.22369021632241126,169768,170658,,,,,,0.0,0.1085089580155909,0.0,0.1085089580155909,0.1085089580155909,computed,53,True
urban__mexico_city__r2c1,urban,mexico_city,"Mexico City, Mexico",19.4326,-99.1332,19.468748868459762,-99.13322950460694,15-30,32614,0.0,4000.0,12.5,0.001,14,20,cuda:0,0.07880092383702965,bicubic,,0.08903546669274896,-0.12987846280692916,169768,170658,,,,,,0.0,0.7734675062820315,0.0,0.7734675062820315,0.7734675062820315,computed,53,True
urban__mexico_city__r2c2,urban,mexico_city,"Mexico City, Mexico",19.4326,-99.1332,19.468772876798614,-99.09511679813309,15-30,32614,4000.0,4000.0,12.5,0.001,14,20,cuda:0,0.07960634496877153,blurred_observation,12.5,0.07960634496877153,0.0,170933,170933,,,,,,0.0,0.0,0.0,0.0,0.0,computed,54,True
urban__mexico_city__r2c2,urban,mexico_city,"Mexico City, Mexico",19.4326,-99.1332,19.468772876798614,-99.09511679813309,15-30,32614,4000.0,4000.0,12.5,0.001,14,20,cuda:0,0.07960634496877153,psf_aware_matched,12.5,0.06713100986034379,0.15671282374943407,170933,172167,22.0,65536.0,172167.0,1441792.0,0.00012778290845516272,0.43869043001905084,0.04180477885529399,2.494347426109016,0.4804952088743448,2.9748426349833608,computed,54,True
urban__mexico_city__r2c2,urban,mexico_city,"Mexico City, Mexico",19.4326,-99.1332,19.468772876798614,-99.09511679813309,15-30,32614,4000.0,4000.0,12.5,0.001,14,20,cuda:0,0.07960634496877153,psf_aware_plus50,18.75,0.12185628700827311,-0.530735861018059,170933,174048,48.0,65536.0,174048.0,3145728.0,0.0002757859900717044,0.4653123328462243,0.08058298612013459,2.678669625893235,0.5458953189663589,3.224564944859594,computed,54,True
urban__mexico_city__r2c2,urban,mexico_city,"Mexico City, Mexico",19.4326,-99.1332,19.468772876798614,-99.09511679813309,15-30,32614,4000.0,4000.0,12.5,0.001,14,20,cuda:0,0.07960634496877153,psf_aware_minus50,6.25,0.09018318756899052,-0.13286431633518836,170041,170041,9.0,65536.0,170041.0,589824.0,5.292841138313701e-05,0.18341206712648273,0.022282624151557684,2.598010415676981,0.2056946912780404,2.8037051069550216,computed,54,True
urban__mexico_city__r2c2,urban,mexico_city,"Mexico City, Mexico",19.4326,-99.1332,19.468772876798614,-99.09511679813309,15-30,32614,4000.0,4000.0,12.5,0.001,14,20,cuda:0,0.07960634496877153,nearest,,0.09390111471627788,-0.179568221014468,169831,170933,,,,,,0.0,0.12125881807878613,0.0,0.12125881807878613,0.12125881807878613,computed,54,True
urban__mexico_city__r2c2,urban,mexico_city,"Mexico City, Mexico",19.4326,-99.1332,19.468772876798614,-99.09511679813309,15-30,32614,4000.0,4000.0,12.5,0.001,14,20,cuda:0,0.07960634496877153,bilinear,,0.09726346834742759,-0.22180547776163695,169831,170933,,,,,,0.0,0.10742235090583563,0.0,0.10742235090583563,0.10742235090583563,computed,54,True
urban__mexico_city__r2c2,urban,mexico_city,"Mexico City, Mexico",19.4326,-99.1332,19.468772876798614,-99.09511679813309,15-30,32614,4000.0,4000.0,12.5,0.001,14,20,cuda:0,0.07960634496877153,bicubic,,0.0898180538814511,-0.12827757531997586,169831,170933,,,,,,0.0,0.7655437891371548,0.0,0.7655437891371548,0.7655437891371548,computed,54,True
urban__tokyo__r0c0,urban,tokyo,"Tokyo, Japan",35.6762,139.6503,35.63964131912426,139.6067378271551,30-45,32654,-4000.0,-4000.0,12.5,0.001,14,20,cuda:0,0.08404364314027293,blurred_observation,12.5,0.08404364314027293,0.0,170128,170128,,,,,,0.0,0.0,0.0,0.0,0.0,computed,55,True
urban__tokyo__r0c0,urban,tokyo,"Tokyo, Japan",35.6762,139.6503,35.63964131912426,139.6067378271551,30-45,32654,-4000.0,-4000.0,12.5,0.001,14,20,cuda:0,0.08404364314027293,psf_aware_matched,12.5,0.06972736029890902,0.17034343474936386,170128,171464,22.0,65536.0,171464.0,1441792.0,0.0001283068165912378,0.2871239399537444,0.04022838408127427,2.45612801797688,0.3273523240350187,2.7834803420118988,computed,55,True
urban__tokyo__r0c0,urban,tokyo,"Tokyo, Japan",35.6762,139.6503,35.63964131912426,139.6067378271551,30-45,32654,-4000.0,-4000.0,12.5,0.001,14,20,cuda:0,0.08404364314027293,psf_aware_plus50,18.75,0.13172349462241822,-0.5673225207832233,170128,173440,48.0,65536.0,173440.0,3145728.0,0.00027675276752767527,0.771635266020894,0.08115372806787491,2.360147446859628,0.852788994088769,3.212936440948397,computed,55,True
urban__tokyo__r0c0,urban,tokyo,"Tokyo, Japan",35.6762,139.6503,35.63964131912426,139.6067378271551,30-45,32654,-4000.0,-4000.0,12.5,0.001,14,20,cuda:0,0.08404364314027293,psf_aware_minus50,6.25,0.09557104108234943,-0.1371596650425626,169596,169596,9.0,65536.0,169596.0,589824.0,5.306728932286139e-05,0.19716425333172083,0.022384055890142918,2.2976622991263866,0.21954830922186375,2.5172106083482504,computed,55,True
urban__tokyo__r0c0,urban,tokyo,"Tokyo, Japan",35.6762,139.6503,35.63964131912426,139.6067378271551,30-45,32654,-4000.0,-4000.0,12.5,0.001,14,20,cuda:0,0.08404364314027293,nearest,,0.09979946142755015,-0.18747186222020384,169136,170128,,,,,,0.0,0.15017929393798113,0.0,0.15017929393798113,0.15017929393798113,computed,55,True
urban__tokyo__r0c0,urban,tokyo,"Tokyo, Japan",35.6762,139.6503,35.63964131912426,139.6067378271551,30-45,32654,-4000.0,-4000.0,12.5,0.001,14,20,cuda:0,0.08404364314027293,bilinear,,0.10372782224642088,-0.23421377715973235,169136,170128,,,,,,0.0,0.14237094391137362,0.0,0.14237094391137362,0.14237094391137362,computed,55,True
urban__tokyo__r0c0,urban,tokyo,"Tokyo, Japan",35.6762,139.6503,35.63964131912426,139.6067378271551,30-45,32654,-4000.0,-4000.0,12.5,0.001,14,20,cuda:0,0.08404364314027293,bicubic,,0.09560029698821851,-0.13750776877505122,169136,170128,,,,,,0.0,0.7815081556327641,0.0,0.7815081556327641,0.7815081556327641,computed,55,True
urban__tokyo__r0c1,urban,tokyo,"Tokyo, Japan",35.6762,139.6503,35.640144198849526,139.65090666203452,30-45,32654,0.0,-4000.0,12.5,0.001,14,20,cuda:0,0.09308165826375218,blurred_observation,12.5,0.09308165826375218,0.0,170130,170130,,,,,,0.0,0.0,0.0,0.0,0.0,computed,56,True
urban__tokyo__r0c1,urban,tokyo,"Tokyo, Japan",35.6762,139.6503,35.640144198849526,139.65090666203452,30-45,32654,0.0,-4000.0,12.5,0.001,14,20,cuda:0,0.09308165826375218,psf_aware_matched,12.5,0.07734709645328036,0.16904041144053372,170130,171465,22.0,65536.0,171465.0,1441792.0,0.0001283060682938209,0.3699897797778249,0.04143217299133539,2.2871938720345497,0.41142195276916027,2.69861582480371,computed,56,True
urban__tokyo__r0c1,urban,tokyo,"Tokyo, Japan",35.6762,139.6503,35.640144198849526,139.65090666203452,30-45,32654,0.0,-4000.0,12.5,0.001,14,20,cuda:0,0.09308165826375218,psf_aware_plus50,18.75,0.14637974166316772,-0.5725949063820113,170130,173449,48.0,65536.0,173449.0,3145728.0,0.0002767384072551586,0.6267768307588995,0.08185080718249083,2.3562675090506673,0.7086276379413903,3.0648951469920576,computed,56,True
urban__tokyo__r0c1,urban,tokyo,"Tokyo, Japan",35.6762,139.6503,35.640144198849526,139.65090666203452,30-45,32654,0.0,-4000.0,12.5,0.001,14,20,cuda:0,0.09308165826375218,psf_aware_minus50,6.25,0.10539243477440438,-0.1322578125517373,169600,169600,9.0,65536.0,169600.0,589824.0,5.3066037735849056e-05,0.19899442000314593,0.022506977897137403,2.2929196362383664,0.22150139790028334,2.5144210341386497,computed,56,True
urban__tokyo__r0c1,urban,tokyo,"Tokyo, Japan",35.6762,139.6503,35.640144198849526,139.65090666203452,30-45,32654,0.0,-4000.0,12.5,0.001,14,20,cuda:0,0.09308165826375218,nearest,,0.11011209658741289,-0.18296234340179018,169138,170130,,,,,,0.0,0.1358883148059249,0.0,0.1358883148059249,0.1358883148059249,computed,56,True
urban__tokyo__r0c1,urban,tokyo,"Tokyo, Japan",35.6762,139.6503,35.640144198849526,139.65090666203452,30-45,32654,0.0,-4000.0,12.5,0.001,14,20,cuda:0,0.09308165826375218,bilinear,,0.11455213380059284,-0.23066279584322458,169138,170130,,,,,,0.0,0.10734889190644026,0.0,0.10734889190644026,0.10734889190644026,computed,56,True
urban__tokyo__r0c1,urban,tokyo,"Tokyo, Japan",35.6762,139.6503,35.640144198849526,139.65090666203452,30-45,32654,0.0,-4000.0,12.5,0.001,14,20,cuda:0,0.09308165826375218,bicubic,,0.1057380799991213,-0.1359711673754933,169138,170130,,,,,,0.0,0.7693406199105084,0.0,0.7693406199105084,0.7693406199105084,computed,56,True
urban__tokyo__r0c2,urban,tokyo,"Tokyo, Japan",35.6762,139.6503,35.64063088818847,139.69507657344073,30-45,32654,4000.0,-4000.0,12.5,0.001,14,20,cuda:0,0.09259606268351789,blurred_observation,12.5,0.09259606268351789,0.0,170130,170130,,,,,,0.0,0.0,0.0,0.0,0.0,computed,57,True
urban__tokyo__r0c2,urban,tokyo,"Tokyo, Japan",35.6762,139.6503,35.64063088818847,139.69507657344073,30-45,32654,4000.0,-4000.0,12.5,0.001,14,20,cuda:0,0.09259606268351789,psf_aware_matched,12.5,0.07398997180192185,0.2009382509620241,170130,171464,22.0,65536.0,171464.0,1441792.0,0.0001283068165912378,0.27841933304443955,0.04039387684315443,2.2548441807739437,0.318813209887594,2.5736573906615376,computed,57,True
urban__tokyo__r0c2,urban,tokyo,"Tokyo, Japan",35.6762,139.6503,35.64063088818847,139.69507657344073,30-45,32654,4000.0,-4000.0,12.5,0.001,14,20,cuda:0,0.09259606268351789,psf_aware_plus50,18.75,0.14482435054418635,-0.5640443702145135,170130,173460,48.0,65536.0,173460.0,3145728.0,0.0002767208578346593,0.4899169849231839,0.08069892600178719,2.286721778102219,0.5706159109249711,2.85733768902719,computed,57,True
urban__tokyo__r0c2,urban,tokyo,"Tokyo, Japan",35.6762,139.6503,35.64063088818847,139.69507657344073,30-45,32654,4000.0,-4000.0,12.5,0.001,14,20,cuda:0,0.09259606268351789,psf_aware_minus50,6.25,0.10525494298109427,-0.13671078370624556,169598,169598,9.0,65536.0,169598.0,589824.0,5.306666352197549e-05,0.1820094808936119,0.02234456082805991,2.2966850181110203,0.20435404172167182,2.501039059832692,computed,57,True
urban__tokyo__r0c2,urban,tokyo,"Tokyo, Japan",35.6762,139.6503,35.64063088818847,139.69507657344073,30-45,32654,4000.0,-4000.0,12.5,0.001,14,20,cuda:0,0.09259606268351789,nearest,,0.11035091922627566,-0.19174526462795427,169145,170130,,,,,,0.0,0.12059306586161256,0.0,0.12059306586161256,0.12059306586161256,computed,57,True
urban__tokyo__r0c2,urban,tokyo,"Tokyo, Japan",35.6762,139.6503,35.64063088818847,139.69507657344073,30-45,32654,4000.0,-4000.0,12.5,0.001,14,20,cuda:0,0.09259606268351789,bilinear,,0.11498649688983413,-0.24180762720812465,169145,170130,,,,,,0.0,0.10703260218724608,0.0,0.10703260218724608,0.10703260218724608,computed,57,True
urban__tokyo__r0c2,urban,tokyo,"Tokyo, Japan",35.6762,139.6503,35.64063088818847,139.69507657344073,30-45,32654,4000.0,-4000.0,12.5,0.001,14,20,cuda:0,0.09259606268351789,bicubic,,0.1051265769586256,-0.13532448261796493,169145,170130,,,,,,0.0,0.7671658811159432,0.0,0.7671658811159432,0.7671658811159432,computed,57,True
urban__tokyo__r1c0,urban,tokyo,"Tokyo, Japan",35.6762,139.6503,35.67569645573704,139.6061113186456,30-45,32654,-4000.0,0.0,12.5,0.001,14,20,cuda:0,0.08546226662645322,blurred_observation,12.5,0.08546226662645322,0.0,170128,170128,,,,,,0.0,0.0,0.0,0.0,0.0,computed,58,True
urban__tokyo__r1c0,urban,tokyo,"Tokyo, Japan",35.6762,139.6503,35.67569645573704,139.6061113186456,30-45,32654,-4000.0,0.0,12.5,0.001,14,20,cuda:0,0.08546226662645322,psf_aware_matched,12.5,0.0700728485699643,0.18007266439298264,170128,171464,22.0,65536.0,171464.0,1441792.0,0.0001283068165912378,0.27994519425556064,0.040544180665165186,2.2746728472411633,0.3204893749207258,2.595162222161889,computed,58,True
urban__tokyo__r1c0,urban,tokyo,"Tokyo, Japan",35.6762,139.6503,35.67569645573704,139.6061113186456,30-45,32654,-4000.0,0.0,12.5,0.001,14,20,cuda:0,0.08546226662645322,psf_aware_plus50,18.75,0.1335273273890109,-0.5624126606967392,170128,173436,48.0,65536.0,173436.0,3145728.0,0.00027675915034940844,0.4319392740726471,0.08084987197071314,2.389631612226367,0.5127891460433602,2.9024207582697272,computed,58,True
urban__tokyo__r1c0,urban,tokyo,"Tokyo, Japan",35.6762,139.6503,35.67569645573704,139.6061113186456,30-45,32654,-4000.0,0.0,12.5,0.001,14,20,cuda:0,0.08546226662645322,psf_aware_minus50,6.25,0.09726239181908644,-0.13807409583705943,169584,169584,9.0,65536.0,169584.0,589824.0,5.3071044438154546e-05,0.1743046883493662,0.02471351809799671,2.22753725014627,0.1990182064473629,2.4265554565936327,computed,58,True
urban__tokyo__r1c0,urban,tokyo,"Tokyo, Japan",35.6762,139.6503,35.67569645573704,139.6061113186456,30-45,32654,-4000.0,0.0,12.5,0.001,14,20,cuda:0,0.08546226662645322,nearest,,0.10170867802191796,-0.19010040380131898,169138,170128,,,,,,0.0,0.1462405826896429,0.0,0.1462405826896429,0.1462405826896429,computed,58,True
urban__tokyo__r1c0,urban,tokyo,"Tokyo, Japan",35.6762,139.6503,35.67569645573704,139.6061113186456,30-45,32654,-4000.0,0.0,12.5,0.001,14,20,cuda:0,0.08546226662645322,bilinear,,0.10585266653456694,-0.23858950520512257,169138,170128,,,,,,0.0,0.10777737200260162,0.0,0.10777737200260162,0.10777737200260162,computed,58,True
urban__tokyo__r1c0,urban,tokyo,"Tokyo, Japan",35.6762,139.6503,35.67569645573704,139.6061113186456,30-45,32654,-4000.0,0.0,12.5,0.001,14,20,cuda:0,0.08546226662645322,bicubic,,0.09718034063024755,-0.13711400909845772,169138,170128,,,,,,0.0,0.7704809200949967,0.0,0.7704809200949967,0.7704809200949967,computed,58,True
urban__tokyo__r1c1,urban,tokyo,"Tokyo, Japan",35.6762,139.6503,35.676200000000016,139.6503,30-45,32654,0.0,0.0,12.5,0.001,14,20,cuda:0,0.08778756889042351,blurred_observation,12.5,0.08778756889042351,0.0,170132,170132,,,,,,0.0,0.0,0.0,0.0,0.0,computed,59,True
urban__tokyo__r1c1,urban,tokyo,"Tokyo, Japan",35.6762,139.6503,35.676200000000016,139.6503,30-45,32654,0.0,0.0,12.5,0.001,14,20,cuda:0,0.08778756889042351,psf_aware_matched,12.5,0.0737365238727165,0.16005734291657558,170132,171464,22.0,65536.0,171464.0,1441792.0,0.0001283068165912378,0.2791861752048135,0.04031470697373152,2.2366160061210394,0.319500882178545,2.5561168882995844,computed,59,True
urban__tokyo__r1c1,urban,tokyo,"Tokyo, Japan",35.6762,139.6503,35.676200000000016,139.6503,30-45,32654,0.0,0.0,12.5,0.001,14,20,cuda:0,0.08778756889042351,psf_aware_plus50,18.75,0.13514855646000185,-0.5394953769444777,170132,173445,48.0,65536.0,173445.0,3145728.0,0.0002767447894145118,0.5125435199588537,0.08100114809349179,2.31525044888258,0.5935446680523455,2.9087951169349253,computed,59,True
urban__tokyo__r1c1,urban,tokyo,"Tokyo, Japan",35.6762,139.6503,35.676200000000016,139.6503,30-45,32654,0.0,0.0,12.5,0.001,14,20,cuda:0,0.08778756889042351,psf_aware_minus50,6.25,0.09927303529193732,-0.13083249196534852,169597,169597,9.0,65536.0,169597.0,589824.0,5.3066976420573474e-05,0.1785758719779551,0.02231035614386201,2.307294444181025,0.2008862281218171,2.508180672302842,computed,59,True
urban__tokyo__r1c1,urban,tokyo,"Tokyo, Japan",35.6762,139.6503,35.676200000000016,139.6503,30-45,32654,0.0,0.0,12.5,0.001,14,20,cuda:0,0.08778756889042351,nearest,,0.103504676563278,-0.17903568661837066,169141,170132,,,,,,0.0,0.12230685912072659,0.0,0.12230685912072659,0.12230685912072659,computed,59,True
urban__tokyo__r1c1,urban,tokyo,"Tokyo, Japan",35.6762,139.6503,35.676200000000016,139.6503,30-45,32654,0.0,0.0,12.5,0.001,14,20,cuda:0,0.08778756889042351,bilinear,,0.1074213647850907,-0.22365120873974886,169141,170132,,,,,,0.0,0.10883536422625184,0.0,0.10883536422625184,0.10883536422625184,computed,59,True
urban__tokyo__r1c1,urban,tokyo,"Tokyo, Japan",35.6762,139.6503,35.676200000000016,139.6503,30-45,32654,0.0,0.0,12.5,0.001,14,20,cuda:0,0.08778756889042351,bicubic,,0.09937415904506366,-0.1319844062329889,169141,170132,,,,,,0.0,0.7805532068014145,0.0,0.7805532068014145,0.7805532068014145,computed,59,True
urban__tokyo__r1c2,urban,tokyo,"Tokyo, Japan",35.6762,139.6503,35.67668733248947,139.69448975980802,30-45,32654,4000.0,0.0,12.5,0.001,14,20,cuda:0,0.08085860391730378,blurred_observation,12.5,0.08085860391730378,0.0,170131,170131,,,,,,0.0,0.0,0.0,0.0,0.0,computed,60,True
urban__tokyo__r1c2,urban,tokyo,"Tokyo, Japan",35.6762,139.6503,35.67668733248947,139.69448975980802,30-45,32654,4000.0,0.0,12.5,0.001,14,20,cuda:0,0.08085860391730378,psf_aware_matched,12.5,0.06390150829720188,0.20971294084479075,170131,171460,22.0,65536.0,171460.0,1441792.0,0.00012830980986819083,0.2735435510985553,0.040262757800519466,2.2778504779562354,0.3138063088990748,2.59165678685531,computed,60,True
urban__tokyo__r1c2,urban,tokyo,"Tokyo, Japan",35.6762,139.6503,35.67668733248947,139.69448975980802,30-45,32654,4000.0,0.0,12.5,0.001,14,20,cuda:0,0.08085860391730378,psf_aware_plus50,18.75,0.12696263348033685,-0.5701808753733231,170131,173453,48.0,65536.0,173453.0,3145728.0,0.00027673202539016335,0.458179812412709,0.08089184993878007,2.3391912360675633,0.5390716623514891,2.8782628984190524,computed,60,True
urban__tokyo__r1c2,urban,tokyo,"Tokyo, Japan",35.6762,139.6503,35.67668733248947,139.69448975980802,30-45,32654,4000.0,0.0,12.5,0.001,14,20,cuda:0,0.08085860391730378,psf_aware_minus50,6.25,0.0924168294173005,-0.14294366882487397,169600,169600,9.0,65536.0,169600.0,589824.0,5.3066037735849056e-05,0.17829302698373795,0.023308726958930492,2.3073967583477497,0.20160175394266844,2.508998512290418,computed,60,True
urban__tokyo__r1c2,urban,tokyo,"Tokyo, Japan",35.6762,139.6503,35.67668733248947,139.69448975980802,30-45,32654,4000.0,0.0,12.5,0.001,14,20,cuda:0,0.08085860391730378,nearest,,0.09688421196905797,-0.19819298473349867,169147,170131,,,,,,0.0,0.12221494503319263,0.0,0.12221494503319263,0.12221494503319263,computed,60,True
urban__tokyo__r1c2,urban,tokyo,"Tokyo, Japan",35.6762,139.6503,35.67668733248947,139.69448975980802,30-45,32654,4000.0,0.0,12.5,0.001,14,20,cuda:0,0.08085860391730378,bilinear,,0.10097476886903949,-0.2487819969326832,169147,170131,,,,,,0.0,0.11036770697683096,0.0,0.11036770697683096,0.11036770697683096,computed,60,True
urban__tokyo__r1c2,urban,tokyo,"Tokyo, Japan",35.6762,139.6503,35.67668733248947,139.69448975980802,30-45,32654,4000.0,0.0,12.5,0.001,14,20,cuda:0,0.08085860391730378,bicubic,,0.09192230150783523,-0.13682770978641412,169147,170131,,,,,,0.0,0.7654299340210855,0.0,0.7654299340210855,0.7654299340210855,computed,60,True
urban__tokyo__r2c0,urban,tokyo,"Tokyo, Japan",35.6762,139.6503,35.711751366415804,139.60548369642157,30-45,32654,-4000.0,4000.0,12.5,0.001,14,20,cuda:0,0.08865863468508296,blurred_observation,12.5,0.08865863468508296,0.0,170130,170130,,,,,,0.0,0.0,0.0,0.0,0.0,computed,61,True
urban__tokyo__r2c0,urban,tokyo,"Tokyo, Japan",35.6762,139.6503,35.711751366415804,139.60548369642157,30-45,32654,-4000.0,4000.0,12.5,0.001,14,20,cuda:0,0.08865863468508296,psf_aware_matched,12.5,0.07455052324220682,0.15912845368066408,170130,171459,22.0,65536.0,171459.0,1441792.0,0.0001283105582092512,0.280016059987247,0.04079476464539766,2.2781619778834283,0.32081082463264465,2.598972802516073,computed,61,True
urban__tokyo__r2c0,urban,tokyo,"Tokyo, Japan",35.6762,139.6503,35.711751366415804,139.60548369642157,30-45,32654,-4000.0,4000.0,12.5,0.001,14,20,cuda:0,0.08865863468508296,psf_aware_plus50,18.75,0.13830641430037952,-0.5599880913082673,170130,173443,48.0,65536.0,173443.0,3145728.0,0.000276747980604579,0.4701118106022477,0.08087758207693696,2.2846881481818855,0.5509893926791847,2.83567754086107,computed,61,True
urban__tokyo__r2c0,urban,tokyo,"Tokyo, Japan",35.6762,139.6503,35.711751366415804,139.60548369642157,30-45,32654,-4000.0,4000.0,12.5,0.001,14,20,cuda:0,0.08865863468508296,psf_aware_minus50,6.25,0.10033127844149593,-0.1316582845864298,169590,169590,9.0,65536.0,169590.0,589824.0,5.306916681408102e-05,0.17523351171985269,0.0223040240816772,2.2778185168281198,0.19753753580152988,2.4753560526296496,computed,61,True
urban__tokyo__r2c0,urban,tokyo,"Tokyo, Japan",35.6762,139.6503,35.711751366415804,139.60548369642157,30-45,32654,-4000.0,4000.0,12.5,0.001,14,20,cuda:0,0.08865863468508296,nearest,,0.10462036161125465,-0.18003578537914589,169140,170130,,,,,,0.0,0.13204676611348987,0.0,0.13204676611348987,0.13204676611348987,computed,61,True
urban__tokyo__r2c0,urban,tokyo,"Tokyo, Japan",35.6762,139.6503,35.711751366415804,139.60548369642157,30-45,32654,-4000.0,4000.0,12.5,0.001,14,20,cuda:0,0.08865863468508296,bilinear,,0.10864578529285404,-0.2254394135299489,169140,170130,,,,,,0.0,0.10801482014358044,0.0,0.10801482014358044,0.10801482014358044,computed,61,True
urban__tokyo__r2c0,urban,tokyo,"Tokyo, Japan",35.6762,139.6503,35.711751366415804,139.60548369642157,30-45,32654,-4000.0,4000.0,12.5,0.001,14,20,cuda:0,0.08865863468508296,bicubic,,0.10062205739684969,-0.1349380435900127,169140,170130,,,,,,0.0,0.7740516033954918,0.0,0.7740516033954918,0.7740516033954918,computed,61,True
urban__tokyo__r2c1,urban,tokyo,"Tokyo, Japan",35.6762,139.6503,35.71225557580426,139.6496922595109,30-45,32654,0.0,4000.0,12.5,0.001,14,20,cuda:0,0.09296654901914196,blurred_observation,12.5,0.09296654901914196,0.0,170129,170129,,,,,,0.0,0.0,0.0,0.0,0.0,computed,62,True
urban__tokyo__r2c1,urban,tokyo,"Tokyo, Japan",35.6762,139.6503,35.71225557580426,139.6496922595109,30-45,32654,0.0,4000.0,12.5,0.001,14,20,cuda:0,0.09296654901914196,psf_aware_matched,12.5,0.0797256888853864,0.1424260690910366,170129,171459,22.0,65536.0,171459.0,1441792.0,0.0001283105582092512,0.3884699218906462,0.04041192075237632,2.2155919088982046,0.42888184264302254,2.644473751541227,computed,62,True
urban__tokyo__r2c1,urban,tokyo,"Tokyo, Japan",35.6762,139.6503,35.71225557580426,139.6496922595109,30-45,32654,0.0,4000.0,12.5,0.001,14,20,cuda:0,0.09296654901914196,psf_aware_plus50,18.75,0.14299111846515047,-0.5380921414616389,170129,173447,48.0,65536.0,173447.0,3145728.0,0.00027674159829803915,0.4777089711278677,0.08088006591424346,2.2275514006614685,0.5585890370421112,2.7861404377035797,computed,62,True
urban__tokyo__r2c1,urban,tokyo,"Tokyo, Japan",35.6762,139.6503,35.71225557580426,139.6496922595109,30-45,32654,0.0,4000.0,12.5,0.001,14,20,cuda:0,0.09296654901914196,psf_aware_minus50,6.25,0.10449354113322777,-0.12399074974496882,169600,169600,9.0,65536.0,169600.0,589824.0,5.3066037735849056e-05,0.2176046227104962,0.023217013105750084,2.253114176914096,0.24082163581624627,2.493935812730342,computed,62,True
urban__tokyo__r2c1,urban,tokyo,"Tokyo, Japan",35.6762,139.6503,35.71225557580426,139.6496922595109,30-45,32654,0.0,4000.0,12.5,0.001,14,20,cuda:0,0.09296654901914196,nearest,,0.10870440994619465,-0.16928520089319687,169136,170129,,,,,,0.0,0.12100805900990963,0.0,0.12100805900990963,0.12100805900990963,computed,62,True
urban__tokyo__r2c1,urban,tokyo,"Tokyo, Japan",35.6762,139.6503,35.71225557580426,139.6496922595109,30-45,32654,0.0,4000.0,12.5,0.001,14,20,cuda:0,0.09296654901914196,bilinear,,0.11270380794017774,-0.21230495408592454,169136,170129,,,,,,0.0,0.10817931080237031,0.0,0.10817931080237031,0.10817931080237031,computed,62,True
urban__tokyo__r2c1,urban,tokyo,"Tokyo, Japan",35.6762,139.6503,35.71225557580426,139.6496922595109,30-45,32654,0.0,4000.0,12.5,0.001,14,20,cuda:0,0.09296654901914196,bicubic,,0.10503454600810509,-0.1298100996141991,169136,170129,,,,,,0.0,0.7686854498460889,0.0,0.7686854498460889,0.7686854498460889,computed,62,True
urban__tokyo__r2c2,urban,tokyo,"Tokyo, Japan",35.6762,139.6503,35.71274355201317,139.69390190298608,30-45,32654,4000.0,4000.0,12.5,0.001,14,20,cuda:0,0.09468861013478516,blurred_observation,12.5,0.09468861013478516,0.0,170128,170128,,,,,,0.0,0.0,0.0,0.0,0.0,computed,63,True
urban__tokyo__r2c2,urban,tokyo,"Tokyo, Japan",35.6762,139.6503,35.71274355201317,139.69390190298608,30-45,32654,4000.0,4000.0,12.5,0.001,14,20,cuda:0,0.09468861013478516,psf_aware_matched,12.5,0.07725649499100369,0.18409938765568112,170128,171458,22.0,65536.0,171458.0,1441792.0,0.0001283113065590407,0.38704738672822714,0.04024666687473655,2.1644121459685266,0.4272940536029637,2.5917061995714903,computed,63,True
urban__tokyo__r2c2,urban,tokyo,"Tokyo, Japan",35.6762,139.6503,35.71274355201317,139.69390190298608,30-45,32654,4000.0,4000.0,12.5,0.001,14,20,cuda:0,0.09468861013478516,psf_aware_plus50,18.75,0.14885685324289039,-0.5720671475798309,170128,173454,48.0,65536.0,173454.0,3145728.0,0.0002767304299699056,0.4344874592497945,0.08075285609811544,2.1996764061041176,0.5152403153479099,2.7149167214520276,computed,63,True
urban__tokyo__r2c2,urban,tokyo,"Tokyo, Japan",35.6762,139.6503,35.71274355201317,139.69390190298608,30-45,32654,4000.0,4000.0,12.5,0.001,14,20,cuda:0,0.09468861013478516,psf_aware_minus50,6.25,0.1078948369776768,-0.13947006745682655,169607,169607,9.0,65536.0,169607.0,589824.0,5.306384760062969e-05,0.5328646847046912,0.032202722039073706,2.140689624939114,0.5650674067437649,2.7057570316828787,computed,63,True
urban__tokyo__r2c2,urban,tokyo,"Tokyo, Japan",35.6762,139.6503,35.71274355201317,139.69390190298608,30-45,32654,4000.0,4000.0,12.5,0.001,14,20,cuda:0,0.09468861013478516,nearest,,0.11297321394370435,-0.19310246272378317,169144,170128,,,,,,0.0,0.12279041390866041,0.0,0.12279041390866041,0.12279041390866041,computed,63,True
urban__tokyo__r2c2,urban,tokyo,"Tokyo, Japan",35.6762,139.6503,35.71274355201317,139.69390190298608,30-45,32654,4000.0,4000.0,12.5,0.001,14,20,cuda:0,0.09468861013478516,bilinear,,0.11768209753259856,-0.24283266345427568,169144,170128,,,,,,0.0,0.10865771770477295,0.0,0.10865771770477295,0.10865771770477295,computed,63,True
urban__tokyo__r2c2,urban,tokyo,"Tokyo, Japan",35.6762,139.6503,35.71274355201317,139.69390190298608,30-45,32654,4000.0,4000.0,12.5,0.001,14,20,cuda:0,0.09468861013478516,bicubic,,0.10776552678654992,-0.13810443128429428,169144,170128,,,,,,0.0,0.7626528539694846,0.0,0.7626528539694846,0.7626528539694846,computed,63,True
urban__montreal__r0c0,urban,montreal,"Montreal, Canada",45.5019,-73.5674,45.466536422456436,-73.61946497358554,45-60,32618,-4000.0,-4000.0,12.5,0.001,14,20,cuda:0,0.07243789263318802,blurred_observation,12.5,0.07243789263318802,0.0,169768,169768,,,,,,0.0,0.0,0.0,0.0,0.0,computed,64,True
urban__montreal__r0c0,urban,montreal,"Montreal, Canada",45.5019,-73.5674,45.466536422456436,-73.61946497358554,45-60,32618,-4000.0,-4000.0,12.5,0.001,14,20,cuda:0,0.07243789263318802,psf_aware_matched,12.5,0.05468045478454404,0.24514017737324767,169768,171098,22.0,65536.0,171098.0,1441792.0,0.00012858128090334194,0.5421806504018605,0.04122000094503164,2.170702479314059,0.5834006513468921,2.754103130660951,computed,64,True
urban__montreal__r0c0,urban,montreal,"Montreal, Canada",45.5019,-73.5674,45.466536422456436,-73.61946497358554,45-60,32618,-4000.0,-4000.0,12.5,0.001,14,20,cuda:0,0.07243789263318802,psf_aware_plus50,18.75,0.11595354350634039,-0.6007304918919647,169768,173065,48.0,65536.0,173065.0,3145728.0,0.00027735243983474417,0.43823773320764303,0.08053598506376147,2.133575370069593,0.5187737182714045,2.6523490883409977,computed,64,True
urban__montreal__r0c0,urban,montreal,"Montreal, Canada",45.5019,-73.5674,45.466536422456436,-73.61946497358554,45-60,32618,-4000.0,-4000.0,12.5,0.001,14,20,cuda:0,0.07243789263318802,psf_aware_minus50,6.25,0.0831894299635162,-0.1484242147238044,169230,169230,9.0,65536.0,169230.0,589824.0,5.318205991845418e-05,0.18071377091109753,0.02182428492233157,2.076387917622924,0.2025380558334291,2.278925973456353,computed,64,True
urban__montreal__r0c0,urban,montreal,"Montreal, Canada",45.5019,-73.5674,45.466536422456436,-73.61946497358554,45-60,32618,-4000.0,-4000.0,12.5,0.001,14,20,cuda:0,0.07243789263318802,nearest,,0.08764656826603834,-0.20995469470466532,168776,169768,,,,,,0.0,0.12374274898320436,0.0,0.12374274898320436,0.12374274898320436,computed,64,True
urban__montreal__r0c0,urban,montreal,"Montreal, Canada",45.5019,-73.5674,45.466536422456436,-73.61946497358554,45-60,32618,-4000.0,-4000.0,12.5,0.001,14,20,cuda:0,0.07243789263318802,bilinear,,0.09170808532898966,-0.2660236513696266,168776,169768,,,,,,0.0,0.11095419712364674,0.0,0.11095419712364674,0.11095419712364674,computed,64,True
urban__montreal__r0c0,urban,montreal,"Montreal, Canada",45.5019,-73.5674,45.466536422456436,-73.61946497358554,45-60,32618,-4000.0,-4000.0,12.5,0.001,14,20,cuda:0,0.07243789263318802,bicubic,,0.08254851666560091,-0.13957645183869727,168776,169768,,,,,,0.0,0.7700339639559388,0.0,0.7700339639559388,0.7700339639559388,computed,64,True
urban__montreal__r0c1,urban,montreal,"Montreal, Canada",45.5019,-73.5674,45.46590662060698,-73.56831217339206,45-60,32618,0.0,-4000.0,12.5,0.001,14,20,cuda:0,0.07042488328698915,blurred_observation,12.5,0.07042488328698915,0.0,169768,169768,,,,,,0.0,0.0,0.0,0.0,0.0,computed,65,True
urban__montreal__r0c1,urban,montreal,"Montreal, Canada",45.5019,-73.5674,45.46590662060698,-73.56831217339206,45-60,32618,0.0,-4000.0,12.5,0.001,14,20,cuda:0,0.07042488328698915,psf_aware_matched,12.5,0.05540767418026809,0.21323725941474803,169768,171095,22.0,65536.0,171095.0,1441792.0,0.0001285835354627546,0.27845896128565073,0.04034466156736016,2.120032660663128,0.3188036228530109,2.438836283516139,computed,65,True
urban__montreal__r0c1,urban,montreal,"Montreal, Canada",45.5019,-73.5674,45.46590662060698,-73.56831217339206,45-60,32618,0.0,-4000.0,12.5,0.001,14,20,cuda:0,0.07042488328698915,psf_aware_plus50,18.75,0.11607377884884001,-0.6481927044994393,169768,173059,48.0,65536.0,173059.0,3145728.0,0.00027736205571510296,0.43687285715714097,0.08053662581369281,2.109320792835206,0.5174094829708338,2.6267302758060396,computed,65,True
urban__montreal__r0c1,urban,montreal,"Montreal, Canada",45.5019,-73.5674,45.46590662060698,-73.56831217339206,45-60,32618,0.0,-4000.0,12.5,0.001,14,20,cuda:0,0.07042488328698915,psf_aware_minus50,6.25,0.08109693190856988,-0.15153803774286656,169236,169236,9.0,65536.0,169236.0,589824.0,5.318017443097213e-05,0.2037208671681583,0.02194835990667343,2.1078483727760613,0.22566922707483172,2.333517599850893,computed,65,True
urban__montreal__r0c1,urban,montreal,"Montreal, Canada",45.5019,-73.5674,45.46590662060698,-73.56831217339206,45-60,32618,0.0,-4000.0,12.5,0.001,14,20,cuda:0,0.07042488328698915,nearest,,0.08554167907905912,-0.21465134319736623,168772,169768,,,,,,0.0,0.12033069599419832,0.0,0.12033069599419832,0.12033069599419832,computed,65,True
urban__montreal__r0c1,urban,montreal,"Montreal, Canada",45.5019,-73.5674,45.46590662060698,-73.56831217339206,45-60,32618,0.0,-4000.0,12.5,0.001,14,20,cuda:0,0.07042488328698915,bilinear,,0.08956761444814233,-0.2718177193584326,168772,169768,,,,,,0.0,0.10864388104528189,0.0,0.10864388104528189,0.10864388104528189,computed,65,True
urban__montreal__r0c1,urban,montreal,"Montreal, Canada",45.5019,-73.5674,45.46590662060698,-73.56831217339206,45-60,32618,0.0,-4000.0,12.5,0.001,14,20,cuda:0,0.07042488328698915,bicubic,,0.08097369584140852,-0.14978814393531614,168772,169768,,,,,,0.0,0.9700640202499926,0.0,0.9700640202499926,0.9700640202499926,computed,65,True
urban__montreal__r0c2,urban,montreal,"Montreal, Canada",45.5019,-73.5674,45.46525391958254,-73.51716109636185,45-60,32618,4000.0,-4000.0,12.5,0.001,14,20,cuda:0,0.02106732483139197,blurred_observation,12.5,0.02106732483139197,0.0,169749,169749,,,,,,0.0,0.0,0.0,0.0,0.0,computed,66,True
urban__montreal__r0c2,urban,montreal,"Montreal, Canada",45.5019,-73.5674,45.46525391958254,-73.51716109636185,45-60,32618,4000.0,-4000.0,12.5,0.001,14,20,cuda:0,0.02106732483139197,psf_aware_matched,12.5,0.017322359192348605,0.177761802650096,169749,171084,22.0,65536.0,171084.0,1441792.0,0.00012859180285707604,0.2798151201568544,0.04037099191918969,2.0733855008147657,0.3201861120760441,2.3935716128908098,computed,66,True
urban__montreal__r0c2,urban,montreal,"Montreal, Canada",45.5019,-73.5674,45.46525391958254,-73.51716109636185,45-60,32618,4000.0,-4000.0,12.5,0.001,14,20,cuda:0,0.02106732483139197,psf_aware_plus50,18.75,0.03659770867769379,-0.7371787339207077,169749,173058,48.0,65536.0,173058.0,3145728.0,0.00027736365842665465,0.4480915949679911,0.08068694081157446,2.10966143803671,0.5287785357795656,2.6384399738162756,computed,66,True
urban__montreal__r0c2,urban,montreal,"Montreal, Canada",45.5019,-73.5674,45.46525391958254,-73.51716109636185,45-60,32618,4000.0,-4000.0,12.5,0.001,14,20,cuda:0,0.02106732483139197,psf_aware_minus50,6.25,0.02490818098543069,-0.18231342540062512,169224,169224,9.0,65536.0,169224.0,589824.0,5.3183945539639765e-05,0.1940974211320281,0.020950900856405497,2.0415039169602096,0.2150483219884336,2.256552238948643,computed,66,True
urban__montreal__r0c2,urban,montreal,"Montreal, Canada",45.5019,-73.5674,45.46525391958254,-73.51716109636185,45-60,32618,4000.0,-4000.0,12.5,0.001,14,20,cuda:0,0.02106732483139197,nearest,,0.02590271083530433,-0.2295206459582022,168775,169749,,,,,,0.0,0.36238609906286,0.0,0.36238609906286,0.36238609906286,computed,66,True
urban__montreal__r0c2,urban,montreal,"Montreal, Canada",45.5019,-73.5674,45.46525391958254,-73.51716109636185,45-60,32618,4000.0,-4000.0,12.5,0.001,14,20,cuda:0,0.02106732483139197,bilinear,,0.02708791352233222,-0.285778509569905,168775,169749,,,,,,0.0,0.40486266976222396,0.0,0.40486266976222396,0.40486266976222396,computed,66,True
urban__montreal__r0c2,urban,montreal,"Montreal, Canada",45.5019,-73.5674,45.46525391958254,-73.51716109636185,45-60,32618,4000.0,-4000.0,12.5,0.001,14,20,cuda:0,0.02106732483139197,bicubic,,0.02455680420698848,-0.165634669020573,168775,169749,,,,,,0.0,0.7707583857700229,0.0,0.7707583857700229,0.7707583857700229,computed,66,True
urban__montreal__r1c0,urban,montreal,"Montreal, Canada",45.5019,-73.5674,45.502530588434226,-73.61858536552852,45-60,32618,-4000.0,0.0,12.5,0.001,14,20,cuda:0,0.07210272545727726,blurred_observation,12.5,0.07210272545727726,0.0,169754,169754,,,,,,0.0,0.0,0.0,0.0,0.0,computed,67,True
urban__montreal__r1c0,urban,montreal,"Montreal, Canada",45.5019,-73.5674,45.502530588434226,-73.61858536552852,45-60,32618,-4000.0,0.0,12.5,0.001,14,20,cuda:0,0.07210272545727726,psf_aware_matched,12.5,0.05514530653174106,0.23518416007150678,169754,171088,22.0,65536.0,171088.0,1441792.0,0.00012858879640886562,0.27625026693567634,0.040325566194951534,2.077713498380035,0.31657583313062787,2.394289331510663,computed,67,True
urban__montreal__r1c0,urban,montreal,"Montreal, Canada",45.5019,-73.5674,45.502530588434226,-73.61858536552852,45-60,32618,-4000.0,0.0,12.5,0.001,14,20,cuda:0,0.07210272545727726,psf_aware_plus50,18.75,0.11837943872856359,-0.6418164220256344,169754,173070,48.0,65536.0,173070.0,3145728.0,0.00027734442711041773,0.54346225829795,0.08120653498917818,2.098197615239769,0.6246687932871282,2.7228664085268974,computed,67,True
urban__montreal__r1c0,urban,montreal,"Montreal, Canada",45.5019,-73.5674,45.502530588434226,-73.61858536552852,45-60,32618,-4000.0,0.0,12.5,0.001,14,20,cuda:0,0.07210272545727726,psf_aware_minus50,6.25,0.08239559713790767,-0.14275287952504923,169231,169231,9.0,65536.0,169231.0,589824.0,5.318174566125592e-05,0.1969368876889348,0.02110218768939376,2.0674513019621372,0.21803907537832856,2.285490377340466,computed,67,True
urban__montreal__r1c0,urban,montreal,"Montreal, Canada",45.5019,-73.5674,45.502530588434226,-73.61858536552852,45-60,32618,-4000.0,0.0,12.5,0.001,14,20,cuda:0,0.07210272545727726,nearest,,0.08698215447213019,-0.2063643075970738,168783,169754,,,,,,0.0,0.12078204192221165,0.0,0.12078204192221165,0.12078204192221165,computed,67,True
urban__montreal__r1c0,urban,montreal,"Montreal, Canada",45.5019,-73.5674,45.502530588434226,-73.61858536552852,45-60,32618,-4000.0,0.0,12.5,0.001,14,20,cuda:0,0.07210272545727726,bilinear,,0.0909976961502195,-0.2620562617170137,168783,169754,,,,,,0.0,0.10767766134813428,0.0,0.10767766134813428,0.10767766134813428,computed,67,True
urban__montreal__r1c0,urban,montreal,"Montreal, Canada",45.5019,-73.5674,45.502530588434226,-73.61858536552852,45-60,32618,-4000.0,0.0,12.5,0.001,14,20,cuda:0,0.07210272545727726,bicubic,,0.08223038921491464,-0.140461594113225,168783,169754,,,,,,0.0,0.7735767741687596,0.0,0.7735767741687596,0.7735767741687596,computed,67,True
urban__montreal__r1c1,urban,montreal,"Montreal, Canada",45.5019,-73.5674,45.501900000000006,-73.5674,45-60,32618,0.0,0.0,12.5,0.001,14,20,cuda:0,0.08232675366428657,blurred_observation,12.5,0.08232675366428657,0.0,169746,169746,,,,,,0.0,0.0,0.0,0.0,0.0,computed,68,True
urban__montreal__r1c1,urban,montreal,"Montreal, Canada",45.5019,-73.5674,45.501900000000006,-73.5674,45-60,32618,0.0,0.0,12.5,0.001,14,20,cuda:0,0.08232675366428657,psf_aware_matched,12.5,0.0617123618058788,0.2503972395470552,169746,171080,22.0,65536.0,171080.0,1441792.0,0.00012859480944587328,0.27684616716578603,0.04032352287322283,2.0758652868680656,0.31716969003900886,2.3930349769070745,computed,68,True
urban__montreal__r1c1,urban,montreal,"Montreal, Canada",45.5019,-73.5674,45.501900000000006,-73.5674,45-60,32618,0.0,0.0,12.5,0.001,14,20,cuda:0,0.08232675366428657,psf_aware_plus50,18.75,0.13052790996402794,-0.5854859344545136,169746,173068,48.0,65536.0,173068.0,3145728.0,0.0002773476321445906,0.4376499177888036,0.08050714107230306,2.1729990988969803,0.5181570588611066,2.691156157758087,computed,68,True
urban__montreal__r1c1,urban,montreal,"Montreal, Canada",45.5019,-73.5674,45.501900000000006,-73.5674,45-60,32618,0.0,0.0,12.5,0.001,14,20,cuda:0,0.08232675366428657,psf_aware_minus50,6.25,0.09507412279126558,-0.15483871960942897,169229,169229,9.0,65536.0,169229.0,589824.0,5.318237417936642e-05,0.19640150386840105,0.021054206416010857,2.0726524023339152,0.2174557102844119,2.290108112618327,computed,68,True
urban__montreal__r1c1,urban,montreal,"Montreal, Canada",45.5019,-73.5674,45.501900000000006,-73.5674,45-60,32618,0.0,0.0,12.5,0.001,14,20,cuda:0,0.08232675366428657,nearest,,0.10035366998414018,-0.21896789946757855,168782,169746,,,,,,0.0,0.12163410522043705,0.0,0.12163410522043705,0.12163410522043705,computed,68,True
urban__montreal__r1c1,urban,montreal,"Montreal, Canada",45.5019,-73.5674,45.501900000000006,-73.5674,45-60,32618,0.0,0.0,12.5,0.001,14,20,cuda:0,0.08232675366428657,bilinear,,0.1051640754969686,-0.27739854684187404,168782,169746,,,,,,0.0,0.10761891026049852,0.0,0.10761891026049852,0.10761891026049852,computed,68,True
urban__montreal__r1c1,urban,montreal,"Montreal, Canada",45.5019,-73.5674,45.501900000000006,-73.5674,45-60,32618,0.0,0.0,12.5,0.001,14,20,cuda:0,0.08232675366428657,bicubic,,0.09388294959728624,-0.14036987271627055,168782,169746,,,,,,0.0,0.7768650818616152,0.0,0.7768650818616152,0.7768650818616152,computed,68,True
urban__montreal__r1c2,urban,montreal,"Montreal, Canada",45.5019,-73.5674,45.501246483809574,-73.51621636164262,45-60,32618,4000.0,0.0,12.5,0.001,14,20,cuda:0,0.05073138139495554,blurred_observation,12.5,0.05073138139495554,0.0,169757,169757,,,,,,0.0,0.0,0.0,0.0,0.0,computed,69,True
urban__montreal__r1c2,urban,montreal,"Montreal, Canada",45.5019,-73.5674,45.501246483809574,-73.51621636164262,45-60,32618,4000.0,0.0,12.5,0.001,14,20,cuda:0,0.05073138139495554,psf_aware_matched,12.5,0.04032603613388293,0.20510668101198726,169757,171088,22.0,65536.0,171088.0,1441792.0,0.00012858879640886562,0.2763617387972772,0.04034631606191397,2.073281885124743,0.3167080548591912,2.389989939983934,computed,69,True
urban__montreal__r1c2,urban,montreal,"Montreal, Canada",45.5019,-73.5674,45.501246483809574,-73.51621636164262,45-60,32618,4000.0,0.0,12.5,0.001,14,20,cuda:0,0.05073138139495554,psf_aware_plus50,18.75,0.08196976740152505,-0.6157606031535283,169757,173057,48.0,65536.0,173057.0,3145728.0,0.0002773652611567287,0.4323552311398089,0.08049164107069373,2.0704285907559097,0.5128468722105026,2.5832754629664123,computed,69,True
urban__montreal__r1c2,urban,montreal,"Montreal, Canada",45.5019,-73.5674,45.501246483809574,-73.51621636164262,45-60,32618,4000.0,0.0,12.5,0.001,14,20,cuda:0,0.05073138139495554,psf_aware_minus50,6.25,0.058387057729368974,-0.15090612800018643,169225,169225,9.0,65536.0,169225.0,589824.0,5.3183631260156597e-05,0.2461127070710063,0.021838401909917593,2.04284076904878,0.2679511089809239,2.310791878029704,computed,69,True
urban__montreal__r1c2,urban,montreal,"Montreal, Canada",45.5019,-73.5674,45.501246483809574,-73.51621636164262,45-60,32618,4000.0,0.0,12.5,0.001,14,20,cuda:0,0.05073138139495554,nearest,,0.06132521757474287,-0.20882215087564582,168765,169757,,,,,,0.0,0.12004578625783324,0.0,0.12004578625783324,0.12004578625783324,computed,69,True
urban__montreal__r1c2,urban,montreal,"Montreal, Canada",45.5019,-73.5674,45.501246483809574,-73.51621636164262,45-60,32618,4000.0,0.0,12.5,0.001,14,20,cuda:0,0.05073138139495554,bilinear,,0.06398071230730165,-0.26116637371249585,168765,169757,,,,,,0.0,0.10726405773311853,0.0,0.10726405773311853,0.10726405773311853,computed,69,True
urban__montreal__r1c2,urban,montreal,"Montreal, Canada",45.5019,-73.5674,45.501246483809574,-73.51621636164262,45-60,32618,4000.0,0.0,12.5,0.001,14,20,cuda:0,0.05073138139495554,bicubic,,0.05806909340697005,-0.14463852176404823,168765,169757,,,,,,0.0,0.7611547466367483,0.0,0.7611547466367483,0.7611547466367483,computed,69,True
urban__montreal__r2c0,urban,montreal,"Montreal, Canada",45.5019,-73.5674,45.538524513295016,-73.61770409191038,45-60,32618,-4000.0,4000.0,12.5,0.001,14,20,cuda:0,0.0896039155622725,blurred_observation,12.5,0.0896039155622725,0.0,169760,169760,,,,,,0.0,0.0,0.0,0.0,0.0,computed,70,True
urban__montreal__r2c0,urban,montreal,"Montreal, Canada",45.5019,-73.5674,45.538524513295016,-73.61770409191038,45-60,32618,-4000.0,4000.0,12.5,0.001,14,20,cuda:0,0.0896039155622725,psf_aware_matched,12.5,0.06823854860667294,0.2384423361583028,169760,171089,22.0,65536.0,171089.0,1441792.0,0.00012858804481877853,0.4851007997058332,0.0405388199724257,2.05795534607023,0.5256396196782589,2.583594965748489,computed,70,True
urban__montreal__r2c0,urban,montreal,"Montreal, Canada",45.5019,-73.5674,45.538524513295016,-73.61770409191038,45-60,32618,-4000.0,4000.0,12.5,0.001,14,20,cuda:0,0.0896039155622725,psf_aware_plus50,18.75,0.14431407594445042,-0.6105777860137789,169760,173060,48.0,65536.0,173060.0,3145728.0,0.0002773604530220733,0.43212610576301813,0.08065918833017349,2.086078751832247,0.5127852940931916,2.5988640459254384,computed,70,True
urban__montreal__r2c0,urban,montreal,"Montreal, Canada",45.5019,-73.5674,45.538524513295016,-73.61770409191038,45-60,32618,-4000.0,4000.0,12.5,0.001,14,20,cuda:0,0.0896039155622725,psf_aware_minus50,6.25,0.10281561439160532,-0.14744555242288504,169230,169230,9.0,65536.0,169230.0,589824.0,5.318205991845418e-05,0.1758692660368979,0.020982871763408184,2.057286139111966,0.19685213780030608,2.254138276912272,computed,70,True
urban__montreal__r2c0,urban,montreal,"Montreal, Canada",45.5019,-73.5674,45.538524513295016,-73.61770409191038,45-60,32618,-4000.0,4000.0,12.5,0.001,14,20,cuda:0,0.0896039155622725,nearest,,0.10847645408522977,-0.2106218060285694,168774,169760,,,,,,0.0,0.12109712790697813,0.0,0.12109712790697813,0.12109712790697813,computed,70,True
urban__montreal__r2c0,urban,montreal,"Montreal, Canada",45.5019,-73.5674,45.538524513295016,-73.61770409191038,45-60,32618,-4000.0,4000.0,12.5,0.001,14,20,cuda:0,0.0896039155622725,bilinear,,0.11389134147785142,-0.27105317622754743,168774,169760,,,,,,0.0,0.10721307108178735,0.0,0.10721307108178735,0.10721307108178735,computed,70,True
urban__montreal__r2c0,urban,montreal,"Montreal, Canada",45.5019,-73.5674,45.538524513295016,-73.61770409191038,45-60,32618,-4000.0,4000.0,12.5,0.001,14,20,cuda:0,0.0896039155622725,bicubic,,0.10238268743334636,-0.14261398947675374,168774,169760,,,,,,0.0,0.7675872701220214,0.0,0.7675872701220214,0.7675872701220214,computed,70,True
urban__montreal__r2c1,urban,montreal,"Montreal, Canada",45.5019,-73.5674,45.537893137281365,-73.56648609943463,45-60,32618,0.0,4000.0,12.5,0.001,14,20,cuda:0,0.08590165952882904,blurred_observation,12.5,0.08590165952882904,0.0,169743,169743,,,,,,0.0,0.0,0.0,0.0,0.0,computed,71,True
urban__montreal__r2c1,urban,montreal,"Montreal, Canada",45.5019,-73.5674,45.537893137281365,-73.56648609943463,45-60,32618,0.0,4000.0,12.5,0.001,14,20,cuda:0,0.08590165952882904,psf_aware_matched,12.5,0.06527988768417332,0.240062554760481,169743,171090,22.0,65536.0,171090.0,1441792.0,0.00012858729323747734,0.27597891399636865,0.04038503859192133,2.20675949100405,0.31636395258829,2.5231234435923398,computed,71,True
urban__montreal__r2c1,urban,montreal,"Montreal, Canada",45.5019,-73.5674,45.537893137281365,-73.56648609943463,45-60,32618,0.0,4000.0,12.5,0.001,14,20,cuda:0,0.08590165952882904,psf_aware_plus50,18.75,0.13767999671704698,-0.60276294395501,169743,173059,48.0,65536.0,173059.0,3145728.0,0.00027736205571510296,0.4375398098491132,0.08066822495311499,2.092977487947792,0.5182080348022282,2.61118552275002,computed,71,True
urban__montreal__r2c1,urban,montreal,"Montreal, Canada",45.5019,-73.5674,45.537893137281365,-73.56648609943463,45-60,32618,0.0,4000.0,12.5,0.001,14,20,cuda:0,0.08590165952882904,psf_aware_minus50,6.25,0.09873563972472203,-0.1494031694647977,169221,169221,9.0,65536.0,169221.0,589824.0,5.318488840037584e-05,0.17497125593945384,0.020900134928524494,2.0318464660085738,0.19587139086797833,2.227717856876552,computed,71,True
urban__montreal__r2c1,urban,montreal,"Montreal, Canada",45.5019,-73.5674,45.537893137281365,-73.56648609943463,45-60,32618,0.0,4000.0,12.5,0.001,14,20,cuda:0,0.08590165952882904,nearest,,0.10421608960011844,-0.21320228470257874,168771,169743,,,,,,0.0,0.12095950730144978,0.0,0.12095950730144978,0.12095950730144978,computed,71,True
urban__montreal__r2c1,urban,montreal,"Montreal, Canada",45.5019,-73.5674,45.537893137281365,-73.56648609943463,45-60,32618,0.0,4000.0,12.5,0.001,14,20,cuda:0,0.08590165952882904,bilinear,,0.10942884993673438,-0.27388516749213077,168771,169743,,,,,,0.0,0.10861997585743666,0.0,0.10861997585743666,0.10861997585743666,computed,71,True
urban__montreal__r2c1,urban,montreal,"Montreal, Canada",45.5019,-73.5674,45.537893137281365,-73.56648609943463,45-60,32618,0.0,4000.0,12.5,0.001,14,20,cuda:0,0.08590165952882904,bicubic,,0.09816867196043803,-0.14280297375968765,168771,169743,,,,,,0.0,0.7857281188480556,0.0,0.7857281188480556,0.7857281188480556,computed,71,True
urban__montreal__r2c2,urban,montreal,"Montreal, Canada",45.5019,-73.5674,45.53723880489418,-73.51526983815103,45-60,32618,4000.0,4000.0,12.5,0.001,14,20,cuda:0,0.04755598165611263,blurred_observation,12.5,0.04755598165611263,0.0,169751,169751,,,,,,0.0,0.0,0.0,0.0,0.0,computed,72,True
urban__montreal__r2c2,urban,montreal,"Montreal, Canada",45.5019,-73.5674,45.53723880489418,-73.51526983815103,45-60,32618,4000.0,4000.0,12.5,0.001,14,20,cuda:0,0.04755598165611263,psf_aware_matched,12.5,0.036888297139061395,0.22431845890999613,169751,171084,22.0,65536.0,171084.0,1441792.0,0.00012859180285707604,0.2832924956455827,0.04047410795465112,2.092163076158613,0.3237666036002338,2.4159296797588468,computed,72,True
urban__montreal__r2c2,urban,montreal,"Montreal, Canada",45.5019,-73.5674,45.53723880489418,-73.51526983815103,45-60,32618,4000.0,4000.0,12.5,0.001,14,20,cuda:0,0.04755598165611263,psf_aware_plus50,18.75,0.0772145783293934,-0.6236564915797209,169751,173061,48.0,65536.0,173061.0,3145728.0,0.0002773588503475653,0.7115689311176538,0.08079236000776291,2.102908007334918,0.7923612911254168,2.8952692984603345,computed,72,True
urban__montreal__r2c2,urban,montreal,"Montreal, Canada",45.5019,-73.5674,45.53723880489418,-73.51526983815103,45-60,32618,4000.0,4000.0,12.5,0.001,14,20,cuda:0,0.04755598165611263,psf_aware_minus50,6.25,0.05446904364625218,-0.14536682346564445,169217,169217,9.0,65536.0,169217.0,589824.0,5.318614560002837e-05,0.1949176238849759,0.021017116028815508,2.042820130009204,0.21593473991379142,2.2587548699229956,computed,72,True
urban__montreal__r2c2,urban,montreal,"Montreal, Canada",45.5019,-73.5674,45.53723880489418,-73.51526983815103,45-60,32618,4000.0,4000.0,12.5,0.001,14,20,cuda:0,0.04755598165611263,nearest,,0.05731720755652176,-0.20525758401949568,168774,169751,,,,,,0.0,0.12149764597415924,0.0,0.12149764597415924,0.12149764597415924,computed,72,True
urban__montreal__r2c2,urban,montreal,"Montreal, Canada",45.5019,-73.5674,45.53723880489418,-73.51526983815103,45-60,32618,4000.0,4000.0,12.5,0.001,14,20,cuda:0,0.04755598165611263,bilinear,,0.059961458046905905,-0.2608604839765458,168774,169751,,,,,,0.0,0.15289534395560622,0.0,0.15289534395560622,0.15289534395560622,computed,72,True
urban__montreal__r2c2,urban,montreal,"Montreal, Canada",45.5019,-73.5674,45.53723880489418,-73.51526983815103,45-60,32618,4000.0,4000.0,12.5,0.001,14,20,cuda:0,0.04755598165611263,bicubic,,0.05425742708445714,-0.14091698236415517,168774,169751,,,,,,0.0,0.9312993409112096,0.0,0.9312993409112096,0.9312993409112096,computed,72,True
urban__paris__r0c0,urban,paris,"Paris, France",48.8566,2.3522,48.82029996377494,2.2981754547839266,45-60,32631,-4000.0,-4000.0,12.5,0.001,14,20,cuda:0,0.06379869580502064,blurred_observation,12.5,0.06379869580502064,0.0,169676,169676,,,,,,0.0,0.0,0.0,0.0,0.0,computed,73,True
urban__paris__r0c0,urban,paris,"Paris, France",48.8566,2.3522,48.82029996377494,2.2981754547839266,45-60,32631,-4000.0,-4000.0,12.5,0.001,14,20,cuda:0,0.06379869580502064,psf_aware_matched,12.5,0.04886151206602376,0.2341299230418029,169676,170989,22.0,65536.0,170989.0,1441792.0,0.00012866324734339636,0.27842102898284793,0.040369049180299044,1.503243532963097,0.318790078163147,1.822033611126244,computed,73,True
urban__paris__r0c0,urban,paris,"Paris, France",48.8566,2.3522,48.82029996377494,2.2981754547839266,45-60,32631,-4000.0,-4000.0,12.5,0.001,14,20,cuda:0,0.06379869580502064,psf_aware_plus50,18.75,0.1060147080146108,-0.6617065078980497,169676,172962,48.0,65536.0,172962.0,3145728.0,0.00027751760502306867,0.5018952190876007,0.0806026509962976,1.5281400359235704,0.5824978700838983,2.1106379060074687,computed,73,True
urban__paris__r0c0,urban,paris,"Paris, France",48.8566,2.3522,48.82029996377494,2.2981754547839266,45-60,32631,-4000.0,-4000.0,12.5,0.001,14,20,cuda:0,0.06379869580502064,psf_aware_minus50,6.25,0.07273776980702491,-0.14011374196932747,169123,169123,9.0,65536.0,169123.0,589824.0,5.3215706911537755e-05,0.193721828982234,0.021020593121647835,1.553972383029759,0.21474242210388184,1.7687148051336408,computed,73,True
urban__paris__r0c0,urban,paris,"Paris, France",48.8566,2.3522,48.82029996377494,2.2981754547839266,45-60,32631,-4000.0,-4000.0,12.5,0.001,14,20,cuda:0,0.06379869580502064,nearest,,0.07725986665751686,-0.21099445188716381,168697,169676,,,,,,0.0,0.11846882989630103,0.0,0.11846882989630103,0.11846882989630103,computed,73,True
urban__paris__r0c0,urban,paris,"Paris, France",48.8566,2.3522,48.82029996377494,2.2981754547839266,45-60,32631,-4000.0,-4000.0,12.5,0.001,14,20,cuda:0,0.06379869580502064,bilinear,,0.08096908052518215,-0.2691337887632852,168697,169676,,,,,,0.0,0.10620026430115104,0.0,0.10620026430115104,0.10620026430115104,computed,73,True
urban__paris__r0c0,urban,paris,"Paris, France",48.8566,2.3522,48.82029996377494,2.2981754547839266,45-60,32631,-4000.0,-4000.0,12.5,0.001,14,20,cuda:0,0.06379869580502064,bicubic,,0.0728440306102786,-0.14177930584822618,168697,169676,,,,,,0.0,0.7682159203104675,0.0,0.7682159203104675,0.7682159203104675,computed,73,True
urban__paris__r0c1,urban,paris,"Paris, France",48.8566,2.3522,48.820618822804924,2.35266382896826,45-60,32631,0.0,-4000.0,12.5,0.001,14,20,cuda:0,0.07061729893471813,blurred_observation,12.5,0.07061729893471813,0.0,169678,169678,,,,,,0.0,0.0,0.0,0.0,0.0,computed,74,True
urban__paris__r0c1,urban,paris,"Paris, France",48.8566,2.3522,48.820618822804924,2.35266382896826,45-60,32631,0.0,-4000.0,12.5,0.001,14,20,cuda:0,0.07061729893471813,psf_aware_matched,12.5,0.054406450903467234,0.22955916292177858,169678,171004,22.0,65536.0,171004.0,1441792.0,0.00012865196135762905,0.28141504991799593,0.040434762835502625,1.5252082240767777,0.32184981275349855,1.8470580368302763,computed,74,True
urban__paris__r0c1,urban,paris,"Paris, France",48.8566,2.3522,48.820618822804924,2.35266382896826,45-60,32631,0.0,-4000.0,12.5,0.001,14,20,cuda:0,0.07061729893471813,psf_aware_plus50,18.75,0.11818406628840264,-0.673585198970261,169678,172947,48.0,65536.0,172947.0,3145728.0,0.00027754167461707923,0.47846308909356594,0.08100225869566202,1.54890023637563,0.559465347789228,2.108365584164858,computed,74,True
urban__paris__r0c1,urban,paris,"Paris, France",48.8566,2.3522,48.820618822804924,2.35266382896826,45-60,32631,0.0,-4000.0,12.5,0.001,14,20,cuda:0,0.07061729893471813,psf_aware_minus50,6.25,0.0807855423533298,-0.14399082904617555,169140,169140,9.0,65536.0,169140.0,589824.0,5.321035828307911e-05,0.1939235208556056,0.02097922470420599,1.488180052023381,0.2149027455598116,1.7030827975831926,computed,74,True
urban__paris__r0c1,urban,paris,"Paris, France",48.8566,2.3522,48.820618822804924,2.35266382896826,45-60,32631,0.0,-4000.0,12.5,0.001,14,20,cuda:0,0.07061729893471813,nearest,,0.08587124735772389,-0.21600866435159483,168689,169678,,,,,,0.0,0.11963147157803178,0.0,0.11963147157803178,0.11963147157803178,computed,74,True
urban__paris__r0c1,urban,paris,"Paris, France",48.8566,2.3522,48.820618822804924,2.35266382896826,45-60,32631,0.0,-4000.0,12.5,0.001,14,20,cuda:0,0.07061729893471813,bilinear,,0.09005657063149121,-0.2752763414916737,168689,169678,,,,,,0.0,0.10709693096578121,0.0,0.10709693096578121,0.10709693096578121,computed,74,True
urban__paris__r0c1,urban,paris,"Paris, France",48.8566,2.3522,48.820618822804924,2.35266382896826,45-60,32631,0.0,-4000.0,12.5,0.001,14,20,cuda:0,0.07061729893471813,bicubic,,0.08083959360852735,-0.14475624001505905,168689,169678,,,,,,0.0,0.9408348109573126,0.0,0.9408348109573126,0.9408348109573126,computed,74,True
urban__paris__r0c2,urban,paris,"Paris, France",48.8566,2.3522,48.82091192858306,2.407153121052389,45-60,32631,4000.0,-4000.0,12.5,0.001,14,20,cuda:0,0.06512727549153288,blurred_observation,12.5,0.06512727549153288,0.0,169671,169671,,,,,,0.0,0.0,0.0,0.0,0.0,computed,75,True
urban__paris__r0c2,urban,paris,"Paris, France",48.8566,2.3522,48.82091192858306,2.407153121052389,45-60,32631,4000.0,-4000.0,12.5,0.001,14,20,cuda:0,0.06512727549153288,psf_aware_matched,12.5,0.050371544663818484,0.22656760499113426,169671,171003,22.0,65536.0,171003.0,1441792.0,0.00012865271369508137,0.2873043352738023,0.040384629275649786,1.5495371823199093,0.32768896454945207,1.8772261468693614,computed,75,True
urban__paris__r0c2,urban,paris,"Paris, France",48.8566,2.3522,48.82091192858306,2.407153121052389,45-60,32631,4000.0,-4000.0,12.5,0.001,14,20,cuda:0,0.06512727549153288,psf_aware_plus50,18.75,0.10645536236403498,-0.6345741712759827,169671,172948,48.0,65536.0,172948.0,3145728.0,0.00027754006984758426,0.4363906937651336,0.08056987915188074,1.5439568529836833,0.5169605729170144,2.0609174259006977,computed,75,True
urban__paris__r0c2,urban,paris,"Paris, France",48.8566,2.3522,48.82091192858306,2.407153121052389,45-60,32631,4000.0,-4000.0,12.5,0.001,14,20,cuda:0,0.06512727549153288,psf_aware_minus50,6.25,0.07439447212802208,-0.1422936329908966,169148,169148,9.0,65536.0,169148.0,589824.0,5.320784165346324e-05,0.1959122777916491,0.02091004280373454,1.482973069883883,0.21682232059538364,1.6997953904792666,computed,75,True
urban__paris__r0c2,urban,paris,"Paris, France",48.8566,2.3522,48.82091192858306,2.407153121052389,45-60,32631,4000.0,-4000.0,12.5,0.001,14,20,cuda:0,0.06512727549153288,nearest,,0.07871264677751288,-0.20859726103153542,168691,169671,,,,,,0.0,0.11868681199848652,0.0,0.11868681199848652,0.11868681199848652,computed,75,True
urban__paris__r0c2,urban,paris,"Paris, France",48.8566,2.3522,48.82091192858306,2.407153121052389,45-60,32631,4000.0,-4000.0,12.5,0.001,14,20,cuda:0,0.06512727549153288,bilinear,,0.08240339808681182,-0.26526708610012384,168691,169671,,,,,,0.0,0.10533935157582164,0.0,0.10533935157582164,0.10533935157582164,computed,75,True
urban__paris__r0c2,urban,paris,"Paris, France",48.8566,2.3522,48.82091192858306,2.407153121052389,45-60,32631,4000.0,-4000.0,12.5,0.001,14,20,cuda:0,0.06512727549153288,bicubic,,0.07426187690517988,-0.14025769302808588,168691,169671,,,,,,0.0,0.7678234069608152,0.0,0.7678234069608152,0.7678234069608152,computed,75,True
urban__paris__r1c0,urban,paris,"Paris, France",48.8566,2.3522,48.856280739284,2.2976725913504663,45-60,32631,-4000.0,0.0,12.5,0.001,14,20,cuda:0,0.07235631512115004,blurred_observation,12.5,0.07235631512115004,0.0,169691,169691,,,,,,0.0,0.0,0.0,0.0,0.0,computed,76,True
urban__paris__r1c0,urban,paris,"Paris, France",48.8566,2.3522,48.856280739284,2.2976725913504663,45-60,32631,-4000.0,0.0,12.5,0.001,14,20,cuda:0,0.07235631512115004,psf_aware_matched,12.5,0.05470725364443176,0.24391874361163235,169691,170992,22.0,65536.0,170992.0,1441792.0,0.0001286609899878357,0.2802691999822855,0.040263288654387,1.6017074431292713,0.3205324886366725,1.9222399317659438,computed,76,True
urban__paris__r1c0,urban,paris,"Paris, France",48.8566,2.3522,48.856280739284,2.2976725913504663,45-60,32631,-4000.0,0.0,12.5,0.001,14,20,cuda:0,0.07235631512115004,psf_aware_plus50,18.75,0.12283992476349942,-0.6977084109081837,169691,172956,48.0,65536.0,172956.0,3145728.0,0.0002775272323596753,0.479434619192034,0.08027050225064158,1.5231061917729676,0.5597051214426756,2.082811313215643,computed,76,True
urban__paris__r1c0,urban,paris,"Paris, France",48.8566,2.3522,48.856280739284,2.2976725913504663,45-60,32631,-4000.0,0.0,12.5,0.001,14,20,cuda:0,0.07235631512115004,psf_aware_minus50,6.25,0.08287344265331607,-0.14535189519472702,169127,169127,9.0,65536.0,169127.0,589824.0,5.3214448313988894e-05,0.19388374593108892,0.02106380509212613,1.5550386318936944,0.21494755102321506,1.7699861829169095,computed,76,True
urban__paris__r1c0,urban,paris,"Paris, France",48.8566,2.3522,48.856280739284,2.2976725913504663,45-60,32631,-4000.0,0.0,12.5,0.001,14,20,cuda:0,0.07235631512115004,nearest,,0.08792446095794713,-0.21515946204184822,168694,169691,,,,,,0.0,0.12022673897445202,0.0,0.12022673897445202,0.12022673897445202,computed,76,True
urban__paris__r1c0,urban,paris,"Paris, France",48.8566,2.3522,48.856280739284,2.2976725913504663,45-60,32631,-4000.0,0.0,12.5,0.001,14,20,cuda:0,0.07235631512115004,bilinear,,0.0921399101335608,-0.27341905097414143,168694,169691,,,,,,0.0,0.10693053575232625,0.0,0.10693053575232625,0.10693053575232625,computed,76,True
urban__paris__r1c0,urban,paris,"Paris, France",48.8566,2.3522,48.856280739284,2.2976725913504663,45-60,32631,-4000.0,0.0,12.5,0.001,14,20,cuda:0,0.07235631512115004,bicubic,,0.08289339073716642,-0.1456275875626556,168694,169691,,,,,,0.0,0.8613504678942263,0.0,0.8613504678942263,0.8613504678942263,computed,76,True
urban__paris__r1c1,urban,paris,"Paris, France",48.8566,2.3522,48.85660000000001,2.3522,45-60,32631,0.0,0.0,12.5,0.001,14,20,cuda:0,0.08603603145294075,blurred_observation,12.5,0.08603603145294075,0.0,169664,169664,,,,,,0.0,0.0,0.0,0.0,0.0,computed,77,True
urban__paris__r1c1,urban,paris,"Paris, France",48.8566,2.3522,48.85660000000001,2.3522,45-60,32631,0.0,0.0,12.5,0.001,14,20,cuda:0,0.08603603145294075,psf_aware_matched,12.5,0.06805692470707203,0.2089718277591962,169664,171002,22.0,65536.0,171002.0,1441792.0,0.00012865346604133286,0.28228845493867993,0.040487634018063545,1.5144692538306117,0.3227760889567435,1.8372453427873552,computed,77,True
urban__paris__r1c1,urban,paris,"Paris, France",48.8566,2.3522,48.85660000000001,2.3522,45-60,32631,0.0,0.0,12.5,0.001,14,20,cuda:0,0.08603603145294075,psf_aware_plus50,18.75,0.14221342039374202,-0.6529518852985297,169664,172956,48.0,65536.0,172956.0,3145728.0,0.0002775272323596753,0.4309579050168395,0.08091553393751383,1.556067611090839,0.5118734389543533,2.0679410500451922,computed,77,True
urban__paris__r1c1,urban,paris,"Paris, France",48.8566,2.3522,48.85660000000001,2.3522,45-60,32631,0.0,0.0,12.5,0.001,14,20,cuda:0,0.08603603145294075,psf_aware_minus50,6.25,0.09750496060903431,-0.13330379100954626,169130,169130,9.0,65536.0,169130.0,589824.0,5.321350440489564e-05,0.17649911902844906,0.020987029187381268,1.570927295833826,0.19748614821583033,1.7684134440496564,computed,77,True
urban__paris__r1c1,urban,paris,"Paris, France",48.8566,2.3522,48.85660000000001,2.3522,45-60,32631,0.0,0.0,12.5,0.001,14,20,cuda:0,0.08603603145294075,nearest,,0.10305611875497844,-0.19782510902245876,168689,169664,,,,,,0.0,0.11955296294763684,0.0,0.11955296294763684,0.11955296294763684,computed,77,True
urban__paris__r1c1,urban,paris,"Paris, France",48.8566,2.3522,48.85660000000001,2.3522,45-60,32631,0.0,0.0,12.5,0.001,14,20,cuda:0,0.08603603145294075,bilinear,,0.10776183891291753,-0.2525198697926947,168689,169664,,,,,,0.0,0.10636143805459142,0.0,0.10636143805459142,0.10636143805459142,computed,77,True
urban__paris__r1c1,urban,paris,"Paris, France",48.8566,2.3522,48.85660000000001,2.3522,45-60,32631,0.0,0.0,12.5,0.001,14,20,cuda:0,0.08603603145294075,bicubic,,0.09810659421871129,-0.14029660087672435,168689,169664,,,,,,0.0,0.7622752692550421,0.0,0.7622752692550421,0.7622752692550421,computed,77,True
urban__paris__r1c2,urban,paris,"Paris, France",48.8566,2.3522,48.85689347502571,2.4067283288866896,45-60,32631,4000.0,0.0,12.5,0.001,14,20,cuda:0,0.07943613016096224,blurred_observation,12.5,0.07943613016096224,0.0,169673,169673,,,,,,0.0,0.0,0.0,0.0,0.0,computed,78,True
urban__paris__r1c2,urban,paris,"Paris, France",48.8566,2.3522,48.85689347502571,2.4067283288866896,45-60,32631,4000.0,0.0,12.5,0.001,14,20,cuda:0,0.07943613016096224,psf_aware_matched,12.5,0.06143076346366414,0.22666470107259307,169673,171000,22.0,65536.0,171000.0,1441792.0,0.0001286549707602339,0.313442119397223,0.04039804404601455,1.522318009287119,0.35384016344323754,1.8761581727303565,computed,78,True
urban__paris__r1c2,urban,paris,"Paris, France",48.8566,2.3522,48.85689347502571,2.4067283288866896,45-60,32631,4000.0,0.0,12.5,0.001,14,20,cuda:0,0.07943613016096224,psf_aware_plus50,18.75,0.13425327410430338,-0.6900782280338256,169673,172944,48.0,65536.0,172944.0,3145728.0,0.0002775464890369137,0.47681474685668945,0.08080366160720587,1.5296119740232825,0.5576184084638953,2.087230382487178,computed,78,True
urban__paris__r1c2,urban,paris,"Paris, France",48.8566,2.3522,48.85689347502571,2.4067283288866896,45-60,32631,4000.0,0.0,12.5,0.001,14,20,cuda:0,0.07943613016096224,psf_aware_minus50,6.25,0.09058128479520376,-0.1403033432225107,169148,169148,9.0,65536.0,169148.0,589824.0,5.320784165346324e-05,0.1933060009032488,0.021018038038164377,1.570846252143383,0.21432403894141316,1.7851702910847962,computed,78,True
urban__paris__r1c2,urban,paris,"Paris, France",48.8566,2.3522,48.85689347502571,2.4067283288866896,45-60,32631,4000.0,0.0,12.5,0.001,14,20,cuda:0,0.07943613016096224,nearest,,0.09628404452594906,-0.21209384609808812,168688,169673,,,,,,0.0,0.1194616206921637,0.0,0.1194616206921637,0.1194616206921637,computed,78,True
urban__paris__r1c2,urban,paris,"Paris, France",48.8566,2.3522,48.85689347502571,2.4067283288866896,45-60,32631,4000.0,0.0,12.5,0.001,14,20,cuda:0,0.07943613016096224,bilinear,,0.10088569817895779,-0.27002282178817216,168688,169673,,,,,,0.0,0.10545549169182777,0.0,0.10545549169182777,0.10545549169182777,computed,78,True
urban__paris__r1c2,urban,paris,"Paris, France",48.8566,2.3522,48.85689347502571,2.4067283288866896,45-60,32631,4000.0,0.0,12.5,0.001,14,20,cuda:0,0.07943613016096224,bicubic,,0.09096164082992626,-0.14509154267220437,168688,169673,,,,,,0.0,0.7766975248232484,0.0,0.7766975248232484,0.7766975248232484,computed,78,True
urban__paris__r2c0,urban,paris,"Paris, France",48.8566,2.3522,48.892261285227754,2.297168730250136,45-60,32631,-4000.0,4000.0,12.5,0.001,14,20,cuda:0,0.07618161729946958,blurred_observation,12.5,0.07618161729946958,0.0,169678,169678,,,,,,0.0,0.0,0.0,0.0,0.0,computed,79,True
urban__paris__r2c0,urban,paris,"Paris, France",48.8566,2.3522,48.892261285227754,2.297168730250136,45-60,32631,-4000.0,4000.0,12.5,0.001,14,20,cuda:0,0.07618161729946958,psf_aware_matched,12.5,0.05728345853943627,0.2480671772265577,169678,171000,22.0,65536.0,171000.0,1441792.0,0.0001286549707602339,0.2962397583760321,0.040306740906089544,1.5419428390450776,0.33654649928212166,1.8784893383271992,computed,79,True
urban__paris__r2c0,urban,paris,"Paris, France",48.8566,2.3522,48.892261285227754,2.297168730250136,45-60,32631,-4000.0,4000.0,12.5,0.001,14,20,cuda:0,0.07618161729946958,psf_aware_plus50,18.75,0.12933433492968968,-0.6977105437559434,169678,172958,48.0,65536.0,172958.0,3145728.0,0.0002775240231732559,0.4836710230447352,0.08091937098652124,1.5739318658597767,0.5645903940312564,2.138522259891033,computed,79,True
urban__paris__r2c0,urban,paris,"Paris, France",48.8566,2.3522,48.892261285227754,2.297168730250136,45-60,32631,-4000.0,4000.0,12.5,0.001,14,20,cuda:0,0.07618161729946958,psf_aware_minus50,6.25,0.08598750482052024,-0.12871724004629304,169134,169134,9.0,65536.0,169134.0,589824.0,5.321224591152577e-05,0.4391321372240782,0.02158148493617773,1.562274067196995,0.4607136221602559,2.022987689357251,computed,79,True
urban__paris__r2c0,urban,paris,"Paris, France",48.8566,2.3522,48.892261285227754,2.297168730250136,45-60,32631,-4000.0,4000.0,12.5,0.001,14,20,cuda:0,0.07618161729946958,nearest,,0.091540360119217,-0.20160694094183218,168691,169678,,,,,,0.0,0.12010144209489226,0.0,0.12010144209489226,0.12010144209489226,computed,79,True
urban__paris__r2c0,urban,paris,"Paris, France",48.8566,2.3522,48.892261285227754,2.297168730250136,45-60,32631,-4000.0,4000.0,12.5,0.001,14,20,cuda:0,0.07618161729946958,bilinear,,0.09588560799576072,-0.2586449512988789,168691,169678,,,,,,0.0,0.10595055995509028,0.0,0.10595055995509028,0.10595055995509028,computed,79,True
urban__paris__r2c0,urban,paris,"Paris, France",48.8566,2.3522,48.892261285227754,2.297168730250136,45-60,32631,-4000.0,4000.0,12.5,0.001,14,20,cuda:0,0.07618161729946958,bicubic,,0.08658626339433594,-0.13657686018880044,168691,169678,,,,,,0.0,0.7648542132228613,0.0,0.7648542132228613,0.7648542132228613,computed,79,True
urban__paris__r2c1,urban,paris,"Paris, France",48.8566,2.3522,48.892580948202585,2.3517352507932077,45-60,32631,0.0,4000.0,12.5,0.001,14,20,cuda:0,0.08273856157479599,blurred_observation,12.5,0.08273856157479599,0.0,169679,169679,,,,,,0.0,0.0,0.0,0.0,0.0,computed,80,True
urban__paris__r2c1,urban,paris,"Paris, France",48.8566,2.3522,48.892580948202585,2.3517352507932077,45-60,32631,0.0,4000.0,12.5,0.001,14,20,cuda:0,0.08273856157479599,psf_aware_matched,12.5,0.06640065724579901,0.1974642055412995,169679,170992,22.0,65536.0,170992.0,1441792.0,0.0001286609899878357,0.3029598258435726,0.04044284811243415,1.612123932223767,0.34340267395600677,1.9555266061797738,computed,80,True
urban__paris__r2c1,urban,paris,"Paris, France",48.8566,2.3522,48.892580948202585,2.3517352507932077,45-60,32631,0.0,4000.0,12.5,0.001,14,20,cuda:0,0.08273856157479599,psf_aware_plus50,18.75,0.14103598229729272,-0.7045979481985027,169679,172941,48.0,65536.0,172941.0,3145728.0,0.00027755130362377923,0.47410560632124543,0.0811187787912786,1.5284005301073194,0.555224385112524,2.0836249152198434,computed,80,True
urban__paris__r2c1,urban,paris,"Paris, France",48.8566,2.3522,48.892580948202585,2.3517352507932077,45-60,32631,0.0,4000.0,12.5,0.001,14,20,cuda:0,0.08273856157479599,psf_aware_minus50,6.25,0.09365218891302361,-0.1319049682578981,169131,169131,9.0,65536.0,169131.0,589824.0,5.321318977597247e-05,0.19384332885965705,0.020891387946903706,1.5966764437034726,0.21473471680656075,1.8114111605100334,computed,80,True
urban__paris__r2c1,urban,paris,"Paris, France",48.8566,2.3522,48.892580948202585,2.3517352507932077,45-60,32631,0.0,4000.0,12.5,0.001,14,20,cuda:0,0.08273856157479599,nearest,,0.09904525629714502,-0.19708699803304786,168693,169679,,,,,,0.0,0.11951856827363372,0.0,0.11951856827363372,0.11951856827363372,computed,80,True
urban__paris__r2c1,urban,paris,"Paris, France",48.8566,2.3522,48.892580948202585,2.3517352507932077,45-60,32631,0.0,4000.0,12.5,0.001,14,20,cuda:0,0.08273856157479599,bilinear,,0.10345736857923199,-0.25041294663681235,168693,169679,,,,,,0.0,0.10613842634484172,0.0,0.10613842634484172,0.10613842634484172,computed,80,True
urban__paris__r2c1,urban,paris,"Paris, France",48.8566,2.3522,48.892580948202585,2.3517352507932077,45-60,32631,0.0,4000.0,12.5,0.001,14,20,cuda:0,0.08273856157479599,bicubic,,0.09487122652984961,-0.14663857727434193,168693,169679,,,,,,0.0,0.8312912951223552,0.0,0.8312912951223552,0.8312912951223552,computed,80,True
urban__paris__r2c2,urban,paris,"Paris, France",48.8566,2.3522,48.89287479300247,2.406302693919052,45-60,32631,4000.0,4000.0,12.5,0.001,14,20,cuda:0,0.06689539550202837,blurred_observation,12.5,0.06689539550202837,0.0,169658,169658,,,,,,0.0,0.0,0.0,0.0,0.0,computed,81,True
urban__paris__r2c2,urban,paris,"Paris, France",48.8566,2.3522,48.89287479300247,2.406302693919052,45-60,32631,4000.0,4000.0,12.5,0.001,14,20,cuda:0,0.06689539550202837,psf_aware_matched,12.5,0.052603144701936604,0.213650740724874,169658,171001,22.0,65536.0,171001.0,1441792.0,0.00012865421839638365,0.3013593447394669,0.04045116435736418,1.5235417769290507,0.3418105090968311,1.8653522860258818,computed,81,True
urban__paris__r2c2,urban,paris,"Paris, France",48.8566,2.3522,48.89287479300247,2.406302693919052,45-60,32631,4000.0,4000.0,12.5,0.001,14,20,cuda:0,0.06689539550202837,psf_aware_plus50,18.75,0.11136396937400304,-0.6647479028751135,169658,172942,48.0,65536.0,172942.0,3145728.0,0.00027754969874293117,0.43307614605873823,0.08090977277606726,1.5461198901757598,0.5139859188348055,2.0601058090105653,computed,81,True
urban__paris__r2c2,urban,paris,"Paris, France",48.8566,2.3522,48.89287479300247,2.406302693919052,45-60,32631,4000.0,4000.0,12.5,0.001,14,20,cuda:0,0.06689539550202837,psf_aware_minus50,6.25,0.07644655030443655,-0.14277746219646126,169139,169139,9.0,65536.0,169139.0,589824.0,5.3210672878520034e-05,0.2926007262431085,0.021046352107077837,1.5629590130411088,0.31364707835018635,1.8766060913912952,computed,81,True
urban__paris__r2c2,urban,paris,"Paris, France",48.8566,2.3522,48.89287479300247,2.406302693919052,45-60,32631,4000.0,4000.0,12.5,0.001,14,20,cuda:0,0.06689539550202837,nearest,,0.08093998589044896,-0.20994853656250112,168688,169658,,,,,,0.0,0.11978451069444418,0.0,0.11978451069444418,0.11978451069444418,computed,81,True
urban__paris__r2c2,urban,paris,"Paris, France",48.8566,2.3522,48.89287479300247,2.406302693919052,45-60,32631,4000.0,4000.0,12.5,0.001,14,20,cuda:0,0.06689539550202837,bilinear,,0.08474014368600073,-0.2667560009183483,168688,169658,,,,,,0.0,0.10620112484320998,0.0,0.10620112484320998,0.10620112484320998,computed,81,True
urban__paris__r2c2,urban,paris,"Paris, France",48.8566,2.3522,48.89287479300247,2.406302693919052,45-60,32631,4000.0,4000.0,12.5,0.001,14,20,cuda:0,0.06689539550202837,bicubic,,0.07654957352415423,-0.14431752663504516,168688,169658,,,,,,0.0,0.7694835923612118,0.0,0.7694835923612118,0.7694835923612118,computed,81,True
urban__reykjavik__r0c0,urban,reykjavik,"Reykjavik, Iceland",64.1466,-21.9426,64.11015571466663,-22.02347605636371,60-75,32627,-4000.0,-4000.0,12.5,0.001,14,20,cuda:0,0.03148152605043832,blurred_observation,12.5,0.03148152605043832,0.0,169112,169112,,,,,,0.0,0.0,0.0,0.0,0.0,computed,82,True
urban__reykjavik__r0c0,urban,reykjavik,"Reykjavik, Iceland",64.1466,-21.9426,64.11015571466663,-22.02347605636371,60-75,32627,-4000.0,-4000.0,12.5,0.001,14,20,cuda:0,0.03148152605043832,psf_aware_matched,12.5,0.023544360689393116,0.25212136629998905,169112,170450,22.0,65536.0,170450.0,1441792.0,0.00012907010853622762,0.2765450356528163,0.04035861883312464,1.963879126124084,0.31690365448594093,2.280782780610025,computed,82,True
urban__reykjavik__r0c0,urban,reykjavik,"Reykjavik, Iceland",64.1466,-21.9426,64.11015571466663,-22.02347605636371,60-75,32627,-4000.0,-4000.0,12.5,0.001,14,20,cuda:0,0.03148152605043832,psf_aware_plus50,18.75,0.05238750815362492,-0.6640714325503771,169112,172425,48.0,65536.0,172425.0,3145728.0,0.00027838190517616353,0.42945896508172154,0.08099437272176147,1.9751241439953446,0.510453337803483,2.4855774817988276,computed,82,True
urban__reykjavik__r0c0,urban,reykjavik,"Reykjavik, Iceland",64.1466,-21.9426,64.11015571466663,-22.02347605636371,60-75,32627,-4000.0,-4000.0,12.5,0.001,14,20,cuda:0,0.03148152605043832,psf_aware_minus50,6.25,0.036345108093993356,-0.15449003443361708,168591,168591,9.0,65536.0,168591.0,589824.0,5.3383632578251506e-05,0.17555712489411235,0.022160581778734922,2.024150960147381,0.19771770667284727,2.221868666820228,computed,82,True
urban__reykjavik__r0c0,urban,reykjavik,"Reykjavik, Iceland",64.1466,-21.9426,64.11015571466663,-22.02347605636371,60-75,32627,-4000.0,-4000.0,12.5,0.001,14,20,cuda:0,0.03148152605043832,nearest,,0.03847140453762375,-0.22203111996497737,168130,169112,,,,,,0.0,0.12174489488825202,0.0,0.12174489488825202,0.12174489488825202,computed,82,True
urban__reykjavik__r0c0,urban,reykjavik,"Reykjavik, Iceland",64.1466,-21.9426,64.11015571466663,-22.02347605636371,60-75,32627,-4000.0,-4000.0,12.5,0.001,14,20,cuda:0,0.03148152605043832,bilinear,,0.04029032830927362,-0.279808616797109,168130,169112,,,,,,0.0,0.10844721784815192,0.0,0.10844721784815192,0.10844721784815192,computed,82,True
urban__reykjavik__r0c0,urban,reykjavik,"Reykjavik, Iceland",64.1466,-21.9426,64.11015571466663,-22.02347605636371,60-75,32627,-4000.0,-4000.0,12.5,0.001,14,20,cuda:0,0.03148152605043832,bicubic,,0.03608428700963815,-0.1462051411302452,168130,169112,,,,,,0.0,0.7575242510065436,0.0,0.7575242510065436,0.7575242510065436,computed,82,True
urban__reykjavik__r0c1,urban,reykjavik,"Reykjavik, Iceland",64.1466,-21.9426,64.11070940369189,-21.94138469496526,60-75,32627,0.0,-4000.0,12.5,0.001,14,20,cuda:0,0.03957909723485364,blurred_observation,12.5,0.03957909723485364,0.0,169119,169119,,,,,,0.0,0.0,0.0,0.0,0.0,computed,83,True
urban__reykjavik__r0c1,urban,reykjavik,"Reykjavik, Iceland",64.1466,-21.9426,64.11070940369189,-21.94138469496526,60-75,32627,0.0,-4000.0,12.5,0.001,14,20,cuda:0,0.03957909723485364,psf_aware_matched,12.5,0.031661734656044764,0.20003898855572655,169119,170452,22.0,65536.0,170452.0,1441792.0,0.0001290685940910051,0.27612180495634675,0.040671592112630606,1.9747723978944123,0.31679339706897736,2.2915657949633896,computed,83,True
urban__reykjavik__r0c1,urban,reykjavik,"Reykjavik, Iceland",64.1466,-21.9426,64.11070940369189,-21.94138469496526,60-75,32627,0.0,-4000.0,12.5,0.001,14,20,cuda:0,0.03957909723485364,psf_aware_plus50,18.75,0.06420531974976494,-0.622202734154969,169119,172418,48.0,65536.0,172418.0,3145728.0,0.0002783932072057442,0.49593538139015436,0.08137703780084848,1.9642114453017712,0.5773124191910028,2.541523864492774,computed,83,True
urban__reykjavik__r0c1,urban,reykjavik,"Reykjavik, Iceland",64.1466,-21.9426,64.11070940369189,-21.94138469496526,60-75,32627,0.0,-4000.0,12.5,0.001,14,20,cuda:0,0.03957909723485364,psf_aware_minus50,6.25,0.04547306438971674,-0.14891615945380465,168591,168591,9.0,65536.0,168591.0,589824.0,5.3383632578251506e-05,0.1932887388393283,0.022519993130117655,1.9006107160821557,0.21580873196944594,2.1164194480516016,computed,83,True
urban__reykjavik__r0c1,urban,reykjavik,"Reykjavik, Iceland",64.1466,-21.9426,64.11070940369189,-21.94138469496526,60-75,32627,0.0,-4000.0,12.5,0.001,14,20,cuda:0,0.03957909723485364,nearest,,0.04768755876754404,-0.20486726831025437,168129,169119,,,,,,0.0,0.12279816996306181,0.0,0.12279816996306181,0.12279816996306181,computed,83,True
urban__reykjavik__r0c1,urban,reykjavik,"Reykjavik, Iceland",64.1466,-21.9426,64.11070940369189,-21.94138469496526,60-75,32627,0.0,-4000.0,12.5,0.001,14,20,cuda:0,0.03957909723485364,bilinear,,0.049714475745547645,-0.2560790725102422,168129,169119,,,,,,0.0,0.1087223500944674,0.0,0.1087223500944674,0.1087223500944674,computed,83,True
urban__reykjavik__r0c1,urban,reykjavik,"Reykjavik, Iceland",64.1466,-21.9426,64.11070940369189,-21.94138469496526,60-75,32627,0.0,-4000.0,12.5,0.001,14,20,cuda:0,0.03957909723485364,bicubic,,0.04533035343271998,-0.1453104441402404,168129,169119,,,,,,0.0,0.7634807522408664,0.0,0.7634807522408664,0.7634807522408664,computed,83,True
urban__reykjavik__r0c2,urban,reykjavik,"Reykjavik, Iceland",64.1466,-21.9426,64.11121683199232,-21.859289836082795,60-75,32627,4000.0,-4000.0,12.5,0.001,14,20,cuda:0,0.06973831184967938,blurred_observation,12.5,0.06973831184967938,0.0,169112,169112,,,,,,0.0,0.0,0.0,0.0,0.0,computed,84,True
urban__reykjavik__r0c2,urban,reykjavik,"Reykjavik, Iceland",64.1466,-21.9426,64.11121683199232,-21.859289836082795,60-75,32627,4000.0,-4000.0,12.5,0.001,14,20,cuda:0,0.06973831184967938,psf_aware_matched,12.5,0.05437168030780325,0.2203470536395954,169112,170450,22.0,65536.0,170450.0,1441792.0,0.00012907010853622762,0.27768327202647924,0.04042615694925189,1.9594695642590523,0.31810942897573113,2.2775789932347834,computed,84,True
urban__reykjavik__r0c2,urban,reykjavik,"Reykjavik, Iceland",64.1466,-21.9426,64.11121683199232,-21.859289836082795,60-75,32627,4000.0,-4000.0,12.5,0.001,14,20,cuda:0,0.06973831184967938,psf_aware_plus50,18.75,0.1161461361001709,-0.6654566624802072,169112,172425,48.0,65536.0,172425.0,3145728.0,0.00027838190517616353,0.42804678017273545,0.08087254175916314,1.9431812637485564,0.5089193219318986,2.452100585680455,computed,84,True
urban__reykjavik__r0c2,urban,reykjavik,"Reykjavik, Iceland",64.1466,-21.9426,64.11121683199232,-21.859289836082795,60-75,32627,4000.0,-4000.0,12.5,0.001,14,20,cuda:0,0.06973831184967938,psf_aware_minus50,6.25,0.08039986900778652,-0.15287948439428933,168598,168598,9.0,65536.0,168598.0,589824.0,5.3381416149657766e-05,0.19358867593109608,0.02237544860690832,1.9284415673464537,0.2159641245380044,2.144405691884458,computed,84,True
urban__reykjavik__r0c2,urban,reykjavik,"Reykjavik, Iceland",64.1466,-21.9426,64.11121683199232,-21.859289836082795,60-75,32627,4000.0,-4000.0,12.5,0.001,14,20,cuda:0,0.06973831184967938,nearest,,0.08478734821595295,-0.21579295464896964,168135,169112,,,,,,0.0,0.12203958258032799,0.0,0.12203958258032799,0.12203958258032799,computed,84,True
urban__reykjavik__r0c2,urban,reykjavik,"Reykjavik, Iceland",64.1466,-21.9426,64.11121683199232,-21.859289836082795,60-75,32627,4000.0,-4000.0,12.5,0.001,14,20,cuda:0,0.06973831184967938,bilinear,,0.08873795394646007,-0.2724419561192466,168135,169112,,,,,,0.0,0.10816582618281245,0.0,0.10816582618281245,0.10816582618281245,computed,84,True
urban__reykjavik__r0c2,urban,reykjavik,"Reykjavik, Iceland",64.1466,-21.9426,64.11121683199232,-21.859289836082795,60-75,32627,4000.0,-4000.0,12.5,0.001,14,20,cuda:0,0.06973831184967938,bicubic,,0.08022536192391062,-0.1503771714009372,168135,169112,,,,,,0.0,0.757521053776145,0.0,0.757521053776145,0.757521053776145,computed,84,True
urban__reykjavik__r1c0,urban,reykjavik,"Reykjavik, Iceland",64.1466,-21.9426,64.14604543056885,-22.024797296008014,60-75,32627,-4000.0,0.0,12.5,0.001,14,20,cuda:0,0.021248679421946616,blurred_observation,12.5,0.021248679421946616,0.0,169112,169112,,,,,,0.0,0.0,0.0,0.0,0.0,computed,85,True
urban__reykjavik__r1c0,urban,reykjavik,"Reykjavik, Iceland",64.1466,-21.9426,64.14604543056885,-22.024797296008014,60-75,32627,-4000.0,0.0,12.5,0.001,14,20,cuda:0,0.021248679421946616,psf_aware_matched,12.5,0.016506710745616722,0.2231653356976232,169112,170442,22.0,65536.0,170442.0,1441792.0,0.00012907616667253376,0.5149977952241898,0.04807272972539067,1.931872365064919,0.5630705249495804,2.4949428900144994,computed,85,True
urban__reykjavik__r1c0,urban,reykjavik,"Reykjavik, Iceland",64.1466,-21.9426,64.14604543056885,-22.024797296008014,60-75,32627,-4000.0,0.0,12.5,0.001,14,20,cuda:0,0.021248679421946616,psf_aware_plus50,18.75,0.03541256101512814,-0.6665770287141897,169112,172419,48.0,65536.0,172419.0,3145728.0,0.0002783915925739043,0.42864150693640113,0.08056085277348757,1.9510369030758739,0.5092023597098887,2.4602392627857625,computed,85,True
urban__reykjavik__r1c0,urban,reykjavik,"Reykjavik, Iceland",64.1466,-21.9426,64.14604543056885,-22.024797296008014,60-75,32627,-4000.0,0.0,12.5,0.001,14,20,cuda:0,0.021248679421946616,psf_aware_minus50,6.25,0.024202342552814546,-0.13900455045772153,168594,168594,9.0,65536.0,168594.0,589824.0,5.338268265774583e-05,0.1733076749369502,0.02229717094451189,2.037405855022371,0.1956048458814621,2.233010700903833,computed,85,True
urban__reykjavik__r1c0,urban,reykjavik,"Reykjavik, Iceland",64.1466,-21.9426,64.14604543056885,-22.024797296008014,60-75,32627,-4000.0,0.0,12.5,0.001,14,20,cuda:0,0.021248679421946616,nearest,,0.025409723255965775,-0.19582599706038395,168130,169112,,,,,,0.0,0.12174193933606148,0.0,0.12174193933606148,0.12174193933606148,computed,85,True
urban__reykjavik__r1c0,urban,reykjavik,"Reykjavik, Iceland",64.1466,-21.9426,64.14604543056885,-22.024797296008014,60-75,32627,-4000.0,0.0,12.5,0.001,14,20,cuda:0,0.021248679421946616,bilinear,,0.026614819328692745,-0.2525399249613476,168130,169112,,,,,,0.0,0.10900102695450187,0.0,0.10900102695450187,0.10900102695450187,computed,85,True
urban__reykjavik__r1c0,urban,reykjavik,"Reykjavik, Iceland",64.1466,-21.9426,64.14604543056885,-22.024797296008014,60-75,32627,-4000.0,0.0,12.5,0.001,14,20,cuda:0,0.021248679421946616,bicubic,,0.024174247508383866,-0.13768234855176864,168130,169112,,,,,,0.0,0.7656563431955874,0.0,0.7656563431955874,0.7656563431955874,computed,85,True
urban__reykjavik__r1c1,urban,reykjavik,"Reykjavik, Iceland",64.1466,-21.9426,64.1466,-21.942600000000002,60-75,32627,0.0,0.0,12.5,0.001,14,20,cuda:0,0.07155989682962587,blurred_observation,12.5,0.07155989682962587,0.0,169117,169117,,,,,,0.0,0.0,0.0,0.0,0.0,computed,86,True
urban__reykjavik__r1c1,urban,reykjavik,"Reykjavik, Iceland",64.1466,-21.9426,64.1466,-21.942600000000002,60-75,32627,0.0,0.0,12.5,0.001,14,20,cuda:0,0.07155989682962587,psf_aware_matched,12.5,0.05590149322683642,0.21881534625559784,169117,170450,22.0,65536.0,170450.0,1441792.0,0.00012907010853622762,0.2727232277393341,0.040583344642072916,1.9227636237628758,0.313306572381407,2.236070196144283,computed,86,True
urban__reykjavik__r1c1,urban,reykjavik,"Reykjavik, Iceland",64.1466,-21.9426,64.1466,-21.942600000000002,60-75,32627,0.0,0.0,12.5,0.001,14,20,cuda:0,0.07155989682962587,psf_aware_plus50,18.75,0.11545413878264477,-0.613391632711894,169117,172416,48.0,65536.0,172416.0,3145728.0,0.00027839643652561246,0.42616217071190476,0.07991058006882668,1.9352206559851766,0.5060727507807314,2.441293406765908,computed,86,True
urban__reykjavik__r1c1,urban,reykjavik,"Reykjavik, Iceland",64.1466,-21.9426,64.1466,-21.942600000000002,60-75,32627,0.0,0.0,12.5,0.001,14,20,cuda:0,0.07155989682962587,psf_aware_minus50,6.25,0.08145282395731443,-0.1382468053474455,168589,168589,9.0,65536.0,168589.0,589824.0,5.338426587737041e-05,0.17797906184569,0.023186143953353167,1.894800019916147,0.20116520579904318,2.09596522571519,computed,86,True
urban__reykjavik__r1c1,urban,reykjavik,"Reykjavik, Iceland",64.1466,-21.9426,64.1466,-21.942600000000002,60-75,32627,0.0,0.0,12.5,0.001,14,20,cuda:0,0.07155989682962587,nearest,,0.08588194806180384,-0.2001407473556982,168128,169117,,,,,,0.0,0.1292185797356069,0.0,0.1292185797356069,0.1292185797356069,computed,86,True
urban__reykjavik__r1c1,urban,reykjavik,"Reykjavik, Iceland",64.1466,-21.9426,64.1466,-21.942600000000002,60-75,32627,0.0,0.0,12.5,0.001,14,20,cuda:0,0.07155989682962587,bilinear,,0.089660704502885,-0.252946251674379,168128,169117,,,,,,0.0,0.2994688740000129,0.0,0.2994688740000129,0.2994688740000129,computed,86,True
urban__reykjavik__r1c1,urban,reykjavik,"Reykjavik, Iceland",64.1466,-21.9426,64.1466,-21.942600000000002,60-75,32627,0.0,0.0,12.5,0.001,14,20,cuda:0,0.07155989682962587,bicubic,,0.08167583471245356,-0.14136322620632513,168128,169117,,,,,,0.0,0.8301955498754978,0.0,0.8301955498754978,0.8301955498754978,computed,86,True
urban__reykjavik__r1c2,urban,reykjavik,"Reykjavik, Iceland",64.1466,-21.9426,64.14710823517932,-21.86039919199552,60-75,32627,4000.0,0.0,12.5,0.001,14,20,cuda:0,0.059523988620090076,blurred_observation,12.5,0.059523988620090076,0.0,169116,169116,,,,,,0.0,0.0,0.0,0.0,0.0,computed,87,True
urban__reykjavik__r1c2,urban,reykjavik,"Reykjavik, Iceland",64.1466,-21.9426,64.14710823517932,-21.86039919199552,60-75,32627,4000.0,0.0,12.5,0.001,14,20,cuda:0,0.059523988620090076,psf_aware_matched,12.5,0.04683718000452648,0.21313774344889314,169116,170451,22.0,65536.0,170451.0,1441792.0,0.0001290693513091739,0.2749280338175595,0.04031347390264273,1.930336114950478,0.3152415077202022,2.2455776226706803,computed,87,True
urban__reykjavik__r1c2,urban,reykjavik,"Reykjavik, Iceland",64.1466,-21.9426,64.14710823517932,-21.86039919199552,60-75,32627,4000.0,0.0,12.5,0.001,14,20,cuda:0,0.059523988620090076,psf_aware_plus50,18.75,0.09559547739803995,-0.6059991881285876,169116,172421,48.0,65536.0,172421.0,3145728.0,0.0002783883633664113,0.4268594109453261,0.08096247166395187,1.9493721001781523,0.507821882609278,2.4571939827874303,computed,87,True
urban__reykjavik__r1c2,urban,reykjavik,"Reykjavik, Iceland",64.1466,-21.9426,64.14710823517932,-21.86039919199552,60-75,32627,4000.0,0.0,12.5,0.001,14,20,cuda:0,0.059523988620090076,psf_aware_minus50,6.25,0.06793965929332035,-0.14138284191509776,168590,168590,9.0,65536.0,168590.0,589824.0,5.338394922593273e-05,0.1740261260420084,0.022194585762917995,1.9108359520323575,0.1962207118049264,2.107056663837284,computed,87,True
urban__reykjavik__r1c2,urban,reykjavik,"Reykjavik, Iceland",64.1466,-21.9426,64.14710823517932,-21.86039919199552,60-75,32627,4000.0,0.0,12.5,0.001,14,20,cuda:0,0.059523988620090076,nearest,,0.07154911524713405,-0.2020215194884527,168134,169116,,,,,,0.0,0.12240398302674294,0.0,0.12240398302674294,0.12240398302674294,computed,87,True
urban__reykjavik__r1c2,urban,reykjavik,"Reykjavik, Iceland",64.1466,-21.9426,64.14710823517932,-21.86039919199552,60-75,32627,4000.0,0.0,12.5,0.001,14,20,cuda:0,0.059523988620090076,bilinear,,0.07474088618790811,-0.2556431099558767,168134,169116,,,,,,0.0,0.10884461179375648,0.0,0.10884461179375648,0.10884461179375648,computed,87,True
urban__reykjavik__r1c2,urban,reykjavik,"Reykjavik, Iceland",64.1466,-21.9426,64.14710823517932,-21.86039919199552,60-75,32627,4000.0,0.0,12.5,0.001,14,20,cuda:0,0.059523988620090076,bicubic,,0.0679107444733758,-0.14089707440161514,168134,169116,,,,,,0.0,0.7687760307453573,0.0,0.7687760307453573,0.7687760307453573,computed,87,True
urban__reykjavik__r2c0,urban,reykjavik,"Reykjavik, Iceland",64.1466,-21.9426,64.1819349535051,-22.0261223536254,60-75,32627,-4000.0,4000.0,12.5,0.001,14,20,cuda:0,0.0004585091899456659,blurred_observation,12.5,0.0004585091899456659,0.0,169105,169105,,,,,,0.0,0.0,0.0,0.0,0.0,computed,88,True
urban__reykjavik__r2c0,urban,reykjavik,"Reykjavik, Iceland",64.1466,-21.9426,64.1819349535051,-22.0261223536254,60-75,32627,-4000.0,4000.0,12.5,0.001,14,20,cuda:0,0.0004585091899456659,psf_aware_matched,12.5,0.00038431131180607263,0.16182418971446544,169105,170446,22.0,65536.0,170446.0,1441792.0,0.000129073137533295,0.2761504389345646,0.0402860720641911,1.943552537355572,0.3164365109987557,2.2599890483543277,computed,88,True
urban__reykjavik__r2c0,urban,reykjavik,"Reykjavik, Iceland",64.1466,-21.9426,64.1819349535051,-22.0261223536254,60-75,32627,-4000.0,4000.0,12.5,0.001,14,20,cuda:0,0.0004585091899456659,psf_aware_plus50,18.75,0.0006854953431098986,-0.4950525706826747,169105,172420,48.0,65536.0,172420.0,3145728.0,0.00027838997796079344,0.43139085406437516,0.080947645008564,1.979947951156646,0.5123384990729392,2.492286450229585,computed,88,True
urban__reykjavik__r2c0,urban,reykjavik,"Reykjavik, Iceland",64.1466,-21.9426,64.1819349535051,-22.0261223536254,60-75,32627,-4000.0,4000.0,12.5,0.001,14,20,cuda:0,0.0004585091899456659,psf_aware_minus50,6.25,0.0005422103168298991,-0.18255059815519048,168583,168583,9.0,65536.0,168583.0,589824.0,5.338616586488555e-05,0.38974633906036615,0.022013903595507145,1.920710084028542,0.4117602426558733,2.3324703266844153,computed,88,True
urban__reykjavik__r2c0,urban,reykjavik,"Reykjavik, Iceland",64.1466,-21.9426,64.1819349535051,-22.0261223536254,60-75,32627,-4000.0,4000.0,12.5,0.001,14,20,cuda:0,0.0004585091899456659,nearest,,0.0005492372064602204,-0.19787611350888268,168131,169105,,,,,,0.0,0.12161321565508842,0.0,0.12161321565508842,0.12161321565508842,computed,88,True
urban__reykjavik__r2c0,urban,reykjavik,"Reykjavik, Iceland",64.1466,-21.9426,64.1819349535051,-22.0261223536254,60-75,32627,-4000.0,4000.0,12.5,0.001,14,20,cuda:0,0.0004585091899456659,bilinear,,0.0005610307043018495,-0.22359751255658056,168131,169105,,,,,,0.0,0.10920626623556018,0.0,0.10920626623556018,0.10920626623556018,computed,88,True
urban__reykjavik__r2c0,urban,reykjavik,"Reykjavik, Iceland",64.1466,-21.9426,64.1819349535051,-22.0261223536254,60-75,32627,-4000.0,4000.0,12.5,0.001,14,20,cuda:0,0.0004585091899456659,bicubic,,0.000515177260277827,-0.12359200551438532,168131,169105,,,,,,0.0,0.7568372189998627,0.0,0.7568372189998627,0.7568372189998627,computed,88,True
urban__reykjavik__r2c1,urban,reykjavik,"Reykjavik, Iceland",64.1466,-21.9426,64.18249040561801,-21.94381881704467,60-75,32627,0.0,4000.0,12.5,0.001,14,20,cuda:0,0.00459160979809059,blurred_observation,12.5,0.00459160979809059,0.0,169114,169114,,,,,,0.0,0.0,0.0,0.0,0.0,computed,89,True
urban__reykjavik__r2c1,urban,reykjavik,"Reykjavik, Iceland",64.1466,-21.9426,64.18249040561801,-21.94381881704467,60-75,32627,0.0,4000.0,12.5,0.001,14,20,cuda:0,0.00459160979809059,psf_aware_matched,12.5,0.003328268423705255,0.27514127505144115,169114,170445,22.0,65536.0,170445.0,1441792.0,0.00012907389480477574,0.27750835102051497,0.04022866301238537,1.927230343222618,0.31773701403290033,2.2449673572555184,computed,89,True
urban__reykjavik__r2c1,urban,reykjavik,"Reykjavik, Iceland",64.1466,-21.9426,64.18249040561801,-21.94381881704467,60-75,32627,0.0,4000.0,12.5,0.001,14,20,cuda:0,0.00459160979809059,psf_aware_plus50,18.75,0.0072145985657399575,-0.571256897469844,169114,172425,48.0,65536.0,172425.0,3145728.0,0.00027838190517616353,0.43271515192463994,0.08074805699288845,1.9616353958845139,0.5134632089175284,2.4750986048020422,computed,89,True
urban__reykjavik__r2c1,urban,reykjavik,"Reykjavik, Iceland",64.1466,-21.9426,64.18249040561801,-21.94381881704467,60-75,32627,0.0,4000.0,12.5,0.001,14,20,cuda:0,0.00459160979809059,psf_aware_minus50,6.25,0.005482582572271138,-0.19404366079867175,168585,168585,9.0,65536.0,168585.0,589824.0,5.3385532520686894e-05,0.17539967689663172,0.022221948020160198,1.9756269459612668,0.19762162491679192,2.1732485708780587,computed,89,True
urban__reykjavik__r2c1,urban,reykjavik,"Reykjavik, Iceland",64.1466,-21.9426,64.18249040561801,-21.94381881704467,60-75,32627,0.0,4000.0,12.5,0.001,14,20,cuda:0,0.00459160979809059,nearest,,0.005793337887417511,-0.2617226075758128,168129,169114,,,,,,0.0,0.12127921264618635,0.0,0.12127921264618635,0.12127921264618635,computed,89,True
urban__reykjavik__r2c1,urban,reykjavik,"Reykjavik, Iceland",64.1466,-21.9426,64.18249040561801,-21.94381881704467,60-75,32627,0.0,4000.0,12.5,0.001,14,20,cuda:0,0.00459160979809059,bilinear,,0.006038223533506817,-0.31505589521518096,168129,169114,,,,,,0.0,0.1087653012946248,0.0,0.1087653012946248,0.1087653012946248,computed,89,True
urban__reykjavik__r2c1,urban,reykjavik,"Reykjavik, Iceland",64.1466,-21.9426,64.18249040561801,-21.94381881704467,60-75,32627,0.0,4000.0,12.5,0.001,14,20,cuda:0,0.00459160979809059,bicubic,,0.0052419957869465905,-0.14164661577437654,168129,169114,,,,,,0.0,0.7631728588603437,0.0,0.7631728588603437,0.7631728588603437,computed,89,True
urban__reykjavik__r2c2,urban,reykjavik,"Reykjavik, Iceland",64.1466,-21.9426,64.18299944976205,-21.86151175387424,60-75,32627,4000.0,4000.0,12.5,0.001,14,20,cuda:0,0.005947374603584785,blurred_observation,12.5,0.005947374603584785,0.0,169119,169119,,,,,,0.0,0.0,0.0,0.0,0.0,computed,90,True
urban__reykjavik__r2c2,urban,reykjavik,"Reykjavik, Iceland",64.1466,-21.9426,64.18299944976205,-21.86151175387424,60-75,32627,4000.0,4000.0,12.5,0.001,14,20,cuda:0,0.005947374603584785,psf_aware_matched,12.5,0.004395567697996736,0.26092301377026017,169119,170455,22.0,65536.0,170455.0,1441792.0,0.0001290663224898067,0.27191635966300964,0.04034317983314395,1.9397533922456205,0.3122595394961536,2.252012931741774,computed,90,True
urban__reykjavik__r2c2,urban,reykjavik,"Reykjavik, Iceland",64.1466,-21.9426,64.18299944976205,-21.86151175387424,60-75,32627,4000.0,4000.0,12.5,0.001,14,20,cuda:0,0.005947374603584785,psf_aware_plus50,18.75,0.009867460449614401,-0.659128793344677,169119,172414,48.0,65536.0,172414.0,3145728.0,0.0002783996659204009,0.4306636359542608,0.08050648868083954,1.9519263878464699,0.5111701246351004,2.4630965124815702,computed,90,True
urban__reykjavik__r2c2,urban,reykjavik,"Reykjavik, Iceland",64.1466,-21.9426,64.18299944976205,-21.86151175387424,60-75,32627,4000.0,4000.0,12.5,0.001,14,20,cuda:0,0.005947374603584785,psf_aware_minus50,6.25,0.007131026350049355,-0.1990208832231828,168584,168584,9.0,65536.0,168584.0,589824.0,5.3385849190907796e-05,0.1756937736645341,0.02220846200361848,1.9118720549158752,0.19790223566815257,2.1097742905840278,computed,90,True
urban__reykjavik__r2c2,urban,reykjavik,"Reykjavik, Iceland",64.1466,-21.9426,64.18299944976205,-21.86151175387424,60-75,32627,4000.0,4000.0,12.5,0.001,14,20,cuda:0,0.005947374603584785,nearest,,0.0074631904634508955,-0.25487142830257437,168127,169119,,,,,,0.0,0.1214061826467514,0.0,0.1214061826467514,0.1214061826467514,computed,90,True
urban__reykjavik__r2c2,urban,reykjavik,"Reykjavik, Iceland",64.1466,-21.9426,64.18299944976205,-21.86151175387424,60-75,32627,4000.0,4000.0,12.5,0.001,14,20,cuda:0,0.005947374603584785,bilinear,,0.007755141612850797,-0.3039605085875001,168127,169119,,,,,,0.0,0.30898658093065023,0.0,0.30898658093065023,0.30898658093065023,computed,90,True
urban__reykjavik__r2c2,urban,reykjavik,"Reykjavik, Iceland",64.1466,-21.9426,64.18299944976205,-21.86151175387424,60-75,32627,4000.0,4000.0,12.5,0.001,14,20,cuda:0,0.005947374603584785,bicubic,,0.006844946959590833,-0.15091908881358096,168127,169119,,,,,,0.0,0.7990554799325764,0.0,0.7990554799325764,0.7990554799325764,computed,90,True
water__lake_victoria__r0c0,water,lake_victoria,Lake Victoria,-1.0,33.0,-1.0361889347151867,32.96404717228493,00-15,32736,-4000.0,-4000.0,12.5,0.001,14,20,cuda:0,0.00026461724664511674,blurred_observation,12.5,0.00026461724664511674,0.0,170766,170766,,,,,,0.0,0.0,0.0,0.0,0.0,computed,91,True
water__lake_victoria__r0c0,water,lake_victoria,Lake Victoria,-1.0,33.0,-1.0361889347151867,32.96404717228493,00-15,32736,-4000.0,-4000.0,12.5,0.001,14,20,cuda:0,0.00026461724664511674,psf_aware_matched,12.5,0.0002137154859195326,0.19235995148059826,170766,172472,22.0,65536.0,172472.0,1441792.0,0.0001275569367781437,0.2737942957319319,0.04024556512013078,1.6981474603526294,0.3140398608520627,2.012187321204692,computed,91,True
water__lake_victoria__r0c0,water,lake_victoria,Lake Victoria,-1.0,33.0,-1.0361889347151867,32.96404717228493,00-15,32736,-4000.0,-4000.0,12.5,0.001,14,20,cuda:0,0.00026461724664511674,psf_aware_plus50,18.75,0.00041293534944559205,-0.5605005141610726,170766,174287,48.0,65536.0,174287.0,3145728.0,0.0002754078043686563,0.43363912170752883,0.08036800799891353,1.727110667154193,0.5140071297064424,2.2411177968606353,computed,91,True
water__lake_victoria__r0c0,water,lake_victoria,Lake Victoria,-1.0,33.0,-1.0361889347151867,32.96404717228493,00-15,32736,-4000.0,-4000.0,12.5,0.001,14,20,cuda:0,0.00026461724664511674,psf_aware_minus50,6.25,0.0003149477075681842,-0.19020098486084924,170588,170588,9.0,65536.0,170588.0,589824.0,5.275869346026684e-05,0.17380788223817945,0.022290488239377737,1.7394999312236905,0.19609837047755718,1.9355983017012477,computed,91,True
water__lake_victoria__r0c0,water,lake_victoria,Lake Victoria,-1.0,33.0,-1.0361889347151867,32.96404717228493,00-15,32736,-4000.0,-4000.0,12.5,0.001,14,20,cuda:0,0.00026461724664511674,nearest,,0.0003253061560233751,-0.22934600880209977,169595,170766,,,,,,0.0,0.12246899586170912,0.0,0.12246899586170912,0.12246899586170912,computed,91,True
water__lake_victoria__r0c0,water,lake_victoria,Lake Victoria,-1.0,33.0,-1.0361889347151867,32.96404717228493,00-15,32736,-4000.0,-4000.0,12.5,0.001,14,20,cuda:0,0.00026461724664511674,bilinear,,0.0003371447101116286,-0.2740844158346938,169595,170766,,,,,,0.0,0.10776576912030578,0.0,0.10776576912030578,0.10776576912030578,computed,91,True
water__lake_victoria__r0c0,water,lake_victoria,Lake Victoria,-1.0,33.0,-1.0361889347151867,32.96404717228493,00-15,32736,-4000.0,-4000.0,12.5,0.001,14,20,cuda:0,0.00026461724664511674,bicubic,,0.00030295707815927584,-0.1448878786256036,169595,170766,,,,,,0.0,0.7674564523622394,0.0,0.7674564523622394,0.7674564523622394,computed,91,True
water__lake_victoria__r0c1,water,lake_victoria,Lake Victoria,-1.0,33.0,-1.036189140044676,33.0,00-15,32736,0.0,-4000.0,12.5,0.001,14,20,cuda:0,0.00024447790096935224,blurred_observation,12.5,0.00024447790096935224,0.0,170766,170766,,,,,,0.0,0.0,0.0,0.0,0.0,computed,92,True
water__lake_victoria__r0c1,water,lake_victoria,Lake Victoria,-1.0,33.0,-1.036189140044676,33.0,00-15,32736,0.0,-4000.0,12.5,0.001,14,20,cuda:0,0.00024447790096935224,psf_aware_matched,12.5,0.00019823215588782094,0.18916124892338904,170766,172473,22.0,65536.0,172473.0,1441792.0,0.00012755619720188088,0.6298348270356655,0.040402443148195744,1.682468745391816,0.6702372701838613,2.352706015575677,computed,92,True
water__lake_victoria__r0c1,water,lake_victoria,Lake Victoria,-1.0,33.0,-1.036189140044676,33.0,00-15,32736,0.0,-4000.0,12.5,0.001,14,20,cuda:0,0.00024447790096935224,psf_aware_plus50,18.75,0.00038532292822295575,-0.5761053522431046,170766,173974,48.0,65536.0,173974.0,3145728.0,0.0002759032958947889,0.4328743442893028,0.08077355474233627,1.6955253537744284,0.5136478990316391,2.2091732528060675,computed,92,True
water__lake_victoria__r0c1,water,lake_victoria,Lake Victoria,-1.0,33.0,-1.036189140044676,33.0,00-15,32736,0.0,-4000.0,12.5,0.001,14,20,cuda:0,0.00024447790096935224,psf_aware_minus50,6.25,0.000286121761954976,-0.17033793574186595,170448,170448,9.0,65536.0,170448.0,589824.0,5.2802027597859755e-05,0.1701390128582716,0.022286922205239534,1.7093795440159738,0.19242593506351113,1.901805479079485,computed,92,True
water__lake_victoria__r0c1,water,lake_victoria,Lake Victoria,-1.0,33.0,-1.036189140044676,33.0,00-15,32736,0.0,-4000.0,12.5,0.001,14,20,cuda:0,0.00024447790096935224,nearest,,0.0002988852161569019,-0.22254492112303503,169912,170766,,,,,,0.0,0.12122518010437489,0.0,0.12122518010437489,0.12122518010437489,computed,92,True
water__lake_victoria__r0c1,water,lake_victoria,Lake Victoria,-1.0,33.0,-1.036189140044676,33.0,00-15,32736,0.0,-4000.0,12.5,0.001,14,20,cuda:0,0.00024447790096935224,bilinear,,0.00031204950441031544,-0.2763914577679314,169912,170766,,,,,,0.0,0.10701191099360585,0.0,0.10701191099360585,0.10701191099360585,computed,92,True
water__lake_victoria__r0c1,water,lake_victoria,Lake Victoria,-1.0,33.0,-1.036189140044676,33.0,00-15,32736,0.0,-4000.0,12.5,0.001,14,20,cuda:0,0.00024447790096935224,bicubic,,0.00028109220506012316,-0.1497652914459573,169912,170766,,,,,,0.0,0.7663084678351879,0.0,0.7663084678351879,0.7663084678351879,computed,92,True
water__lake_victoria__r0c2,water,lake_victoria,Lake Victoria,-1.0,33.0,-1.0361889347151867,33.03595282771507,00-15,32736,4000.0,-4000.0,12.5,0.001,14,20,cuda:0,0.000232729029816608,blurred_observation,12.5,0.000232729029816608,0.0,171083,171083,,,,,,0.0,0.0,0.0,0.0,0.0,computed,93,True
water__lake_victoria__r0c2,water,lake_victoria,Lake Victoria,-1.0,33.0,-1.0361889347151867,33.03595282771507,00-15,32736,4000.0,-4000.0,12.5,0.001,14,20,cuda:0,0.000232729029816608,psf_aware_matched,12.5,0.000187433856280783,0.1946262293600325,171083,172790,22.0,65536.0,172790.0,1441792.0,0.0001273221829967012,0.27096409583464265,0.040315326768904924,1.700592220760882,0.3112794226035476,2.0118716433644295,computed,93,True
water__lake_victoria__r0c2,water,lake_victoria,Lake Victoria,-1.0,33.0,-1.0361889347151867,33.03595282771507,00-15,32736,4000.0,-4000.0,12.5,0.001,14,20,cuda:0,0.000232729029816608,psf_aware_plus50,18.75,0.00037124994084451973,-0.5952025457978625,171083,173974,48.0,65536.0,173974.0,3145728.0,0.0002759032958947889,0.7553648110479116,0.08052445389330387,1.6900576590560377,0.8358892649412155,2.525946923997253,computed,93,True
water__lake_victoria__r0c2,water,lake_victoria,Lake Victoria,-1.0,33.0,-1.0361889347151867,33.03595282771507,00-15,32736,4000.0,-4000.0,12.5,0.001,14,20,cuda:0,0.000232729029816608,psf_aware_minus50,6.25,0.00027265983131066063,-0.1715763672693449,170448,170448,9.0,65536.0,170448.0,589824.0,5.2802027597859755e-05,0.17390260193496943,0.023272376973181963,1.6477847644127905,0.1971749789081514,1.844959743320942,computed,93,True
water__lake_victoria__r0c2,water,lake_victoria,Lake Victoria,-1.0,33.0,-1.0361889347151867,33.03595282771507,00-15,32736,4000.0,-4000.0,12.5,0.001,14,20,cuda:0,0.000232729029816608,nearest,,0.0002826974593429183,-0.2147064745884335,169912,171083,,,,,,0.0,0.12105442676693201,0.0,0.12105442676693201,0.12105442676693201,computed,93,True
water__lake_victoria__r0c2,water,lake_victoria,Lake Victoria,-1.0,33.0,-1.0361889347151867,33.03595282771507,00-15,32736,4000.0,-4000.0,12.5,0.001,14,20,cuda:0,0.000232729029816608,bilinear,,0.00029549062652642024,-0.2696766998052147,169912,171083,,,,,,0.0,0.10734838712960482,0.0,0.10734838712960482,0.10734838712960482,computed,93,True
water__lake_victoria__r0c2,water,lake_victoria,Lake Victoria,-1.0,33.0,-1.0361889347151867,33.03595282771507,00-15,32736,4000.0,-4000.0,12.5,0.001,14,20,cuda:0,0.000232729029816608,bicubic,,0.00026702693656427987,-0.14737270539347347,169912,171083,,,,,,0.0,0.7643365729600191,0.0,0.7643365729600191,0.7643365729600191,computed,93,True
water__lake_victoria__r1c0,water,lake_victoria,Lake Victoria,-1.0,33.0,-0.9999998018431085,32.96404757313427,00-15,32736,-4000.0,0.0,12.5,0.001,14,20,cuda:0,0.0002833588934363299,blurred_observation,12.5,0.0002833588934363299,0.0,171034,171034,,,,,,0.0,0.0,0.0,0.0,0.0,computed,94,True
water__lake_victoria__r1c0,water,lake_victoria,Lake Victoria,-1.0,33.0,-0.9999998018431085,32.96404757313427,00-15,32736,-4000.0,0.0,12.5,0.001,14,20,cuda:0,0.0002833588934363299,psf_aware_matched,12.5,0.00022984501660961186,0.18885546939341957,171034,172207,22.0,65536.0,172207.0,1441792.0,0.00012775322722072854,0.2697790809907019,0.040260985027998686,1.705415666103363,0.3100400660187006,2.0154557321220636,computed,94,True
water__lake_victoria__r1c0,water,lake_victoria,Lake Victoria,-1.0,33.0,-0.9999998018431085,32.96404757313427,00-15,32736,-4000.0,0.0,12.5,0.001,14,20,cuda:0,0.0002833588934363299,psf_aware_plus50,18.75,0.00044810719696638043,-0.5814121502668457,171034,174556,48.0,65536.0,174556.0,3145728.0,0.0002749833864204038,0.43126414390280843,0.08072565402835608,1.6984495618380606,0.5119897979311645,2.210439359769225,computed,94,True
water__lake_victoria__r1c0,water,lake_victoria,Lake Victoria,-1.0,33.0,-0.9999998018431085,32.96404757313427,00-15,32736,-4000.0,0.0,12.5,0.001,14,20,cuda:0,0.0002833588934363299,psf_aware_minus50,6.25,0.00033548985020975277,-0.18397501536381666,170511,170511,9.0,65536.0,170511.0,589824.0,5.278251842989602e-05,0.3655216572806239,0.02251396095380187,1.662609321065247,0.3880356182344258,2.050644939299673,computed,94,True
water__lake_victoria__r1c0,water,lake_victoria,Lake Victoria,-1.0,33.0,-0.9999998018431085,32.96404757313427,00-15,32736,-4000.0,0.0,12.5,0.001,14,20,cuda:0,0.0002833588934363299,nearest,,0.00034285521522461665,-0.2099680764092744,169862,171034,,,,,,0.0,0.12112472113221884,0.0,0.12112472113221884,0.12112472113221884,computed,94,True
water__lake_victoria__r1c0,water,lake_victoria,Lake Victoria,-1.0,33.0,-0.9999998018431085,32.96404757313427,00-15,32736,-4000.0,0.0,12.5,0.001,14,20,cuda:0,0.0002833588934363299,bilinear,,0.00035694399752001453,-0.25968870498931085,169862,171034,,,,,,0.0,0.10837428085505962,0.0,0.10837428085505962,0.10837428085505962,computed,94,True
water__lake_victoria__r1c0,water,lake_victoria,Lake Victoria,-1.0,33.0,-0.9999998018431085,32.96404757313427,00-15,32736,-4000.0,0.0,12.5,0.001,14,20,cuda:0,0.0002833588934363299,bicubic,,0.0003223774452487874,-0.13770011358836998,169862,171034,,,,,,0.0,0.7609915272332728,0.0,0.7609915272332728,0.7609915272332728,computed,94,True
water__lake_victoria__r1c1,water,lake_victoria,Lake Victoria,-1.0,33.0,-0.9999999999999957,33.0,00-15,32736,0.0,0.0,12.5,0.001,14,20,cuda:0,0.00025634805376225397,blurred_observation,12.5,0.00025634805376225397,0.0,171034,171034,,,,,,0.0,0.0,0.0,0.0,0.0,computed,95,True
water__lake_victoria__r1c1,water,lake_victoria,Lake Victoria,-1.0,33.0,-0.9999999999999957,33.0,00-15,32736,0.0,0.0,12.5,0.001,14,20,cuda:0,0.00025634805376225397,psf_aware_matched,12.5,0.0002069117604417857,0.19284832708859645,171034,172207,22.0,65536.0,172207.0,1441792.0,0.00012775322722072854,0.26899115880951285,0.04025663575157523,1.70490512996912,0.3092477945610881,2.014152924530208,computed,95,True
water__lake_victoria__r1c1,water,lake_victoria,Lake Victoria,-1.0,33.0,-0.9999999999999957,33.0,00-15,32736,0.0,0.0,12.5,0.001,14,20,cuda:0,0.00025634805376225397,psf_aware_plus50,18.75,0.0004062607344047653,-0.5848013216497656,171034,174240,48.0,65536.0,174240.0,3145728.0,0.0002754820936639118,0.4357972494326532,0.08096856391057372,1.7088966690935194,0.5167658133432269,2.2256624824367464,computed,95,True
water__lake_victoria__r1c1,water,lake_victoria,Lake Victoria,-1.0,33.0,-0.9999999999999957,33.0,00-15,32736,0.0,0.0,12.5,0.001,14,20,cuda:0,0.00025634805376225397,psf_aware_minus50,6.25,0.0003006414298552292,-0.1727860829950143,170379,170379,9.0,65536.0,170379.0,589824.0,5.282341133590407e-05,0.17319718608632684,0.0222722040489316,1.7363621890544891,0.19546939013525844,1.9318315791897476,computed,95,True
water__lake_victoria__r1c1,water,lake_victoria,Lake Victoria,-1.0,33.0,-0.9999999999999957,33.0,00-15,32736,0.0,0.0,12.5,0.001,14,20,cuda:0,0.00025634805376225397,nearest,,0.000313595516461376,-0.22331927962369202,170178,171034,,,,,,0.0,0.255442108027637,0.0,0.255442108027637,0.255442108027637,computed,95,True
water__lake_victoria__r1c1,water,lake_victoria,Lake Victoria,-1.0,33.0,-0.9999999999999957,33.0,00-15,32736,0.0,0.0,12.5,0.001,14,20,cuda:0,0.00025634805376225397,bilinear,,0.0003265133346872716,-0.2737109952474668,170178,171034,,,,,,0.0,0.36684704804793,0.0,0.36684704804793,0.36684704804793,computed,95,True
water__lake_victoria__r1c1,water,lake_victoria,Lake Victoria,-1.0,33.0,-0.9999999999999957,33.0,00-15,32736,0.0,0.0,12.5,0.001,14,20,cuda:0,0.00025634805376225397,bicubic,,0.0002947079752657438,-0.14963999507898018,170178,171034,,,,,,0.0,0.7679046508856118,0.0,0.7679046508856118,0.7679046508856118,computed,95,True
water__lake_victoria__r1c2,water,lake_victoria,Lake Victoria,-1.0,33.0,-0.9999998018431085,33.03595242686573,00-15,32736,4000.0,0.0,12.5,0.001,14,20,cuda:0,0.0002358239439447913,blurred_observation,12.5,0.0002358239439447913,0.0,171347,171347,,,,,,0.0,0.0,0.0,0.0,0.0,computed,96,True
water__lake_victoria__r1c2,water,lake_victoria,Lake Victoria,-1.0,33.0,-0.9999998018431085,33.03595242686573,00-15,32736,4000.0,0.0,12.5,0.001,14,20,cuda:0,0.0002358239439447913,psf_aware_matched,12.5,0.00019636418947939713,0.16732717554173415,171347,172523,22.0,65536.0,172523.0,1441792.0,0.00012751922932014863,0.2779645840637386,0.04132551094517112,1.746625707950443,0.3192900950089097,2.0659158029593527,computed,96,True
water__lake_victoria__r1c2,water,lake_victoria,Lake Victoria,-1.0,33.0,-0.9999998018431085,33.03595242686573,00-15,32736,4000.0,0.0,12.5,0.001,14,20,cuda:0,0.0002358239439447913,psf_aware_plus50,18.75,0.000367135830851817,-0.5568216895641738,171347,174240,48.0,65536.0,174240.0,3145728.0,0.0002754820936639118,0.4446396268904209,0.0795796038582921,1.760527447797358,0.524219230748713,2.284746678546071,computed,96,True
water__lake_victoria__r1c2,water,lake_victoria,Lake Victoria,-1.0,33.0,-0.9999998018431085,33.03595242686573,00-15,32736,4000.0,0.0,12.5,0.001,14,20,cuda:0,0.0002358239439447913,psf_aware_minus50,6.25,0.00028541473347138644,-0.21028733849945636,170378,170378,9.0,65536.0,170378.0,589824.0,5.282372137247767e-05,0.16918755136430264,0.022337607108056545,1.7302392115816474,0.19152515847235918,1.9217643700540066,computed,96,True
water__lake_victoria__r1c2,water,lake_victoria,Lake Victoria,-1.0,33.0,-0.9999998018431085,33.03595242686573,00-15,32736,4000.0,0.0,12.5,0.001,14,20,cuda:0,0.0002358239439447913,nearest,,0.00029344930334127055,-0.24435754246383867,170179,171347,,,,,,0.0,0.1226849346421659,0.0,0.1226849346421659,0.1226849346421659,computed,96,True
water__lake_victoria__r1c2,water,lake_victoria,Lake Victoria,-1.0,33.0,-0.9999998018431085,33.03595242686573,00-15,32736,4000.0,0.0,12.5,0.001,14,20,cuda:0,0.0002358239439447913,bilinear,,0.0003011093390508743,-0.2768395524814349,170179,171347,,,,,,0.0,0.10864482307806611,0.0,0.10864482307806611,0.10864482307806611,computed,96,True
water__lake_victoria__r1c2,water,lake_victoria,Lake Victoria,-1.0,33.0,-0.9999998018431085,33.03595242686573,00-15,32736,4000.0,0.0,12.5,0.001,14,20,cuda:0,0.0002358239439447913,bicubic,,0.0002717614345789059,-0.15239118654774053,170179,171347,,,,,,0.0,0.7779534440487623,0.0,0.7779534440487623,0.7779534440487623,computed,96,True
water__lake_victoria__r2c0,water,lake_victoria,Lake Victoria,-1.0,33.0,-0.9638106609604543,32.96404795972799,00-15,32736,-4000.0,4000.0,12.5,0.001,14,20,cuda:0,0.0002923679420704249,blurred_observation,12.5,0.0002923679420704249,0.0,171034,171034,,,,,,0.0,0.0,0.0,0.0,0.0,computed,97,True
water__lake_victoria__r2c0,water,lake_victoria,Lake Victoria,-1.0,33.0,-0.9638106609604543,32.96404795972799,00-15,32736,-4000.0,4000.0,12.5,0.001,14,20,cuda:0,0.0002923679420704249,psf_aware_matched,12.5,0.00024594762170488044,0.15877363310360082,171034,172207,22.0,65536.0,172207.0,1441792.0,0.00012775322722072854,0.26789121609181166,0.04029801394790411,1.751132293138653,0.30818923003971577,2.059321523178369,computed,97,True
water__lake_victoria__r2c0,water,lake_victoria,Lake Victoria,-1.0,33.0,-0.9638106609604543,32.96404795972799,00-15,32736,-4000.0,4000.0,12.5,0.001,14,20,cuda:0,0.0002923679420704249,psf_aware_plus50,18.75,0.00044963230405274093,-0.5378987890007263,171034,174555,48.0,65536.0,174555.0,3145728.0,0.00027498496175990374,0.42455048905685544,0.07974694995209575,1.7813616776838899,0.5042974390089512,2.285659116692841,computed,97,True
water__lake_victoria__r2c0,water,lake_victoria,Lake Victoria,-1.0,33.0,-0.9638106609604543,32.96404795972799,00-15,32736,-4000.0,4000.0,12.5,0.001,14,20,cuda:0,0.0002923679420704249,psf_aware_minus50,6.25,0.000346147548434751,-0.18394494958469765,170416,170416,9.0,65536.0,170416.0,589824.0,5.281194254060652e-05,0.16573033295571804,0.02229512669146061,1.810841232072562,0.18802545964717865,1.9988666917197406,computed,97,True
water__lake_victoria__r2c0,water,lake_victoria,Lake Victoria,-1.0,33.0,-0.9638106609604543,32.96404795972799,00-15,32736,-4000.0,4000.0,12.5,0.001,14,20,cuda:0,0.0002923679420704249,nearest,,0.00035513157378098026,-0.21467343945471629,169863,171034,,,,,,0.0,0.120987500064075,0.0,0.120987500064075,0.120987500064075,computed,97,True
water__lake_victoria__r2c0,water,lake_victoria,Lake Victoria,-1.0,33.0,-0.9638106609604543,32.96404795972799,00-15,32736,-4000.0,4000.0,12.5,0.001,14,20,cuda:0,0.0002923679420704249,bilinear,,0.00036558498179570416,-0.25042772886379905,169863,171034,,,,,,0.0,0.10770411184057593,0.0,0.10770411184057593,0.10770411184057593,computed,97,True
water__lake_victoria__r2c0,water,lake_victoria,Lake Victoria,-1.0,33.0,-0.9638106609604543,32.96404795972799,00-15,32736,-4000.0,4000.0,12.5,0.001,14,20,cuda:0,0.0002923679420704249,bicubic,,0.0003318571440028227,-0.1350667985441638,169863,171034,,,,,,0.0,0.768486081622541,0.0,0.768486081622541,0.768486081622541,computed,97,True
water__lake_victoria__r2c1,water,lake_victoria,Lake Victoria,-1.0,33.0,-0.9638108519448894,33.0,00-15,32736,0.0,4000.0,12.5,0.001,14,20,cuda:0,0.00028228825538947043,blurred_observation,12.5,0.00028228825538947043,0.0,171033,171033,,,,,,0.0,0.0,0.0,0.0,0.0,computed,98,True
water__lake_victoria__r2c1,water,lake_victoria,Lake Victoria,-1.0,33.0,-0.9638108519448894,33.0,00-15,32736,0.0,4000.0,12.5,0.001,14,20,cuda:0,0.00028228825538947043,psf_aware_matched,12.5,0.00024066482601217538,0.14745009252994812,171033,172207,22.0,65536.0,172207.0,1441792.0,0.00012775322722072854,0.26305497623980045,0.040309345815330744,1.6974634639918804,0.3033643220551312,2.0008277860470116,computed,98,True
water__lake_victoria__r2c1,water,lake_victoria,Lake Victoria,-1.0,33.0,-0.9638108519448894,33.0,00-15,32736,0.0,4000.0,12.5,0.001,14,20,cuda:0,0.00028228825538947043,psf_aware_plus50,18.75,0.0004322966190215102,-0.5314013628554071,171033,174241,48.0,65536.0,174241.0,3145728.0,0.00027548051262332057,0.5002987659536302,0.07969521312043071,1.7363275331445038,0.5799939790740609,2.3163215122185647,computed,98,True
water__lake_victoria__r2c1,water,lake_victoria,Lake Victoria,-1.0,33.0,-0.9638108519448894,33.0,00-15,32736,0.0,4000.0,12.5,0.001,14,20,cuda:0,0.00028228825538947043,psf_aware_minus50,6.25,0.0003362759562076487,-0.19125025496966552,170276,170276,9.0,65536.0,170276.0,589824.0,5.285536423218774e-05,0.16727148229256272,0.022276571951806545,1.6556410328485072,0.18954805424436927,1.8451890870928764,computed,98,True
water__lake_victoria__r2c1,water,lake_victoria,Lake Victoria,-1.0,33.0,-0.9638108519448894,33.0,00-15,32736,0.0,4000.0,12.5,0.001,14,20,cuda:0,0.00028228825538947043,nearest,,0.0003487069356770932,-0.23528672914849236,170180,171033,,,,,,0.0,0.12127356231212616,0.0,0.12127356231212616,0.12127356231212616,computed,98,True
water__lake_victoria__r2c1,water,lake_victoria,Lake Victoria,-1.0,33.0,-0.9638108519448894,33.0,00-15,32736,0.0,4000.0,12.5,0.001,14,20,cuda:0,0.00028228825538947043,bilinear,,0.0003578285224004307,-0.26759975156153093,170180,171033,,,,,,0.0,0.10741063626483083,0.0,0.10741063626483083,0.10741063626483083,computed,98,True
water__lake_victoria__r2c1,water,lake_victoria,Lake Victoria,-1.0,33.0,-0.9638108519448894,33.0,00-15,32736,0.0,4000.0,12.5,0.001,14,20,cuda:0,0.00028228825538947043,bicubic,,0.00032461578250303724,-0.14994434343422447,170180,171033,,,,,,0.0,0.7663620188832283,0.0,0.7663620188832283,0.7663620188832283,computed,98,True
water__lake_victoria__r2c2,water,lake_victoria,Lake Victoria,-1.0,33.0,-0.9638106609604543,33.03595204027201,00-15,32736,4000.0,4000.0,12.5,0.001,14,20,cuda:0,0.0002483582646327803,blurred_observation,12.5,0.0002483582646327803,0.0,171333,171333,,,,,,0.0,0.0,0.0,0.0,0.0,computed,99,True
water__lake_victoria__r2c2,water,lake_victoria,Lake Victoria,-1.0,33.0,-0.9638106609604543,33.03595204027201,00-15,32736,4000.0,4000.0,12.5,0.001,14,20,cuda:0,0.0002483582646327803,psf_aware_matched,12.5,0.00021429479470495364,0.13715456571655682,171333,172522,22.0,65536.0,172522.0,1441792.0,0.00012751996846778962,0.2615298768505454,0.04035323904827237,1.6726080179214478,0.3018831158988178,1.9744911338202655,computed,99,True
water__lake_victoria__r2c2,water,lake_victoria,Lake Victoria,-1.0,33.0,-0.9638106609604543,33.03595204027201,00-15,32736,4000.0,4000.0,12.5,0.001,14,20,cuda:0,0.0002483582646327803,psf_aware_plus50,18.75,0.0003829319895715976,-0.541853218123409,171333,174241,48.0,65536.0,174241.0,3145728.0,0.00027548051262332057,0.4256256949156523,0.07974526798352599,1.7148730386979878,0.5053709628991783,2.220244001597166,computed,99,True
water__lake_victoria__r2c2,water,lake_victoria,Lake Victoria,-1.0,33.0,-0.9638106609604543,33.03595204027201,00-15,32736,4000.0,4000.0,12.5,0.001,14,20,cuda:0,0.0002483582646327803,psf_aware_minus50,6.25,0.00030618825204117774,-0.23284905575380854,170280,170280,9.0,65536.0,170280.0,589824.0,5.285412262156448e-05,0.16622770484536886,0.022328059189021587,1.7219915711320937,0.18855576403439045,1.9105473351664841,computed,99,True
water__lake_victoria__r2c2,water,lake_victoria,Lake Victoria,-1.0,33.0,-0.9638106609604543,33.03595204027201,00-15,32736,4000.0,4000.0,12.5,0.001,14,20,cuda:0,0.0002483582646327803,nearest,,0.00031362291617685096,-0.2627842952622099,170178,171333,,,,,,0.0,0.12062325002625585,0.0,0.12062325002625585,0.12062325002625585,computed,99,True
water__lake_victoria__r2c2,water,lake_victoria,Lake Victoria,-1.0,33.0,-0.9638106609604543,33.03595204027201,00-15,32736,4000.0,4000.0,12.5,0.001,14,20,cuda:0,0.0002483582646327803,bilinear,,0.00031819904499006665,-0.281209809790514,170178,171333,,,,,,0.0,0.10772083280608058,0.0,0.10772083280608058,0.10772083280608058,computed,99,True
water__lake_victoria__r2c2,water,lake_victoria,Lake Victoria,-1.0,33.0,-0.9638106609604543,33.03595204027201,00-15,32736,4000.0,4000.0,12.5,0.001,14,20,cuda:0,0.0002483582646327803,bicubic,,0.000287757243930743,-0.15863768156142322,170178,171333,,,,,,0.0,0.7574072792194784,0.0,0.7574072792194784,0.7574072792194784,computed,99,True
water__lake_titicaca__r0c0,water,lake_titicaca,Lake Titicaca,-15.8,-69.4,-15.83608924910252,-69.43742591070479,15-30,32719,-4000.0,-4000.0,12.5,0.001,14,20,cuda:0,0.002647306105419003,blurred_observation,12.5,0.002647306105419003,0.0,170775,170775,,,,,,0.0,0.0,0.0,0.0,0.0,computed,100,True
water__lake_titicaca__r0c0,water,lake_titicaca,Lake Titicaca,-15.8,-69.4,-15.83608924910252,-69.43742591070479,15-30,32719,-4000.0,-4000.0,12.5,0.001,14,20,cuda:0,0.002647306105419003,psf_aware_matched,12.5,0.0024794872521132065,0.06339231151330527,170775,172079,22.0,65536.0,172079.0,1441792.0,0.00012784825574300177,0.2719922633841634,0.040381311904639006,2.5457426449283957,0.3123735752888024,2.858116220217198,computed,100,True
water__lake_titicaca__r0c0,water,lake_titicaca,Lake Titicaca,-15.8,-69.4,-15.83608924910252,-69.43742591070479,15-30,32719,-4000.0,-4000.0,12.5,0.001,14,20,cuda:0,0.002647306105419003,psf_aware_plus50,18.75,0.0034194482215564696,-0.2916708855681258,170775,174089,48.0,65536.0,174089.0,3145728.0,0.0002757210392385504,0.43019256507977843,0.07969532301649451,2.636041359975934,0.509887888096273,3.145929248072207,computed,100,True
water__lake_titicaca__r0c0,water,lake_titicaca,Lake Titicaca,-15.8,-69.4,-15.83608924910252,-69.43742591070479,15-30,32719,-4000.0,-4000.0,12.5,0.001,14,20,cuda:0,0.002647306105419003,psf_aware_minus50,6.25,0.0028265324874114563,-0.06770141980392053,170263,170263,9.0,65536.0,170263.0,589824.0,5.285939986961348e-05,0.16862050676718354,0.022268486209213734,2.599474051967263,0.19088899297639728,2.7903630449436605,computed,100,True
water__lake_titicaca__r0c0,water,lake_titicaca,Lake Titicaca,-15.8,-69.4,-15.83608924910252,-69.43742591070479,15-30,32719,-4000.0,-4000.0,12.5,0.001,14,20,cuda:0,0.002647306105419003,nearest,,0.002886947026074206,-0.09052255806937515,169772,170775,,,,,,0.0,0.1217389041557908,0.0,0.1217389041557908,0.1217389041557908,computed,100,True
water__lake_titicaca__r0c0,water,lake_titicaca,Lake Titicaca,-15.8,-69.4,-15.83608924910252,-69.43742591070479,15-30,32719,-4000.0,-4000.0,12.5,0.001,14,20,cuda:0,0.002647306105419003,bilinear,,0.0029478647284199395,-0.11353376263730786,169772,170775,,,,,,0.0,0.10794731182977557,0.0,0.10794731182977557,0.10794731182977557,computed,100,True
water__lake_titicaca__r0c0,water,lake_titicaca,Lake Titicaca,-15.8,-69.4,-15.83608924910252,-69.43742591070479,15-30,32719,-4000.0,-4000.0,12.5,0.001,14,20,cuda:0,0.002647306105419003,bicubic,,0.002847116844426384,-0.07547700607737462,169772,170775,,,,,,0.0,0.765476712025702,0.0,0.765476712025702,0.765476712025702,computed,100,True
water__lake_titicaca__r0c1,water,lake_titicaca,Lake Titicaca,-15.8,-69.4,-15.836161370527593,-69.40007108737676,15-30,32719,0.0,-4000.0,12.5,0.001,14,20,cuda:0,0.005088307976944773,blurred_observation,12.5,0.005088307976944773,0.0,170785,170785,,,,,,0.0,0.0,0.0,0.0,0.0,computed,101,True
water__lake_titicaca__r0c1,water,lake_titicaca,Lake Titicaca,-15.8,-69.4,-15.836161370527593,-69.40007108737676,15-30,32719,0.0,-4000.0,12.5,0.001,14,20,cuda:0,0.005088307976944773,psf_aware_matched,12.5,0.004821369210354728,0.052461204746165,170785,172104,22.0,65536.0,172104.0,1441792.0,0.0001278296843768884,0.26494554663076997,0.040206782054156065,2.641185653861612,0.30515232868492603,2.946337982546538,computed,101,True
water__lake_titicaca__r0c1,water,lake_titicaca,Lake Titicaca,-15.8,-69.4,-15.836161370527593,-69.40007108737676,15-30,32719,0.0,-4000.0,12.5,0.001,14,20,cuda:0,0.005088307976944773,psf_aware_plus50,18.75,0.0064208349910652536,-0.2618801810264213,170785,174120,48.0,65536.0,174120.0,3145728.0,0.0002756719503790489,0.4379303599707782,0.07980155386030674,2.8088064678013325,0.517731913831085,3.3265383816324174,computed,101,True
water__lake_titicaca__r0c1,water,lake_titicaca,Lake Titicaca,-15.8,-69.4,-15.836161370527593,-69.40007108737676,15-30,32719,0.0,-4000.0,12.5,0.001,14,20,cuda:0,0.005088307976944773,psf_aware_minus50,6.25,0.0053946597399127565,-0.06020700090404696,170262,170262,9.0,65536.0,170262.0,589824.0,5.28597103287874e-05,0.16760071506723762,0.022293393034487963,2.7834799089469016,0.18989410810172558,2.973374017048627,computed,101,True
water__lake_titicaca__r0c1,water,lake_titicaca,Lake Titicaca,-15.8,-69.4,-15.836161370527593,-69.40007108737676,15-30,32719,0.0,-4000.0,12.5,0.001,14,20,cuda:0,0.005088307976944773,nearest,,0.005499800824669856,-0.08087027153025428,169775,170785,,,,,,0.0,0.12203214829787612,0.0,0.12203214829787612,0.12203214829787612,computed,101,True
water__lake_titicaca__r0c1,water,lake_titicaca,Lake Titicaca,-15.8,-69.4,-15.836161370527593,-69.40007108737676,15-30,32719,0.0,-4000.0,12.5,0.001,14,20,cuda:0,0.005088307976944773,bilinear,,0.005604086727106058,-0.10136547404329477,169775,170785,,,,,,0.0,0.10906972782686353,0.0,0.10906972782686353,0.10906972782686353,computed,101,True
water__lake_titicaca__r0c1,water,lake_titicaca,Lake Titicaca,-15.8,-69.4,-15.836161370527593,-69.40007108737676,15-30,32719,0.0,-4000.0,12.5,0.001,14,20,cuda:0,0.005088307976944773,bicubic,,0.0054345217476264975,-0.06804104080382456,169775,170785,,,,,,0.0,0.756800901144743,0.0,0.756800901144743,0.756800901144743,computed,101,True
water__lake_titicaca__r0c2,water,lake_titicaca,Lake Titicaca,-15.8,-69.4,-15.83622705865855,-69.36271608034622,15-30,32719,4000.0,-4000.0,12.5,0.001,14,20,cuda:0,0.042991872092002545,blurred_observation,12.5,0.042991872092002545,0.0,170778,170778,,,,,,0.0,0.0,0.0,0.0,0.0,computed,102,True
water__lake_titicaca__r0c2,water,lake_titicaca,Lake Titicaca,-15.8,-69.4,-15.83622705865855,-69.36271608034622,15-30,32719,4000.0,-4000.0,12.5,0.001,14,20,cuda:0,0.042991872092002545,psf_aware_matched,12.5,0.04080482424400098,0.05087119359029735,170778,172120,22.0,65536.0,172120.0,1441792.0,0.00012781780153381362,0.26643427601084113,0.040267346892505884,2.859579401090741,0.306701622903347,3.166281023994088,computed,102,True
water__lake_titicaca__r0c2,water,lake_titicaca,Lake Titicaca,-15.8,-69.4,-15.83622705865855,-69.36271608034622,15-30,32719,4000.0,-4000.0,12.5,0.001,14,20,cuda:0,0.042991872092002545,psf_aware_plus50,18.75,0.04755639480251247,-0.10617175964661074,170778,174118,48.0,65536.0,174118.0,3145728.0,0.0002756751168747631,0.4222643687389791,0.07967378199100494,2.571965020149946,0.501938150729984,3.0739031708799303,computed,102,True
water__lake_titicaca__r0c2,water,lake_titicaca,Lake Titicaca,-15.8,-69.4,-15.83622705865855,-69.36271608034622,15-30,32719,4000.0,-4000.0,12.5,0.001,14,20,cuda:0,0.042991872092002545,psf_aware_minus50,6.25,0.04513153583007729,-0.04976902921314674,170254,170254,9.0,65536.0,170254.0,589824.0,5.286219413347117e-05,0.16600513411685824,0.02228539902716875,2.5309279961511493,0.188290533144027,2.7192185292951763,computed,102,True
water__lake_titicaca__r0c2,water,lake_titicaca,Lake Titicaca,-15.8,-69.4,-15.83622705865855,-69.36271608034622,15-30,32719,4000.0,-4000.0,12.5,0.001,14,20,cuda:0,0.042991872092002545,nearest,,0.04571138659753151,-0.06325648019488916,169795,170778,,,,,,0.0,0.12149957986548543,0.0,0.12149957986548543,0.12149957986548543,computed,102,True
water__lake_titicaca__r0c2,water,lake_titicaca,Lake Titicaca,-15.8,-69.4,-15.83622705865855,-69.36271608034622,15-30,32719,4000.0,-4000.0,12.5,0.001,14,20,cuda:0,0.042991872092002545,bilinear,,0.046269976617078004,-0.07624940170226413,169795,170778,,,,,,0.0,0.10730849299579859,0.0,0.10730849299579859,0.10730849299579859,computed,102,True
water__lake_titicaca__r0c2,water,lake_titicaca,Lake Titicaca,-15.8,-69.4,-15.83622705865855,-69.36271608034622,15-30,32719,4000.0,-4000.0,12.5,0.001,14,20,cuda:0,0.042991872092002545,bicubic,,0.045583178474210125,-0.06027433224266643,169795,170778,,,,,,0.0,0.7628145599737763,0.0,0.7628145599737763,0.7628145599737763,computed,102,True
water__lake_titicaca__r1c0,water,lake_titicaca,Lake Titicaca,-15.8,-69.4,-15.799928051608038,-69.43734818636031,15-30,32719,-4000.0,0.0,12.5,0.001,14,20,cuda:0,0.005492417169583527,blurred_observation,12.5,0.005492417169583527,0.0,170754,170754,,,,,,0.0,0.0,0.0,0.0,0.0,computed,103,True
water__lake_titicaca__r1c0,water,lake_titicaca,Lake Titicaca,-15.8,-69.4,-15.799928051608038,-69.43734818636031,15-30,32719,-4000.0,0.0,12.5,0.001,14,20,cuda:0,0.005492417169583527,psf_aware_matched,12.5,0.005054720767514677,0.07969103375700781,170754,172116,22.0,65536.0,172116.0,1441792.0,0.0001278207720374631,0.26721670804545283,0.0404055081307888,2.864946215879172,0.30762221617624164,3.1725684320554137,computed,103,True
water__lake_titicaca__r1c0,water,lake_titicaca,Lake Titicaca,-15.8,-69.4,-15.799928051608038,-69.43734818636031,15-30,32719,-4000.0,0.0,12.5,0.001,14,20,cuda:0,0.005492417169583527,psf_aware_plus50,18.75,0.006337027811026539,-0.15377758377866546,170754,174085,48.0,65536.0,174085.0,3145728.0,0.00027572737455840537,0.42372950399294496,0.07960708532482386,2.6429912839084864,0.5033365893177688,3.146327873226255,computed,103,True
water__lake_titicaca__r1c0,water,lake_titicaca,Lake Titicaca,-15.8,-69.4,-15.799928051608038,-69.43734818636031,15-30,32719,-4000.0,0.0,12.5,0.001,14,20,cuda:0,0.005492417169583527,psf_aware_minus50,6.25,0.005851465649381913,-0.06537166946945705,170277,170277,9.0,65536.0,170277.0,589824.0,5.285505382406314e-05,0.16570406313985586,0.022270780988037586,2.555431315675378,0.18797484412789345,2.7434061598032713,computed,103,True
water__lake_titicaca__r1c0,water,lake_titicaca,Lake Titicaca,-15.8,-69.4,-15.799928051608038,-69.43734818636031,15-30,32719,-4000.0,0.0,12.5,0.001,14,20,cuda:0,0.005492417169583527,nearest,,0.005564800272705463,-0.013178733677184251,169793,170754,,,,,,0.0,0.12169582210481167,0.0,0.12169582210481167,0.12169582210481167,computed,103,True
water__lake_titicaca__r1c0,water,lake_titicaca,Lake Titicaca,-15.8,-69.4,-15.799928051608038,-69.43734818636031,15-30,32719,-4000.0,0.0,12.5,0.001,14,20,cuda:0,0.005492417169583527,bilinear,,0.00578970016387221,-0.05412607693658211,169793,170754,,,,,,0.0,0.10835440317168832,0.0,0.10835440317168832,0.10835440317168832,computed,103,True
water__lake_titicaca__r1c0,water,lake_titicaca,Lake Titicaca,-15.8,-69.4,-15.799928051608038,-69.43734818636031,15-30,32719,-4000.0,0.0,12.5,0.001,14,20,cuda:0,0.005492417169583527,bicubic,,0.005614599069191694,-0.022245560713195278,169793,170754,,,,,,0.0,0.7654889551922679,0.0,0.7654889551922679,0.7654889551922679,computed,103,True
water__lake_titicaca__r1c1,water,lake_titicaca,Lake Titicaca,-15.8,-69.4,-15.8,-69.4,15-30,32719,0.0,0.0,12.5,0.001,14,20,cuda:0,0.006196062494352034,blurred_observation,12.5,0.006196062494352034,0.0,170777,170777,,,,,,0.0,0.0,0.0,0.0,0.0,computed,104,True
water__lake_titicaca__r1c1,water,lake_titicaca,Lake Titicaca,-15.8,-69.4,-15.8,-69.4,15-30,32719,0.0,0.0,12.5,0.001,14,20,cuda:0,0.006196062494352034,psf_aware_matched,12.5,0.005904820038000179,0.04700444138795146,170777,172129,22.0,65536.0,172129.0,1441792.0,0.00012781111840538202,0.2683522803708911,0.040271344128996134,2.506204780191183,0.30862362449988723,2.8148284046910703,computed,104,True
water__lake_titicaca__r1c1,water,lake_titicaca,Lake Titicaca,-15.8,-69.4,-15.8,-69.4,15-30,32719,0.0,0.0,12.5,0.001,14,20,cuda:0,0.006196062494352034,psf_aware_plus50,18.75,0.007668055106289981,-0.23756903893072878,170777,174104,48.0,65536.0,174104.0,3145728.0,0.0002756972843817488,0.42455338407307863,0.07978359004482627,2.727967888582498,0.5043369741179049,3.2323048627004027,computed,104,True
water__lake_titicaca__r1c1,water,lake_titicaca,Lake Titicaca,-15.8,-69.4,-15.8,-69.4,15-30,32719,0.0,0.0,12.5,0.001,14,20,cuda:0,0.006196062494352034,psf_aware_minus50,6.25,0.006542117046498047,-0.055850720108368224,170256,170256,9.0,65536.0,170256.0,589824.0,5.2861573160417254e-05,0.16552402218803763,0.022402190137654543,2.650838917121291,0.18792621232569218,2.8387651294469833,computed,104,True
water__lake_titicaca__r1c1,water,lake_titicaca,Lake Titicaca,-15.8,-69.4,-15.8,-69.4,15-30,32719,0.0,0.0,12.5,0.001,14,20,cuda:0,0.006196062494352034,nearest,,0.006657194868382328,-0.07442345432290831,169773,170777,,,,,,0.0,0.12149783689528704,0.0,0.12149783689528704,0.12149783689528704,computed,104,True
water__lake_titicaca__r1c1,water,lake_titicaca,Lake Titicaca,-15.8,-69.4,-15.8,-69.4,15-30,32719,0.0,0.0,12.5,0.001,14,20,cuda:0,0.006196062494352034,bilinear,,0.006772282141499725,-0.09299771389861533,169773,170777,,,,,,0.0,0.10840759379789233,0.0,0.10840759379789233,0.10840759379789233,computed,104,True
water__lake_titicaca__r1c1,water,lake_titicaca,Lake Titicaca,-15.8,-69.4,-15.8,-69.4,15-30,32719,0.0,0.0,12.5,0.001,14,20,cuda:0,0.006196062494352034,bicubic,,0.006586976926648809,-0.06309078267901747,169773,170777,,,,,,0.0,0.7642432558350265,0.0,0.7642432558350265,0.7642432558350265,computed,104,True
water__lake_titicaca__r1c2,water,lake_titicaca,Lake Titicaca,-15.8,-69.4,-15.800065530532443,-69.36265163009068,15-30,32719,4000.0,0.0,12.5,0.001,14,20,cuda:0,0.04046940071140764,blurred_observation,12.5,0.04046940071140764,0.0,170798,170798,,,,,,0.0,0.0,0.0,0.0,0.0,computed,105,True
water__lake_titicaca__r1c2,water,lake_titicaca,Lake Titicaca,-15.8,-69.4,-15.800065530532443,-69.36265163009068,15-30,32719,4000.0,0.0,12.5,0.001,14,20,cuda:0,0.04046940071140764,psf_aware_matched,12.5,0.038544188765563765,0.047572039911655706,170798,172133,22.0,65536.0,172133.0,1441792.0,0.00012780814835040347,0.262232038192451,0.04038773383945227,2.657754404935986,0.30261977203190327,2.960374176967889,computed,105,True
water__lake_titicaca__r1c2,water,lake_titicaca,Lake Titicaca,-15.8,-69.4,-15.800065530532443,-69.36265163009068,15-30,32719,4000.0,0.0,12.5,0.001,14,20,cuda:0,0.04046940071140764,psf_aware_plus50,18.75,0.045102397666560864,-0.11448148165552796,170798,174110,48.0,65536.0,174110.0,3145728.0,0.00027568778358508987,0.42917866399511695,0.07963694306090474,2.8922822708263993,0.5088156070560217,3.401097877882421,computed,105,True
water__lake_titicaca__r1c2,water,lake_titicaca,Lake Titicaca,-15.8,-69.4,-15.800065530532443,-69.36265163009068,15-30,32719,4000.0,0.0,12.5,0.001,14,20,cuda:0,0.04046940071140764,psf_aware_minus50,6.25,0.042570647274824805,-0.05192186013332445,170251,170251,9.0,65536.0,170251.0,589824.0,5.2863125620407514e-05,0.16564507130533457,0.022384184878319502,2.8363229129463434,0.18802925618365407,3.0243521691299975,computed,105,True
water__lake_titicaca__r1c2,water,lake_titicaca,Lake Titicaca,-15.8,-69.4,-15.800065530532443,-69.36265163009068,15-30,32719,4000.0,0.0,12.5,0.001,14,20,cuda:0,0.04046940071140764,nearest,,0.043147004610184406,-0.06616366567597809,169806,170798,,,,,,0.0,0.12129094498232007,0.0,0.12129094498232007,0.12129094498232007,computed,105,True
water__lake_titicaca__r1c2,water,lake_titicaca,Lake Titicaca,-15.8,-69.4,-15.800065530532443,-69.36265163009068,15-30,32719,4000.0,0.0,12.5,0.001,14,20,cuda:0,0.04046940071140764,bilinear,,0.043677327417303145,-0.07926795676495524,169806,170798,,,,,,0.0,0.1076331571675837,0.0,0.1076331571675837,0.1076331571675837,computed,105,True
water__lake_titicaca__r1c2,water,lake_titicaca,Lake Titicaca,-15.8,-69.4,-15.800065530532443,-69.36265163009068,15-30,32719,4000.0,0.0,12.5,0.001,14,20,cuda:0,0.04046940071140764,bicubic,,0.04302920998858214,-0.06325295734989567,169806,170798,,,,,,0.0,0.7575306030921638,0.0,0.7575306030921638,0.7575306030921638,computed,105,True
water__lake_titicaca__r2c0,water,lake_titicaca,Lake Titicaca,-15.8,-69.4,-15.76376673359853,-69.43727066270147,15-30,32719,-4000.0,4000.0,12.5,0.001,14,20,cuda:0,0.0049610877857761,blurred_observation,12.5,0.0049610877857761,0.0,170818,170818,,,,,,0.0,0.0,0.0,0.0,0.0,computed,106,True
water__lake_titicaca__r2c0,water,lake_titicaca,Lake Titicaca,-15.8,-69.4,-15.76376673359853,-69.43727066270147,15-30,32719,-4000.0,4000.0,12.5,0.001,14,20,cuda:0,0.0049610877857761,psf_aware_matched,12.5,0.004715676744223109,0.049467183841537254,170818,172141,22.0,65536.0,172141.0,1441792.0,0.0001278022086545332,0.2643643659539521,0.04032301204279065,2.735106920823455,0.3046873779967427,3.0397942988201976,computed,106,True
water__lake_titicaca__r2c0,water,lake_titicaca,Lake Titicaca,-15.8,-69.4,-15.76376673359853,-69.43727066270147,15-30,32719,-4000.0,4000.0,12.5,0.001,14,20,cuda:0,0.0049610877857761,psf_aware_plus50,18.75,0.0061565181188479355,-0.24096133442735002,170818,174121,48.0,65536.0,174121.0,3145728.0,0.00027567036715847023,0.42463270435109735,0.07976298127323389,2.5986840869300067,0.5043956856243312,3.103079772554338,computed,106,True
water__lake_titicaca__r2c0,water,lake_titicaca,Lake Titicaca,-15.8,-69.4,-15.76376673359853,-69.43727066270147,15-30,32719,-4000.0,4000.0,12.5,0.001,14,20,cuda:0,0.0049610877857761,psf_aware_minus50,6.25,0.005218999999944966,-0.051987028914973754,170227,170227,9.0,65536.0,170227.0,589824.0,5.287057869785639e-05,0.16320939920842648,0.022374858148396015,2.513714804314077,0.1855842573568225,2.6992990616708994,computed,106,True
water__lake_titicaca__r2c0,water,lake_titicaca,Lake Titicaca,-15.8,-69.4,-15.76376673359853,-69.43727066270147,15-30,32719,-4000.0,4000.0,12.5,0.001,14,20,cuda:0,0.0049610877857761,nearest,,0.005313543853789308,-0.07104411033074887,169815,170818,,,,,,0.0,0.12174674775451422,0.0,0.12174674775451422,0.12174674775451422,computed,106,True
water__lake_titicaca__r2c0,water,lake_titicaca,Lake Titicaca,-15.8,-69.4,-15.76376673359853,-69.43727066270147,15-30,32719,-4000.0,4000.0,12.5,0.001,14,20,cuda:0,0.0049610877857761,bilinear,,0.0054102936444513665,-0.09054583955623241,169815,170818,,,,,,0.0,0.10858118208125234,0.0,0.10858118208125234,0.10858118208125234,computed,106,True
water__lake_titicaca__r2c0,water,lake_titicaca,Lake Titicaca,-15.8,-69.4,-15.76376673359853,-69.43727066270147,15-30,32719,-4000.0,4000.0,12.5,0.001,14,20,cuda:0,0.0049610877857761,bicubic,,0.0052587468645267695,-0.05999875261310361,169815,170818,,,,,,0.0,0.7600807519629598,0.0,0.7600807519629598,0.7600807519629598,computed,106,True
water__lake_titicaca__r2c1,water,lake_titicaca,Lake Titicaca,-15.8,-69.4,-15.76383850901652,-69.39992909617239,15-30,32719,0.0,4000.0,12.5,0.001,14,20,cuda:0,0.006342358385359261,blurred_observation,12.5,0.006342358385359261,0.0,170805,170805,,,,,,0.0,0.0,0.0,0.0,0.0,computed,107,True
water__lake_titicaca__r2c1,water,lake_titicaca,Lake Titicaca,-15.8,-69.4,-15.76383850901652,-69.39992909617239,15-30,32719,0.0,4000.0,12.5,0.001,14,20,cuda:0,0.006342358385359261,psf_aware_matched,12.5,0.006054415037258119,0.045400043738592966,170805,172139,22.0,65536.0,172139.0,1441792.0,0.00012780369352674293,0.26604537991806865,0.040340784937143326,2.874730988871306,0.306386164855212,3.181117153726518,computed,107,True
water__lake_titicaca__r2c1,water,lake_titicaca,Lake Titicaca,-15.8,-69.4,-15.76383850901652,-69.39992909617239,15-30,32719,0.0,4000.0,12.5,0.001,14,20,cuda:0,0.006342358385359261,psf_aware_plus50,18.75,0.007839335976093625,-0.23602854013894836,170805,174133,48.0,65536.0,174133.0,3145728.0,0.0002756513699298812,0.4285505642183125,0.07972802501171827,2.593051047064364,0.5082785892300308,3.1013296362943947,computed,107,True
water__lake_titicaca__r2c1,water,lake_titicaca,Lake Titicaca,-15.8,-69.4,-15.76383850901652,-69.39992909617239,15-30,32719,0.0,4000.0,12.5,0.001,14,20,cuda:0,0.006342358385359261,psf_aware_minus50,6.25,0.0066919210709772145,-0.05511556811814455,170240,170240,9.0,65536.0,170240.0,589824.0,5.286654135338346e-05,0.164585224352777,0.02240461390465498,2.526647439226508,0.18698983825743198,2.71363727748394,computed,107,True
water__lake_titicaca__r2c1,water,lake_titicaca,Lake Titicaca,-15.8,-69.4,-15.76383850901652,-69.39992909617239,15-30,32719,0.0,4000.0,12.5,0.001,14,20,cuda:0,0.006342358385359261,nearest,,0.00680370741950333,-0.0727409279187139,169820,170805,,,,,,0.0,0.12189938686788082,0.0,0.12189938686788082,0.12189938686788082,computed,107,True
water__lake_titicaca__r2c1,water,lake_titicaca,Lake Titicaca,-15.8,-69.4,-15.76383850901652,-69.39992909617239,15-30,32719,0.0,4000.0,12.5,0.001,14,20,cuda:0,0.006342358385359261,bilinear,,0.0069194731400896575,-0.0909937155337377,169820,170805,,,,,,0.0,0.10779163707047701,0.0,0.10779163707047701,0.10779163707047701,computed,107,True
water__lake_titicaca__r2c1,water,lake_titicaca,Lake Titicaca,-15.8,-69.4,-15.76383850901652,-69.39992909617239,15-30,32719,0.0,4000.0,12.5,0.001,14,20,cuda:0,0.006342358385359261,bicubic,,0.006734020575519481,-0.061753399345003235,169820,170805,,,,,,0.0,0.7688183719292283,0.0,0.7688183719292283,0.7688183719292283,computed,107,True
water__lake_titicaca__r2c2,water,lake_titicaca,Lake Titicaca,-15.8,-69.4,-15.763903882004312,-69.36258734624727,15-30,32719,4000.0,4000.0,12.5,0.001,14,20,cuda:0,0.03853173041996696,blurred_observation,12.5,0.03853173041996696,0.0,170790,170790,,,,,,0.0,0.0,0.0,0.0,0.0,computed,108,True
water__lake_titicaca__r2c2,water,lake_titicaca,Lake Titicaca,-15.8,-69.4,-15.763903882004312,-69.36258734624727,15-30,32719,4000.0,4000.0,12.5,0.001,14,20,cuda:0,0.03853173041996696,psf_aware_matched,12.5,0.03739813824463807,0.029419705862508194,170790,172117,22.0,65536.0,172117.0,1441792.0,0.00012782002939860676,0.26817906089127064,0.04038638202473521,2.52534124488011,0.30856544291600585,2.833906687796116,computed,108,True
water__lake_titicaca__r2c2,water,lake_titicaca,Lake Titicaca,-15.8,-69.4,-15.763903882004312,-69.36258734624727,15-30,32719,4000.0,4000.0,12.5,0.001,14,20,cuda:0,0.03853173041996696,psf_aware_plus50,18.75,0.04375505203276273,-0.1355589680469962,170790,174113,48.0,65536.0,174113.0,3145728.0,0.0002756830334323112,0.4261800339445472,0.07971347821876407,2.6468634782359004,0.5058935121633112,3.1527569903992116,computed,108,True
water__lake_titicaca__r2c2,water,lake_titicaca,Lake Titicaca,-15.8,-69.4,-15.763903882004312,-69.36258734624727,15-30,32719,4000.0,4000.0,12.5,0.001,14,20,cuda:0,0.03853173041996696,psf_aware_minus50,6.25,0.040555298836082866,-0.05251693588791717,170255,170255,9.0,65536.0,170255.0,589824.0,5.286188364512056e-05,0.16423169476911426,0.022415383718907833,2.5940879308618605,0.1866470784880221,2.7807350093498826,computed,108,True
water__lake_titicaca__r2c2,water,lake_titicaca,Lake Titicaca,-15.8,-69.4,-15.763903882004312,-69.36258734624727,15-30,32719,4000.0,4000.0,12.5,0.001,14,20,cuda:0,0.03853173041996696,nearest,,0.04099934214163782,-0.06404103046439258,169783,170790,,,,,,0.0,0.12107084831222892,0.0,0.12107084831222892,0.12107084831222892,computed,108,True
water__lake_titicaca__r2c2,water,lake_titicaca,Lake Titicaca,-15.8,-69.4,-15.763903882004312,-69.36258734624727,15-30,32719,4000.0,4000.0,12.5,0.001,14,20,cuda:0,0.03853173041996696,bilinear,,0.041483189025384816,-0.07659813284400085,169783,170790,,,,,,0.0,0.10911060636863112,0.0,0.10911060636863112,0.10911060636863112,computed,108,True
water__lake_titicaca__r2c2,water,lake_titicaca,Lake Titicaca,-15.8,-69.4,-15.763903882004312,-69.36258734624727,15-30,32719,4000.0,4000.0,12.5,0.001,14,20,cuda:0,0.03853173041996696,bicubic,,0.0409255316101859,-0.06212545255892499,169783,170790,,,,,,0.0,0.7572957980446517,0.0,0.7572957980446517,0.7572957980446517,computed,108,True
water__lake_taupo__r0c0,water,lake_taupo,Lake Taupo,-38.78,176.06,-38.81566187073572,176.01345833384605,30-45,32760,-4000.0,-4000.0,12.5,0.001,14,20,cuda:0,0.01946269644295039,blurred_observation,12.5,0.01946269644295039,0.0,170056,170056,,,,,,0.0,0.0,0.0,0.0,0.0,computed,109,True
water__lake_taupo__r0c0,water,lake_taupo,Lake Taupo,-38.78,176.06,-38.81566187073572,176.01345833384605,30-45,32760,-4000.0,-4000.0,12.5,0.001,14,20,cuda:0,0.01946269644295039,psf_aware_matched,12.5,0.01917490191530874,0.014786981263631205,170056,171374,22.0,65536.0,171374.0,1441792.0,0.0001283741991200532,0.27143166214227676,0.040429724380373955,1.715879315044731,0.3118613865226507,2.0277407015673816,computed,109,True
water__lake_taupo__r0c0,water,lake_taupo,Lake Taupo,-38.78,176.06,-38.81566187073572,176.01345833384605,30-45,32760,-4000.0,-4000.0,12.5,0.001,14,20,cuda:0,0.01946269644295039,psf_aware_plus50,18.75,0.022822077442130204,-0.17260614473574765,170056,173358,48.0,65536.0,173358.0,3145728.0,0.00027688367424635727,0.42811310617253184,0.07970476057380438,1.7158109350129962,0.5078178667463362,2.2236288017593324,computed,109,True
water__lake_taupo__r0c0,water,lake_taupo,Lake Taupo,-38.78,176.06,-38.81566187073572,176.01345833384605,30-45,32760,-4000.0,-4000.0,12.5,0.001,14,20,cuda:0,0.01946269644295039,psf_aware_minus50,6.25,0.020333751967549073,-0.044755130778098895,169503,169503,9.0,65536.0,169503.0,589824.0,5.309640537335622e-05,0.1743323551490903,0.022284246049821377,1.75339944800362,0.19661660119891167,1.9500160492025316,computed,109,True
water__lake_taupo__r0c0,water,lake_taupo,Lake Taupo,-38.78,176.06,-38.81566187073572,176.01345833384605,30-45,32760,-4000.0,-4000.0,12.5,0.001,14,20,cuda:0,0.01946269644295039,nearest,,0.02056854605228379,-0.05681893115760683,169060,170056,,,,,,0.0,0.12040773220360279,0.0,0.12040773220360279,0.12040773220360279,computed,109,True
water__lake_taupo__r0c0,water,lake_taupo,Lake Taupo,-38.78,176.06,-38.81566187073572,176.01345833384605,30-45,32760,-4000.0,-4000.0,12.5,0.001,14,20,cuda:0,0.01946269644295039,bilinear,,0.020815970615932267,-0.06953168986366465,169060,170056,,,,,,0.0,0.10781710501760244,0.0,0.10781710501760244,0.10781710501760244,computed,109,True
water__lake_taupo__r0c0,water,lake_taupo,Lake Taupo,-38.78,176.06,-38.81566187073572,176.01345833384605,30-45,32760,-4000.0,-4000.0,12.5,0.001,14,20,cuda:0,0.01946269644295039,bicubic,,0.020445506488049596,-0.050497116264441866,169060,170056,,,,,,0.0,0.7600796199403703,0.0,0.7600796199403703,0.7600796199403703,computed,109,True
water__lake_taupo__r0c1,water,lake_taupo,Lake Taupo,-38.78,176.06,-38.81604181387148,176.05952638784726,30-45,32760,0.0,-4000.0,12.5,0.001,14,20,cuda:0,0.03094303513774434,blurred_observation,12.5,0.03094303513774434,0.0,170053,170053,,,,,,0.0,0.0,0.0,0.0,0.0,computed,110,True
water__lake_taupo__r0c1,water,lake_taupo,Lake Taupo,-38.78,176.06,-38.81604181387148,176.05952638784726,30-45,32760,0.0,-4000.0,12.5,0.001,14,20,cuda:0,0.03094303513774434,psf_aware_matched,12.5,0.027091230611941814,0.12448050130363886,170053,171376,22.0,65536.0,171376.0,1441792.0,0.00012837270096162823,0.2691757893189788,0.040299486834555864,1.6827781712636352,0.30947527615353465,1.9922534474171698,computed,110,True
water__lake_taupo__r0c1,water,lake_taupo,Lake Taupo,-38.78,176.06,-38.81604181387148,176.05952638784726,30-45,32760,0.0,-4000.0,12.5,0.001,14,20,cuda:0,0.03094303513774434,psf_aware_plus50,18.75,0.0442149434417938,-0.428914236918549,170053,173362,48.0,65536.0,173362.0,3145728.0,0.00027687728567967607,0.4228229559957981,0.07974040880799294,1.7319871224462986,0.502563364803791,2.2345504872500896,computed,110,True
water__lake_taupo__r0c1,water,lake_taupo,Lake Taupo,-38.78,176.06,-38.81604181387148,176.05952638784726,30-45,32760,0.0,-4000.0,12.5,0.001,14,20,cuda:0,0.03094303513774434,psf_aware_minus50,6.25,0.03445548469160545,-0.113513413866005,169516,169516,9.0,65536.0,169516.0,589824.0,5.309233346704736e-05,0.1733014229685068,0.022268657106906176,1.6893966663628817,0.195570080075413,1.8849667464382946,computed,110,True
water__lake_taupo__r0c1,water,lake_taupo,Lake Taupo,-38.78,176.06,-38.81604181387148,176.05952638784726,30-45,32760,0.0,-4000.0,12.5,0.001,14,20,cuda:0,0.03094303513774434,nearest,,0.035609465063796655,-0.15080711718418982,169065,170053,,,,,,0.0,0.12181818392127752,0.0,0.12181818392127752,0.12181818392127752,computed,110,True
water__lake_taupo__r0c1,water,lake_taupo,Lake Taupo,-38.78,176.06,-38.81604181387148,176.05952638784726,30-45,32760,0.0,-4000.0,12.5,0.001,14,20,cuda:0,0.03094303513774434,bilinear,,0.03669075676915005,-0.18575170812492892,169065,170053,,,,,,0.0,0.10810928931459785,0.0,0.10810928931459785,0.10810928931459785,computed,110,True
water__lake_taupo__r0c1,water,lake_taupo,Lake Taupo,-38.78,176.06,-38.81604181387148,176.05952638784726,30-45,32760,0.0,-4000.0,12.5,0.001,14,20,cuda:0,0.03094303513774434,bicubic,,0.03432713200390218,-0.10936538226109294,169065,170053,,,,,,0.0,0.7630598749965429,0.0,0.7630598749965429,0.7630598749965429,computed,110,True
water__lake_taupo__r0c2,water,lake_taupo,Lake Taupo,-38.78,176.06,-38.8164035951402,176.10559529033287,30-45,32760,4000.0,-4000.0,12.5,0.001,14,20,cuda:0,0.03221961294142883,blurred_observation,12.5,0.03221961294142883,0.0,170033,170033,,,,,,0.0,0.0,0.0,0.0,0.0,computed,111,True
water__lake_taupo__r0c2,water,lake_taupo,Lake Taupo,-38.78,176.06,-38.8164035951402,176.10559529033287,30-45,32760,4000.0,-4000.0,12.5,0.001,14,20,cuda:0,0.03221961294142883,psf_aware_matched,12.5,0.02791247535281976,0.13368061237851936,170033,171375,22.0,65536.0,171375.0,1441792.0,0.00012837345003646972,0.27140734484419227,0.0405380385927856,1.7005314957350492,0.31194538343697786,2.012476879172027,computed,111,True
water__lake_taupo__r0c2,water,lake_taupo,Lake Taupo,-38.78,176.06,-38.8164035951402,176.10559529033287,30-45,32760,4000.0,-4000.0,12.5,0.001,14,20,cuda:0,0.03221961294142883,psf_aware_plus50,18.75,0.04703511469281142,-0.4598286695223588,170033,173363,48.0,65536.0,173363.0,3145728.0,0.00027687568858406926,0.4361898428760469,0.07973481714725494,1.6907530962489545,0.5159246600233018,2.2066777562722564,computed,111,True
water__lake_taupo__r0c2,water,lake_taupo,Lake Taupo,-38.78,176.06,-38.8164035951402,176.10559529033287,30-45,32760,4000.0,-4000.0,12.5,0.001,14,20,cuda:0,0.03221961294142883,psf_aware_minus50,6.25,0.03630784143494234,-0.12688633165598207,169535,169535,9.0,65536.0,169535.0,589824.0,5.308638334267261e-05,0.1719718538224697,0.022223562002182007,1.7316472590900958,0.19419541582465172,1.9258426749147475,computed,111,True
water__lake_taupo__r0c2,water,lake_taupo,Lake Taupo,-38.78,176.06,-38.8164035951402,176.10559529033287,30-45,32760,4000.0,-4000.0,12.5,0.001,14,20,cuda:0,0.03221961294142883,nearest,,0.03760178111164398,-0.16704633230694754,169060,170033,,,,,,0.0,0.12078963639214635,0.0,0.12078963639214635,0.12078963639214635,computed,111,True
water__lake_taupo__r0c2,water,lake_taupo,Lake Taupo,-38.78,176.06,-38.8164035951402,176.10559529033287,30-45,32760,4000.0,-4000.0,12.5,0.001,14,20,cuda:0,0.03221961294142883,bilinear,,0.038805992535768885,-0.2044214375359894,169060,170033,,,,,,0.0,0.10814412496984005,0.0,0.10814412496984005,0.10814412496984005,computed,111,True
water__lake_taupo__r0c2,water,lake_taupo,Lake Taupo,-38.78,176.06,-38.8164035951402,176.10559529033287,30-45,32760,4000.0,-4000.0,12.5,0.001,14,20,cuda:0,0.03221961294142883,bicubic,,0.036053148981359875,-0.11898144297698199,169060,170033,,,,,,0.0,0.7561114840209484,0.0,0.7561114840209484,0.7561114840209484,computed,111,True
water__lake_taupo__r1c0,water,lake_taupo,Lake Taupo,-38.78,176.06,-38.77962054284687,176.01395513641307,30-45,32760,-4000.0,0.0,12.5,0.001,14,20,cuda:0,0.013987751496909628,blurred_observation,12.5,0.013987751496909628,0.0,170053,170053,,,,,,0.0,0.0,0.0,0.0,0.0,computed,112,True
water__lake_taupo__r1c0,water,lake_taupo,Lake Taupo,-38.78,176.06,-38.77962054284687,176.01395513641307,30-45,32760,-4000.0,0.0,12.5,0.001,14,20,cuda:0,0.013987751496909628,psf_aware_matched,12.5,0.013696309878275552,0.02083548729747353,170053,171394,22.0,65536.0,171394.0,1441792.0,0.00012835921910918702,0.2708467342890799,0.04045998211950064,1.6749531705863774,0.31130671640858054,1.986259886994958,computed,112,True
water__lake_taupo__r1c0,water,lake_taupo,Lake Taupo,-38.78,176.06,-38.77962054284687,176.01395513641307,30-45,32760,-4000.0,0.0,12.5,0.001,14,20,cuda:0,0.013987751496909628,psf_aware_plus50,18.75,0.016580941380941103,-0.18539004532675607,170053,173360,48.0,65536.0,173360.0,3145728.0,0.0002768804799261652,0.42602858785539865,0.07973000826314092,1.6900990563444793,0.5057585961185396,2.195857652463019,computed,112,True
water__lake_taupo__r1c0,water,lake_taupo,Lake Taupo,-38.78,176.06,-38.77962054284687,176.01395513641307,30-45,32760,-4000.0,0.0,12.5,0.001,14,20,cuda:0,0.013987751496909628,psf_aware_minus50,6.25,0.01468511959954582,-0.04985562567295143,169506,169506,9.0,65536.0,169506.0,589824.0,5.309546564723373e-05,0.16786742117255926,0.022300057113170624,1.6199788697995245,0.19016747828572989,1.8101463480852544,computed,112,True
water__lake_taupo__r1c0,water,lake_taupo,Lake Taupo,-38.78,176.06,-38.77962054284687,176.01395513641307,30-45,32760,-4000.0,0.0,12.5,0.001,14,20,cuda:0,0.013987751496909628,nearest,,0.014877763683695025,-0.06362796672374627,169051,170053,,,,,,0.0,0.11962469900026917,0.0,0.11962469900026917,0.11962469900026917,computed,112,True
water__lake_taupo__r1c0,water,lake_taupo,Lake Taupo,-38.78,176.06,-38.77962054284687,176.01395513641307,30-45,32760,-4000.0,0.0,12.5,0.001,14,20,cuda:0,0.013987751496909628,bilinear,,0.015080601899563223,-0.0781290976534037,169051,170053,,,,,,0.0,0.1070934752933681,0.0,0.1070934752933681,0.1070934752933681,computed,112,True
water__lake_taupo__r1c0,water,lake_taupo,Lake Taupo,-38.78,176.06,-38.77962054284687,176.01395513641307,30-45,32760,-4000.0,0.0,12.5,0.001,14,20,cuda:0,0.013987751496909628,bicubic,,0.014768327688963835,-0.055804265054799185,169051,170053,,,,,,0.0,0.7583488021045923,0.0,0.7583488021045923,0.7583488021045923,computed,112,True
water__lake_taupo__r1c1,water,lake_taupo,Lake Taupo,-38.78,176.06,-38.78,176.06,30-45,32760,0.0,0.0,12.5,0.001,14,20,cuda:0,0.014503704256324587,blurred_observation,12.5,0.014503704256324587,0.0,170052,170052,,,,,,0.0,0.0,0.0,0.0,0.0,computed,113,True
water__lake_taupo__r1c1,water,lake_taupo,Lake Taupo,-38.78,176.06,-38.78,176.06,30-45,32760,0.0,0.0,12.5,0.001,14,20,cuda:0,0.014503704256324587,psf_aware_matched,12.5,0.013823250274331726,0.0469158754182496,170052,171379,22.0,65536.0,171379.0,1441792.0,0.00012837045378955416,0.26924135303124785,0.040435875300318,1.677978741005063,0.30967722833156586,1.987655969336629,computed,113,True
water__lake_taupo__r1c1,water,lake_taupo,Lake Taupo,-38.78,176.06,-38.78,176.06,30-45,32760,0.0,0.0,12.5,0.001,14,20,cuda:0,0.014503704256324587,psf_aware_plus50,18.75,0.017633708984635548,-0.21580726364756564,170052,173363,48.0,65536.0,173363.0,3145728.0,0.00027687568858406926,0.4282941981218755,0.08018147433176637,1.7034112899564207,0.5084756724536419,2.2118869624100626,computed,113,True
water__lake_taupo__r1c1,water,lake_taupo,Lake Taupo,-38.78,176.06,-38.78,176.06,30-45,32760,0.0,0.0,12.5,0.001,14,20,cuda:0,0.014503704256324587,psf_aware_minus50,6.25,0.015270851123135466,-0.05289316806610622,169509,169509,9.0,65536.0,169509.0,589824.0,5.3094525954374105e-05,0.1681934790685773,0.02220443496480584,1.6532928659580648,0.19039791403338313,1.843690779991448,computed,113,True
water__lake_taupo__r1c1,water,lake_taupo,Lake Taupo,-38.78,176.06,-38.78,176.06,30-45,32760,0.0,0.0,12.5,0.001,14,20,cuda:0,0.014503704256324587,nearest,,0.015539328363221777,-0.07140411088054188,169059,170052,,,,,,0.0,0.12029814533889294,0.0,0.12029814533889294,0.12029814533889294,computed,113,True
water__lake_taupo__r1c1,water,lake_taupo,Lake Taupo,-38.78,176.06,-38.78,176.06,30-45,32760,0.0,0.0,12.5,0.001,14,20,cuda:0,0.014503704256324587,bilinear,,0.015787907081042333,-0.08854309230400559,169059,170052,,,,,,0.0,0.10699714301154017,0.0,0.10699714301154017,0.10699714301154017,computed,113,True
water__lake_taupo__r1c1,water,lake_taupo,Lake Taupo,-38.78,176.06,-38.78,176.06,30-45,32760,0.0,0.0,12.5,0.001,14,20,cuda:0,0.014503704256324587,bicubic,,0.015322532318507867,-0.05645647813221344,169059,170052,,,,,,0.0,0.7603075918741524,0.0,0.7603075918741524,0.7603075918741524,computed,113,True
water__lake_taupo__r1c2,water,lake_taupo,Lake Taupo,-38.78,176.06,-38.78036131851204,176.10604571042035,30-45,32760,4000.0,0.0,12.5,0.001,14,20,cuda:0,0.03154921435491682,blurred_observation,12.5,0.03154921435491682,0.0,170046,170046,,,,,,0.0,0.0,0.0,0.0,0.0,computed,114,True
water__lake_taupo__r1c2,water,lake_taupo,Lake Taupo,-38.78,176.06,-38.78036131851204,176.10604571042035,30-45,32760,4000.0,0.0,12.5,0.001,14,20,cuda:0,0.03154921435491682,psf_aware_matched,12.5,0.026340653840150555,0.1650931923746789,170046,171377,22.0,65536.0,171377.0,1441792.0,0.00012837195189552858,0.2680682106874883,0.04039282398298383,1.678325547836721,0.30846103467047215,1.986786582507193,computed,114,True
water__lake_taupo__r1c2,water,lake_taupo,Lake Taupo,-38.78,176.06,-38.78036131851204,176.10604571042035,30-45,32760,4000.0,0.0,12.5,0.001,14,20,cuda:0,0.03154921435491682,psf_aware_plus50,18.75,0.04737565318039429,-0.5016428823689865,170046,173366,48.0,65536.0,173366.0,3145728.0,0.0002768708974077962,0.42238442599773407,0.08064163476228714,1.7367063011042774,0.5030260607600212,2.2397323618642986,computed,114,True
water__lake_taupo__r1c2,water,lake_taupo,Lake Taupo,-38.78,176.06,-38.78036131851204,176.10604571042035,30-45,32760,4000.0,0.0,12.5,0.001,14,20,cuda:0,0.03154921435491682,psf_aware_minus50,6.25,0.03603924763695146,-0.14231838649049866,169530,169530,9.0,65536.0,169530.0,589824.0,5.3087949035568924e-05,0.17077596997842193,0.02301262505352497,1.668878884986043,0.1937885950319469,1.8626674800179899,computed,114,True
water__lake_taupo__r1c2,water,lake_taupo,Lake Taupo,-38.78,176.06,-38.78036131851204,176.10604571042035,30-45,32760,4000.0,0.0,12.5,0.001,14,20,cuda:0,0.03154921435491682,nearest,,0.037453971686842745,-0.18716020201009198,169070,170046,,,,,,0.0,0.1199246970936656,0.0,0.1199246970936656,0.1199246970936656,computed,114,True
water__lake_taupo__r1c2,water,lake_taupo,Lake Taupo,-38.78,176.06,-38.78036131851204,176.10604571042035,30-45,32760,4000.0,0.0,12.5,0.001,14,20,cuda:0,0.03154921435491682,bilinear,,0.03870469740392414,-0.22680384267293707,169070,170046,,,,,,0.0,0.1069055087864399,0.0,0.1069055087864399,0.1069055087864399,computed,114,True
water__lake_taupo__r1c2,water,lake_taupo,Lake Taupo,-38.78,176.06,-38.78036131851204,176.10604571042035,30-45,32760,4000.0,0.0,12.5,0.001,14,20,cuda:0,0.03154921435491682,bicubic,,0.03556188850302514,-0.12718776775127427,169070,170046,,,,,,0.0,0.7591803073883057,0.0,0.7591803073883057,0.7591803073883057,computed,114,True
water__lake_taupo__r2c0,water,lake_taupo,Lake Taupo,-38.78,176.06,-38.74357898669962,176.01445105069422,30-45,32760,-4000.0,4000.0,12.5,0.001,14,20,cuda:0,0.019012047249985127,blurred_observation,12.5,0.019012047249985127,0.0,170039,170039,,,,,,0.0,0.0,0.0,0.0,0.0,computed,115,True
water__lake_taupo__r2c0,water,lake_taupo,Lake Taupo,-38.78,176.06,-38.74357898669962,176.01445105069422,30-45,32760,-4000.0,4000.0,12.5,0.001,14,20,cuda:0,0.019012047249985127,psf_aware_matched,12.5,0.017205519057253,0.09502018214969143,170039,171365,22.0,65536.0,171365.0,1441792.0,0.00012838094126571938,0.2775116371922195,0.04041657876223326,1.6923462129198015,0.31792821595445275,2.0102744288742542,computed,115,True
water__lake_taupo__r2c0,water,lake_taupo,Lake Taupo,-38.78,176.06,-38.74357898669962,176.01445105069422,30-45,32760,-4000.0,4000.0,12.5,0.001,14,20,cuda:0,0.019012047249985127,psf_aware_plus50,18.75,0.025996417758334323,-0.36736551390354144,170039,173371,48.0,65536.0,173371.0,3145728.0,0.0002768629124824798,0.4243950638920069,0.07969208573922515,1.7228269740007818,0.504087149631232,2.226914123632014,computed,115,True
water__lake_taupo__r2c0,water,lake_taupo,Lake Taupo,-38.78,176.06,-38.74357898669962,176.01445105069422,30-45,32760,-4000.0,4000.0,12.5,0.001,14,20,cuda:0,0.019012047249985127,psf_aware_minus50,6.25,0.02085104673550282,-0.09672811461791064,169509,169509,9.0,65536.0,169509.0,589824.0,5.3094525954374105e-05,0.16882499400526285,0.022258738055825233,1.672809069044888,0.19108373206108809,1.863892801105976,computed,115,True
water__lake_taupo__r2c0,water,lake_taupo,Lake Taupo,-38.78,176.06,-38.74357898669962,176.01445105069422,30-45,32760,-4000.0,4000.0,12.5,0.001,14,20,cuda:0,0.019012047249985127,nearest,,0.021493577834867328,-0.1305241120145093,169073,170039,,,,,,0.0,0.11987344035878778,0.0,0.11987344035878778,0.11987344035878778,computed,115,True
water__lake_taupo__r2c0,water,lake_taupo,Lake Taupo,-38.78,176.06,-38.74357898669962,176.01445105069422,30-45,32760,-4000.0,4000.0,12.5,0.001,14,20,cuda:0,0.019012047249985127,bilinear,,0.022048696422414592,-0.1597223661661078,169073,170039,,,,,,0.0,0.1078379349783063,0.0,0.1078379349783063,0.1078379349783063,computed,115,True
water__lake_taupo__r2c0,water,lake_taupo,Lake Taupo,-38.78,176.06,-38.74357898669962,176.01445105069422,30-45,32760,-4000.0,4000.0,12.5,0.001,14,20,cuda:0,0.019012047249985127,bicubic,,0.02084677007322012,-0.09650316975918671,169073,170039,,,,,,0.0,0.7786229811608791,0.0,0.7786229811608791,0.7786229811608791,computed,115,True
water__lake_taupo__r2c1,water,lake_taupo,Lake Taupo,-38.78,176.06,-38.74395795835227,176.06047276531856,30-45,32760,0.0,4000.0,12.5,0.001,14,20,cuda:0,0.024597501637322966,blurred_observation,12.5,0.024597501637322966,0.0,170050,170050,,,,,,0.0,0.0,0.0,0.0,0.0,computed,116,True
water__lake_taupo__r2c1,water,lake_taupo,Lake Taupo,-38.78,176.06,-38.74395795835227,176.06047276531856,30-45,32760,0.0,4000.0,12.5,0.001,14,20,cuda:0,0.024597501637322966,psf_aware_matched,12.5,0.021467540433408115,0.1272471184295242,170050,171378,22.0,65536.0,171378.0,1441792.0,0.00012837120283817058,0.2661165348254144,0.04037132300436497,1.6942168362438679,0.3064878578297794,2.0007046940736473,computed,116,True
water__lake_taupo__r2c1,water,lake_taupo,Lake Taupo,-38.78,176.06,-38.74395795835227,176.06047276531856,30-45,32760,0.0,4000.0,12.5,0.001,14,20,cuda:0,0.024597501637322966,psf_aware_plus50,18.75,0.03488392086774241,-0.4181895942964944,170050,173366,48.0,65536.0,173366.0,3145728.0,0.0002768708974077962,0.42510484904050827,0.07976535614579916,1.7263028472661972,0.5048702051863074,2.2311730524525046,computed,116,True
water__lake_taupo__r2c1,water,lake_taupo,Lake Taupo,-38.78,176.06,-38.74395795835227,176.06047276531856,30-45,32760,0.0,4000.0,12.5,0.001,14,20,cuda:0,0.024597501637322966,psf_aware_minus50,6.25,0.027331610422439128,-0.11115392227345433,169527,169527,9.0,65536.0,169527.0,589824.0,5.3088888495637866e-05,0.1693583750165999,0.022289186250418425,1.6726038199849427,0.19164756126701832,1.864251381251961,computed,116,True
water__lake_taupo__r2c1,water,lake_taupo,Lake Taupo,-38.78,176.06,-38.74395795835227,176.06047276531856,30-45,32760,0.0,4000.0,12.5,0.001,14,20,cuda:0,0.024597501637322966,nearest,,0.028275183734628673,-0.14951445685546316,169063,170050,,,,,,0.0,0.12053157715126872,0.0,0.12053157715126872,0.12053157715126872,computed,116,True
water__lake_taupo__r2c1,water,lake_taupo,Lake Taupo,-38.78,176.06,-38.74395795835227,176.06047276531856,30-45,32760,0.0,4000.0,12.5,0.001,14,20,cuda:0,0.024597501637322966,bilinear,,0.029124394319840857,-0.1840387186172201,169063,170050,,,,,,0.0,0.10820393823087215,0.0,0.10820393823087215,0.10820393823087215,computed,116,True
water__lake_taupo__r2c1,water,lake_taupo,Lake Taupo,-38.78,176.06,-38.74395795835227,176.06047276531856,30-45,32760,0.0,4000.0,12.5,0.001,14,20,cuda:0,0.024597501637322966,bicubic,,0.027193838235697196,-0.10555285803639025,169063,170050,,,,,,0.0,0.7550457059405744,0.0,0.7550457059405744,0.7550457059405744,computed,116,True
water__lake_taupo__r2c2,water,lake_taupo,Lake Taupo,-38.78,176.06,-38.744318814566775,176.10649532513014,30-45,32760,4000.0,4000.0,12.5,0.001,14,20,cuda:0,0.02530931324907688,blurred_observation,12.5,0.02530931324907688,0.0,170049,170049,,,,,,0.0,0.0,0.0,0.0,0.0,computed,117,True
water__lake_taupo__r2c2,water,lake_taupo,Lake Taupo,-38.78,176.06,-38.744318814566775,176.10649532513014,30-45,32760,4000.0,4000.0,12.5,0.001,14,20,cuda:0,0.02530931324907688,psf_aware_matched,12.5,0.021772970244555153,0.13972496881758378,170049,171388,22.0,65536.0,171388.0,1441792.0,0.00012836371274534974,0.2702418379485607,0.04041486606001854,1.6926651671528816,0.31065670400857925,2.003321871161461,computed,117,True
water__lake_taupo__r2c2,water,lake_taupo,Lake Taupo,-38.78,176.06,-38.744318814566775,176.10649532513014,30-45,32760,4000.0,4000.0,12.5,0.001,14,20,cuda:0,0.02530931324907688,psf_aware_plus50,18.75,0.036755279761881414,-0.4522432671389063,170049,173360,48.0,65536.0,173360.0,3145728.0,0.0002768804799261652,0.4242102741263807,0.07973045902326703,1.7009685230441391,0.5039407331496477,2.204909256193787,computed,117,True
water__lake_taupo__r2c2,water,lake_taupo,Lake Taupo,-38.78,176.06,-38.744318814566775,176.10649532513014,30-45,32760,4000.0,4000.0,12.5,0.001,14,20,cuda:0,0.02530931324907688,psf_aware_minus50,6.25,0.028578122414053414,-0.12915439991623479,169514,169514,9.0,65536.0,169514.0,589824.0,5.309295987352077e-05,0.16923455009236932,0.022277213167399168,1.6461951732635498,0.19151176325976849,1.8377069365233183,computed,117,True
water__lake_taupo__r2c2,water,lake_taupo,Lake Taupo,-38.78,176.06,-38.744318814566775,176.10649532513014,30-45,32760,4000.0,4000.0,12.5,0.001,14,20,cuda:0,0.02530931324907688,nearest,,0.029544407962315295,-0.16733345040063008,169064,170049,,,,,,0.0,0.11974377511069179,0.0,0.11974377511069179,0.11974377511069179,computed,117,True
water__lake_taupo__r2c2,water,lake_taupo,Lake Taupo,-38.78,176.06,-38.744318814566775,176.10649532513014,30-45,32760,4000.0,4000.0,12.5,0.001,14,20,cuda:0,0.02530931324907688,bilinear,,0.030451134209081163,-0.20315924455958223,169064,170049,,,,,,0.0,0.10690224263817072,0.0,0.10690224263817072,0.10690224263817072,computed,117,True
water__lake_taupo__r2c2,water,lake_taupo,Lake Taupo,-38.78,176.06,-38.744318814566775,176.10649532513014,30-45,32760,4000.0,4000.0,12.5,0.001,14,20,cuda:0,0.02530931324907688,bicubic,,0.028231340095400972,-0.11545263269562112,169064,170049,,,,,,0.0,0.757688962854445,0.0,0.757688962854445,0.757688962854445,computed,117,True
water__lake_geneva__r0c0,water,lake_geneva,Lake Geneva,46.459,6.43,46.42185721598893,6.379689345780408,45-60,32632,-4000.0,-4000.0,12.5,0.001,14,20,cuda:0,0.0008381945272342614,blurred_observation,12.5,0.0008381945272342614,0.0,169617,169617,,,,,,0.0,0.0,0.0,0.0,0.0,computed,118,True
water__lake_geneva__r0c0,water,lake_geneva,Lake Geneva,46.459,6.43,46.42185721598893,6.379689345780408,45-60,32632,-4000.0,-4000.0,12.5,0.001,14,20,cuda:0,0.0008381945272342614,psf_aware_matched,12.5,0.0007446720151628131,0.11157614256924187,169617,170937,22.0,65536.0,170937.0,1441792.0,0.0001287023874292868,0.2706420561298728,0.04043850116431713,1.5030444450676441,0.31108055729418993,1.814125002361834,computed,118,True
water__lake_geneva__r0c0,water,lake_geneva,Lake Geneva,46.459,6.43,46.42185721598893,6.379689345780408,45-60,32632,-4000.0,-4000.0,12.5,0.001,14,20,cuda:0,0.0008381945272342614,psf_aware_plus50,18.75,0.0011842542872365683,-0.41286330172564956,169617,172902,48.0,65536.0,172902.0,3145728.0,0.0002776139084568137,0.42211066791787744,0.07975290063768625,1.521686031948775,0.5018635685555637,2.0235496005043387,computed,118,True
water__lake_geneva__r0c0,water,lake_geneva,Lake Geneva,46.459,6.43,46.42185721598893,6.379689345780408,45-60,32632,-4000.0,-4000.0,12.5,0.001,14,20,cuda:0,0.0008381945272342614,psf_aware_minus50,6.25,0.0009127803902186779,-0.08898395367782097,169067,169067,9.0,65536.0,169067.0,589824.0,5.323333353049383e-05,0.18972346605733037,0.020838798955082893,1.5921040042303503,0.21056226501241326,1.8026662692427635,computed,118,True
water__lake_geneva__r0c0,water,lake_geneva,Lake Geneva,46.459,6.43,46.42185721598893,6.379689345780408,45-60,32632,-4000.0,-4000.0,12.5,0.001,14,20,cuda:0,0.0008381945272342614,nearest,,0.0009477764970194137,-0.1307357256873689,168646,169617,,,,,,0.0,0.11992396600544453,0.0,0.11992396600544453,0.11992396600544453,computed,118,True
water__lake_geneva__r0c0,water,lake_geneva,Lake Geneva,46.459,6.43,46.42185721598893,6.379689345780408,45-60,32632,-4000.0,-4000.0,12.5,0.001,14,20,cuda:0,0.0008381945272342614,bilinear,,0.0009777038511070725,-0.16644027053378818,168646,169617,,,,,,0.0,0.10675182798877358,0.0,0.10675182798877358,0.10675182798877358,computed,118,True
water__lake_geneva__r0c0,water,lake_geneva,Lake Geneva,46.459,6.43,46.42185721598893,6.379689345780408,45-60,32632,-4000.0,-4000.0,12.5,0.001,14,20,cuda:0,0.0008381945272342614,bicubic,,0.0009284348426407628,-0.10766034908896605,168646,169617,,,,,,0.0,0.7602155082859099,0.0,0.7602155082859099,0.7602155082859099,computed,118,True
water__lake_geneva__r0c1,water,lake_geneva,Lake Geneva,46.459,6.43,46.423037650688954,6.4316915123654566,45-60,32632,0.0,-4000.0,12.5,0.001,14,20,cuda:0,0.000666638151772852,blurred_observation,12.5,0.000666638151772852,0.0,169623,169623,,,,,,0.0,0.0,0.0,0.0,0.0,computed,119,True
water__lake_geneva__r0c1,water,lake_geneva,Lake Geneva,46.459,6.43,46.423037650688954,6.4316915123654566,45-60,32632,0.0,-4000.0,12.5,0.001,14,20,cuda:0,0.000666638151772852,psf_aware_matched,12.5,0.0005787772044909696,0.13179705819150278,169623,170942,22.0,65536.0,170942.0,1441792.0,0.0001286986229247347,0.28269627690315247,0.04037317633628845,1.513659318909049,0.3230694532394409,1.83672877214849,computed,119,True
water__lake_geneva__r0c1,water,lake_geneva,Lake Geneva,46.459,6.43,46.423037650688954,6.4316915123654566,45-60,32632,0.0,-4000.0,12.5,0.001,14,20,cuda:0,0.000666638151772852,psf_aware_plus50,18.75,0.001009707798709411,-0.5146264821840791,169623,172893,48.0,65536.0,172893.0,3145728.0,0.00027762835973694713,0.47440958116203547,0.07973148208111525,1.5086184930987656,0.5541410632431507,2.0627595563419163,computed,119,True
water__lake_geneva__r0c1,water,lake_geneva,Lake Geneva,46.459,6.43,46.423037650688954,6.4316915123654566,45-60,32632,0.0,-4000.0,12.5,0.001,14,20,cuda:0,0.000666638151772852,psf_aware_minus50,6.25,0.0007357274083748084,-0.10363831775637355,169072,169072,9.0,65536.0,169072.0,589824.0,5.323175925049683e-05,0.17159213591367006,0.0209273062646389,1.553120378870517,0.19251944217830896,1.745639821048826,computed,119,True
water__lake_geneva__r0c1,water,lake_geneva,Lake Geneva,46.459,6.43,46.423037650688954,6.4316915123654566,45-60,32632,0.0,-4000.0,12.5,0.001,14,20,cuda:0,0.000666638151772852,nearest,,0.0007657166811934847,-0.1486241511337809,168641,169623,,,,,,0.0,0.12322874506935477,0.0,0.12322874506935477,0.12322874506935477,computed,119,True
water__lake_geneva__r0c1,water,lake_geneva,Lake Geneva,46.459,6.43,46.423037650688954,6.4316915123654566,45-60,32632,0.0,-4000.0,12.5,0.001,14,20,cuda:0,0.000666638151772852,bilinear,,0.000791475771541029,-0.1872644393906724,168641,169623,,,,,,0.0,0.10732961306348443,0.0,0.10732961306348443,0.10732961306348443,computed,119,True
water__lake_geneva__r0c1,water,lake_geneva,Lake Geneva,46.459,6.43,46.423037650688954,6.4316915123654566,45-60,32632,0.0,-4000.0,12.5,0.001,14,20,cuda:0,0.000666638151772852,bicubic,,0.0007433641459560821,-0.1150939141109546,168641,169623,,,,,,0.0,0.7521903081797063,0.0,0.7521903081797063,0.7521903081797063,computed,119,True
water__lake_geneva__r0c2,water,lake_geneva,Lake Geneva,46.459,6.43,46.42419446102112,6.483696910550786,45-60,32632,4000.0,-4000.0,12.5,0.001,14,20,cuda:0,0.001013104965795608,blurred_observation,12.5,0.001013104965795608,0.0,169629,169629,,,,,,0.0,0.0,0.0,0.0,0.0,computed,120,True
water__lake_geneva__r0c2,water,lake_geneva,Lake Geneva,46.459,6.43,46.42419446102112,6.483696910550786,45-60,32632,4000.0,-4000.0,12.5,0.001,14,20,cuda:0,0.001013104965795608,psf_aware_matched,12.5,0.0008707140090951175,0.14054906599798223,169629,170950,22.0,65536.0,170950.0,1441792.0,0.00012869260017548992,0.2696377532556653,0.040389858186244965,1.5283913421444595,0.31002761144191027,1.8384189535863698,computed,120,True
water__lake_geneva__r0c2,water,lake_geneva,Lake Geneva,46.459,6.43,46.42419446102112,6.483696910550786,45-60,32632,4000.0,-4000.0,12.5,0.001,14,20,cuda:0,0.001013104965795608,psf_aware_plus50,18.75,0.0015123689129789351,-0.49280574475444117,169629,172892,48.0,65536.0,172892.0,3145728.0,0.0002776299655276126,0.4705885536968708,0.07958518480882049,1.5223426460288465,0.5501737385056913,2.072516384534538,computed,120,True
water__lake_geneva__r0c2,water,lake_geneva,Lake Geneva,46.459,6.43,46.42419446102112,6.483696910550786,45-60,32632,4000.0,-4000.0,12.5,0.001,14,20,cuda:0,0.001013104965795608,psf_aware_minus50,6.25,0.001075942286377422,-0.06202449173908353,169087,169087,9.0,65536.0,169087.0,589824.0,5.322703696913423e-05,0.1902233329601586,0.02101312903687358,1.4975702269002795,0.21123646199703217,1.7088066888973117,computed,120,True
water__lake_geneva__r0c2,water,lake_geneva,Lake Geneva,46.459,6.43,46.42419446102112,6.483696910550786,45-60,32632,4000.0,-4000.0,12.5,0.001,14,20,cuda:0,0.001013104965795608,nearest,,0.0011335327169411534,-0.11886996432889019,168644,169629,,,,,,0.0,0.11963010905310512,0.0,0.11963010905310512,0.11963010905310512,computed,120,True
water__lake_geneva__r0c2,water,lake_geneva,Lake Geneva,46.459,6.43,46.42419446102112,6.483696910550786,45-60,32632,4000.0,-4000.0,12.5,0.001,14,20,cuda:0,0.001013104965795608,bilinear,,0.0011731179309712612,-0.15794312591291315,168644,169629,,,,,,0.0,0.10647787898778915,0.0,0.10647787898778915,0.10647787898778915,computed,120,True
water__lake_geneva__r0c2,water,lake_geneva,Lake Geneva,46.459,6.43,46.42419446102112,6.483696910550786,45-60,32632,4000.0,-4000.0,12.5,0.001,14,20,cuda:0,0.001013104965795608,bicubic,,0.0011126762836952727,-0.09828331837409343,168644,169629,,,,,,0.0,0.7466399758122861,0.0,0.7466399758122861,0.7466399758122861,computed,120,True
water__lake_geneva__r1c0,water,lake_geneva,Lake Geneva,46.459,6.43,46.45781809065042,6.377963678998391,45-60,32632,-4000.0,0.0,12.5,0.001,14,20,cuda:0,0.01893529875878491,blurred_observation,12.5,0.01893529875878491,0.0,169613,169613,,,,,,0.0,0.0,0.0,0.0,0.0,computed,121,True
water__lake_geneva__r1c0,water,lake_geneva,Lake Geneva,46.459,6.43,46.45781809065042,6.377963678998391,45-60,32632,-4000.0,0.0,12.5,0.001,14,20,cuda:0,0.01893529875878491,psf_aware_matched,12.5,0.014950279693793542,0.21045451227129663,169613,170935,22.0,65536.0,170935.0,1441792.0,0.00012870389329277211,0.27065201522782445,0.04031215189024806,1.5006077899597585,0.3109641671180725,1.811571957077831,computed,121,True
water__lake_geneva__r1c0,water,lake_geneva,Lake Geneva,46.459,6.43,46.45781809065042,6.377963678998391,45-60,32632,-4000.0,0.0,12.5,0.001,14,20,cuda:0,0.01893529875878491,psf_aware_plus50,18.75,0.0314088428331688,-0.6587455647403961,169613,172893,48.0,65536.0,172893.0,3145728.0,0.00027762835973694713,0.4273564130999148,0.0796811762265861,1.517839656677097,0.5070375893265009,2.024877246003598,computed,121,True
water__lake_geneva__r1c0,water,lake_geneva,Lake Geneva,46.459,6.43,46.45781809065042,6.377963678998391,45-60,32632,-4000.0,0.0,12.5,0.001,14,20,cuda:0,0.01893529875878491,psf_aware_minus50,6.25,0.021802576562389483,-0.15142500998429287,169073,169073,9.0,65536.0,169073.0,589824.0,5.3231444405670926e-05,0.19112197495996952,0.021108068991452456,1.4756653187796474,0.21223004395142198,1.6878953627310693,computed,121,True
water__lake_geneva__r1c0,water,lake_geneva,Lake Geneva,46.459,6.43,46.45781809065042,6.377963678998391,45-60,32632,-4000.0,0.0,12.5,0.001,14,20,cuda:0,0.01893529875878491,nearest,,0.022978163309378567,-0.2135094144589611,168634,169613,,,,,,0.0,0.1186891682446003,0.0,0.1186891682446003,0.1186891682446003,computed,121,True
water__lake_geneva__r1c0,water,lake_geneva,Lake Geneva,46.459,6.43,46.45781809065042,6.377963678998391,45-60,32632,-4000.0,0.0,12.5,0.001,14,20,cuda:0,0.01893529875878491,bilinear,,0.024060975058506764,-0.270694239632413,168634,169613,,,,,,0.0,0.10592054342851043,0.0,0.10592054342851043,0.10592054342851043,computed,121,True
water__lake_geneva__r1c0,water,lake_geneva,Lake Geneva,46.459,6.43,46.45781809065042,6.377963678998391,45-60,32632,-4000.0,0.0,12.5,0.001,14,20,cuda:0,0.01893529875878491,bicubic,,0.021719777093040495,-0.14705225250083487,168634,169613,,,,,,0.0,0.772890214342624,0.0,0.772890214342624,0.772890214342624,computed,121,True
water__lake_geneva__r1c1,water,lake_geneva,Lake Geneva,46.459,6.43,46.459,6.43,45-60,32632,0.0,0.0,12.5,0.001,14,20,cuda:0,0.012797410401331007,blurred_observation,12.5,0.012797410401331007,0.0,169623,169623,,,,,,0.0,0.0,0.0,0.0,0.0,computed,122,True
water__lake_geneva__r1c1,water,lake_geneva,Lake Geneva,46.459,6.43,46.459,6.43,45-60,32632,0.0,0.0,12.5,0.001,14,20,cuda:0,0.012797410401331007,psf_aware_matched,12.5,0.01029265267370087,0.19572379482099178,169623,170937,22.0,65536.0,170937.0,1441792.0,0.0001287023874292868,0.2732909619808197,0.04040052788332105,1.4888893151655793,0.31369148986414075,1.80258080502972,computed,122,True
water__lake_geneva__r1c1,water,lake_geneva,Lake Geneva,46.459,6.43,46.459,6.43,45-60,32632,0.0,0.0,12.5,0.001,14,20,cuda:0,0.012797410401331007,psf_aware_plus50,18.75,0.020464225317140223,-0.5990911188572823,169623,172905,48.0,65536.0,172905.0,3145728.0,0.00027760909169775313,0.43305992474779487,0.07971104187890887,1.5180704849772155,0.5127709666267037,2.0308414516039193,computed,122,True
water__lake_geneva__r1c1,water,lake_geneva,Lake Geneva,46.459,6.43,46.459,6.43,45-60,32632,0.0,0.0,12.5,0.001,14,20,cuda:0,0.012797410401331007,psf_aware_minus50,6.25,0.014493909653556791,-0.13256582378957993,169075,169075,9.0,65536.0,169075.0,589824.0,5.323081472719207e-05,0.16848887782543898,0.0209344201721251,1.4552662130445242,0.18942329799756408,1.6446895110420883,computed,122,True
water__lake_geneva__r1c1,water,lake_geneva,Lake Geneva,46.459,6.43,46.459,6.43,45-60,32632,0.0,0.0,12.5,0.001,14,20,cuda:0,0.012797410401331007,nearest,,0.01518169897188436,-0.1863102374450203,168642,169623,,,,,,0.0,0.1190835740417242,0.0,0.1190835740417242,0.1190835740417242,computed,122,True
water__lake_geneva__r1c1,water,lake_geneva,Lake Geneva,46.459,6.43,46.459,6.43,45-60,32632,0.0,0.0,12.5,0.001,14,20,cuda:0,0.012797410401331007,bilinear,,0.015854300649984734,-0.23886787660852016,168642,169623,,,,,,0.0,0.10691991681233048,0.0,0.10691991681233048,0.10691991681233048,computed,122,True
water__lake_geneva__r1c1,water,lake_geneva,Lake Geneva,46.459,6.43,46.459,6.43,45-60,32632,0.0,0.0,12.5,0.001,14,20,cuda:0,0.012797410401331007,bicubic,,0.014397203491392957,-0.12500912605690617,168642,169623,,,,,,0.0,0.7669579680077732,0.0,0.7669579680077732,0.7669579680077732,computed,122,True
water__lake_geneva__r1c2,water,lake_geneva,Lake Geneva,46.459,6.43,46.46015825553086,6.48203956030391,45-60,32632,4000.0,0.0,12.5,0.001,14,20,cuda:0,0.0008713681388875203,blurred_observation,12.5,0.0008713681388875203,0.0,169636,169636,,,,,,0.0,0.0,0.0,0.0,0.0,computed,123,True
water__lake_geneva__r1c2,water,lake_geneva,Lake Geneva,46.459,6.43,46.46015825553086,6.48203956030391,45-60,32632,4000.0,0.0,12.5,0.001,14,20,cuda:0,0.0008713681388875203,psf_aware_matched,12.5,0.0007811012180488679,0.10359217512117969,169636,170948,22.0,65536.0,170948.0,1441792.0,0.0001286941058099539,0.27083962969481945,0.040342718828469515,1.5166478301398456,0.31118234852328897,1.8278301786631346,computed,123,True
water__lake_geneva__r1c2,water,lake_geneva,Lake Geneva,46.459,6.43,46.46015825553086,6.48203956030391,45-60,32632,4000.0,0.0,12.5,0.001,14,20,cuda:0,0.0008713681388875203,psf_aware_plus50,18.75,0.001254752757317045,-0.43998007423015695,169636,172910,48.0,65536.0,172910.0,3145728.0,0.00027760106413741254,0.4310725717805326,0.08002886408939958,1.531212655827403,0.5111014358699322,2.0423140916973352,computed,123,True
water__lake_geneva__r1c2,water,lake_geneva,Lake Geneva,46.459,6.43,46.46015825553086,6.48203956030391,45-60,32632,4000.0,0.0,12.5,0.001,14,20,cuda:0,0.0008713681388875203,psf_aware_minus50,6.25,0.0009481843870025121,-0.08815590642671811,169079,169079,9.0,65536.0,169079.0,589824.0,5.322955541492438e-05,0.19070323184132576,0.021068323869258165,1.485637185163796,0.21177155571058393,1.6974087408743799,computed,123,True
water__lake_geneva__r1c2,water,lake_geneva,Lake Geneva,46.459,6.43,46.46015825553086,6.48203956030391,45-60,32632,4000.0,0.0,12.5,0.001,14,20,cuda:0,0.0008713681388875203,nearest,,0.0009807009887923264,-0.12547262749862753,168649,169636,,,,,,0.0,0.11928358301520348,0.0,0.11928358301520348,0.11928358301520348,computed,123,True
water__lake_geneva__r1c2,water,lake_geneva,Lake Geneva,46.459,6.43,46.46015825553086,6.48203956030391,45-60,32632,4000.0,0.0,12.5,0.001,14,20,cuda:0,0.0008713681388875203,bilinear,,0.0010095216008224328,-0.15854775469676197,168649,169636,,,,,,0.0,0.10701889405027032,0.0,0.10701889405027032,0.10701889405027032,computed,123,True
water__lake_geneva__r1c2,water,lake_geneva,Lake Geneva,46.459,6.43,46.46015825553086,6.48203956030391,45-60,32632,4000.0,0.0,12.5,0.001,14,20,cuda:0,0.0008713681388875203,bicubic,,0.0009592666031453037,-0.10087408563044753,168649,169636,,,,,,0.0,0.7572944760322571,0.0,0.7572944760322571,0.7572944760322571,computed,123,True
water__lake_geneva__r2c0,water,lake_geneva,Lake Geneva,46.459,6.43,46.49377868859477,6.376234707690337,45-60,32632,-4000.0,4000.0,12.5,0.001,14,20,cuda:0,0.03312949884253821,blurred_observation,12.5,0.03312949884253821,0.0,169607,169607,,,,,,0.0,0.0,0.0,0.0,0.0,computed,124,True
water__lake_geneva__r2c0,water,lake_geneva,Lake Geneva,46.459,6.43,46.49377868859477,6.376234707690337,45-60,32632,-4000.0,4000.0,12.5,0.001,14,20,cuda:0,0.03312949884253821,psf_aware_matched,12.5,0.025450909898658072,0.23177498036948407,169607,170935,22.0,65536.0,170935.0,1441792.0,0.00012870389329277211,0.28443632181733847,0.04041641904041171,1.527224853169173,0.3248527408577502,1.8520775940269232,computed,124,True
water__lake_geneva__r2c0,water,lake_geneva,Lake Geneva,46.459,6.43,46.49377868859477,6.376234707690337,45-60,32632,-4000.0,4000.0,12.5,0.001,14,20,cuda:0,0.03312949884253821,psf_aware_plus50,18.75,0.05442999920364169,-0.6429466519352738,169607,172879,48.0,65536.0,172879.0,3145728.0,0.0002776508424967752,0.4756861790083349,0.08001569984480739,1.526604086626321,0.5557018788531423,2.0823059654794633,computed,124,True
water__lake_geneva__r2c0,water,lake_geneva,Lake Geneva,46.459,6.43,46.49377868859477,6.376234707690337,45-60,32632,-4000.0,4000.0,12.5,0.001,14,20,cuda:0,0.03312949884253821,psf_aware_minus50,6.25,0.03792849137717561,-0.14485557289733286,169062,169062,9.0,65536.0,169062.0,589824.0,5.323490790360933e-05,0.19025331968441606,0.021571176126599312,1.5752517962828279,0.21182449581101537,1.7870762920938432,computed,124,True
water__lake_geneva__r2c0,water,lake_geneva,Lake Geneva,46.459,6.43,46.49377868859477,6.376234707690337,45-60,32632,-4000.0,4000.0,12.5,0.001,14,20,cuda:0,0.03312949884253821,nearest,,0.04005411245998198,-0.2090165519966325,168631,169607,,,,,,0.0,0.14144161017611623,0.0,0.14144161017611623,0.14144161017611623,computed,124,True
water__lake_geneva__r2c0,water,lake_geneva,Lake Geneva,46.459,6.43,46.49377868859477,6.376234707690337,45-60,32632,-4000.0,4000.0,12.5,0.001,14,20,cuda:0,0.03312949884253821,bilinear,,0.04187076435584094,-0.2638514260312008,168631,169607,,,,,,0.0,0.10637115687131882,0.0,0.10637115687131882,0.10637115687131882,computed,124,True
water__lake_geneva__r2c0,water,lake_geneva,Lake Geneva,46.459,6.43,46.49377868859477,6.376234707690337,45-60,32632,-4000.0,4000.0,12.5,0.001,14,20,cuda:0,0.03312949884253821,bicubic,,0.037785102443491037,-0.1405274381927879,168631,169607,,,,,,0.0,0.7570737167261541,0.0,0.7570737167261541,0.7570737167261541,computed,124,True
water__lake_geneva__r2c1,water,lake_geneva,Lake Geneva,46.459,6.43,46.49496207452051,6.42830524832795,45-60,32632,0.0,4000.0,12.5,0.001,14,20,cuda:0,0.027520835112933774,blurred_observation,12.5,0.027520835112933774,0.0,169618,169618,,,,,,0.0,0.0,0.0,0.0,0.0,computed,125,True
water__lake_geneva__r2c1,water,lake_geneva,Lake Geneva,46.459,6.43,46.49496207452051,6.42830524832795,45-60,32632,0.0,4000.0,12.5,0.001,14,20,cuda:0,0.027520835112933774,psf_aware_matched,12.5,0.02121818504113085,0.2290137652414811,169618,170939,22.0,65536.0,170939.0,1441792.0,0.00012870088160103895,0.26927643874660134,0.040459539741277695,1.5072033032774925,0.30973597848787904,1.8169392817653716,computed,125,True
water__lake_geneva__r2c1,water,lake_geneva,Lake Geneva,46.459,6.43,46.49496207452051,6.42830524832795,45-60,32632,0.0,4000.0,12.5,0.001,14,20,cuda:0,0.027520835112933774,psf_aware_plus50,18.75,0.045153806011590455,-0.6407135112833053,169618,172894,48.0,65536.0,172894.0,3145728.0,0.0002776267539648571,0.5202360968105495,0.08008082304149866,1.5153961591422558,0.6003169198520482,2.115713078994304,computed,125,True
water__lake_geneva__r2c1,water,lake_geneva,Lake Geneva,46.459,6.43,46.49496207452051,6.42830524832795,45-60,32632,0.0,4000.0,12.5,0.001,14,20,cuda:0,0.027520835112933774,psf_aware_minus50,6.25,0.031542710165484156,-0.1461392808774269,169081,169081,9.0,65536.0,169081.0,589824.0,5.3228925781134485e-05,0.1717002303339541,0.02107460517436266,1.5475013861432672,0.19277483550831676,1.740276221651584,computed,125,True
water__lake_geneva__r2c1,water,lake_geneva,Lake Geneva,46.459,6.43,46.49496207452051,6.42830524832795,45-60,32632,0.0,4000.0,12.5,0.001,14,20,cuda:0,0.027520835112933774,nearest,,0.03330500065289785,-0.21017405599169958,168638,169618,,,,,,0.0,0.11966193001717329,0.0,0.11966193001717329,0.11966193001717329,computed,125,True
water__lake_geneva__r2c1,water,lake_geneva,Lake Geneva,46.459,6.43,46.49496207452051,6.42830524832795,45-60,32632,0.0,4000.0,12.5,0.001,14,20,cuda:0,0.027520835112933774,bilinear,,0.03480176543915705,-0.26456066090819697,168638,169618,,,,,,0.0,0.1061152620241046,0.0,0.1061152620241046,0.1061152620241046,computed,125,True
water__lake_geneva__r2c1,water,lake_geneva,Lake Geneva,46.459,6.43,46.49496207452051,6.42830524832795,45-60,32632,0.0,4000.0,12.5,0.001,14,20,cuda:0,0.027520835112933774,bicubic,,0.03138094961036099,-0.1402615320933014,168638,169618,,,,,,0.0,0.7590295406989753,0.0,0.7590295406989753,0.7590295406989753,computed,125,True
water__lake_geneva__r2c2,water,lake_geneva,Lake Geneva,46.459,6.43,46.496121777138406,6.480379035995644,45-60,32632,4000.0,4000.0,12.5,0.001,14,20,cuda:0,0.033605158449755854,blurred_observation,12.5,0.033605158449755854,0.0,169625,169625,,,,,,0.0,0.0,0.0,0.0,0.0,computed,126,True
water__lake_geneva__r2c2,water,lake_geneva,Lake Geneva,46.459,6.43,46.496121777138406,6.480379035995644,45-60,32632,4000.0,4000.0,12.5,0.001,14,20,cuda:0,0.033605158449755854,psf_aware_matched,12.5,0.02553911894514873,0.24002384981064495,169625,170948,22.0,65536.0,170948.0,1441792.0,0.0001286941058099539,0.27285673981532454,0.040396491065621376,1.4952891068533063,0.3132532308809459,1.8085423377342522,computed,126,True
water__lake_geneva__r2c2,water,lake_geneva,Lake Geneva,46.459,6.43,46.496121777138406,6.480379035995644,45-60,32632,4000.0,4000.0,12.5,0.001,14,20,cuda:0,0.033605158449755854,psf_aware_plus50,18.75,0.05557983637117954,-0.6539078800737907,169625,172901,48.0,65536.0,172901.0,3145728.0,0.00027761551408031184,0.47289235796779394,0.07971910759806633,1.5063809351995587,0.5526114655658603,2.058992400765419,computed,126,True
water__lake_geneva__r2c2,water,lake_geneva,Lake Geneva,46.459,6.43,46.496121777138406,6.480379035995644,45-60,32632,4000.0,4000.0,12.5,0.001,14,20,cuda:0,0.033605158449755854,psf_aware_minus50,6.25,0.03844724403948258,-0.14408756908455844,169082,169082,9.0,65536.0,169082.0,589824.0,5.322861096982529e-05,0.1945387963205576,0.020983231719583273,1.573075293097645,0.21552202804014087,1.788597321137786,computed,126,True
water__lake_geneva__r2c2,water,lake_geneva,Lake Geneva,46.459,6.43,46.496121777138406,6.480379035995644,45-60,32632,4000.0,4000.0,12.5,0.001,14,20,cuda:0,0.033605158449755854,nearest,,0.04084423911359241,-0.2154157575141309,168646,169625,,,,,,0.0,0.12026269733905792,0.0,0.12026269733905792,0.12026269733905792,computed,126,True
water__lake_geneva__r2c2,water,lake_geneva,Lake Geneva,46.459,6.43,46.496121777138406,6.480379035995644,45-60,32632,4000.0,4000.0,12.5,0.001,14,20,cuda:0,0.033605158449755854,bilinear,,0.042732049486983316,-0.2715919655868717,168646,169625,,,,,,0.0,0.10672815330326557,0.0,0.10672815330326557,0.10672815330326557,computed,126,True
water__lake_geneva__r2c2,water,lake_geneva,Lake Geneva,46.459,6.43,46.496121777138406,6.480379035995644,45-60,32632,4000.0,4000.0,12.5,0.001,14,20,cuda:0,0.033605158449755854,bicubic,,0.038410150400379976,-0.14298376119274137,168646,169625,,,,,,0.0,0.774858851917088,0.0,0.774858851917088,0.774858851917088,computed,126,True
water__lake_michigan__r0c0,water,lake_michigan,Lake Michigan,43.0,-87.85,42.96360901691799,-87.89854417672127,30-45,32616,-4000.0,-4000.0,12.5,0.001,14,20,cuda:0,0.04800685006780536,blurred_observation,12.5,0.04800685006780536,0.0,169892,169892,,,,,,0.0,0.0,0.0,0.0,0.0,computed,127,True
water__lake_michigan__r0c0,water,lake_michigan,Lake Michigan,43.0,-87.85,42.96360901691799,-87.89854417672127,30-45,32616,-4000.0,-4000.0,12.5,0.001,14,20,cuda:0,0.04800685006780536,psf_aware_matched,12.5,0.04110563563150416,0.1437547855473511,169892,171213,22.0,65536.0,171213.0,1441792.0,0.00012849491568981327,0.27392318984493613,0.04038592102006078,2.6733366679400206,0.3143091108649969,2.9876457788050175,computed,127,True
water__lake_michigan__r0c0,water,lake_michigan,Lake Michigan,43.0,-87.85,42.96360901691799,-87.89854417672127,30-45,32616,-4000.0,-4000.0,12.5,0.001,14,20,cuda:0,0.04800685006780536,psf_aware_plus50,18.75,0.07561816257835371,-0.5751535972793436,169892,173161,48.0,65536.0,173161.0,3145728.0,0.0002771986763763203,0.4833565359003842,0.0798300988972187,2.703916545957327,0.5631866347976029,3.26710318075493,computed,127,True
water__lake_michigan__r0c0,water,lake_michigan,Lake Michigan,43.0,-87.85,42.96360901691799,-87.89854417672127,30-45,32616,-4000.0,-4000.0,12.5,0.001,14,20,cuda:0,0.04800685006780536,psf_aware_minus50,6.25,0.054219892230918075,-0.12941990891585986,169347,169347,9.0,65536.0,169347.0,589824.0,5.3145317011815975e-05,0.18926212238147855,0.02107239095494151,2.618708561640233,0.21033451333642006,2.829043074976653,computed,127,True
water__lake_michigan__r0c0,water,lake_michigan,Lake Michigan,43.0,-87.85,42.96360901691799,-87.89854417672127,30-45,32616,-4000.0,-4000.0,12.5,0.001,14,20,cuda:0,0.04800685006780536,nearest,,0.05654409144208715,-0.17783381667873854,168915,169892,,,,,,0.0,0.11966593703255057,0.0,0.11966593703255057,0.11966593703255057,computed,127,True
water__lake_michigan__r0c0,water,lake_michigan,Lake Michigan,43.0,-87.85,42.96360901691799,-87.89854417672127,30-45,32616,-4000.0,-4000.0,12.5,0.001,14,20,cuda:0,0.04800685006780536,bilinear,,0.05875408728666188,-0.22386882712939937,168915,169892,,,,,,0.0,0.10736058000475168,0.0,0.10736058000475168,0.10736058000475168,computed,127,True
water__lake_michigan__r0c0,water,lake_michigan,Lake Michigan,43.0,-87.85,42.96360901691799,-87.89854417672127,30-45,32616,-4000.0,-4000.0,12.5,0.001,14,20,cuda:0,0.04800685006780536,bicubic,,0.05435899489923424,-0.13231746766257424,168915,169892,,,,,,0.0,0.7621088027954102,0.0,0.7621088027954102,0.7621088027954102,computed,127,True
water__lake_michigan__r0c1,water,lake_michigan,Lake Michigan,43.0,-87.85,42.96398349270397,-87.84950395424866,30-45,32616,0.0,-4000.0,12.5,0.001,14,20,cuda:0,0.03678137313404597,blurred_observation,12.5,0.03678137313404597,0.0,169895,169895,,,,,,0.0,0.0,0.0,0.0,0.0,computed,128,True
water__lake_michigan__r0c1,water,lake_michigan,Lake Michigan,43.0,-87.85,42.96398349270397,-87.84950395424866,30-45,32616,0.0,-4000.0,12.5,0.001,14,20,cuda:0,0.03678137313404597,psf_aware_matched,12.5,0.030456696479447713,0.17195325012877072,169895,171220,22.0,65536.0,171220.0,1441792.0,0.00012848966242261418,0.2850390230305493,0.040696498937904835,2.620215487200767,0.3257355219684541,2.945951009169221,computed,128,True
water__lake_michigan__r0c1,water,lake_michigan,Lake Michigan,43.0,-87.85,42.96398349270397,-87.84950395424866,30-45,32616,0.0,-4000.0,12.5,0.001,14,20,cuda:0,0.03678137313404597,psf_aware_plus50,18.75,0.05844562963411413,-0.5890007537542163,169895,173175,48.0,65536.0,173175.0,3145728.0,0.00027717626678215677,0.4416882572695613,0.07971219485625625,2.701249004341662,0.5214004521258175,3.2226494564674795,computed,128,True
water__lake_michigan__r0c1,water,lake_michigan,Lake Michigan,43.0,-87.85,42.96398349270397,-87.84950395424866,30-45,32616,0.0,-4000.0,12.5,0.001,14,20,cuda:0,0.03678137313404597,psf_aware_minus50,6.25,0.04195769095114599,-0.14073204385914195,169364,169364,9.0,65536.0,169364.0,589824.0,5.313998252285019e-05,0.16999695356935263,0.02093552192673087,2.587985353078693,0.1909324754960835,2.7789178285747766,computed,128,True
water__lake_michigan__r0c1,water,lake_michigan,Lake Michigan,43.0,-87.85,42.96398349270397,-87.84950395424866,30-45,32616,0.0,-4000.0,12.5,0.001,14,20,cuda:0,0.03678137313404597,nearest,,0.043987664805339804,-0.19592231222666,168917,169895,,,,,,0.0,0.11930906120687723,0.0,0.11930906120687723,0.11930906120687723,computed,128,True
water__lake_michigan__r0c1,water,lake_michigan,Lake Michigan,43.0,-87.85,42.96398349270397,-87.84950395424866,30-45,32616,0.0,-4000.0,12.5,0.001,14,20,cuda:0,0.03678137313404597,bilinear,,0.045866094545217,-0.24699244854352465,168917,169895,,,,,,0.0,0.10551338270306587,0.0,0.10551338270306587,0.10551338270306587,computed,128,True
water__lake_michigan__r0c1,water,lake_michigan,Lake Michigan,43.0,-87.85,42.96398349270397,-87.84950395424866,30-45,32616,0.0,-4000.0,12.5,0.001,14,20,cuda:0,0.03678137313404597,bicubic,,0.04189701607168394,-0.1390824349867128,168917,169895,,,,,,0.0,0.7538742069154978,0.0,0.7538742069154978,0.7538742069154978,computed,128,True
water__lake_michigan__r0c2,water,lake_michigan,Lake Michigan,43.0,-87.85,42.96433696087617,-87.80046281908129,30-45,32616,4000.0,-4000.0,12.5,0.001,14,20,cuda:0,0.00031632541341484625,blurred_observation,12.5,0.00031632541341484625,0.0,169894,169894,,,,,,0.0,0.0,0.0,0.0,0.0,computed,129,True
water__lake_michigan__r0c2,water,lake_michigan,Lake Michigan,43.0,-87.85,42.96433696087617,-87.80046281908129,30-45,32616,4000.0,-4000.0,12.5,0.001,14,20,cuda:0,0.00031632541341484625,psf_aware_matched,12.5,0.00024605036243793827,0.22216062319578944,169894,171209,22.0,65536.0,171209.0,1441792.0,0.000128497917749651,0.3045405289158225,0.04075236478820443,2.6386695178225636,0.34529289370402694,2.9839624115265906,computed,129,True
water__lake_michigan__r0c2,water,lake_michigan,Lake Michigan,43.0,-87.85,42.96433696087617,-87.80046281908129,30-45,32616,4000.0,-4000.0,12.5,0.001,14,20,cuda:0,0.00031632541341484625,psf_aware_plus50,18.75,0.0005125175403082035,-0.6202224626070758,169894,173181,48.0,65536.0,173181.0,3145728.0,0.0002771666637795139,0.4885090859606862,0.07978918077424169,2.6558788530528545,0.5682982667349279,3.2241771197877824,computed,129,True
water__lake_michigan__r0c2,water,lake_michigan,Lake Michigan,43.0,-87.85,42.96433696087617,-87.80046281908129,30-45,32616,4000.0,-4000.0,12.5,0.001,14,20,cuda:0,0.00031632541341484625,psf_aware_minus50,6.25,0.0003747746059820292,-0.18477551941275583,169370,169370,9.0,65536.0,169370.0,589824.0,5.31381000177127e-05,0.19152768282219768,0.020968062803149223,2.6601323690265417,0.2124957456253469,2.8726281146518886,computed,129,True
water__lake_michigan__r0c2,water,lake_michigan,Lake Michigan,43.0,-87.85,42.96433696087617,-87.80046281908129,30-45,32616,4000.0,-4000.0,12.5,0.001,14,20,cuda:0,0.00031632541341484625,nearest,,0.0003924465618149987,-0.24064189967665683,168933,169894,,,,,,0.0,0.11966305086389184,0.0,0.11966305086389184,0.11966305086389184,computed,129,True
water__lake_michigan__r0c2,water,lake_michigan,Lake Michigan,43.0,-87.85,42.96433696087617,-87.80046281908129,30-45,32616,4000.0,-4000.0,12.5,0.001,14,20,cuda:0,0.00031632541341484625,bilinear,,0.00040979072759451783,-0.29547203675695854,168933,169894,,,,,,0.0,0.10635660868138075,0.0,0.10635660868138075,0.10635660868138075,computed,129,True
water__lake_michigan__r0c2,water,lake_michigan,Lake Michigan,43.0,-87.85,42.96433696087617,-87.80046281908129,30-45,32616,4000.0,-4000.0,12.5,0.001,14,20,cuda:0,0.00031632541341484625,bicubic,,0.00036487085434235657,-0.15346677462125125,168933,169894,,,,,,0.0,0.7557160160504282,0.0,0.7557160160504282,0.7557160160504282,computed,129,True
water__lake_michigan__r1c0,water,lake_michigan,Lake Michigan,43.0,-87.85,42.999625055110535,-87.89906884909321,30-45,32616,-4000.0,0.0,12.5,0.001,14,20,cuda:0,0.051287019421179955,blurred_observation,12.5,0.051287019421179955,0.0,169895,169895,,,,,,0.0,0.0,0.0,0.0,0.0,computed,130,True
water__lake_michigan__r1c0,water,lake_michigan,Lake Michigan,43.0,-87.85,42.999625055110535,-87.89906884909321,30-45,32616,-4000.0,0.0,12.5,0.001,14,20,cuda:0,0.051287019421179955,psf_aware_matched,12.5,0.042453136776241955,0.1722440247968452,169895,171217,22.0,65536.0,171217.0,1441792.0,0.00012849191377024477,0.28596240282058716,0.04044739808887243,2.6503334203734994,0.3264098009094596,2.976743221282959,computed,130,True
water__lake_michigan__r1c0,water,lake_michigan,Lake Michigan,43.0,-87.85,42.999625055110535,-87.89906884909321,30-45,32616,-4000.0,0.0,12.5,0.001,14,20,cuda:0,0.051287019421179955,psf_aware_plus50,18.75,0.08120777234259169,-0.5833981631043155,169895,173168,48.0,65536.0,173168.0,3145728.0,0.0002771874711263051,0.4860297399573028,0.07976163784042001,2.6979721477255225,0.5657913777977228,3.2637635255232453,computed,130,True
water__lake_michigan__r1c0,water,lake_michigan,Lake Michigan,43.0,-87.85,42.999625055110535,-87.89906884909321,30-45,32616,-4000.0,0.0,12.5,0.001,14,20,cuda:0,0.051287019421179955,psf_aware_minus50,6.25,0.058263612030143776,-0.13603037742689916,169354,169354,9.0,65536.0,169354.0,589824.0,5.3143120327834e-05,0.19195610517635942,0.02104193391278386,2.62414806522429,0.21299803908914328,2.837146104313433,computed,130,True
water__lake_michigan__r1c0,water,lake_michigan,Lake Michigan,43.0,-87.85,42.999625055110535,-87.89906884909321,30-45,32616,-4000.0,0.0,12.5,0.001,14,20,cuda:0,0.051287019421179955,nearest,,0.06110710900127334,-0.19147319713490685,168913,169895,,,,,,0.0,0.11929639708250761,0.0,0.11929639708250761,0.11929639708250761,computed,130,True
water__lake_michigan__r1c0,water,lake_michigan,Lake Michigan,43.0,-87.85,42.999625055110535,-87.89906884909321,30-45,32616,-4000.0,0.0,12.5,0.001,14,20,cuda:0,0.051287019421179955,bilinear,,0.06373386238354203,-0.2426899262783424,168913,169895,,,,,,0.0,0.10628567542880774,0.0,0.10628567542880774,0.10628567542880774,computed,130,True
water__lake_michigan__r1c0,water,lake_michigan,Lake Michigan,43.0,-87.85,42.999625055110535,-87.89906884909321,30-45,32616,-4000.0,0.0,12.5,0.001,14,20,cuda:0,0.051287019421179955,bicubic,,0.0582560140433196,-0.13588223103605945,168913,169895,,,,,,0.0,0.7508337181061506,0.0,0.7508337181061506,0.7508337181061506,computed,130,True
water__lake_michigan__r1c1,water,lake_michigan,Lake Michigan,43.0,-87.85,43.0,-87.85,30-45,32616,0.0,0.0,12.5,0.001,14,20,cuda:0,0.005405679501834106,blurred_observation,12.5,0.005405679501834106,0.0,169889,169889,,,,,,0.0,0.0,0.0,0.0,0.0,computed,131,True
water__lake_michigan__r1c1,water,lake_michigan,Lake Michigan,43.0,-87.85,43.0,-87.85,30-45,32616,0.0,0.0,12.5,0.001,14,20,cuda:0,0.005405679501834106,psf_aware_matched,12.5,0.005027965675998715,0.06987351464459479,169889,171205,22.0,65536.0,171205.0,1441792.0,0.00012850091994976782,0.27485791128128767,0.04043356096372008,2.7327677700668573,0.31529147224500775,3.048059242311865,computed,131,True
water__lake_michigan__r1c1,water,lake_michigan,Lake Michigan,43.0,-87.85,43.0,-87.85,30-45,32616,0.0,0.0,12.5,0.001,14,20,cuda:0,0.005405679501834106,psf_aware_plus50,18.75,0.007413771047817789,-0.37147809915522223,169889,173174,48.0,65536.0,173174.0,3145728.0,0.00027717786734729233,0.44243332790210843,0.07961724512279034,2.6902716420590878,0.5220505730248988,3.2123222150839865,computed,131,True
water__lake_michigan__r1c1,water,lake_michigan,Lake Michigan,43.0,-87.85,43.0,-87.85,30-45,32616,0.0,0.0,12.5,0.001,14,20,cuda:0,0.005405679501834106,psf_aware_minus50,6.25,0.005813908639082219,-0.07551856100784438,169355,169355,9.0,65536.0,169355.0,589824.0,5.314280653066045e-05,0.17595705296844244,0.021442112047225237,2.7265655528753996,0.19739916501566768,2.9239647178910673,computed,131,True
water__lake_michigan__r1c1,water,lake_michigan,Lake Michigan,43.0,-87.85,43.0,-87.85,30-45,32616,0.0,0.0,12.5,0.001,14,20,cuda:0,0.005405679501834106,nearest,,0.005945331451748334,-0.09983054854271844,168927,169889,,,,,,0.0,0.12024984322488308,0.0,0.12024984322488308,0.12024984322488308,computed,131,True
water__lake_michigan__r1c1,water,lake_michigan,Lake Michigan,43.0,-87.85,43.0,-87.85,30-45,32616,0.0,0.0,12.5,0.001,14,20,cuda:0,0.005405679501834106,bilinear,,0.006096673725320865,-0.12782744949128233,168927,169889,,,,,,0.0,0.10640279669314623,0.0,0.10640279669314623,0.10640279669314623,computed,131,True
water__lake_michigan__r1c1,water,lake_michigan,Lake Michigan,43.0,-87.85,43.0,-87.85,30-45,32616,0.0,0.0,12.5,0.001,14,20,cuda:0,0.005405679501834106,bicubic,,0.005884695910304042,-0.08861354216568129,168927,169889,,,,,,0.0,0.7604575860314071,0.0,0.7604575860314071,0.7604575860314071,computed,131,True
water__lake_michigan__r1c2,water,lake_michigan,Lake Michigan,43.0,-87.85,43.0003539109648,-87.80093023622433,30-45,32616,4000.0,0.0,12.5,0.001,14,20,cuda:0,0.0003590686096415877,blurred_observation,12.5,0.0003590686096415877,0.0,169900,169900,,,,,,0.0,0.0,0.0,0.0,0.0,computed,132,True
water__lake_michigan__r1c2,water,lake_michigan,Lake Michigan,43.0,-87.85,43.0003539109648,-87.80093023622433,30-45,32616,4000.0,0.0,12.5,0.001,14,20,cuda:0,0.0003590686096415877,psf_aware_matched,12.5,0.00028181447803014685,0.2151514488792372,169900,171227,22.0,65536.0,171227.0,1441792.0,0.00012848440958493696,0.27151657175272703,0.040500238072127104,2.775638177059591,0.31201680982485414,3.087654986884445,computed,132,True
water__lake_michigan__r1c2,water,lake_michigan,Lake Michigan,43.0,-87.85,43.0003539109648,-87.80093023622433,30-45,32616,4000.0,0.0,12.5,0.001,14,20,cuda:0,0.0003590686096415877,psf_aware_plus50,18.75,0.0005750783274606106,-0.6015834077911679,169900,173173,48.0,65536.0,173173.0,3145728.0,0.000277179467930913,0.5862534237094223,0.08532508602365851,2.7906784331426024,0.6715785097330809,3.4622569428756833,computed,132,True
water__lake_michigan__r1c2,water,lake_michigan,Lake Michigan,43.0,-87.85,43.0003539109648,-87.80093023622433,30-45,32616,4000.0,0.0,12.5,0.001,14,20,cuda:0,0.0003590686096415877,psf_aware_minus50,6.25,0.00043036185864109413,-0.19855049170315775,169354,169354,9.0,65536.0,169354.0,589824.0,5.3143120327834e-05,0.19476511469110847,0.02191264322027564,2.6676019560545683,0.2166777579113841,2.8842797139659524,computed,132,True
water__lake_michigan__r1c2,water,lake_michigan,Lake Michigan,43.0,-87.85,43.0003539109648,-87.80093023622433,30-45,32616,4000.0,0.0,12.5,0.001,14,20,cuda:0,0.0003590686096415877,nearest,,0.0004489472382842206,-0.25031045941985086,168914,169900,,,,,,0.0,0.14713986311107874,0.0,0.14713986311107874,0.14713986311107874,computed,132,True
water__lake_michigan__r1c2,water,lake_michigan,Lake Michigan,43.0,-87.85,43.0003539109648,-87.80093023622433,30-45,32616,4000.0,0.0,12.5,0.001,14,20,cuda:0,0.0003590686096415877,bilinear,,0.0004671050909712385,-0.30087977180040837,168914,169900,,,,,,0.0,0.10552018508315086,0.0,0.10552018508315086,0.10552018508315086,computed,132,True
water__lake_michigan__r1c2,water,lake_michigan,Lake Michigan,43.0,-87.85,43.0003539109648,-87.80093023622433,30-45,32616,4000.0,0.0,12.5,0.001,14,20,cuda:0,0.0003590686096415877,bicubic,,0.0004149556149744983,-0.15564436386877567,168914,169900,,,,,,0.0,0.7650257078930736,0.0,0.7650257078930736,0.7650257078930736,computed,132,True
water__lake_michigan__r2c0,water,lake_michigan,Lake Michigan,43.0,-87.85,43.035640860642474,-87.89959448891861,30-45,32616,-4000.0,4000.0,12.5,0.001,14,20,cuda:0,0.0453438243508678,blurred_observation,12.5,0.0453438243508678,0.0,169897,169897,,,,,,0.0,0.0,0.0,0.0,0.0,computed,133,True
water__lake_michigan__r2c0,water,lake_michigan,Lake Michigan,43.0,-87.85,43.035640860642474,-87.89959448891861,30-45,32616,-4000.0,4000.0,12.5,0.001,14,20,cuda:0,0.0453438243508678,psf_aware_matched,12.5,0.03662220407927571,0.19234417026902528,169897,171212,22.0,65536.0,171212.0,1441792.0,0.00012849566619162209,0.3050014032050967,0.04102861788123846,2.6335909203626215,0.3460300210863352,2.9796209414489567,computed,133,True
water__lake_michigan__r2c0,water,lake_michigan,Lake Michigan,43.0,-87.85,43.035640860642474,-87.89959448891861,30-45,32616,-4000.0,4000.0,12.5,0.001,14,20,cuda:0,0.0453438243508678,psf_aware_plus50,18.75,0.07338652072588703,-0.6184457702117607,169897,173172,48.0,65536.0,173172.0,3145728.0,0.0002771810685330192,0.5285128429532051,0.08196060312911868,2.725196960847825,0.6104734460823238,3.3356704069301486,computed,133,True
water__lake_michigan__r2c0,water,lake_michigan,Lake Michigan,43.0,-87.85,43.035640860642474,-87.89959448891861,30-45,32616,-4000.0,4000.0,12.5,0.001,14,20,cuda:0,0.0453438243508678,psf_aware_minus50,6.25,0.05255548427297742,-0.15904392770901343,169354,169354,9.0,65536.0,169354.0,589824.0,5.3143120327834e-05,0.1881076660938561,0.02111169509589672,2.6042618812061846,0.20921936118975282,2.8134812423959374,computed,133,True
water__lake_michigan__r2c0,water,lake_michigan,Lake Michigan,43.0,-87.85,43.035640860642474,-87.89959448891861,30-45,32616,-4000.0,4000.0,12.5,0.001,14,20,cuda:0,0.0453438243508678,nearest,,0.05521338709832308,-0.21766057205685163,168909,169897,,,,,,0.0,0.14922489086166024,0.0,0.14922489086166024,0.14922489086166024,computed,133,True
water__lake_michigan__r2c0,water,lake_michigan,Lake Michigan,43.0,-87.85,43.035640860642474,-87.89959448891861,30-45,32616,-4000.0,4000.0,12.5,0.001,14,20,cuda:0,0.0453438243508678,bilinear,,0.05771309188960129,-0.2727883612776205,168909,169897,,,,,,0.0,0.10965418489649892,0.0,0.10965418489649892,0.10965418489649892,computed,133,True
water__lake_michigan__r2c0,water,lake_michigan,Lake Michigan,43.0,-87.85,43.035640860642474,-87.89959448891861,30-45,32616,-4000.0,4000.0,12.5,0.001,14,20,cuda:0,0.0453438243508678,bicubic,,0.0520280620617095,-0.14741230600929178,168909,169897,,,,,,0.0,0.7590004066005349,0.0,0.7590004066005349,0.7590004066005349,computed,133,True
water__lake_michigan__r2c1,water,lake_michigan,Lake Michigan,43.0,-87.85,43.03601627517815,-87.8504969604348,30-45,32616,0.0,4000.0,12.5,0.001,14,20,cuda:0,0.00045542648973914343,blurred_observation,12.5,0.00045542648973914343,0.0,169890,169890,,,,,,0.0,0.0,0.0,0.0,0.0,computed,134,True
water__lake_michigan__r2c1,water,lake_michigan,Lake Michigan,43.0,-87.85,43.03601627517815,-87.8504969604348,30-45,32616,0.0,4000.0,12.5,0.001,14,20,cuda:0,0.00045542648973914343,psf_aware_matched,12.5,0.00036443945877689244,0.19978423085219754,169890,171225,22.0,65536.0,171225.0,1441792.0,0.0001284859103518762,0.27144539821892977,0.04050306277349591,2.6292559690773487,0.3119484609924257,2.9412044300697744,computed,134,True
water__lake_michigan__r2c1,water,lake_michigan,Lake Michigan,43.0,-87.85,43.03601627517815,-87.8504969604348,30-45,32616,0.0,4000.0,12.5,0.001,14,20,cuda:0,0.00045542648973914343,psf_aware_plus50,18.75,0.0007247640665432808,-0.5913963787183458,169890,173166,48.0,65536.0,173166.0,3145728.0,0.0002771906725338692,0.46077497815713286,0.08007868891581893,2.732342465315014,0.5408536670729518,3.273196132387966,computed,134,True
water__lake_michigan__r2c1,water,lake_michigan,Lake Michigan,43.0,-87.85,43.03601627517815,-87.8504969604348,30-45,32616,0.0,4000.0,12.5,0.001,14,20,cuda:0,0.00045542648973914343,psf_aware_minus50,6.25,0.0005370450543001584,-0.17921347659808728,169358,169358,9.0,65536.0,169358.0,589824.0,5.314186516137413e-05,0.1718728868290782,0.02166253887116909,2.641770761925727,0.1935354257002473,2.8353061876259744,computed,134,True
water__lake_michigan__r2c1,water,lake_michigan,Lake Michigan,43.0,-87.85,43.03601627517815,-87.8504969604348,30-45,32616,0.0,4000.0,12.5,0.001,14,20,cuda:0,0.00045542648973914343,nearest,,0.0005621330903819499,-0.23430038227228556,168903,169890,,,,,,0.0,0.1489143343642354,0.0,0.1489143343642354,0.1489143343642354,computed,134,True
water__lake_michigan__r2c1,water,lake_michigan,Lake Michigan,43.0,-87.85,43.03601627517815,-87.8504969604348,30-45,32616,0.0,4000.0,12.5,0.001,14,20,cuda:0,0.00045542648973914343,bilinear,,0.0005776188721773039,-0.26830319533707647,168903,169890,,,,,,0.0,0.10672964481636882,0.0,0.10672964481636882,0.10672964481636882,computed,134,True
water__lake_michigan__r2c1,water,lake_michigan,Lake Michigan,43.0,-87.85,43.03601627517815,-87.8504969604348,30-45,32616,0.0,4000.0,12.5,0.001,14,20,cuda:0,0.00045542648973914343,bicubic,,0.0005180505826498162,-0.13750647869987165,168903,169890,,,,,,0.0,0.7667400953359902,0.0,0.7667400953359902,0.7667400953359902,computed,134,True
water__lake_michigan__r2c2,water,lake_michigan,Lake Michigan,43.0,-87.85,43.03637062944784,-87.80139851527466,30-45,32616,4000.0,4000.0,12.5,0.001,14,20,cuda:0,0.0003308180364579084,blurred_observation,12.5,0.0003308180364579084,0.0,169903,169903,,,,,,0.0,0.0,0.0,0.0,0.0,computed,135,True
water__lake_michigan__r2c2,water,lake_michigan,Lake Michigan,43.0,-87.85,43.03637062944784,-87.80139851527466,30-45,32616,4000.0,4000.0,12.5,0.001,14,20,cuda:0,0.0003308180364579084,psf_aware_matched,12.5,0.0002549523853077289,0.2293274331789109,169903,171231,22.0,65536.0,171231.0,1441792.0,0.0001284814081562334,0.2711608479730785,0.04028368787840009,2.6506581446155906,0.3114445358514786,2.962102680467069,computed,135,True
water__lake_michigan__r2c2,water,lake_michigan,Lake Michigan,43.0,-87.85,43.03637062944784,-87.80139851527466,30-45,32616,4000.0,4000.0,12.5,0.001,14,20,cuda:0,0.0003308180364579084,psf_aware_plus50,18.75,0.0005301562160406844,-0.6025614011772262,169903,173161,48.0,65536.0,173161.0,3145728.0,0.0002771986763763203,0.5237273899838328,0.0800268710590899,2.7087038829922676,0.6037542610429227,3.3124581440351903,computed,135,True
water__lake_michigan__r2c2,water,lake_michigan,Lake Michigan,43.0,-87.85,43.03637062944784,-87.80139851527466,30-45,32616,4000.0,4000.0,12.5,0.001,14,20,cuda:0,0.0003308180364579084,psf_aware_minus50,6.25,0.0003976379582175966,-0.20198391380087277,169352,169352,9.0,65536.0,169352.0,589824.0,5.314374793329869e-05,0.19211100786924362,0.021112658083438873,2.7171585368923843,0.2132236659526825,2.930382202845067,computed,135,True
water__lake_michigan__r2c2,water,lake_michigan,Lake Michigan,43.0,-87.85,43.03637062944784,-87.80139851527466,30-45,32616,4000.0,4000.0,12.5,0.001,14,20,cuda:0,0.0003308180364579084,nearest,,0.00041523659552963996,-0.25518124699489464,168909,169903,,,,,,0.0,0.14830966806039214,0.0,0.14830966806039214,0.14830966806039214,computed,135,True
water__lake_michigan__r2c2,water,lake_michigan,Lake Michigan,43.0,-87.85,43.03637062944784,-87.80139851527466,30-45,32616,4000.0,4000.0,12.5,0.001,14,20,cuda:0,0.0003308180364579084,bilinear,,0.00043175598279775824,-0.3051162125880422,168909,169903,,,,,,0.0,0.10603023087605834,0.0,0.10603023087605834,0.10603023087605834,computed,135,True
water__lake_michigan__r2c2,water,lake_michigan,Lake Michigan,43.0,-87.85,43.03637062944784,-87.80139851527466,30-45,32616,4000.0,4000.0,12.5,0.001,14,20,cuda:0,0.0003308180364579084,bicubic,,0.0003817597341263732,-0.1539870625371611,168909,169903,,,,,,0.0,0.7674634251743555,0.0,0.7674634251743555,0.7674634251743555,computed,135,True
water__lake_tahoe__r0c0,water,lake_tahoe,Lake Tahoe,39.1,-120.0,39.06280722943713,-120.04464512393872,30-45,32611,-4000.0,-4000.0,12.5,0.001,14,20,cuda:0,0.0013785086727538989,blurred_observation,12.5,0.0013785086727538989,0.0,169772,169772,,,,,,0.0,0.0,0.0,0.0,0.0,computed,136,True
water__lake_tahoe__r0c0,water,lake_tahoe,Lake Tahoe,39.1,-120.0,39.06280722943713,-120.04464512393872,30-45,32611,-4000.0,-4000.0,12.5,0.001,14,20,cuda:0,0.0013785086727538989,psf_aware_matched,12.5,0.0012303486092600745,0.10747851386225915,169772,171109,22.0,65536.0,171109.0,1441792.0,0.00012857301486187168,0.27193045569583774,0.04081405093893409,2.7248380118981004,0.3127445066347718,3.037582518532872,computed,136,True
water__lake_tahoe__r0c0,water,lake_tahoe,Lake Tahoe,39.1,-120.0,39.06280722943713,-120.04464512393872,30-45,32611,-4000.0,-4000.0,12.5,0.001,14,20,cuda:0,0.0013785086727538989,psf_aware_plus50,18.75,0.0019709766072559492,-0.4297890511769178,169772,173087,48.0,65536.0,173087.0,3145728.0,0.0002773171873104277,0.44144058879464865,0.07984677888453007,2.6674942430108786,0.5212873676791787,3.1887816106900573,computed,136,True
water__lake_tahoe__r0c0,water,lake_tahoe,Lake Tahoe,39.1,-120.0,39.06280722943713,-120.04464512393872,30-45,32611,-4000.0,-4000.0,12.5,0.001,14,20,cuda:0,0.0013785086727538989,psf_aware_minus50,6.25,0.0015152399460126454,-0.09918782229029666,169242,169242,9.0,65536.0,169242.0,589824.0,5.317828907717942e-05,0.169564263895154,0.022563364822417498,2.6773121170699596,0.1921276287175715,2.869439745787531,computed,136,True
water__lake_tahoe__r0c0,water,lake_tahoe,Lake Tahoe,39.1,-120.0,39.06280722943713,-120.04464512393872,30-45,32611,-4000.0,-4000.0,12.5,0.001,14,20,cuda:0,0.0013785086727538989,nearest,,0.0015635029514270355,-0.13419885005407073,168790,169772,,,,,,0.0,0.12103644292801619,0.0,0.12103644292801619,0.12103644292801619,computed,136,True
water__lake_tahoe__r0c0,water,lake_tahoe,Lake Tahoe,39.1,-120.0,39.06280722943713,-120.04464512393872,30-45,32611,-4000.0,-4000.0,12.5,0.001,14,20,cuda:0,0.0013785086727538989,bilinear,,0.0016092661963450108,-0.1673964974990827,168790,169772,,,,,,0.0,0.10738625936210155,0.0,0.10738625936210155,0.10738625936210155,computed,136,True
water__lake_tahoe__r0c0,water,lake_tahoe,Lake Tahoe,39.1,-120.0,39.06280722943713,-120.04464512393872,30-45,32611,-4000.0,-4000.0,12.5,0.001,14,20,cuda:0,0.0013785086727538989,bicubic,,0.0015280037494233728,-0.10844696128811582,168790,169772,,,,,,0.0,0.7614804529584944,0.0,0.7614804529584944,0.7614804529584944,computed,136,True
water__lake_tahoe__r0c1,water,lake_tahoe,Lake Tahoe,39.1,-120.0,39.06400457318178,-119.99847449002667,30-45,32611,0.0,-4000.0,12.5,0.001,14,20,cuda:0,0.0006976366059731441,blurred_observation,12.5,0.0006976366059731441,0.0,169778,169778,,,,,,0.0,0.0,0.0,0.0,0.0,computed,137,True
water__lake_tahoe__r0c1,water,lake_tahoe,Lake Tahoe,39.1,-120.0,39.06400457318178,-119.99847449002667,30-45,32611,0.0,-4000.0,12.5,0.001,14,20,cuda:0,0.0006976366059731441,psf_aware_matched,12.5,0.0006027730757151193,0.13597842980974062,169778,171116,22.0,65536.0,171116.0,1441792.0,0.00012856775520699409,0.2725127190351486,0.04053106578066945,2.6225586743094027,0.31304378481581807,2.9356024591252208,computed,137,True
water__lake_tahoe__r0c1,water,lake_tahoe,Lake Tahoe,39.1,-120.0,39.06400457318178,-119.99847449002667,30-45,32611,0.0,-4000.0,12.5,0.001,14,20,cuda:0,0.0006976366059731441,psf_aware_plus50,18.75,0.0010089685638701006,-0.4462666597929945,169778,173097,48.0,65536.0,173097.0,3145728.0,0.0002773011663980312,0.4604169293306768,0.07990243518725038,2.6709429137408733,0.5403193645179272,3.2112622782588005,computed,137,True
water__lake_tahoe__r0c1,water,lake_tahoe,Lake Tahoe,39.1,-120.0,39.06400457318178,-119.99847449002667,30-45,32611,0.0,-4000.0,12.5,0.001,14,20,cuda:0,0.0006976366059731441,psf_aware_minus50,6.25,0.0007879996683883503,-0.12952740960196207,169256,169256,9.0,65536.0,169256.0,589824.0,5.317389043815286e-05,0.17007661517709494,0.022399794775992632,2.5864024846814573,0.19247640995308757,2.778878894634545,computed,137,True
water__lake_tahoe__r0c1,water,lake_tahoe,Lake Tahoe,39.1,-120.0,39.06400457318178,-119.99847449002667,30-45,32611,0.0,-4000.0,12.5,0.001,14,20,cuda:0,0.0006976366059731441,nearest,,0.0008161387365325041,-0.16986226001438043,168800,169778,,,,,,0.0,0.13232896057888865,0.0,0.13232896057888865,0.13232896057888865,computed,137,True
water__lake_tahoe__r0c1,water,lake_tahoe,Lake Tahoe,39.1,-120.0,39.06400457318178,-119.99847449002667,30-45,32611,0.0,-4000.0,12.5,0.001,14,20,cuda:0,0.0006976366059731441,bilinear,,0.0008363164746044765,-0.19878525215557707,168800,169778,,,,,,0.0,0.10773074207827449,0.0,0.10773074207827449,0.10773074207827449,computed,137,True
water__lake_tahoe__r0c1,water,lake_tahoe,Lake Tahoe,39.1,-120.0,39.06400457318178,-119.99847449002667,30-45,32611,0.0,-4000.0,12.5,0.001,14,20,cuda:0,0.0006976366059731441,bicubic,,0.0007783026262211,-0.11562756248352768,168800,169778,,,,,,0.0,0.7673674640245736,0.0,0.7673674640245736,0.7673674640245736,computed,137,True
water__lake_tahoe__r0c2,water,lake_tahoe,Lake Tahoe,39.1,-120.0,39.06518366683893,-119.95230112831956,30-45,32611,4000.0,-4000.0,12.5,0.001,14,20,cuda:0,0.04049958051289805,blurred_observation,12.5,0.04049958051289805,0.0,169790,169790,,,,,,0.0,0.0,0.0,0.0,0.0,computed,138,True
water__lake_tahoe__r0c2,water,lake_tahoe,Lake Tahoe,39.1,-120.0,39.06518366683893,-119.95230112831956,30-45,32611,4000.0,-4000.0,12.5,0.001,14,20,cuda:0,0.04049958051289805,psf_aware_matched,12.5,0.03479001216458311,0.14097845646812535,169790,171124,22.0,65536.0,171124.0,1441792.0,0.00012856174469974988,0.2747105322778225,0.040719392243772745,2.705613249912858,0.31542992452159524,3.0210431744344532,computed,138,True
water__lake_tahoe__r0c2,water,lake_tahoe,Lake Tahoe,39.1,-120.0,39.06518366683893,-119.95230112831956,30-45,32611,4000.0,-4000.0,12.5,0.001,14,20,cuda:0,0.04049958051289805,psf_aware_plus50,18.75,0.0594349376722408,-0.46754452563557636,169790,173105,48.0,65536.0,173105.0,3145728.0,0.00027728835100083765,0.4737518262118101,0.08040866395458579,2.6946587921120226,0.5541604901663959,3.2488192822784185,computed,138,True
water__lake_tahoe__r0c2,water,lake_tahoe,Lake Tahoe,39.1,-120.0,39.06518366683893,-119.95230112831956,30-45,32611,4000.0,-4000.0,12.5,0.001,14,20,cuda:0,0.04049958051289805,psf_aware_minus50,6.25,0.04533807467467609,-0.11947022908637561,169258,169258,9.0,65536.0,169258.0,589824.0,5.317326212054969e-05,0.1728748749010265,0.022326886653900146,2.6010744930244982,0.19520176155492663,2.796276254579425,computed,138,True
water__lake_tahoe__r0c2,water,lake_tahoe,Lake Tahoe,39.1,-120.0,39.06518366683893,-119.95230112831956,30-45,32611,4000.0,-4000.0,12.5,0.001,14,20,cuda:0,0.04049958051289805,nearest,,0.04695291929600126,-0.15934334877982237,168809,169790,,,,,,0.0,0.13314765179529786,0.0,0.13314765179529786,0.13314765179529786,computed,138,True
water__lake_tahoe__r0c2,water,lake_tahoe,Lake Tahoe,39.1,-120.0,39.06518366683893,-119.95230112831956,30-45,32611,4000.0,-4000.0,12.5,0.001,14,20,cuda:0,0.04049958051289805,bilinear,,0.048494275736291004,-0.19740192669024936,168809,169790,,,,,,0.0,0.10751766758039594,0.0,0.10751766758039594,0.10751766758039594,computed,138,True
water__lake_tahoe__r0c2,water,lake_tahoe,Lake Tahoe,39.1,-120.0,39.06518366683893,-119.95230112831956,30-45,32611,4000.0,-4000.0,12.5,0.001,14,20,cuda:0,0.04049958051289805,bicubic,,0.04516299561886191,-0.11514724466044002,168809,169790,,,,,,0.0,0.7601522179320455,0.0,0.7601522179320455,0.7601522179320455,computed,138,True
water__lake_tahoe__r1c0,water,lake_tahoe,Lake Tahoe,39.1,-120.0,39.098801128073546,-120.04619403587961,30-45,32611,-4000.0,0.0,12.5,0.001,14,20,cuda:0,0.0010879775829151649,blurred_observation,12.5,0.0010879775829151649,0.0,169779,169779,,,,,,0.0,0.0,0.0,0.0,0.0,computed,139,True
water__lake_tahoe__r1c0,water,lake_tahoe,Lake Tahoe,39.1,-120.0,39.098801128073546,-120.04619403587961,30-45,32611,-4000.0,0.0,12.5,0.001,14,20,cuda:0,0.0010879775829151649,psf_aware_matched,12.5,0.0009710219226428202,0.10749822616654436,169779,171109,22.0,65536.0,171109.0,1441792.0,0.00012857301486187168,0.2736306772567332,0.040576140861958265,2.7347092269919813,0.31420681811869144,3.0489160451106727,computed,139,True
water__lake_tahoe__r1c0,water,lake_tahoe,Lake Tahoe,39.1,-120.0,39.098801128073546,-120.04619403587961,30-45,32611,-4000.0,0.0,12.5,0.001,14,20,cuda:0,0.0010879775829151649,psf_aware_plus50,18.75,0.0015570037328293436,-0.4310990936572918,169779,173086,48.0,65536.0,173086.0,3145728.0,0.00027731878950348383,0.4255371866747737,0.08005891088396311,2.6972224470227957,0.5055960975587368,3.2028185445815325,computed,139,True
water__lake_tahoe__r1c0,water,lake_tahoe,Lake Tahoe,39.1,-120.0,39.098801128073546,-120.04619403587961,30-45,32611,-4000.0,0.0,12.5,0.001,14,20,cuda:0,0.0010879775829151649,psf_aware_minus50,6.25,0.0011946469368240842,-0.09804370566450982,169234,169234,9.0,65536.0,169234.0,589824.0,5.3180802911944405e-05,0.18750006472691894,0.022268646862357855,2.624143837019801,0.2097687115892768,2.833912548609078,computed,139,True
water__lake_tahoe__r1c0,water,lake_tahoe,Lake Tahoe,39.1,-120.0,39.098801128073546,-120.04619403587961,30-45,32611,-4000.0,0.0,12.5,0.001,14,20,cuda:0,0.0010879775829151649,nearest,,0.0012323286355883343,-0.13267833357962222,168787,169779,,,,,,0.0,0.13223796896636486,0.0,0.13223796896636486,0.13223796896636486,computed,139,True
water__lake_tahoe__r1c0,water,lake_tahoe,Lake Tahoe,39.1,-120.0,39.098801128073546,-120.04619403587961,30-45,32611,-4000.0,0.0,12.5,0.001,14,20,cuda:0,0.0010879775829151649,bilinear,,0.001269004701773706,-0.1663886478005281,168787,169779,,,,,,0.0,0.1073454930447042,0.0,0.1073454930447042,0.1073454930447042,computed,139,True
water__lake_tahoe__r1c0,water,lake_tahoe,Lake Tahoe,39.1,-120.0,39.098801128073546,-120.04619403587961,30-45,32611,-4000.0,0.0,12.5,0.001,14,20,cuda:0,0.0010879775829151649,bicubic,,0.0012040572050364864,-0.10669302745217757,168787,169779,,,,,,0.0,0.7773958467878401,0.0,0.7773958467878401,0.7773958467878401,computed,139,True
water__lake_tahoe__r1c1,water,lake_tahoe,Lake Tahoe,39.1,-120.0,39.1,-119.99999999999999,30-45,32611,0.0,0.0,12.5,0.001,14,20,cuda:0,0.0007013310961513815,blurred_observation,12.5,0.0007013310961513815,0.0,169786,169786,,,,,,0.0,0.0,0.0,0.0,0.0,computed,140,True
water__lake_tahoe__r1c1,water,lake_tahoe,Lake Tahoe,39.1,-120.0,39.1,-119.99999999999999,30-45,32611,0.0,0.0,12.5,0.001,14,20,cuda:0,0.0007013310961513815,psf_aware_matched,12.5,0.000630224221692572,0.10138845240003602,169786,171115,22.0,65536.0,171115.0,1441792.0,0.00012856850655991583,0.2701891581527889,0.04033157788217068,2.653647196944803,0.31052073603495955,2.9641679329797626,computed,140,True
water__lake_tahoe__r1c1,water,lake_tahoe,Lake Tahoe,39.1,-120.0,39.1,-119.99999999999999,30-45,32611,0.0,0.0,12.5,0.001,14,20,cuda:0,0.0007013310961513815,psf_aware_plus50,18.75,0.0009767383146518402,-0.3926921535516976,169786,173093,48.0,65536.0,173093.0,3145728.0,0.00027730757454085377,0.4461005637422204,0.07986498530954123,2.7272943542338908,0.5259655490517616,3.2532599032856524,computed,140,True
water__lake_tahoe__r1c1,water,lake_tahoe,Lake Tahoe,39.1,-120.0,39.1,-119.99999999999999,30-45,32611,0.0,0.0,12.5,0.001,14,20,cuda:0,0.0007013310961513815,psf_aware_minus50,6.25,0.000771554632908583,-0.10012893645035792,169264,169264,9.0,65536.0,169264.0,589824.0,5.3171377256829566e-05,0.17097774101421237,0.022822516039013863,2.6786373467184603,0.19380025705322623,2.8724376037716866,computed,140,True
water__lake_tahoe__r1c1,water,lake_tahoe,Lake Tahoe,39.1,-120.0,39.1,-119.99999999999999,30-45,32611,0.0,0.0,12.5,0.001,14,20,cuda:0,0.0007013310961513815,nearest,,0.0007955862985187369,-0.1343947286589593,168799,169786,,,,,,0.0,0.1213260511867702,0.0,0.1213260511867702,0.1213260511867702,computed,140,True
water__lake_tahoe__r1c1,water,lake_tahoe,Lake Tahoe,39.1,-120.0,39.1,-119.99999999999999,30-45,32611,0.0,0.0,12.5,0.001,14,20,cuda:0,0.0007013310961513815,bilinear,,0.0008197161401493854,-0.1688005061341964,168799,169786,,,,,,0.0,0.10788092575967312,0.0,0.10788092575967312,0.10788092575967312,computed,140,True
water__lake_tahoe__r1c1,water,lake_tahoe,Lake Tahoe,39.1,-120.0,39.1,-119.99999999999999,30-45,32611,0.0,0.0,12.5,0.001,14,20,cuda:0,0.0007013310961513815,bicubic,,0.0007762352428980539,-0.10680283129853474,168799,169786,,,,,,0.0,0.75211062701419,0.0,0.75211062701419,0.75211062701419,computed,140,True
water__lake_tahoe__r1c2,water,lake_tahoe,Lake Tahoe,39.1,-120.0,39.10118059859638,-119.95380323097694,30-45,32611,4000.0,0.0,12.5,0.001,14,20,cuda:0,0.050911375896461705,blurred_observation,12.5,0.050911375896461705,0.0,169791,169791,,,,,,0.0,0.0,0.0,0.0,0.0,computed,141,True
water__lake_tahoe__r1c2,water,lake_tahoe,Lake Tahoe,39.1,-120.0,39.10118059859638,-119.95380323097694,30-45,32611,4000.0,0.0,12.5,0.001,14,20,cuda:0,0.050911375896461705,psf_aware_matched,12.5,0.0435217162173633,0.14514751465618858,169791,171124,22.0,65536.0,171124.0,1441792.0,0.00012856174469974988,0.2654983941465616,0.04031885368749499,2.643280560616404,0.3058172478340566,2.9490978084504604,computed,141,True
water__lake_tahoe__r1c2,water,lake_tahoe,Lake Tahoe,39.1,-120.0,39.10118059859638,-119.95380323097694,30-45,32611,4000.0,0.0,12.5,0.001,14,20,cuda:0,0.050911375896461705,psf_aware_plus50,18.75,0.07517724191678,-0.4766295467965296,169791,173107,48.0,65536.0,173107.0,3145728.0,0.0002772851473366184,0.4353028340265155,0.07994690909981728,2.6694105621427298,0.5152497431263328,3.1846603052690625,computed,141,True
water__lake_tahoe__r1c2,water,lake_tahoe,Lake Tahoe,39.1,-120.0,39.10118059859638,-119.95380323097694,30-45,32611,4000.0,0.0,12.5,0.001,14,20,cuda:0,0.050911375896461705,psf_aware_minus50,6.25,0.056990747778284875,-0.11941087379344784,169272,169272,9.0,65536.0,169272.0,589824.0,5.3168864313058275e-05,0.16788293980062008,0.022334301844239235,2.613979074638337,0.19021724164485931,2.804196316283196,computed,141,True
water__lake_tahoe__r1c2,water,lake_tahoe,Lake Tahoe,39.1,-120.0,39.10118059859638,-119.95380323097694,30-45,32611,4000.0,0.0,12.5,0.001,14,20,cuda:0,0.050911375896461705,nearest,,0.05916318347960116,-0.1620818026981068,168809,169791,,,,,,0.0,0.12151242420077324,0.0,0.12151242420077324,0.12151242420077324,computed,141,True
water__lake_tahoe__r1c2,water,lake_tahoe,Lake Tahoe,39.1,-120.0,39.10118059859638,-119.95380323097694,30-45,32611,4000.0,0.0,12.5,0.001,14,20,cuda:0,0.050911375896461705,bilinear,,0.061169515960571,-0.2014901362118211,168809,169791,,,,,,0.0,0.10810374794527888,0.0,0.10810374794527888,0.10810374794527888,computed,141,True
water__lake_tahoe__r1c2,water,lake_tahoe,Lake Tahoe,39.1,-120.0,39.10118059859638,-119.95380323097694,30-45,32611,4000.0,0.0,12.5,0.001,14,20,cuda:0,0.050911375896461705,bicubic,,0.057005595601189334,-0.11970251436774015,168809,169791,,,,,,0.0,0.7635289439931512,0.0,0.7635289439931512,0.7635289439931512,computed,141,True
water__lake_tahoe__r2c0,water,lake_tahoe,Lake Tahoe,39.1,-120.0,39.1347947521602,-120.04774572275976,30-45,32611,-4000.0,4000.0,12.5,0.001,14,20,cuda:0,0.0008432449574445537,blurred_observation,12.5,0.0008432449574445537,0.0,169775,169775,,,,,,0.0,0.0,0.0,0.0,0.0,computed,142,True
water__lake_tahoe__r2c0,water,lake_tahoe,Lake Tahoe,39.1,-120.0,39.1347947521602,-120.04774572275976,30-45,32611,-4000.0,4000.0,12.5,0.001,14,20,cuda:0,0.0008432449574445537,psf_aware_matched,12.5,0.0007517217956205794,0.10853686229127824,169775,171100,22.0,65536.0,171100.0,1441792.0,0.00012857977790765634,0.27297412184998393,0.04103407869115472,2.765279607847333,0.31400820054113865,3.0792878083884716,computed,142,True
water__lake_tahoe__r2c0,water,lake_tahoe,Lake Tahoe,39.1,-120.0,39.1347947521602,-120.04774572275976,30-45,32611,-4000.0,4000.0,12.5,0.001,14,20,cuda:0,0.0008432449574445537,psf_aware_plus50,18.75,0.001198761947785702,-0.4216058301949879,169775,173086,48.0,65536.0,173086.0,3145728.0,0.00027731878950348383,0.46281660394743085,0.08015435235574841,2.7598769064061344,0.5429709563031793,3.3028478627093136,computed,142,True
water__lake_tahoe__r2c0,water,lake_tahoe,Lake Tahoe,39.1,-120.0,39.1347947521602,-120.04774572275976,30-45,32611,-4000.0,4000.0,12.5,0.001,14,20,cuda:0,0.0008432449574445537,psf_aware_minus50,6.25,0.0009236174415216718,-0.09531332902444656,169235,169235,9.0,65536.0,169235.0,589824.0,5.318048866960144e-05,0.18597944406792521,0.023222713731229305,2.7273638863116503,0.20920215779915452,2.936566044110805,computed,142,True
water__lake_tahoe__r2c0,water,lake_tahoe,Lake Tahoe,39.1,-120.0,39.1347947521602,-120.04774572275976,30-45,32611,-4000.0,4000.0,12.5,0.001,14,20,cuda:0,0.0008432449574445537,nearest,,0.0009527525637574004,-0.1298645255403703,168788,169775,,,,,,0.0,0.14746335614472628,0.0,0.14746335614472628,0.14746335614472628,computed,142,True
water__lake_tahoe__r2c0,water,lake_tahoe,Lake Tahoe,39.1,-120.0,39.1347947521602,-120.04774572275976,30-45,32611,-4000.0,4000.0,12.5,0.001,14,20,cuda:0,0.0008432449574445537,bilinear,,0.0009811142936214214,-0.16349855989021211,168788,169775,,,,,,0.0,0.10787632828578353,0.0,0.10787632828578353,0.10787632828578353,computed,142,True
water__lake_tahoe__r2c0,water,lake_tahoe,Lake Tahoe,39.1,-120.0,39.1347947521602,-120.04774572275976,30-45,32611,-4000.0,4000.0,12.5,0.001,14,20,cuda:0,0.0008432449574445537,bicubic,,0.0009316130577410524,-0.10479529052186387,168788,169775,,,,,,0.0,0.7599239749833941,0.0,0.7599239749833941,0.7599239749833941,computed,142,True
water__lake_tahoe__r2c1,water,lake_tahoe,Lake Tahoe,39.1,-120.0,39.13599515380014,-120.00152824311934,30-45,32611,0.0,4000.0,12.5,0.001,14,20,cuda:0,0.0006227666887782631,blurred_observation,12.5,0.0006227666887782631,0.0,169780,169780,,,,,,0.0,0.0,0.0,0.0,0.0,computed,143,True
water__lake_tahoe__r2c1,water,lake_tahoe,Lake Tahoe,39.1,-120.0,39.13599515380014,-120.00152824311934,30-45,32611,0.0,4000.0,12.5,0.001,14,20,cuda:0,0.0006227666887782631,psf_aware_matched,12.5,0.0005387122607609415,0.13496937060365044,169780,171113,22.0,65536.0,171113.0,1441792.0,0.00012857000929210522,0.2724478761665523,0.040576571598649025,2.692924196831882,0.31302444776520133,3.0059486445970833,computed,143,True
water__lake_tahoe__r2c1,water,lake_tahoe,Lake Tahoe,39.1,-120.0,39.13599515380014,-120.00152824311934,30-45,32611,0.0,4000.0,12.5,0.001,14,20,cuda:0,0.0006227666887782631,psf_aware_plus50,18.75,0.0009266814540860386,-0.4880074204097078,169780,173094,48.0,65536.0,173094.0,3145728.0,0.00027730597247738225,0.44878806406632066,0.0803328100591898,2.822448846884072,0.5291208741255105,3.3515697210095823,computed,143,True
water__lake_tahoe__r2c1,water,lake_tahoe,Lake Tahoe,39.1,-120.0,39.13599515380014,-120.00152824311934,30-45,32611,0.0,4000.0,12.5,0.001,14,20,cuda:0,0.0006227666887782631,psf_aware_minus50,6.25,0.000690277943305176,-0.10840537193688982,169247,169247,9.0,65536.0,169247.0,589824.0,5.317671805113237e-05,0.1964212218299508,0.022697259206324816,2.6993909957818687,0.21911848103627563,2.9185094768181443,computed,143,True
water__lake_tahoe__r2c1,water,lake_tahoe,Lake Tahoe,39.1,-120.0,39.13599515380014,-120.00152824311934,30-45,32611,0.0,4000.0,12.5,0.001,14,20,cuda:0,0.0006227666887782631,nearest,,0.0007165294360281722,-0.15055838557109036,168796,169780,,,,,,0.0,0.1332028261385858,0.0,0.1332028261385858,0.1332028261385858,computed,143,True
water__lake_tahoe__r2c1,water,lake_tahoe,Lake Tahoe,39.1,-120.0,39.13599515380014,-120.00152824311934,30-45,32611,0.0,4000.0,12.5,0.001,14,20,cuda:0,0.0006227666887782631,bilinear,,0.0007407498377949576,-0.18944999972325527,168796,169780,,,,,,0.0,0.10875685513019562,0.0,0.10875685513019562,0.10875685513019562,computed,143,True
water__lake_tahoe__r2c1,water,lake_tahoe,Lake Tahoe,39.1,-120.0,39.13599515380014,-120.00152824311934,30-45,32611,0.0,4000.0,12.5,0.001,14,20,cuda:0,0.0006227666887782631,bicubic,,0.000696672761615085,-0.11867377329029916,168796,169780,,,,,,0.0,0.7613437338732183,0.0,0.7613437338732183,0.7613437338732183,computed,143,True
water__lake_tahoe__r2c2,water,lake_tahoe,Lake Tahoe,39.1,-120.0,39.13717725884428,-119.95530802497149,30-45,32611,4000.0,4000.0,12.5,0.001,14,20,cuda:0,0.018662752164319226,blurred_observation,12.5,0.018662752164319226,0.0,169785,169785,,,,,,0.0,0.0,0.0,0.0,0.0,computed,144,True
water__lake_tahoe__r2c2,water,lake_tahoe,Lake Tahoe,39.1,-120.0,39.13717725884428,-119.95530802497149,30-45,32611,4000.0,4000.0,12.5,0.001,14,20,cuda:0,0.018662752164319226,psf_aware_matched,12.5,0.016105728913411183,0.13701212063442292,169785,171118,22.0,65536.0,171118.0,1441792.0,0.00012856625252749565,0.2691416838206351,0.040436315815895796,2.675257666967809,0.3095779996365309,2.98483566660434,computed,144,True
water__lake_tahoe__r2c2,water,lake_tahoe,Lake Tahoe,39.1,-120.0,39.13717725884428,-119.95530802497149,30-45,32611,4000.0,4000.0,12.5,0.001,14,20,cuda:0,0.018662752164319226,psf_aware_plus50,18.75,0.02752418106774042,-0.4748189776834255,169785,173095,48.0,65536.0,173095.0,3145728.0,0.0002773043704324215,0.4469131133519113,0.07996011385694146,2.683960639871657,0.5268732272088528,3.2108338670805097,computed,144,True
water__lake_tahoe__r2c2,water,lake_tahoe,Lake Tahoe,39.1,-120.0,39.13717725884428,-119.95530802497149,30-45,32611,4000.0,4000.0,12.5,0.001,14,20,cuda:0,0.018662752164319226,psf_aware_minus50,6.25,0.02085764251998751,-0.1176080749689552,169237,169237,9.0,65536.0,169237.0,589824.0,5.317986019605642e-05,0.18197557097300887,0.02320865774527192,2.7476584231480956,0.2051842287182808,2.9528426518663764,computed,144,True
water__lake_tahoe__r2c2,water,lake_tahoe,Lake Tahoe,39.1,-120.0,39.13717725884428,-119.95530802497149,30-45,32611,4000.0,4000.0,12.5,0.001,14,20,cuda:0,0.018662752164319226,nearest,,0.021526269227335137,-0.15343487593917615,168806,169785,,,,,,0.0,0.12185060512274504,0.0,0.12185060512274504,0.12185060512274504,computed,144,True
water__lake_tahoe__r2c2,water,lake_tahoe,Lake Tahoe,39.1,-120.0,39.13717725884428,-119.95530802497149,30-45,32611,4000.0,4000.0,12.5,0.001,14,20,cuda:0,0.018662752164319226,bilinear,,0.022253954186724125,-0.19242617545287954,168806,169785,,,,,,0.0,0.10753624280914664,0.0,0.10753624280914664,0.10753624280914664,computed,144,True
water__lake_tahoe__r2c2,water,lake_tahoe,Lake Tahoe,39.1,-120.0,39.13717725884428,-119.95530802497149,30-45,32611,4000.0,4000.0,12.5,0.001,14,20,cuda:0,0.018662752164319226,bicubic,,0.02079584002021928,-0.11429653231843506,168806,169785,,,,,,0.0,0.7686121608130634,0.0,0.7686121608130634,0.7686121608130634,computed,144,True
water__great_salt_lake__r0c0,water,great_salt_lake,Great Salt Lake,41.3,-112.61,41.263305868872024,-112.65684772756683,30-45,32612,-4000.0,-4000.0,12.5,0.001,14,20,cuda:0,0.011910510012073298,blurred_observation,12.5,0.011910510012073298,0.0,169898,169898,,,,,,0.0,0.0,0.0,0.0,0.0,computed,145,True
water__great_salt_lake__r0c0,water,great_salt_lake,Great Salt Lake,41.3,-112.61,41.263305868872024,-112.65684772756683,30-45,32612,-4000.0,-4000.0,12.5,0.001,14,20,cuda:0,0.011910510012073298,psf_aware_matched,12.5,0.008430035024377438,0.2922188037428972,169898,171229,22.0,65536.0,171229.0,1441792.0,0.00012848290885305642,0.3040393711999059,0.04480927903205156,2.618396742269397,0.34884865023195744,2.967245392501354,computed,145,True
water__great_salt_lake__r0c0,water,great_salt_lake,Great Salt Lake,41.3,-112.61,41.263305868872024,-112.65684772756683,30-45,32612,-4000.0,-4000.0,12.5,0.001,14,20,cuda:0,0.011910510012073298,psf_aware_plus50,18.75,0.01890767427880323,-0.5874781398644671,169898,173210,48.0,65536.0,173210.0,3145728.0,0.00027712025864557474,0.4489797782152891,0.07999532110989094,2.658801328856498,0.52897509932518,3.187776428181678,computed,145,True
water__great_salt_lake__r0c0,water,great_salt_lake,Great Salt Lake,41.3,-112.61,41.263305868872024,-112.65684772756683,30-45,32612,-4000.0,-4000.0,12.5,0.001,14,20,cuda:0,0.011910510012073298,psf_aware_minus50,6.25,0.01442192619517452,-0.21085714890088503,169368,169368,9.0,65536.0,169368.0,589824.0,5.313872750460536e-05,0.17204830888658762,0.02103035105392337,2.5895582023076713,0.193078659940511,2.7826368622481823,computed,145,True
water__great_salt_lake__r0c0,water,great_salt_lake,Great Salt Lake,41.3,-112.61,41.263305868872024,-112.65684772756683,30-45,32612,-4000.0,-4000.0,12.5,0.001,14,20,cuda:0,0.011910510012073298,nearest,,0.015159249019561581,-0.2727623757668767,168918,169898,,,,,,0.0,0.1328634130768478,0.0,0.1328634130768478,0.1328634130768478,computed,145,True
water__great_salt_lake__r0c0,water,great_salt_lake,Great Salt Lake,41.3,-112.61,41.263305868872024,-112.65684772756683,30-45,32612,-4000.0,-4000.0,12.5,0.001,14,20,cuda:0,0.011910510012073298,bilinear,,0.01569050666425808,-0.3173664812298651,168918,169898,,,,,,0.0,0.10837345896288753,0.0,0.10837345896288753,0.10837345896288753,computed,145,True
water__great_salt_lake__r0c0,water,great_salt_lake,Great Salt Lake,41.3,-112.61,41.263305868872024,-112.65684772756683,30-45,32612,-4000.0,-4000.0,12.5,0.001,14,20,cuda:0,0.011910510012073298,bicubic,,0.013713060266229392,-0.15134114763590367,168918,169898,,,,,,0.0,0.7617231132462621,0.0,0.7617231132462621,0.7617231132462621,computed,145,True
water__great_salt_lake__r0c1,water,great_salt_lake,Great Salt Lake,41.3,-112.61,41.26398306005126,-112.6091148171065,30-45,32612,0.0,-4000.0,12.5,0.001,14,20,cuda:0,0.006163226350893011,blurred_observation,12.5,0.006163226350893011,0.0,169902,169902,,,,,,0.0,0.0,0.0,0.0,0.0,computed,146,True
water__great_salt_lake__r0c1,water,great_salt_lake,Great Salt Lake,41.3,-112.61,41.26398306005126,-112.6091148171065,30-45,32612,0.0,-4000.0,12.5,0.001,14,20,cuda:0,0.006163226350893011,psf_aware_matched,12.5,0.004614463071269043,0.2512909945940185,169902,171235,22.0,65536.0,171235.0,1441792.0,0.00012847840686775483,0.27323612896725535,0.04090435290709138,2.727048007771373,0.31414048187434673,3.0411884896457195,computed,146,True
water__great_salt_lake__r0c1,water,great_salt_lake,Great Salt Lake,41.3,-112.61,41.26398306005126,-112.6091148171065,30-45,32612,0.0,-4000.0,12.5,0.001,14,20,cuda:0,0.006163226350893011,psf_aware_plus50,18.75,0.009359231254687971,-0.5185603646265369,169902,173220,48.0,65536.0,173220.0,3145728.0,0.00027710426047800486,0.4441607501357794,0.08010675199329853,2.675495987292379,0.5242675021290779,3.199763489421457,computed,146,True
water__great_salt_lake__r0c1,water,great_salt_lake,Great Salt Lake,41.3,-112.61,41.26398306005126,-112.6091148171065,30-45,32612,0.0,-4000.0,12.5,0.001,14,20,cuda:0,0.006163226350893011,psf_aware_minus50,6.25,0.007362231265395676,-0.19454176209655794,169364,169364,9.0,65536.0,169364.0,589824.0,5.313998252285019e-05,0.1897913641296327,0.021451118867844343,2.6058118669316173,0.21124248299747705,2.8170543499290943,computed,146,True
water__great_salt_lake__r0c1,water,great_salt_lake,Great Salt Lake,41.3,-112.61,41.26398306005126,-112.6091148171065,30-45,32612,0.0,-4000.0,12.5,0.001,14,20,cuda:0,0.006163226350893011,nearest,,0.007678144653475694,-0.24579955632542716,168922,169902,,,,,,0.0,0.13237186195328832,0.0,0.13237186195328832,0.13237186195328832,computed,146,True
water__great_salt_lake__r0c1,water,great_salt_lake,Great Salt Lake,41.3,-112.61,41.26398306005126,-112.6091148171065,30-45,32612,0.0,-4000.0,12.5,0.001,14,20,cuda:0,0.006163226350893011,bilinear,,0.00797633359035656,-0.2941815108252257,168922,169902,,,,,,0.0,0.10861826315522194,0.0,0.10861826315522194,0.10861826315522194,computed,146,True
water__great_salt_lake__r0c1,water,great_salt_lake,Great Salt Lake,41.3,-112.61,41.26398306005126,-112.6091148171065,30-45,32612,0.0,-4000.0,12.5,0.001,14,20,cuda:0,0.006163226350893011,bicubic,,0.006981665694240232,-0.1327939778211511,168922,169902,,,,,,0.0,0.7575912466272712,0.0,0.7575912466272712,0.7575912466272712,computed,146,True
water__great_salt_lake__r0c2,water,great_salt_lake,Great Salt Lake,41.3,-112.61,41.26464046998351,-112.56138030117226,30-45,32612,4000.0,-4000.0,12.5,0.001,14,20,cuda:0,0.006365859529652108,blurred_observation,12.5,0.006365859529652108,0.0,169903,169903,,,,,,0.0,0.0,0.0,0.0,0.0,computed,147,True
water__great_salt_lake__r0c2,water,great_salt_lake,Great Salt Lake,41.3,-112.61,41.26464046998351,-112.56138030117226,30-45,32612,4000.0,-4000.0,12.5,0.001,14,20,cuda:0,0.006365859529652108,psf_aware_matched,12.5,0.004593766080407118,0.2783745762831551,169903,171227,22.0,65536.0,171227.0,1441792.0,0.00012848440958493696,0.26934269489720464,0.04044361971318722,2.6360796531662345,0.30978631461039186,2.9458659677766263,computed,147,True
water__great_salt_lake__r0c2,water,great_salt_lake,Great Salt Lake,41.3,-112.61,41.26464046998351,-112.56138030117226,30-45,32612,4000.0,-4000.0,12.5,0.001,14,20,cuda:0,0.006365859529652108,psf_aware_plus50,18.75,0.009977929154851416,-0.5674127128275961,169903,173222,48.0,65536.0,173222.0,3145728.0,0.0002771010610661463,0.4309432259760797,0.07987899100407958,2.7183662950992584,0.5108222169801593,3.2291885120794177,computed,147,True
water__great_salt_lake__r0c2,water,great_salt_lake,Great Salt Lake,41.3,-112.61,41.26464046998351,-112.56138030117226,30-45,32612,4000.0,-4000.0,12.5,0.001,14,20,cuda:0,0.006365859529652108,psf_aware_minus50,6.25,0.007997946628909345,-0.2563812618947987,169369,169369,9.0,65536.0,169369.0,589824.0,5.31384137593066e-05,0.6738091842271388,0.023046590853482485,2.6017228621058166,0.6968557750806212,3.298578637186438,computed,147,True
water__great_salt_lake__r0c2,water,great_salt_lake,Great Salt Lake,41.3,-112.61,41.26464046998351,-112.56138030117226,30-45,32612,4000.0,-4000.0,12.5,0.001,14,20,cuda:0,0.006365859529652108,nearest,,0.008334934431637176,-0.3093179943435975,168931,169903,,,,,,0.0,0.14714446105062962,0.0,0.14714446105062962,0.14714446105062962,computed,147,True
water__great_salt_lake__r0c2,water,great_salt_lake,Great Salt Lake,41.3,-112.61,41.26464046998351,-112.56138030117226,30-45,32612,4000.0,-4000.0,12.5,0.001,14,20,cuda:0,0.006365859529652108,bilinear,,0.008565162934195422,-0.3454841242253275,168931,169903,,,,,,0.0,0.1074393498711288,0.0,0.1074393498711288,0.1074393498711288,computed,147,True
water__great_salt_lake__r0c2,water,great_salt_lake,Great Salt Lake,41.3,-112.61,41.26464046998351,-112.56138030117226,30-45,32612,4000.0,-4000.0,12.5,0.001,14,20,cuda:0,0.006365859529652108,bicubic,,0.007386795233535613,-0.16037672511119627,168931,169903,,,,,,0.0,0.7735636788420379,0.0,0.7735636788420379,0.7735636788420379,computed,147,True
water__great_salt_lake__r1c0,water,great_salt_lake,Great Salt Lake,41.3,-112.61,41.299321955355346,-112.657759139712,30-45,32612,-4000.0,0.0,12.5,0.001,14,20,cuda:0,0.015626228684954353,blurred_observation,12.5,0.015626228684954353,0.0,169900,169900,,,,,,0.0,0.0,0.0,0.0,0.0,computed,148,True
water__great_salt_lake__r1c0,water,great_salt_lake,Great Salt Lake,41.3,-112.61,41.299321955355346,-112.657759139712,30-45,32612,-4000.0,0.0,12.5,0.001,14,20,cuda:0,0.015626228684954353,psf_aware_matched,12.5,0.011239872897877217,0.28070469692412214,169900,171225,22.0,65536.0,171225.0,1441792.0,0.0001284859103518762,0.30306026618927717,0.04454075964167714,2.667394874151796,0.3476010258309543,3.0149958999827504,computed,148,True
water__great_salt_lake__r1c0,water,great_salt_lake,Great Salt Lake,41.3,-112.61,41.299321955355346,-112.657759139712,30-45,32612,-4000.0,0.0,12.5,0.001,14,20,cuda:0,0.015626228684954353,psf_aware_plus50,18.75,0.025085847836306917,-0.6053680220654085,169900,173205,48.0,65536.0,173205.0,3145728.0,0.00027712825842210096,0.4301951201632619,0.08003195002675056,2.678635122720152,0.5102270701900125,3.1888621929101646,computed,148,True
water__great_salt_lake__r1c0,water,great_salt_lake,Great Salt Lake,41.3,-112.61,41.299321955355346,-112.657759139712,30-45,32612,-4000.0,0.0,12.5,0.001,14,20,cuda:0,0.015626228684954353,psf_aware_minus50,6.25,0.019249882062197313,-0.23189558084043527,169366,169366,9.0,65536.0,169366.0,589824.0,5.313935500631768e-05,0.17140812706202269,0.02161739394068718,2.664769852999598,0.19302552100270987,2.8577953740023077,computed,148,True
water__great_salt_lake__r1c0,water,great_salt_lake,Great Salt Lake,41.3,-112.61,41.299321955355346,-112.657759139712,30-45,32612,-4000.0,0.0,12.5,0.001,14,20,cuda:0,0.015626228684954353,nearest,,0.020273585563078372,-0.29740745331589236,168919,169900,,,,,,0.0,0.1213352088816464,0.0,0.1213352088816464,0.1213352088816464,computed,148,True
water__great_salt_lake__r1c0,water,great_salt_lake,Great Salt Lake,41.3,-112.61,41.299321955355346,-112.657759139712,30-45,32612,-4000.0,0.0,12.5,0.001,14,20,cuda:0,0.015626228684954353,bilinear,,0.020963684006228934,-0.3415702808966137,168919,169900,,,,,,0.0,0.10786630772054195,0.0,0.10786630772054195,0.10786630772054195,computed,148,True
water__great_salt_lake__r1c0,water,great_salt_lake,Great Salt Lake,41.3,-112.61,41.299321955355346,-112.657759139712,30-45,32612,-4000.0,0.0,12.5,0.001,14,20,cuda:0,0.015626228684954353,bicubic,,0.018239305962484183,-0.16722379597873283,168919,169900,,,,,,0.0,0.7669835360720754,0.0,0.7669835360720754,0.7669835360720754,computed,148,True
water__great_salt_lake__r1c1,water,great_salt_lake,Great Salt Lake,41.3,-112.61,41.29999999999999,-112.61,30-45,32612,0.0,0.0,12.5,0.001,14,20,cuda:0,0.006225413510057029,blurred_observation,12.5,0.006225413510057029,0.0,169909,169909,,,,,,0.0,0.0,0.0,0.0,0.0,computed,149,True
water__great_salt_lake__r1c1,water,great_salt_lake,Great Salt Lake,41.3,-112.61,41.29999999999999,-112.61,30-45,32612,0.0,0.0,12.5,0.001,14,20,cuda:0,0.006225413510057029,psf_aware_matched,12.5,0.004377559380014416,0.29682431971104273,169909,171233,22.0,65536.0,171233.0,1441792.0,0.0001284799074944666,0.2770971520803869,0.04044337011873722,2.676459653303027,0.3175405221991241,2.9940001755021513,computed,149,True
water__great_salt_lake__r1c1,water,great_salt_lake,Great Salt Lake,41.3,-112.61,41.29999999999999,-112.61,30-45,32612,0.0,0.0,12.5,0.001,14,20,cuda:0,0.006225413510057029,psf_aware_plus50,18.75,0.010017132944987022,-0.6090710968523694,169909,173214,48.0,65536.0,173214.0,3145728.0,0.00027711385915688106,0.43356021167710423,0.07966991374269128,2.652533687185496,0.5132301254197955,3.1657638126052916,computed,149,True
water__great_salt_lake__r1c1,water,great_salt_lake,Great Salt Lake,41.3,-112.61,41.29999999999999,-112.61,30-45,32612,0.0,0.0,12.5,0.001,14,20,cuda:0,0.006225413510057029,psf_aware_minus50,6.25,0.007814419758721195,-0.25524509273113494,169360,169360,9.0,65536.0,169360.0,589824.0,5.3141237600377895e-05,0.16971949767321348,0.021225090138614178,2.6922211162745953,0.19094458781182766,2.883165704086423,computed,149,True
water__great_salt_lake__r1c1,water,great_salt_lake,Great Salt Lake,41.3,-112.61,41.29999999999999,-112.61,30-45,32612,0.0,0.0,12.5,0.001,14,20,cuda:0,0.006225413510057029,nearest,,0.008258085028234701,-0.3265118879081579,168920,169909,,,,,,0.0,0.12256950698792934,0.0,0.12256950698792934,0.12256950698792934,computed,149,True
water__great_salt_lake__r1c1,water,great_salt_lake,Great Salt Lake,41.3,-112.61,41.29999999999999,-112.61,30-45,32612,0.0,0.0,12.5,0.001,14,20,cuda:0,0.006225413510057029,bilinear,,0.008542358169485599,-0.37217522268771286,168920,169909,,,,,,0.0,0.10838667396456003,0.0,0.10838667396456003,0.10838667396456003,computed,149,True
water__great_salt_lake__r1c1,water,great_salt_lake,Great Salt Lake,41.3,-112.61,41.29999999999999,-112.61,30-45,32612,0.0,0.0,12.5,0.001,14,20,cuda:0,0.006225413510057029,bicubic,,0.007311946104406851,-0.17453179497145865,168920,169909,,,,,,0.0,0.7994509590789676,0.0,0.7994509590789676,0.7994509590789676,computed,149,True
water__great_salt_lake__r1c2,water,great_salt_lake,Great Salt Lake,41.3,-112.61,41.30065823848409,-112.56223925147232,30-45,32612,4000.0,0.0,12.5,0.001,14,20,cuda:0,0.011855174266722203,blurred_observation,12.5,0.011855174266722203,0.0,169907,169907,,,,,,0.0,0.0,0.0,0.0,0.0,computed,150,True
water__great_salt_lake__r1c2,water,great_salt_lake,Great Salt Lake,41.3,-112.61,41.30065823848409,-112.56223925147232,30-45,32612,4000.0,0.0,12.5,0.001,14,20,cuda:0,0.011855174266722203,psf_aware_matched,12.5,0.009403148548258116,0.20683168912556515,169907,171237,22.0,65536.0,171237.0,1441792.0,0.00012847690627609687,0.271555395796895,0.040670129004865885,2.6346341762691736,0.3122255248017609,2.9468597010709345,computed,150,True
water__great_salt_lake__r1c2,water,great_salt_lake,Great Salt Lake,41.3,-112.61,41.30065823848409,-112.56223925147232,30-45,32612,4000.0,0.0,12.5,0.001,14,20,cuda:0,0.011855174266722203,psf_aware_plus50,18.75,0.01810913404983777,-0.5275299748794584,169907,173213,48.0,65536.0,173213.0,3145728.0,0.00027711545900134516,0.44467061618342996,0.07991279475390911,2.6556470138020813,0.5245834109373391,3.1802304247394204,computed,150,True
water__great_salt_lake__r1c2,water,great_salt_lake,Great Salt Lake,41.3,-112.61,41.30065823848409,-112.56223925147232,30-45,32612,4000.0,0.0,12.5,0.001,14,20,cuda:0,0.011855174266722203,psf_aware_minus50,6.25,0.013903706970791189,-0.17279650707617789,169367,169367,9.0,65536.0,169367.0,589824.0,5.313904125360903e-05,0.17142727272585034,0.020954689010977745,2.5796666871756315,0.1923819617368281,2.7720486489124596,computed,150,True
water__great_salt_lake__r1c2,water,great_salt_lake,Great Salt Lake,41.3,-112.61,41.30065823848409,-112.56223925147232,30-45,32612,4000.0,0.0,12.5,0.001,14,20,cuda:0,0.011855174266722203,nearest,,0.014411484431702842,-0.21562822337890641,168929,169907,,,,,,0.0,0.1325781331397593,0.0,0.1325781331397593,0.1325781331397593,computed,150,True
water__great_salt_lake__r1c2,water,great_salt_lake,Great Salt Lake,41.3,-112.61,41.30065823848409,-112.56223925147232,30-45,32612,4000.0,0.0,12.5,0.001,14,20,cuda:0,0.011855174266722203,bilinear,,0.014970289332912666,-0.2627641733563273,168929,169907,,,,,,0.0,0.3037276999093592,0.0,0.3037276999093592,0.3037276999093592,computed,150,True
water__great_salt_lake__r1c2,water,great_salt_lake,Great Salt Lake,41.3,-112.61,41.30065823848409,-112.56223925147232,30-45,32612,4000.0,0.0,12.5,0.001,14,20,cuda:0,0.011855174266722203,bicubic,,0.01341499109535422,-0.13157266131552925,168929,169907,,,,,,0.0,0.7799316700547934,0.0,0.7799316700547934,0.7799316700547934,computed,150,True
water__great_salt_lake__r2c0,water,great_salt_lake,Great Salt Lake,41.3,-112.61,41.33533779917703,-112.65867220829838,30-45,32612,-4000.0,4000.0,12.5,0.001,14,20,cuda:0,0.006291981574376138,blurred_observation,12.5,0.006291981574376138,0.0,169899,169899,,,,,,0.0,0.0,0.0,0.0,0.0,computed,151,True
water__great_salt_lake__r2c0,water,great_salt_lake,Great Salt Lake,41.3,-112.61,41.33533779917703,-112.65867220829838,30-45,32612,-4000.0,4000.0,12.5,0.001,14,20,cuda:0,0.006291981574376138,psf_aware_matched,12.5,0.0046649570876304185,0.2585869757425413,169899,171224,22.0,65536.0,171224.0,1441792.0,0.0001284866607484932,0.27190347481518984,0.04078329307958484,2.6853598901070654,0.3126867678947747,2.99804665800184,computed,151,True
water__great_salt_lake__r2c0,water,great_salt_lake,Great Salt Lake,41.3,-112.61,41.33533779917703,-112.65867220829838,30-45,32612,-4000.0,4000.0,12.5,0.001,14,20,cuda:0,0.006291981574376138,psf_aware_plus50,18.75,0.00958189383956473,-0.5228737920318516,169899,173211,48.0,65536.0,173211.0,3145728.0,0.00027711865874569165,0.7740250430069864,0.07982161175459623,2.6354009178467095,0.8538466547615826,3.489247572608292,computed,151,True
water__great_salt_lake__r2c0,water,great_salt_lake,Great Salt Lake,41.3,-112.61,41.33533779917703,-112.65867220829838,30-45,32612,-4000.0,4000.0,12.5,0.001,14,20,cuda:0,0.006291981574376138,psf_aware_minus50,6.25,0.007763471583152958,-0.23386750126055822,169365,169365,9.0,65536.0,169365.0,589824.0,5.313966876273138e-05,0.1901240749284625,0.020898402202874422,2.5762507673352957,0.21102247713133693,2.7872732444666326,computed,151,True
water__great_salt_lake__r2c0,water,great_salt_lake,Great Salt Lake,41.3,-112.61,41.33533779917703,-112.65867220829838,30-45,32612,-4000.0,4000.0,12.5,0.001,14,20,cuda:0,0.006291981574376138,nearest,,0.008161677252822996,-0.297155300972451,168913,169899,,,,,,0.0,0.13260800018906593,0.0,0.13260800018906593,0.13260800018906593,computed,151,True
water__great_salt_lake__r2c0,water,great_salt_lake,Great Salt Lake,41.3,-112.61,41.33533779917703,-112.65867220829838,30-45,32612,-4000.0,4000.0,12.5,0.001,14,20,cuda:0,0.006291981574376138,bilinear,,0.008412635118015113,-0.337040647460771,168913,169899,,,,,,0.0,0.10804302431643009,0.0,0.10804302431643009,0.10804302431643009,computed,151,True
water__great_salt_lake__r2c0,water,great_salt_lake,Great Salt Lake,41.3,-112.61,41.33533779917703,-112.65867220829838,30-45,32612,-4000.0,4000.0,12.5,0.001,14,20,cuda:0,0.006291981574376138,bicubic,,0.007251256146933116,-0.15245985087807434,168913,169899,,,,,,0.0,0.7622713912278414,0.0,0.7622713912278414,0.7622713912278414,computed,151,True
water__great_salt_lake__r2c1,water,great_salt_lake,Great Salt Lake,41.3,-112.61,41.33601669821545,-112.6108867917109,30-45,32612,0.0,4000.0,12.5,0.001,14,20,cuda:0,0.01917004329631413,blurred_observation,12.5,0.01917004329631413,0.0,169903,169903,,,,,,0.0,0.0,0.0,0.0,0.0,computed,152,True
water__great_salt_lake__r2c1,water,great_salt_lake,Great Salt Lake,41.3,-112.61,41.33601669821545,-112.6108867917109,30-45,32612,0.0,4000.0,12.5,0.001,14,20,cuda:0,0.01917004329631413,psf_aware_matched,12.5,0.012689036364696855,0.33807993187284,169903,171231,22.0,65536.0,171231.0,1441792.0,0.0001284814081562334,0.2670164289884269,0.04060505609959364,2.590299816802144,0.30762148508802056,2.8979213018901646,computed,152,True
water__great_salt_lake__r2c1,water,great_salt_lake,Great Salt Lake,41.3,-112.61,41.33601669821545,-112.6108867917109,30-45,32612,0.0,4000.0,12.5,0.001,14,20,cuda:0,0.01917004329631413,psf_aware_plus50,18.75,0.03325225857431805,-0.734594860341893,169903,173202,48.0,65536.0,173202.0,3145728.0,0.000277133058509717,0.49689418775960803,0.0797778288833797,2.628470992203802,0.5766720166429877,3.2051430088467896,computed,152,True
water__great_salt_lake__r2c1,water,great_salt_lake,Great Salt Lake,41.3,-112.61,41.33601669821545,-112.6108867917109,30-45,32612,0.0,4000.0,12.5,0.001,14,20,cuda:0,0.01917004329631413,psf_aware_minus50,6.25,0.02390771992842056,-0.24713958956041338,169367,169367,9.0,65536.0,169367.0,589824.0,5.313904125360903e-05,0.1689220881089568,0.02096981694921851,2.5579924760386348,0.18989190505817533,2.74788438109681,computed,152,True
water__great_salt_lake__r2c1,water,great_salt_lake,Great Salt Lake,41.3,-112.61,41.33601669821545,-112.6108867917109,30-45,32612,0.0,4000.0,12.5,0.001,14,20,cuda:0,0.01917004329631413,nearest,,0.02524413716910997,-0.31685342484144097,168923,169903,,,,,,0.0,0.1221002172678709,0.0,0.1221002172678709,0.1221002172678709,computed,152,True
water__great_salt_lake__r2c1,water,great_salt_lake,Great Salt Lake,41.3,-112.61,41.33601669821545,-112.6108867917109,30-45,32612,0.0,4000.0,12.5,0.001,14,20,cuda:0,0.01917004329631413,bilinear,,0.026495743815052368,-0.3821431389331691,168923,169903,,,,,,0.0,0.1088848072104156,0.0,0.1088848072104156,0.1088848072104156,computed,152,True
water__great_salt_lake__r2c1,water,great_salt_lake,Great Salt Lake,41.3,-112.61,41.33601669821545,-112.6108867917109,30-45,32612,0.0,4000.0,12.5,0.001,14,20,cuda:0,0.01917004329631413,bicubic,,0.02258830781857022,-0.17831282222055944,168923,169903,,,,,,0.0,0.7547271731309593,0.0,0.7547271731309593,0.7547271731309593,computed,152,True
water__great_salt_lake__r2c2,water,great_salt_lake,Great Salt Lake,41.3,-112.61,41.336675766152744,-112.56309976295579,30-45,32612,4000.0,4000.0,12.5,0.001,14,20,cuda:0,0.019731569962166,blurred_observation,12.5,0.019731569962166,0.0,169911,169911,,,,,,0.0,0.0,0.0,0.0,0.0,computed,153,True
water__great_salt_lake__r2c2,water,great_salt_lake,Great Salt Lake,41.3,-112.61,41.336675766152744,-112.56309976295579,30-45,32612,4000.0,4000.0,12.5,0.001,14,20,cuda:0,0.019731569962166,psf_aware_matched,12.5,0.013641967228173046,0.3086223116391331,169911,171229,22.0,65536.0,171229.0,1441792.0,0.00012848290885305642,0.2767337937839329,0.040531666949391365,2.707929336000234,0.3172654607333243,3.025194796733558,computed,153,True
water__great_salt_lake__r2c2,water,great_salt_lake,Great Salt Lake,41.3,-112.61,41.336675766152744,-112.56309976295579,30-45,32612,4000.0,4000.0,12.5,0.001,14,20,cuda:0,0.019731569962166,psf_aware_plus50,18.75,0.0328675361587601,-0.6657334526234586,169911,173224,48.0,65536.0,173224.0,3145728.0,0.000277097861728167,0.4274210250005126,0.07988244714215398,2.662320975214243,0.5073034721426666,3.1696244473569095,computed,153,True
water__great_salt_lake__r2c2,water,great_salt_lake,Great Salt Lake,41.3,-112.61,41.336675766152744,-112.56309976295579,30-45,32612,4000.0,4000.0,12.5,0.001,14,20,cuda:0,0.019731569962166,psf_aware_minus50,6.25,0.024786617955968888,-0.2561908658812053,169356,169356,9.0,65536.0,169356.0,589824.0,5.314249273719266e-05,0.18959574401378632,0.021054056007415056,2.5896176137030125,0.21064980002120137,2.800267413724214,computed,153,True
water__great_salt_lake__r2c2,water,great_salt_lake,Great Salt Lake,41.3,-112.61,41.336675766152744,-112.56309976295579,30-45,32612,4000.0,4000.0,12.5,0.001,14,20,cuda:0,0.019731569962166,nearest,,0.025850331810262146,-0.31010010150375633,168935,169911,,,,,,0.0,0.13243682589381933,0.0,0.13243682589381933,0.13243682589381933,computed,153,True
water__great_salt_lake__r2c2,water,great_salt_lake,Great Salt Lake,41.3,-112.61,41.336675766152744,-112.56309976295579,30-45,32612,4000.0,4000.0,12.5,0.001,14,20,cuda:0,0.019731569962166,bilinear,,0.027109244228560696,-0.3739020402604003,168935,169911,,,,,,0.0,0.1078228265978396,0.0,0.1078228265978396,0.1078228265978396,computed,153,True
water__great_salt_lake__r2c2,water,great_salt_lake,Great Salt Lake,41.3,-112.61,41.336675766152744,-112.56309976295579,30-45,32612,4000.0,4000.0,12.5,0.001,14,20,cuda:0,0.019731569962166,bicubic,,0.023183089204372866,-0.17492370089277887,168935,169911,,,,,,0.0,0.7572639370337129,0.0,0.7572639370337129,0.7572639370337129,computed,153,True
water__caspian_sea__r0c0,water,caspian_sea,Caspian Sea,42.0,48.355,41.962890474981585,48.308271183739436,30-45,32639,-4000.0,-4000.0,12.5,0.001,14,20,cuda:0,0.029053008440157714,blurred_observation,12.5,0.029053008440157714,0.0,169745,169745,,,,,,0.0,0.0,0.0,0.0,0.0,computed,154,True
water__caspian_sea__r0c0,water,caspian_sea,Caspian Sea,42.0,48.355,41.962890474981585,48.308271183739436,30-45,32639,-4000.0,-4000.0,12.5,0.001,14,20,cuda:0,0.029053008440157714,psf_aware_matched,12.5,0.02285689376643483,0.21326929658542615,169745,171072,22.0,65536.0,171072.0,1441792.0,0.0001286008230452675,0.2674506618641317,0.040503442753106356,1.5888992948457599,0.30795410461723804,1.896853399462998,computed,154,True
water__caspian_sea__r0c0,water,caspian_sea,Caspian Sea,42.0,48.355,41.962890474981585,48.308271183739436,30-45,32639,-4000.0,-4000.0,12.5,0.001,14,20,cuda:0,0.029053008440157714,psf_aware_plus50,18.75,0.04700685023494025,-0.6179684225047875,169745,173053,48.0,65536.0,173053.0,3145728.0,0.0002773716722622549,0.4838609220460057,0.07991137215867639,1.5612100209109485,0.5637722942046821,2.1249823151156306,computed,154,True
water__caspian_sea__r0c0,water,caspian_sea,Caspian Sea,42.0,48.355,41.962890474981585,48.308271183739436,30-45,32639,-4000.0,-4000.0,12.5,0.001,14,20,cuda:0,0.029053008440157714,psf_aware_minus50,6.25,0.03445133577233729,-0.18580958124522096,169203,169203,9.0,65536.0,169203.0,589824.0,5.319054626691016e-05,0.16999738477170467,0.021172812208533287,1.5383059200830758,0.19117019698023796,1.7294761170633137,computed,154,True
water__caspian_sea__r0c0,water,caspian_sea,Caspian Sea,42.0,48.355,41.962890474981585,48.308271183739436,30-45,32639,-4000.0,-4000.0,12.5,0.001,14,20,cuda:0,0.029053008440157714,nearest,,0.03596497892200039,-0.2379089413779536,168766,169745,,,,,,0.0,0.12239903304725885,0.0,0.12239903304725885,0.12239903304725885,computed,154,True
water__caspian_sea__r0c0,water,caspian_sea,Caspian Sea,42.0,48.355,41.962890474981585,48.308271183739436,30-45,32639,-4000.0,-4000.0,12.5,0.001,14,20,cuda:0,0.029053008440157714,bilinear,,0.03740630991979154,-0.2875193285693507,168766,169745,,,,,,0.0,0.10957721900194883,0.0,0.10957721900194883,0.10957721900194883,computed,154,True
water__caspian_sea__r0c0,water,caspian_sea,Caspian Sea,42.0,48.355,41.962890474981585,48.308271183739436,30-45,32639,-4000.0,-4000.0,12.5,0.001,14,20,cuda:0,0.029053008440157714,bicubic,,0.03347740316807458,-0.15228697355146759,168766,169745,,,,,,0.0,0.7989358636550605,0.0,0.7989358636550605,0.7989358636550605,computed,154,True
water__caspian_sea__r0c1,water,caspian_sea,Caspian Sea,42.0,48.355,41.964011654720714,48.3564900532219,30-45,32639,0.0,-4000.0,12.5,0.001,14,20,cuda:0,0.025620422009113537,blurred_observation,12.5,0.025620422009113537,0.0,169762,169762,,,,,,0.0,0.0,0.0,0.0,0.0,computed,155,True
water__caspian_sea__r0c1,water,caspian_sea,Caspian Sea,42.0,48.355,41.964011654720714,48.3564900532219,30-45,32639,0.0,-4000.0,12.5,0.001,14,20,cuda:0,0.025620422009113537,psf_aware_matched,12.5,0.020165590565330897,0.21290950796369712,169762,171080,22.0,65536.0,171080.0,1441792.0,0.00012859480944587328,0.26946787210181355,0.04069213103502989,1.5782145969569683,0.31016000313684344,1.8883746000938118,computed,155,True
water__caspian_sea__r0c1,water,caspian_sea,Caspian Sea,42.0,48.355,41.964011654720714,48.3564900532219,30-45,32639,0.0,-4000.0,12.5,0.001,14,20,cuda:0,0.025620422009113537,psf_aware_plus50,18.75,0.04036410573575398,-0.57546607629632,169762,173066,48.0,65536.0,173066.0,3145728.0,0.00027735083725283997,0.43051603669300675,0.07981195440515876,1.6520409053191543,0.5103279910981655,2.1623688964173198,computed,155,True
water__caspian_sea__r0c1,water,caspian_sea,Caspian Sea,42.0,48.355,41.964011654720714,48.3564900532219,30-45,32639,0.0,-4000.0,12.5,0.001,14,20,cuda:0,0.025620422009113537,psf_aware_minus50,6.25,0.030043999552391953,-0.1726582622918893,169216,169216,9.0,65536.0,169216.0,589824.0,5.318645990922844e-05,0.4047714867629111,0.02290543168783188,1.6312123849056661,0.42767691845074296,2.058889303356409,computed,155,True
water__caspian_sea__r0c1,water,caspian_sea,Caspian Sea,42.0,48.355,41.964011654720714,48.3564900532219,30-45,32639,0.0,-4000.0,12.5,0.001,14,20,cuda:0,0.025620422009113537,nearest,,0.03144695080178467,-0.22741736223542897,168777,169762,,,,,,0.0,0.13388009881600738,0.0,0.13388009881600738,0.13388009881600738,computed,155,True
water__caspian_sea__r0c1,water,caspian_sea,Caspian Sea,42.0,48.355,41.964011654720714,48.3564900532219,30-45,32639,0.0,-4000.0,12.5,0.001,14,20,cuda:0,0.025620422009113537,bilinear,,0.03265274245702208,-0.27448105442631077,168777,169762,,,,,,0.0,0.10913983127102256,0.0,0.10913983127102256,0.10913983127102256,computed,155,True
water__caspian_sea__r0c1,water,caspian_sea,Caspian Sea,42.0,48.355,41.964011654720714,48.3564900532219,30-45,32639,0.0,-4000.0,12.5,0.001,14,20,cuda:0,0.025620422009113537,bicubic,,0.02934895057186624,-0.14552955300370995,168777,169762,,,,,,0.0,0.7791396300308406,0.0,0.7791396300308406,0.7791396300308406,computed,155,True
water__caspian_sea__r0c2,water,caspian_sea,Caspian Sea,42.0,48.355,41.96511260556185,48.40471163804328,30-45,32639,4000.0,-4000.0,12.5,0.001,14,20,cuda:0,2.0134086061514635e-05,blurred_observation,12.5,2.0134086061514635e-05,0.0,169751,169751,,,,,,0.0,0.0,0.0,0.0,0.0,computed,156,True
water__caspian_sea__r0c2,water,caspian_sea,Caspian Sea,42.0,48.355,41.96511260556185,48.40471163804328,30-45,32639,4000.0,-4000.0,12.5,0.001,14,20,cuda:0,2.0134086061514635e-05,psf_aware_matched,12.5,1.950468745585439e-05,0.03126035141288641,169751,171090,22.0,65536.0,171090.0,1441792.0,0.00012858729323747734,0.2749903807416558,0.040482965297997,1.5503635378554463,0.3154733460396528,1.8658368838950992,computed,156,True
water__caspian_sea__r0c2,water,caspian_sea,Caspian Sea,42.0,48.355,41.96511260556185,48.40471163804328,30-45,32639,4000.0,-4000.0,12.5,0.001,14,20,cuda:0,2.0134086061514635e-05,psf_aware_plus50,18.75,3.0889633014311055e-05,-0.5341959361818338,169751,173074,48.0,65536.0,173074.0,3145728.0,0.0002773380172642916,0.4287181319668889,0.07982936594635248,1.548973404802382,0.5085474979132414,2.0575209027156234,computed,156,True
water__caspian_sea__r0c2,water,caspian_sea,Caspian Sea,42.0,48.355,41.96511260556185,48.40471163804328,30-45,32639,4000.0,-4000.0,12.5,0.001,14,20,cuda:0,2.0134086061514635e-05,psf_aware_minus50,6.25,2.6575996985054974e-05,-0.3199505010487538,169228,169228,9.0,65536.0,169228.0,589824.0,5.318268844399272e-05,0.16851715091615915,0.021063413936644793,1.51375469006598,0.18958056485280395,1.703335254918784,computed,156,True
water__caspian_sea__r0c2,water,caspian_sea,Caspian Sea,42.0,48.355,41.96511260556185,48.40471163804328,30-45,32639,4000.0,-4000.0,12.5,0.001,14,20,cuda:0,2.0134086061514635e-05,nearest,,2.6644969256305436e-05,-0.3233761480356463,168778,169751,,,,,,0.0,0.1210108851082623,0.0,0.1210108851082623,0.1210108851082623,computed,156,True
water__caspian_sea__r0c2,water,caspian_sea,Caspian Sea,42.0,48.355,41.96511260556185,48.40471163804328,30-45,32639,4000.0,-4000.0,12.5,0.001,14,20,cuda:0,2.0134086061514635e-05,bilinear,,2.5744131936038845e-05,-0.2786342452984518,168778,169751,,,,,,0.0,0.10812048008665442,0.0,0.10812048008665442,0.10812048008665442,computed,156,True
water__caspian_sea__r0c2,water,caspian_sea,Caspian Sea,42.0,48.355,41.96511260556185,48.40471163804328,30-45,32639,4000.0,-4000.0,12.5,0.001,14,20,cuda:0,2.0134086061514635e-05,bicubic,,2.3768404378269934e-05,-0.1805057505789711,168778,169751,,,,,,0.0,0.7996860649436712,0.0,0.7996860649436712,0.7996860649436712,computed,156,True
water__caspian_sea__r1c0,water,caspian_sea,Caspian Sea,42.0,48.355,41.99887741249511,48.3067540306194,30-45,32639,-4000.0,0.0,12.5,0.001,14,20,cuda:0,0.04824301675994199,blurred_observation,12.5,0.04824301675994199,0.0,169746,169746,,,,,,0.0,0.0,0.0,0.0,0.0,computed,157,True
water__caspian_sea__r1c0,water,caspian_sea,Caspian Sea,42.0,48.355,41.99887741249511,48.3067540306194,30-45,32639,-4000.0,0.0,12.5,0.001,14,20,cuda:0,0.04824301675994199,psf_aware_matched,12.5,0.039342470128564885,0.1844939895791834,169746,171073,22.0,65536.0,171073.0,1441792.0,0.000128600071314585,0.27031683968380094,0.040514363907277584,1.5553487502038479,0.3108312035910785,1.8661799537949264,computed,157,True
water__caspian_sea__r1c0,water,caspian_sea,Caspian Sea,42.0,48.355,41.99887741249511,48.3067540306194,30-45,32639,-4000.0,0.0,12.5,0.001,14,20,cuda:0,0.04824301675994199,psf_aware_plus50,18.75,0.0776972363492231,-0.6105385103888872,169746,173053,48.0,65536.0,173053.0,3145728.0,0.0002773716722622549,0.43166165705770254,0.08001931617036462,1.708980227354914,0.5116809732280672,2.220661200582981,computed,157,True
water__caspian_sea__r1c0,water,caspian_sea,Caspian Sea,42.0,48.355,41.99887741249511,48.3067540306194,30-45,32639,-4000.0,0.0,12.5,0.001,14,20,cuda:0,0.04824301675994199,psf_aware_minus50,6.25,0.05603953826433352,-0.16160932769165615,169216,169216,9.0,65536.0,169216.0,589824.0,5.318645990922844e-05,0.17294802283868194,0.0213495260104537,1.6048641419038177,0.19429754884913564,1.7991616907529533,computed,157,True
water__caspian_sea__r1c0,water,caspian_sea,Caspian Sea,42.0,48.355,41.99887741249511,48.3067540306194,30-45,32639,-4000.0,0.0,12.5,0.001,14,20,cuda:0,0.04824301675994199,nearest,,0.058603631378328976,-0.21475884623761332,168768,169746,,,,,,0.0,0.14698903681710362,0.0,0.14698903681710362,0.14698903681710362,computed,157,True
water__caspian_sea__r1c0,water,caspian_sea,Caspian Sea,42.0,48.355,41.99887741249511,48.3067540306194,30-45,32639,-4000.0,0.0,12.5,0.001,14,20,cuda:0,0.04824301675994199,bilinear,,0.06095527795439278,-0.2635046903825937,168768,169746,,,,,,0.0,0.10940656485036016,0.0,0.10940656485036016,0.10940656485036016,computed,157,True
water__caspian_sea__r1c0,water,caspian_sea,Caspian Sea,42.0,48.355,41.99887741249511,48.3067540306194,30-45,32639,-4000.0,0.0,12.5,0.001,14,20,cuda:0,0.04824301675994199,bicubic,,0.05543395672525933,-0.14905659820362338,168768,169746,,,,,,0.0,0.758247260004282,0.0,0.758247260004282,0.758247260004282,computed,157,True
water__caspian_sea__r1c1,water,caspian_sea,Caspian Sea,42.0,48.355,41.99999999999999,48.355,30-45,32639,0.0,0.0,12.5,0.001,14,20,cuda:0,0.017595953896496357,blurred_observation,12.5,0.017595953896496357,0.0,169755,169755,,,,,,0.0,0.0,0.0,0.0,0.0,computed,158,True
water__caspian_sea__r1c1,water,caspian_sea,Caspian Sea,42.0,48.355,41.99999999999999,48.355,30-45,32639,0.0,0.0,12.5,0.001,14,20,cuda:0,0.017595953896496357,psf_aware_matched,12.5,0.014951600461094115,0.150281902928194,169755,171074,22.0,65536.0,171074.0,1441792.0,0.00012859931959269087,0.27142241410911083,0.04053593520075083,1.5437325178645551,0.31195834930986166,1.8556908671744168,computed,158,True
water__caspian_sea__r1c1,water,caspian_sea,Caspian Sea,42.0,48.355,41.99999999999999,48.355,30-45,32639,0.0,0.0,12.5,0.001,14,20,cuda:0,0.017595953896496357,psf_aware_plus50,18.75,0.026694566159345217,-0.5170854797852444,169755,173063,48.0,65536.0,173063.0,3145728.0,0.0002773556450541132,0.4333292059600353,0.07965353317558765,1.5418381299823523,0.512982739135623,2.0548208691179752,computed,158,True
water__caspian_sea__r1c1,water,caspian_sea,Caspian Sea,42.0,48.355,41.99999999999999,48.355,30-45,32639,0.0,0.0,12.5,0.001,14,20,cuda:0,0.017595953896496357,psf_aware_minus50,6.25,0.019935129982929643,-0.13293829366642385,169213,169213,9.0,65536.0,169213.0,589824.0,5.318740285911839e-05,0.17248207097873092,0.020989404059946537,1.5124819800257683,0.19347147503867745,1.7059534550644457,computed,158,True
water__caspian_sea__r1c1,water,caspian_sea,Caspian Sea,42.0,48.355,41.99999999999999,48.355,30-45,32639,0.0,0.0,12.5,0.001,14,20,cuda:0,0.017595953896496357,nearest,,0.020663680045730284,-0.17434270215067804,168775,169755,,,,,,0.0,0.18568283319473267,0.0,0.18568283319473267,0.18568283319473267,computed,158,True
water__caspian_sea__r1c1,water,caspian_sea,Caspian Sea,42.0,48.355,41.99999999999999,48.355,30-45,32639,0.0,0.0,12.5,0.001,14,20,cuda:0,0.017595953896496357,bilinear,,0.021328824789467633,-0.21214370729367227,168775,169755,,,,,,0.0,0.1519861719571054,0.0,0.1519861719571054,0.1519861719571054,computed,158,True
water__caspian_sea__r1c1,water,caspian_sea,Caspian Sea,42.0,48.355,41.99999999999999,48.355,30-45,32639,0.0,0.0,12.5,0.001,14,20,cuda:0,0.017595953896496357,bicubic,,0.01972584987785937,-0.12104464434787521,168775,169755,,,,,,0.0,0.9386634980328381,0.0,0.9386634980328381,0.9386634980328381,computed,158,True
water__caspian_sea__r2c0,water,caspian_sea,Caspian Sea,42.0,48.355,42.03486407883251,48.305234107051625,30-45,32639,-4000.0,4000.0,12.5,0.001,14,20,cuda:0,0.055794185121894824,blurred_observation,12.5,0.055794185121894824,0.0,169744,169744,,,,,,0.0,0.0,0.0,0.0,0.0,computed,160,True
water__caspian_sea__r2c0,water,caspian_sea,Caspian Sea,42.0,48.355,42.03486407883251,48.305234107051625,30-45,32639,-4000.0,4000.0,12.5,0.001,14,20,cuda:0,0.055794185121894824,psf_aware_matched,12.5,0.04432302925896576,0.2055976951337809,169744,171068,22.0,65536.0,171068.0,1441792.0,0.00012860383005588422,0.26872912188991904,0.04091446194797754,1.569942360278219,0.3096435838378966,1.8795859441161156,computed,160,True
water__caspian_sea__r2c0,water,caspian_sea,Caspian Sea,42.0,48.355,42.03486407883251,48.305234107051625,30-45,32639,-4000.0,4000.0,12.5,0.001,14,20,cuda:0,0.055794185121894824,psf_aware_plus50,18.75,0.08937266553535311,-0.6018275979853209,169744,173055,48.0,65536.0,173055.0,3145728.0,0.00027736846667244516,0.4992706389166415,0.079822754021734,1.5467833369039,0.5790933929383755,2.1258767298422754,computed,160,True
water__caspian_sea__r2c0,water,caspian_sea,Caspian Sea,42.0,48.355,42.03486407883251,48.305234107051625,30-45,32639,-4000.0,4000.0,12.5,0.001,14,20,cuda:0,0.055794185121894824,psf_aware_minus50,6.25,0.06512413656750289,-0.167220856890816,169213,169213,9.0,65536.0,169213.0,589824.0,5.318740285911839e-05,0.16908093029633164,0.0210149516351521,1.5960003430955112,0.19009588193148375,1.786096225026995,computed,160,True
water__caspian_sea__r2c0,water,caspian_sea,Caspian Sea,42.0,48.355,42.03486407883251,48.305234107051625,30-45,32639,-4000.0,4000.0,12.5,0.001,14,20,cuda:0,0.055794185121894824,nearest,,0.06824103107567474,-0.22308500297274714,168764,169744,,,,,,0.0,0.12200451595708728,0.0,0.12200451595708728,0.12200451595708728,computed,160,True
water__caspian_sea__r2c0,water,caspian_sea,Caspian Sea,42.0,48.355,42.03486407883251,48.305234107051625,30-45,32639,-4000.0,4000.0,12.5,0.001,14,20,cuda:0,0.055794185121894824,bilinear,,0.07106038919525344,-0.27361639998874776,168764,169744,,,,,,0.0,0.1088456530123949,0.0,0.1088456530123949,0.1088456530123949,computed,160,True
water__caspian_sea__r2c0,water,caspian_sea,Caspian Sea,42.0,48.355,42.03486407883251,48.305234107051625,30-45,32639,-4000.0,4000.0,12.5,0.001,14,20,cuda:0,0.055794185121894824,bicubic,,0.06410943678939209,-0.14903437785372686,168764,169744,,,,,,0.0,0.8616230427287519,0.0,0.8616230427287519,0.8616230427287519,computed,160,True
water__caspian_sea__r2c1,water,caspian_sea,Caspian Sea,42.0,48.355,42.0359880756714,48.353507225684936,30-45,32639,0.0,4000.0,12.5,0.001,14,20,cuda:0,0.0005052002992535123,blurred_observation,12.5,0.0005052002992535123,0.0,169748,169748,,,,,,0.0,0.0,0.0,0.0,0.0,computed,161,True
water__caspian_sea__r2c1,water,caspian_sea,Caspian Sea,42.0,48.355,42.0359880756714,48.353507225684936,30-45,32639,0.0,4000.0,12.5,0.001,14,20,cuda:0,0.0005052002992535123,psf_aware_matched,12.5,0.0004468243280366028,0.11555015169857641,169748,171073,22.0,65536.0,171073.0,1441792.0,0.000128600071314585,0.26841540914028883,0.04038420785218477,1.512327407952398,0.3087996169924736,1.8211270249448717,computed,161,True
water__caspian_sea__r2c1,water,caspian_sea,Caspian Sea,42.0,48.355,42.0359880756714,48.353507225684936,30-45,32639,0.0,4000.0,12.5,0.001,14,20,cuda:0,0.0005052002992535123,psf_aware_plus50,18.75,0.0007079284876771809,-0.40128279560249913,169748,173065,48.0,65536.0,173065.0,3145728.0,0.00027735243983474417,0.4252378102391958,0.07986845122650266,1.539547842927277,0.5051062614656985,2.0446541043929756,computed,161,True
water__caspian_sea__r2c1,water,caspian_sea,Caspian Sea,42.0,48.355,42.0359880756714,48.353507225684936,30-45,32639,0.0,4000.0,12.5,0.001,14,20,cuda:0,0.0005052002992535123,psf_aware_minus50,6.25,0.000582047768487196,-0.15211287354190817,169217,169217,9.0,65536.0,169217.0,589824.0,5.318614560002837e-05,0.17548203328624368,0.021044086664915085,1.5631856922991574,0.19652611995115876,1.7597118122503161,computed,161,True
water__caspian_sea__r2c1,water,caspian_sea,Caspian Sea,42.0,48.355,42.0359880756714,48.353507225684936,30-45,32639,0.0,4000.0,12.5,0.001,14,20,cuda:0,0.0005052002992535123,nearest,,0.000594304111752977,-0.17637323776554603,168774,169748,,,,,,0.0,0.12081786897033453,0.0,0.12081786897033453,0.12081786897033453,computed,161,True
water__caspian_sea__r2c1,water,caspian_sea,Caspian Sea,42.0,48.355,42.0359880756714,48.353507225684936,30-45,32639,0.0,4000.0,12.5,0.001,14,20,cuda:0,0.0005052002992535123,bilinear,,0.0006008012070510946,-0.18923367214715214,168774,169748,,,,,,0.0,0.10873436322435737,0.0,0.10873436322435737,0.10873436322435737,computed,161,True
water__caspian_sea__r2c1,water,caspian_sea,Caspian Sea,42.0,48.355,42.0359880756714,48.353507225684936,30-45,32639,0.0,4000.0,12.5,0.001,14,20,cuda:0,0.0005052002992535123,bicubic,,0.0005589370424417458,-0.10636720379547526,168774,169748,,,,,,0.0,0.7535413568839431,0.0,0.7535413568839431,0.7535413568839431,computed,161,True
water__lake_constance__r0c0,water,lake_constance,Lake Constance,47.6,9.4,47.56418248428852,9.34655093568043,45-60,32632,-4000.0,-4000.0,12.5,0.001,14,20,cuda:0,0.0479569019912744,blurred_observation,12.5,0.0479569019912744,0.0,169723,169723,,,,,,0.0,0.0,0.0,0.0,0.0,computed,163,True
water__lake_constance__r0c0,water,lake_constance,Lake Constance,47.6,9.4,47.56418248428852,9.34655093568043,45-60,32632,-4000.0,-4000.0,12.5,0.001,14,20,cuda:0,0.0479569019912744,psf_aware_matched,12.5,0.04119660584872556,0.14096607290810514,169723,171056,22.0,65536.0,171056.0,1441792.0,0.0001286128519315312,0.40598457492887974,0.04042251035571098,1.4809106341563165,0.4464070852845907,1.9273177194409072,computed,163,True
water__lake_constance__r0c0,water,lake_constance,Lake Constance,47.6,9.4,47.56418248428852,9.34655093568043,45-60,32632,-4000.0,-4000.0,12.5,0.001,14,20,cuda:0,0.0479569019912744,psf_aware_plus50,18.75,0.07109988490914514,-0.48257877295913576,169723,172999,48.0,65536.0,172999.0,3145728.0,0.0002774582512037642,0.42675279919058084,0.07996583543717861,1.5314346458762884,0.5067186346277595,2.038153280504048,computed,163,True
water__lake_constance__r0c0,water,lake_constance,Lake Constance,47.6,9.4,47.56418248428852,9.34655093568043,45-60,32632,-4000.0,-4000.0,12.5,0.001,14,20,cuda:0,0.0479569019912744,psf_aware_minus50,6.25,0.05329042661697431,-0.1112149535153526,169204,169204,9.0,65536.0,169204.0,589824.0,5.3190231909411126e-05,0.16977138677611947,0.021005454007536173,1.6007148632779717,0.19077684078365564,1.7914917040616274,computed,163,True
water__lake_constance__r0c0,water,lake_constance,Lake Constance,47.6,9.4,47.56418248428852,9.34655093568043,45-60,32632,-4000.0,-4000.0,12.5,0.001,14,20,cuda:0,0.0479569019912744,nearest,,0.055343918581405194,-0.15403448270021358,168735,169723,,,,,,0.0,0.11948416195809841,0.0,0.11948416195809841,0.11948416195809841,computed,163,True
water__lake_constance__r0c0,water,lake_constance,Lake Constance,47.6,9.4,47.56418248428852,9.34655093568043,45-60,32632,-4000.0,-4000.0,12.5,0.001,14,20,cuda:0,0.0479569019912744,bilinear,,0.05725340589830958,-0.1938512189283339,168735,169723,,,,,,0.0,0.10613220371305943,0.0,0.10613220371305943,0.10613220371305943,computed,163,True
water__lake_constance__r0c0,water,lake_constance,Lake Constance,47.6,9.4,47.56418248428852,9.34655093568043,45-60,32632,-4000.0,-4000.0,12.5,0.001,14,20,cuda:0,0.0479569019912744,bicubic,,0.053395144580168086,-0.11339853833517344,168735,169723,,,,,,0.0,0.7620253651402891,0.0,0.7620253651402891,0.7620253651402891,computed,163,True
water__lake_constance__r0c1,water,lake_constance,Lake Constance,47.6,9.4,47.56400949476512,9.399725937570112,45-60,32632,0.0,-4000.0,12.5,0.001,14,20,cuda:0,0.011433681337554024,blurred_observation,12.5,0.011433681337554024,0.0,169741,169741,,,,,,0.0,0.0,0.0,0.0,0.0,computed,164,True
water__lake_constance__r0c1,water,lake_constance,Lake Constance,47.6,9.4,47.56400949476512,9.399725937570112,45-60,32632,0.0,-4000.0,12.5,0.001,14,20,cuda:0,0.011433681337554024,psf_aware_matched,12.5,0.009500842297885646,0.16904783180548788,169741,171051,22.0,65536.0,171051.0,1441792.0,0.00012861661141998587,0.26703099627047777,0.04044765792787075,1.4888477670028806,0.3074786541983485,1.796326421201229,computed,164,True
water__lake_constance__r0c1,water,lake_constance,Lake Constance,47.6,9.4,47.56400949476512,9.399725937570112,45-60,32632,0.0,-4000.0,12.5,0.001,14,20,cuda:0,0.011433681337554024,psf_aware_plus50,18.75,0.01728085027267836,-0.5113986267851685,169741,173037,48.0,65536.0,173037.0,3145728.0,0.0002773973196483989,0.4236599113792181,0.08014428336173296,1.5044034188613296,0.5038041947409511,2.0082076136022806,computed,164,True
water__lake_constance__r0c1,water,lake_constance,Lake Constance,47.6,9.4,47.56400949476512,9.399725937570112,45-60,32632,0.0,-4000.0,12.5,0.001,14,20,cuda:0,0.011433681337554024,psf_aware_minus50,6.25,0.012964499291394463,-0.1338867079330306,169179,169179,9.0,65536.0,169179.0,589824.0,5.319809196176831e-05,0.16786913387477398,0.020929761230945587,1.5436252751387656,0.18879889510571957,1.7324241702444851,computed,164,True
water__lake_constance__r0c1,water,lake_constance,Lake Constance,47.6,9.4,47.56400949476512,9.399725937570112,45-60,32632,0.0,-4000.0,12.5,0.001,14,20,cuda:0,0.011433681337554024,nearest,,0.013470837685437562,-0.17817151691926902,168748,169741,,,,,,0.0,0.12704043369740248,0.0,0.12704043369740248,0.12704043369740248,computed,164,True
water__lake_constance__r0c1,water,lake_constance,Lake Constance,47.6,9.4,47.56400949476512,9.399725937570112,45-60,32632,0.0,-4000.0,12.5,0.001,14,20,cuda:0,0.011433681337554024,bilinear,,0.01401877854484946,-0.22609491475021803,168748,169741,,,,,,0.0,0.11169257573783398,0.0,0.11169257573783398,0.11169257573783398,computed,164,True
water__lake_constance__r0c1,water,lake_constance,Lake Constance,47.6,9.4,47.56400949476512,9.399725937570112,45-60,32632,0.0,-4000.0,12.5,0.001,14,20,cuda:0,0.011433681337554024,bicubic,,0.012661811549588385,-0.10741336720663686,168748,169741,,,,,,0.0,0.8166318400762975,0.0,0.8166318400762975,0.8166318400762975,computed,164,True
water__lake_constance__r0c2,water,lake_constance,Lake Constance,47.6,9.4,47.56381185407448,9.452900407144588,45-60,32632,4000.0,-4000.0,12.5,0.001,14,20,cuda:0,0.0018138550136126308,blurred_observation,12.5,0.0018138550136126308,0.0,169724,169724,,,,,,0.0,0.0,0.0,0.0,0.0,computed,165,True
water__lake_constance__r0c2,water,lake_constance,Lake Constance,47.6,9.4,47.56381185407448,9.452900407144588,45-60,32632,4000.0,-4000.0,12.5,0.001,14,20,cuda:0,0.0018138550136126308,psf_aware_matched,12.5,0.0016040093436884507,0.11569043189743888,169724,171056,22.0,65536.0,171056.0,1441792.0,0.0001286128519315312,0.28779511293396354,0.04044522391632199,1.5245922468602657,0.32824033685028553,1.8528325837105513,computed,165,True
water__lake_constance__r0c2,water,lake_constance,Lake Constance,47.6,9.4,47.56381185407448,9.452900407144588,45-60,32632,4000.0,-4000.0,12.5,0.001,14,20,cuda:0,0.0018138550136126308,psf_aware_plus50,18.75,0.002659728182875426,-0.46634001224721966,169724,173013,48.0,65536.0,173013.0,3145728.0,0.0002774357996219937,0.4399359975941479,0.07986660674214363,1.5063354880549014,0.5198026043362916,2.026138092391193,computed,165,True
water__lake_constance__r0c2,water,lake_constance,Lake Constance,47.6,9.4,47.56381185407448,9.452900407144588,45-60,32632,4000.0,-4000.0,12.5,0.001,14,20,cuda:0,0.0018138550136126308,psf_aware_minus50,6.25,0.001986916540509604,-0.09541089315197748,169202,169202,9.0,65536.0,169202.0,589824.0,5.319086062812496e-05,0.1716896598227322,0.020881298929452896,1.4876034101471305,0.1925709587521851,1.6801743688993156,computed,165,True
water__lake_constance__r0c2,water,lake_constance,Lake Constance,47.6,9.4,47.56381185407448,9.452900407144588,45-60,32632,4000.0,-4000.0,12.5,0.001,14,20,cuda:0,0.0018138550136126308,nearest,,0.0020585767741618547,-0.13491803849405515,168740,169724,,,,,,0.0,0.11859103059396148,0.0,0.11859103059396148,0.11859103059396148,computed,165,True
water__lake_constance__r0c2,water,lake_constance,Lake Constance,47.6,9.4,47.56381185407448,9.452900407144588,45-60,32632,4000.0,-4000.0,12.5,0.001,14,20,cuda:0,0.0018138550136126308,bilinear,,0.0021239925543677166,-0.17098254183910155,168740,169724,,,,,,0.0,0.10533156804740429,0.0,0.10533156804740429,0.10533156804740429,computed,165,True
water__lake_constance__r0c2,water,lake_constance,Lake Constance,47.6,9.4,47.56381185407448,9.452900407144588,45-60,32632,4000.0,-4000.0,12.5,0.001,14,20,cuda:0,0.0018138550136126308,bicubic,,0.0020125349879356147,-0.10953465014123465,168740,169724,,,,,,0.0,0.7516241362318397,0.0,0.7516241362318397,0.7516241362318397,computed,165,True
water__lake_constance__r1c0,water,lake_constance,Lake Constance,47.6,9.4,47.600173206419115,9.346788541872023,45-60,32632,-4000.0,0.0,12.5,0.001,14,20,cuda:0,0.0099875989416486,blurred_observation,12.5,0.0099875989416486,0.0,169721,169721,,,,,,0.0,0.0,0.0,0.0,0.0,computed,166,True
water__lake_constance__r1c0,water,lake_constance,Lake Constance,47.6,9.4,47.600173206419115,9.346788541872023,45-60,32632,-4000.0,0.0,12.5,0.001,14,20,cuda:0,0.0099875989416486,psf_aware_matched,12.5,0.008716466013050986,0.127271122521445,169721,171053,22.0,65536.0,171053.0,1441792.0,0.00012861510759822978,0.274050781968981,0.04044783907011151,1.515043961815536,0.31449862103909254,1.8295425828546286,computed,166,True
water__lake_constance__r1c0,water,lake_constance,Lake Constance,47.6,9.4,47.600173206419115,9.346788541872023,45-60,32632,-4000.0,0.0,12.5,0.001,14,20,cuda:0,0.0099875989416486,psf_aware_plus50,18.75,0.01411320147712091,-0.4130725071737129,169721,173001,48.0,65536.0,173001.0,3145728.0,0.0002774550436124647,0.6800085459835827,0.07983960630372167,1.500460381153971,0.7598481522873044,2.2603085334412754,computed,166,True
water__lake_constance__r1c0,water,lake_constance,Lake Constance,47.6,9.4,47.600173206419115,9.346788541872023,45-60,32632,-4000.0,0.0,12.5,0.001,14,20,cuda:0,0.0099875989416486,psf_aware_minus50,6.25,0.01104051873083931,-0.1054227142421591,169200,169200,9.0,65536.0,169200.0,589824.0,5.319148936170213e-05,0.18811705382540822,0.021021694876253605,1.4645691527985036,0.20913874870166183,1.6737079015001655,computed,166,True
water__lake_constance__r1c0,water,lake_constance,Lake Constance,47.6,9.4,47.600173206419115,9.346788541872023,45-60,32632,-4000.0,0.0,12.5,0.001,14,20,cuda:0,0.0099875989416486,nearest,,0.011397442710145776,-0.1411594294819032,168740,169721,,,,,,0.0,0.11918548727408051,0.0,0.11918548727408051,0.11918548727408051,computed,166,True
water__lake_constance__r1c0,water,lake_constance,Lake Constance,47.6,9.4,47.600173206419115,9.346788541872023,45-60,32632,-4000.0,0.0,12.5,0.001,14,20,cuda:0,0.0099875989416486,bilinear,,0.011739746001488471,-0.17543226055397199,168740,169721,,,,,,0.0,0.106003912165761,0.0,0.106003912165761,0.106003912165761,computed,166,True
water__lake_constance__r1c0,water,lake_constance,Lake Constance,47.6,9.4,47.600173206419115,9.346788541872023,45-60,32632,-4000.0,0.0,12.5,0.001,14,20,cuda:0,0.0099875989416486,bicubic,,0.010973162899411526,-0.09867876789216012,168740,169721,,,,,,0.0,0.7541473750025034,0.0,0.7541473750025034,0.7541473750025034,computed,166,True
water__lake_constance__r1c1,water,lake_constance,Lake Constance,47.6,9.4,47.599999999999994,9.4,45-60,32632,0.0,0.0,12.5,0.001,14,20,cuda:0,0.0022569779742976056,blurred_observation,12.5,0.0022569779742976056,0.0,169746,169746,,,,,,0.0,0.0,0.0,0.0,0.0,computed,167,True
water__lake_constance__r1c1,water,lake_constance,Lake Constance,47.6,9.4,47.599999999999994,9.4,45-60,32632,0.0,0.0,12.5,0.001,14,20,cuda:0,0.0022569779742976056,psf_aware_matched,12.5,0.001974047099755513,0.12535827897485075,169746,171050,22.0,65536.0,171050.0,1441792.0,0.00012861736334405144,0.26872562570497394,0.040334062185138464,1.4893595059402287,0.3090596878901124,1.798419193830341,computed,167,True
water__lake_constance__r1c1,water,lake_constance,Lake Constance,47.6,9.4,47.599999999999994,9.4,45-60,32632,0.0,0.0,12.5,0.001,14,20,cuda:0,0.0022569779742976056,psf_aware_plus50,18.75,0.003349042171532341,-0.4838612559232425,169746,173030,48.0,65536.0,173030.0,3145728.0,0.0002774085418713518,0.4283439130522311,0.07978098513558507,1.5101132337003946,0.5081248981878161,2.0182381318882108,computed,167,True
water__lake_constance__r1c1,water,lake_constance,Lake Constance,47.6,9.4,47.599999999999994,9.4,45-60,32632,0.0,0.0,12.5,0.001,14,20,cuda:0,0.0022569779742976056,psf_aware_minus50,6.25,0.0024887659883054093,-0.10269839433410444,169175,169175,9.0,65536.0,169175.0,589824.0,5.319934978572484e-05,0.18641780456528068,0.0210911869071424,1.5034264889545739,0.20750899147242308,1.710935480426997,computed,167,True
water__lake_constance__r1c1,water,lake_constance,Lake Constance,47.6,9.4,47.599999999999994,9.4,45-60,32632,0.0,0.0,12.5,0.001,14,20,cuda:0,0.0022569779742976056,nearest,,0.002582179452042305,-0.14408712953696656,168740,169746,,,,,,0.0,0.1190755688585341,0.0,0.1190755688585341,0.1190755688585341,computed,167,True
water__lake_constance__r1c1,water,lake_constance,Lake Constance,47.6,9.4,47.599999999999994,9.4,45-60,32632,0.0,0.0,12.5,0.001,14,20,cuda:0,0.0022569779742976056,bilinear,,0.0026652644478055995,-0.18089962691596795,168740,169746,,,,,,0.0,0.10602294700220227,0.0,0.10602294700220227,0.10602294700220227,computed,167,True
water__lake_constance__r1c1,water,lake_constance,Lake Constance,47.6,9.4,47.599999999999994,9.4,45-60,32632,0.0,0.0,12.5,0.001,14,20,cuda:0,0.0022569779742976056,bicubic,,0.0025138176316350925,-0.11379803447901082,168740,169746,,,,,,0.0,0.7597871157340705,0.0,0.7597871157340705,0.7597871157340705,computed,167,True
water__lake_constance__r1c2,water,lake_constance,Lake Constance,47.6,9.4,47.59980211150753,9.45321092450264,45-60,32632,4000.0,0.0,12.5,0.001,14,20,cuda:0,0.0034596401710512664,blurred_observation,12.5,0.0034596401710512664,0.0,169733,169733,,,,,,0.0,0.0,0.0,0.0,0.0,computed,168,True
water__lake_constance__r1c2,water,lake_constance,Lake Constance,47.6,9.4,47.59980211150753,9.45321092450264,45-60,32632,4000.0,0.0,12.5,0.001,14,20,cuda:0,0.0034596401710512664,psf_aware_matched,12.5,0.0030192824867678394,0.12728424417317863,169733,171056,22.0,65536.0,171056.0,1441792.0,0.0001286128519315312,0.2673743166960776,0.04045910993590951,1.4824249222874641,0.3078334266319871,1.7902583489194512,computed,168,True
water__lake_constance__r1c2,water,lake_constance,Lake Constance,47.6,9.4,47.59980211150753,9.45321092450264,45-60,32632,4000.0,0.0,12.5,0.001,14,20,cuda:0,0.0034596401710512664,psf_aware_plus50,18.75,0.0052086385703249225,-0.5055434417453291,169733,173009,48.0,65536.0,173009.0,3145728.0,0.0002774422139888676,0.5521463649347425,0.08002384472638369,1.5059825479984283,0.6321702096611261,2.1381527576595545,computed,168,True
water__lake_constance__r1c2,water,lake_constance,Lake Constance,47.6,9.4,47.59980211150753,9.45321092450264,45-60,32632,4000.0,0.0,12.5,0.001,14,20,cuda:0,0.0034596401710512664,psf_aware_minus50,6.25,0.0040799967067813095,-0.1793124443752594,169192,169192,9.0,65536.0,169192.0,589824.0,5.319400444465459e-05,0.18689183611422777,0.021107276901602745,1.5376783581450582,0.20799911301583052,1.7456774711608887,computed,168,True
water__lake_constance__r1c2,water,lake_constance,Lake Constance,47.6,9.4,47.59980211150753,9.45321092450264,45-60,32632,4000.0,0.0,12.5,0.001,14,20,cuda:0,0.0034596401710512664,nearest,,0.004167885703667307,-0.20471653050578076,168740,169733,,,,,,0.0,0.11883910279721022,0.0,0.11883910279721022,0.11883910279721022,computed,168,True
water__lake_constance__r1c2,water,lake_constance,Lake Constance,47.6,9.4,47.59980211150753,9.45321092450264,45-60,32632,4000.0,0.0,12.5,0.001,14,20,cuda:0,0.0034596401710512664,bilinear,,0.004276874759416299,-0.2362195338125881,168740,169733,,,,,,0.0,0.11093562375754118,0.0,0.11093562375754118,0.11093562375754118,computed,168,True
water__lake_constance__r1c2,water,lake_constance,Lake Constance,47.6,9.4,47.59980211150753,9.45321092450264,45-60,32632,4000.0,0.0,12.5,0.001,14,20,cuda:0,0.0034596401710512664,bicubic,,0.003913312037533843,-0.13113267393490835,168740,169733,,,,,,0.0,0.7613768600858748,0.0,0.7613768600858748,0.7613768600858748,computed,168,True
water__lake_constance__r2c0,water,lake_constance,Lake Constance,47.6,9.4,47.63616370073636,9.347026610709834,45-60,32632,-4000.0,4000.0,12.5,0.001,14,20,cuda:0,0.00228305065797059,blurred_observation,12.5,0.00228305065797059,0.0,169712,169712,,,,,,0.0,0.0,0.0,0.0,0.0,computed,169,True
water__lake_constance__r2c0,water,lake_constance,Lake Constance,47.6,9.4,47.63616370073636,9.347026610709834,45-60,32632,-4000.0,4000.0,12.5,0.001,14,20,cuda:0,0.00228305065797059,psf_aware_matched,12.5,0.0019276553323051815,0.15566685935095292,169712,171052,22.0,65536.0,171052.0,1441792.0,0.000128615859504712,0.2740305890329182,0.04039909690618515,1.473266280721873,0.31442968593910336,1.7876959666609764,computed,169,True
water__lake_constance__r2c0,water,lake_constance,Lake Constance,47.6,9.4,47.63616370073636,9.347026610709834,45-60,32632,-4000.0,4000.0,12.5,0.001,14,20,cuda:0,0.00228305065797059,psf_aware_plus50,18.75,0.0034286519476860637,-0.5017853133113577,169712,173018,48.0,65536.0,173018.0,3145728.0,0.00027742778208047716,0.4373063859529793,0.07969981199130416,1.521967832930386,0.5170061979442835,2.0389740308746696,computed,169,True
water__lake_constance__r2c0,water,lake_constance,Lake Constance,47.6,9.4,47.63616370073636,9.347026610709834,45-60,32632,-4000.0,4000.0,12.5,0.001,14,20,cuda:0,0.00228305065797059,psf_aware_minus50,6.25,0.0025892779148056185,-0.13413073238910722,169196,169196,9.0,65536.0,169196.0,589824.0,5.3192746873448546e-05,0.1761784148402512,0.02089401427656412,1.6373597858473659,0.19707242911681533,1.8344322149641812,computed,169,True
water__lake_constance__r2c0,water,lake_constance,Lake Constance,47.6,9.4,47.63616370073636,9.347026610709834,45-60,32632,-4000.0,4000.0,12.5,0.001,14,20,cuda:0,0.00228305065797059,nearest,,0.0026881156301882033,-0.17742268258632365,168741,169712,,,,,,0.0,0.11878672381862998,0.0,0.11878672381862998,0.11878672381862998,computed,169,True
water__lake_constance__r2c0,water,lake_constance,Lake Constance,47.6,9.4,47.63616370073636,9.347026610709834,45-60,32632,-4000.0,4000.0,12.5,0.001,14,20,cuda:0,0.00228305065797059,bilinear,,0.0027800772979565676,-0.21770285221256813,168741,169712,,,,,,0.0,0.10574853979051113,0.0,0.10574853979051113,0.10574853979051113,computed,169,True
water__lake_constance__r2c0,water,lake_constance,Lake Constance,47.6,9.4,47.63616370073636,9.347026610709834,45-60,32632,-4000.0,4000.0,12.5,0.001,14,20,cuda:0,0.00228305065797059,bicubic,,0.0025694877878870673,-0.12546245039130755,168741,169712,,,,,,0.0,0.7540488210506737,0.0,0.7540488210506737,0.7540488210506737,computed,169,True
water__lake_constance__r2c1,water,lake_constance,Lake Constance,47.6,9.4,47.63599027712578,9.400274596055981,45-60,32632,0.0,4000.0,12.5,0.001,14,20,cuda:0,0.0023792729400368357,blurred_observation,12.5,0.0023792729400368357,0.0,169749,169749,,,,,,0.0,0.0,0.0,0.0,0.0,computed,170,True
water__lake_constance__r2c1,water,lake_constance,Lake Constance,47.6,9.4,47.63599027712578,9.400274596055981,45-60,32632,0.0,4000.0,12.5,0.001,14,20,cuda:0,0.0023792729400368357,psf_aware_matched,12.5,0.002129268054739699,0.10507616889606042,169749,171060,22.0,65536.0,171060.0,1441792.0,0.0001286098444990062,0.2661968506872654,0.04035414196550846,1.4886251711286604,0.30655099265277386,1.7951761637814343,computed,170,True
water__lake_constance__r2c1,water,lake_constance,Lake Constance,47.6,9.4,47.63599027712578,9.400274596055981,45-60,32632,0.0,4000.0,12.5,0.001,14,20,cuda:0,0.0023792729400368357,psf_aware_plus50,18.75,0.0034676325691399934,-0.4574337020309691,169749,173031,48.0,65536.0,173031.0,3145728.0,0.00027740693864105275,0.6679791337810457,0.07979697687551379,1.5037215440534055,0.7477761106565595,2.251497654709965,computed,170,True
water__lake_constance__r2c1,water,lake_constance,Lake Constance,47.6,9.4,47.63599027712578,9.400274596055981,45-60,32632,0.0,4000.0,12.5,0.001,14,20,cuda:0,0.0023792729400368357,psf_aware_minus50,6.25,0.0027552661633576097,-0.15802862168261922,169168,169168,9.0,65536.0,169168.0,589824.0,5.3201551120779344e-05,0.16850891802459955,0.021257801912724972,1.4612970012240112,0.18976671993732452,1.6510637211613357,computed,170,True
water__lake_constance__r2c1,water,lake_constance,Lake Constance,47.6,9.4,47.63599027712578,9.400274596055981,45-60,32632,0.0,4000.0,12.5,0.001,14,20,cuda:0,0.0023792729400368357,nearest,,0.0028373177249139793,-0.1925146027466913,168739,169749,,,,,,0.0,0.11854938371106982,0.0,0.11854938371106982,0.11854938371106982,computed,170,True
water__lake_constance__r2c1,water,lake_constance,Lake Constance,47.6,9.4,47.63599027712578,9.400274596055981,45-60,32632,0.0,4000.0,12.5,0.001,14,20,cuda:0,0.0023792729400368357,bilinear,,0.002903619340506105,-0.22038093723755448,168739,169749,,,,,,0.0,0.10643951781094074,0.0,0.10643951781094074,0.10643951781094074,computed,170,True
water__lake_constance__r2c1,water,lake_constance,Lake Constance,47.6,9.4,47.63599027712578,9.400274596055981,45-60,32632,0.0,4000.0,12.5,0.001,14,20,cuda:0,0.0023792729400368357,bicubic,,0.002676111875250015,-0.12476035439993849,168739,169749,,,,,,0.0,0.7556192260235548,0.0,0.7556192260235548,0.7556192260235548,computed,170,True
water__lake_constance__r2c2,water,lake_constance,Lake Constance,47.6,9.4,47.63579214049363,9.453522046462153,45-60,32632,4000.0,4000.0,12.5,0.001,14,20,cuda:0,0.004690468203444653,blurred_observation,12.5,0.004690468203444653,0.0,169728,169728,,,,,,0.0,0.0,0.0,0.0,0.0,computed,171,True
water__lake_constance__r2c2,water,lake_constance,Lake Constance,47.6,9.4,47.63579214049363,9.453522046462153,45-60,32632,4000.0,4000.0,12.5,0.001,14,20,cuda:0,0.004690468203444653,psf_aware_matched,12.5,0.0041410519761740025,0.1171346235472106,169728,171056,22.0,65536.0,171056.0,1441792.0,0.0001286128519315312,0.2687460598535836,0.04043670790269971,1.4868172872811556,0.3091827677562833,1.7960000550374389,computed,171,True
water__lake_constance__r2c2,water,lake_constance,Lake Constance,47.6,9.4,47.63579214049363,9.453522046462153,45-60,32632,4000.0,4000.0,12.5,0.001,14,20,cuda:0,0.004690468203444653,psf_aware_plus50,18.75,0.006985249102828164,-0.4892434613879777,169728,173016,48.0,65536.0,173016.0,3145728.0,0.00027743098904147595,0.4294966938905418,0.08101307973265648,1.5927879866212606,0.5105097736231983,2.103297760244459,computed,171,True
water__lake_constance__r2c2,water,lake_constance,Lake Constance,47.6,9.4,47.63579214049363,9.453522046462153,45-60,32632,4000.0,4000.0,12.5,0.001,14,20,cuda:0,0.004690468203444653,psf_aware_minus50,6.25,0.005106267425222009,-0.08864770077153383,169175,169175,9.0,65536.0,169175.0,589824.0,5.319934978572484e-05,0.4183182818815112,0.02096367534250021,1.5486860983073711,0.4392819572240114,1.9879680555313826,computed,171,True
water__lake_constance__r2c2,water,lake_constance,Lake Constance,47.6,9.4,47.63579214049363,9.453522046462153,45-60,32632,4000.0,4000.0,12.5,0.001,14,20,cuda:0,0.004690468203444653,nearest,,0.005285571792591432,-0.12687509291923948,168738,169728,,,,,,0.0,0.11921701906248927,0.0,0.11921701906248927,0.11921701906248927,computed,171,True
water__lake_constance__r2c2,water,lake_constance,Lake Constance,47.6,9.4,47.63579214049363,9.453522046462153,45-60,32632,4000.0,4000.0,12.5,0.001,14,20,cuda:0,0.004690468203444653,bilinear,,0.0054920698112949275,-0.17090012618816663,168738,169728,,,,,,0.0,0.10620835097506642,0.0,0.10620835097506642,0.10620835097506642,computed,171,True
water__lake_constance__r2c2,water,lake_constance,Lake Constance,47.6,9.4,47.63579214049363,9.453522046462153,45-60,32632,4000.0,4000.0,12.5,0.001,14,20,cuda:0,0.004690468203444653,bicubic,,0.005175834152804104,-0.1034792110951741,168738,169728,,,,,,0.0,0.7535802242346108,0.0,0.7535802242346108,0.7535802242346108,computed,171,True
water__lake_baikal__r0c0,water,lake_baikal,Lake Baikal,53.5,108.0,53.46256867747913,107.94236810894071,45-60,32649,-4000.0,-4000.0,12.5,0.001,14,20,cuda:0,0.00024277387308466525,blurred_observation,12.5,0.00024277387308466525,0.0,169335,169335,,,,,,0.0,0.0,0.0,0.0,0.0,computed,172,True
water__lake_baikal__r0c0,water,lake_baikal,Lake Baikal,53.5,108.0,53.46256867747913,107.94236810894071,45-60,32649,-4000.0,-4000.0,12.5,0.001,14,20,cuda:0,0.00024277387308466525,psf_aware_matched,12.5,0.0001919154869467425,0.20948871265149005,169335,170652,22.0,65536.0,170652.0,1441792.0,0.0001289173288329466,0.27902493672445416,0.040418462827801704,1.5179377403110266,0.31944339955225587,1.8373811398632824,computed,172,True
water__lake_baikal__r0c0,water,lake_baikal,Lake Baikal,53.5,108.0,53.46256867747913,107.94236810894071,45-60,32649,-4000.0,-4000.0,12.5,0.001,14,20,cuda:0,0.00024277387308466525,psf_aware_plus50,18.75,0.0003888923175207151,-0.6018705496579211,169335,172630,48.0,65536.0,172630.0,3145728.0,0.00027805132364015523,0.43152026599273086,0.08075959980487823,1.5418220260180533,0.5122798657976091,2.0541018918156624,computed,172,True
water__lake_baikal__r0c0,water,lake_baikal,Lake Baikal,53.5,108.0,53.46256867747913,107.94236810894071,45-60,32649,-4000.0,-4000.0,12.5,0.001,14,20,cuda:0,0.00024277387308466525,psf_aware_minus50,6.25,0.0002909063279887098,-0.19826044002378618,168802,168802,9.0,65536.0,168802.0,589824.0,5.3316903828153693e-05,0.1709183920174837,0.020998732186853886,1.4987516007386148,0.1919171242043376,1.6906687249429524,computed,172,True
water__lake_baikal__r0c0,water,lake_baikal,Lake Baikal,53.5,108.0,53.46256867747913,107.94236810894071,45-60,32649,-4000.0,-4000.0,12.5,0.001,14,20,cuda:0,0.00024277387308466525,nearest,,0.00030466707183689624,-0.2549417610957101,168354,169335,,,,,,0.0,0.12064806977286935,0.0,0.12064806977286935,0.12064806977286935,computed,172,True
water__lake_baikal__r0c0,water,lake_baikal,Lake Baikal,53.5,108.0,53.46256867747913,107.94236810894071,45-60,32649,-4000.0,-4000.0,12.5,0.001,14,20,cuda:0,0.00024277387308466525,bilinear,,0.00031598954372945065,-0.3015796951892433,168354,169335,,,,,,0.0,0.10719580110162497,0.0,0.10719580110162497,0.10719580110162497,computed,172,True
water__lake_baikal__r0c0,water,lake_baikal,Lake Baikal,53.5,108.0,53.46256867747913,107.94236810894071,45-60,32649,-4000.0,-4000.0,12.5,0.001,14,20,cuda:0,0.00024277387308466525,bicubic,,0.0002807158006997589,-0.15628505297133732,168354,169335,,,,,,0.0,0.7582826600410044,0.0,0.7582826600410044,0.7582826600410044,computed,172,True
water__lake_baikal__r0c1,water,lake_baikal,Lake Baikal,53.5,108.0,53.4640944791155,108.00253422709692,45-60,32649,0.0,-4000.0,12.5,0.001,14,20,cuda:0,0.00023226929848208083,blurred_observation,12.5,0.00023226929848208083,0.0,169343,169343,,,,,,0.0,0.0,0.0,0.0,0.0,computed,173,True
water__lake_baikal__r0c1,water,lake_baikal,Lake Baikal,53.5,108.0,53.4640944791155,108.00253422709692,45-60,32649,0.0,-4000.0,12.5,0.001,14,20,cuda:0,0.00023226929848208083,psf_aware_matched,12.5,0.00018849536853152033,0.18846197167094636,169343,170661,22.0,65536.0,170661.0,1441792.0,0.00012891053023244913,0.2695361962541938,0.04033586708828807,1.4982152851298451,0.30987206334248185,1.808087348472327,computed,173,True
water__lake_baikal__r0c1,water,lake_baikal,Lake Baikal,53.5,108.0,53.4640944791155,108.00253422709692,45-60,32649,0.0,-4000.0,12.5,0.001,14,20,cuda:0,0.00023226929848208083,psf_aware_plus50,18.75,0.0003727687575905581,-0.6048989686827533,169343,172639,48.0,65536.0,172639.0,3145728.0,0.0002780368282948812,0.4288427447900176,0.08105296595022082,1.5321281258948147,0.5098957107402384,2.042023836635053,computed,173,True
water__lake_baikal__r0c1,water,lake_baikal,Lake Baikal,53.5,108.0,53.4640944791155,108.00253422709692,45-60,32649,0.0,-4000.0,12.5,0.001,14,20,cuda:0,0.00023226929848208083,psf_aware_minus50,6.25,0.00027980068778507425,-0.20463913919583465,168803,168803,9.0,65536.0,168803.0,589824.0,5.331658797533219e-05,0.18658536579459906,0.02114712307229638,1.4843416069634259,0.20773248886689544,1.6920740958303213,computed,173,True
water__lake_baikal__r0c1,water,lake_baikal,Lake Baikal,53.5,108.0,53.4640944791155,108.00253422709692,45-60,32649,0.0,-4000.0,12.5,0.001,14,20,cuda:0,0.00023226929848208083,nearest,,0.0002920622600130635,-0.2574294662348393,168363,169343,,,,,,0.0,0.11999570392072201,0.0,0.11999570392072201,0.11999570392072201,computed,173,True
water__lake_baikal__r0c1,water,lake_baikal,Lake Baikal,53.5,108.0,53.4640944791155,108.00253422709692,45-60,32649,0.0,-4000.0,12.5,0.001,14,20,cuda:0,0.00023226929848208083,bilinear,,0.00030169454378072745,-0.29889979326735117,168363,169343,,,,,,0.0,0.10680223535746336,0.0,0.10680223535746336,0.10680223535746336,computed,173,True
water__lake_baikal__r0c1,water,lake_baikal,Lake Baikal,53.5,108.0,53.4640944791155,108.00253422709692,45-60,32649,0.0,-4000.0,12.5,0.001,14,20,cuda:0,0.00023226929848208083,bicubic,,0.00026923099212365886,-0.15913292838583892,168363,169343,,,,,,0.0,0.7489507463760674,0.0,0.7489507463760674,0.7489507463760674,computed,173,True
water__lake_baikal__r0c2,water,lake_baikal,Lake Baikal,53.5,108.0,53.46559001346179,108.06270579270809,45-60,32649,4000.0,-4000.0,12.5,0.001,14,20,cuda:0,0.0002696861188579211,blurred_observation,12.5,0.0002696861188579211,0.0,169351,169351,,,,,,0.0,0.0,0.0,0.0,0.0,computed,174,True
water__lake_baikal__r0c2,water,lake_baikal,Lake Baikal,53.5,108.0,53.46559001346179,108.06270579270809,45-60,32649,4000.0,-4000.0,12.5,0.001,14,20,cuda:0,0.0002696861188579211,psf_aware_matched,12.5,0.00021131011204805728,0.21645907122352892,169351,170670,22.0,65536.0,170670.0,1441792.0,0.00012890373234897756,0.27730053197592497,0.040335796773433685,1.4977173521183431,0.31763632874935865,1.8153536808677018,computed,174,True
water__lake_baikal__r0c2,water,lake_baikal,Lake Baikal,53.5,108.0,53.46559001346179,108.06270579270809,45-60,32649,4000.0,-4000.0,12.5,0.001,14,20,cuda:0,0.0002696861188579211,psf_aware_plus50,18.75,0.00043735428878384464,-0.6217159809187518,169351,172642,48.0,65536.0,172642.0,3145728.0,0.0002780319968489707,0.4249647199176252,0.07988521410152316,1.5183792649768293,0.5048499340191483,2.0232291989959776,computed,174,True
water__lake_baikal__r0c2,water,lake_baikal,Lake Baikal,53.5,108.0,53.46559001346179,108.06270579270809,45-60,32649,4000.0,-4000.0,12.5,0.001,14,20,cuda:0,0.0002696861188579211,psf_aware_minus50,6.25,0.0003276088403060443,-0.2147782825954001,168810,168810,9.0,65536.0,168810.0,589824.0,5.331437711036076e-05,0.18868912989273667,0.021046172361820936,1.48674825578928,0.2097353022545576,1.6964835580438375,computed,174,True
water__lake_baikal__r0c2,water,lake_baikal,Lake Baikal,53.5,108.0,53.46559001346179,108.06270579270809,45-60,32649,4000.0,-4000.0,12.5,0.001,14,20,cuda:0,0.0002696861188579211,nearest,,0.0003417525664759361,-0.26722342226290774,168371,169351,,,,,,0.0,0.12026935210451484,0.0,0.12026935210451484,0.12026935210451484,computed,174,True
water__lake_baikal__r0c2,water,lake_baikal,Lake Baikal,53.5,108.0,53.46559001346179,108.06270579270809,45-60,32649,4000.0,-4000.0,12.5,0.001,14,20,cuda:0,0.0002696861188579211,bilinear,,0.0003540311410507761,-0.3127525530421924,168371,169351,,,,,,0.0,0.10677186772227287,0.0,0.10677186772227287,0.10677186772227287,computed,174,True
water__lake_baikal__r0c2,water,lake_baikal,Lake Baikal,53.5,108.0,53.46559001346179,108.06270579270809,45-60,32649,4000.0,-4000.0,12.5,0.001,14,20,cuda:0,0.0002696861188579211,bicubic,,0.00031297621327915206,-0.16052029153208847,168371,169351,,,,,,0.0,0.7464861576445401,0.0,0.7464861576445401,0.7464861576445401,computed,174,True
water__lake_baikal__r1c0,water,lake_baikal,Lake Baikal,53.5,108.0,53.49847221009595,107.93978320563744,45-60,32649,-4000.0,0.0,12.5,0.001,14,20,cuda:0,0.00024329589328505455,blurred_observation,12.5,0.00024329589328505455,0.0,169334,169334,,,,,,0.0,0.0,0.0,0.0,0.0,computed,175,True
water__lake_baikal__r1c0,water,lake_baikal,Lake Baikal,53.5,108.0,53.49847221009595,107.93978320563744,45-60,32649,-4000.0,0.0,12.5,0.001,14,20,cuda:0,0.00024329589328505455,psf_aware_matched,12.5,0.0001918268802107268,0.21154904170135225,169334,170658,22.0,65536.0,170658.0,1441792.0,0.0001289127963529398,0.2779418369755149,0.040382425766438246,1.627536972053349,0.31832426274195313,1.9458612347953022,computed,175,True
water__lake_baikal__r1c0,water,lake_baikal,Lake Baikal,53.5,108.0,53.49847221009595,107.93978320563744,45-60,32649,-4000.0,0.0,12.5,0.001,14,20,cuda:0,0.00024329589328505455,psf_aware_plus50,18.75,0.0003907200089601875,-0.6059457629332254,169334,172628,48.0,65536.0,172628.0,3145728.0,0.0002780545450332507,0.42436558613553643,0.07988020405173302,1.624639824964106,0.5042457901872694,2.1288856151513755,computed,175,True
water__lake_baikal__r1c0,water,lake_baikal,Lake Baikal,53.5,108.0,53.49847221009595,107.93978320563744,45-60,32649,-4000.0,0.0,12.5,0.001,14,20,cuda:0,0.00024329589328505455,psf_aware_minus50,6.25,0.000294347110732326,-0.2098318091520679,168798,168798,9.0,65536.0,168798.0,589824.0,5.331816727686347e-05,0.1962046753615141,0.021105503663420677,1.5788706680759788,0.21731017902493477,1.7961808471009135,computed,175,True
water__lake_baikal__r1c0,water,lake_baikal,Lake Baikal,53.5,108.0,53.49847221009595,107.93978320563744,45-60,32649,-4000.0,0.0,12.5,0.001,14,20,cuda:0,0.00024329589328505455,nearest,,0.0003068514602326741,-0.2612274547238471,168354,169334,,,,,,0.0,0.12010758509859443,0.0,0.12010758509859443,0.12010758509859443,computed,175,True
water__lake_baikal__r1c0,water,lake_baikal,Lake Baikal,53.5,108.0,53.49847221009595,107.93978320563744,45-60,32649,-4000.0,0.0,12.5,0.001,14,20,cuda:0,0.00024329589328505455,bilinear,,0.00031750123915813555,-0.3050004045326784,168354,169334,,,,,,0.0,0.10758430603891611,0.0,0.10758430603891611,0.10758430603891611,computed,175,True
water__lake_baikal__r1c0,water,lake_baikal,Lake Baikal,53.5,108.0,53.49847221009595,107.93978320563744,45-60,32649,-4000.0,0.0,12.5,0.001,14,20,cuda:0,0.00024329589328505455,bicubic,,0.00028136312372719247,-0.15646474721846992,168354,169334,,,,,,0.0,0.7508339821361005,0.0,0.7508339821361005,0.7508339821361005,computed,175,True
water__lake_baikal__r1c1,water,lake_baikal,Lake Baikal,53.5,108.0,53.499999999999986,108.0,45-60,32649,0.0,0.0,12.5,0.001,14,20,cuda:0,0.0002550655236426486,blurred_observation,12.5,0.0002550655236426486,0.0,169342,169342,,,,,,0.0,0.0,0.0,0.0,0.0,computed,176,True
water__lake_baikal__r1c1,water,lake_baikal,Lake Baikal,53.5,108.0,53.499999999999986,108.0,45-60,32649,0.0,0.0,12.5,0.001,14,20,cuda:0,0.0002550655236426486,psf_aware_matched,12.5,0.00020350933936613631,0.20212917661401952,169342,170660,22.0,65536.0,170660.0,1441792.0,0.00012891128559709364,0.2715791347436607,0.04041125997900963,1.513845669105649,0.3119903947226703,1.8258360638283193,computed,176,True
water__lake_baikal__r1c1,water,lake_baikal,Lake Baikal,53.5,108.0,53.499999999999986,108.0,45-60,32649,0.0,0.0,12.5,0.001,14,20,cuda:0,0.0002550655236426486,psf_aware_plus50,18.75,0.00040828733516521174,-0.6007154919816982,169342,172636,48.0,65536.0,172636.0,3145728.0,0.00027804165990870963,0.427531402092427,0.07978950208052993,1.5628923643380404,0.5073209041729569,2.0702132685109973,computed,176,True
water__lake_baikal__r1c1,water,lake_baikal,Lake Baikal,53.5,108.0,53.499999999999986,108.0,45-60,32649,0.0,0.0,12.5,0.001,14,20,cuda:0,0.0002550655236426486,psf_aware_minus50,6.25,0.0003087224042047748,-0.21036508500184614,168802,168802,9.0,65536.0,168802.0,589824.0,5.3316903828153693e-05,0.16858928091824055,0.021321733947843313,1.5768834939226508,0.18991101486608386,1.7667945087887347,computed,176,True
water__lake_baikal__r1c1,water,lake_baikal,Lake Baikal,53.5,108.0,53.499999999999986,108.0,45-60,32649,0.0,0.0,12.5,0.001,14,20,cuda:0,0.0002550655236426486,nearest,,0.0003209969314037457,-0.25848812030538526,168365,169342,,,,,,0.0,0.12056693527847528,0.0,0.12056693527847528,0.12056693527847528,computed,176,True
water__lake_baikal__r1c1,water,lake_baikal,Lake Baikal,53.5,108.0,53.499999999999986,108.0,45-60,32649,0.0,0.0,12.5,0.001,14,20,cuda:0,0.0002550655236426486,bilinear,,0.0003315673471513796,-0.29993008234194507,168365,169342,,,,,,0.0,0.1072820839472115,0.0,0.1072820839472115,0.1072820839472115,computed,176,True
water__lake_baikal__r1c1,water,lake_baikal,Lake Baikal,53.5,108.0,53.499999999999986,108.0,45-60,32649,0.0,0.0,12.5,0.001,14,20,cuda:0,0.0002550655236426486,bicubic,,0.0002947648025871231,-0.15564345340569785,168365,169342,,,,,,0.0,0.7459131218492985,0.0,0.7459131218492985,0.7459131218492985,computed,176,True
water__lake_baikal__r1c2,water,lake_baikal,Lake Baikal,53.5,108.0,53.50149748331145,108.0602222575994,45-60,32649,4000.0,0.0,12.5,0.001,14,20,cuda:0,0.0002911889301205539,blurred_observation,12.5,0.0002911889301205539,0.0,169350,169350,,,,,,0.0,0.0,0.0,0.0,0.0,computed,177,True
water__lake_baikal__r1c2,water,lake_baikal,Lake Baikal,53.5,108.0,53.50149748331145,108.0602222575994,45-60,32649,4000.0,0.0,12.5,0.001,14,20,cuda:0,0.0002911889301205539,psf_aware_matched,12.5,0.00023262282380610177,0.20112751638671633,169350,170674,22.0,65536.0,170674.0,1441792.0,0.00012890071129756142,0.2840703739784658,0.040327311027795076,1.5272912248037755,0.32439768500626087,1.8516889098100364,computed,177,True
water__lake_baikal__r1c2,water,lake_baikal,Lake Baikal,53.5,108.0,53.50149748331145,108.0602222575994,45-60,32649,4000.0,0.0,12.5,0.001,14,20,cuda:0,0.0002911889301205539,psf_aware_plus50,18.75,0.00046308849666817757,-0.5903368870391339,169350,172638,48.0,65536.0,172638.0,3145728.0,0.0002780384388141661,0.7109777736477554,0.07987532578408718,1.5268053049221635,0.7908530994318426,2.317658404354006,computed,177,True
water__lake_baikal__r1c2,water,lake_baikal,Lake Baikal,53.5,108.0,53.50149748331145,108.0602222575994,45-60,32649,4000.0,0.0,12.5,0.001,14,20,cuda:0,0.0002911889301205539,psf_aware_minus50,6.25,0.00035029750090944734,-0.20299044597753824,168807,168807,9.0,65536.0,168807.0,589824.0,5.331532460146795e-05,0.1696375566534698,0.02102914871647954,1.4942045980133116,0.19066670536994934,1.684871303383261,computed,177,True
water__lake_baikal__r1c2,water,lake_baikal,Lake Baikal,53.5,108.0,53.50149748331145,108.0602222575994,45-60,32649,4000.0,0.0,12.5,0.001,14,20,cuda:0,0.0002911889301205539,nearest,,0.0003660879869635919,-0.2572180776653472,168366,169350,,,,,,0.0,0.11988293984904885,0.0,0.11988293984904885,0.11988293984904885,computed,177,True
water__lake_baikal__r1c2,water,lake_baikal,Lake Baikal,53.5,108.0,53.50149748331145,108.0602222575994,45-60,32649,4000.0,0.0,12.5,0.001,14,20,cuda:0,0.0002911889301205539,bilinear,,0.0003782948548867849,-0.29913886056784045,168366,169350,,,,,,0.0,0.10745044285431504,0.0,0.10745044285431504,0.10745044285431504,computed,177,True
water__lake_baikal__r1c2,water,lake_baikal,Lake Baikal,53.5,108.0,53.50149748331145,108.0602222575994,45-60,32649,4000.0,0.0,12.5,0.001,14,20,cuda:0,0.0002911889301205539,bicubic,,0.00033659030013881804,-0.1559172252855483,168366,169350,,,,,,0.0,0.7488806718029082,0.0,0.7488806718029082,0.7488806718029082,computed,177,True
water__lake_baikal__r2c0,water,lake_baikal,Lake Baikal,53.5,108.0,53.5343754391084,107.93719273032696,45-60,32649,-4000.0,4000.0,12.5,0.001,14,20,cuda:0,0.00025499443717718674,blurred_observation,12.5,0.00025499443717718674,0.0,169336,169336,,,,,,0.0,0.0,0.0,0.0,0.0,computed,178,True
water__lake_baikal__r2c0,water,lake_baikal,Lake Baikal,53.5,108.0,53.5343754391084,107.93719273032696,45-60,32649,-4000.0,4000.0,12.5,0.001,14,20,cuda:0,0.00025499443717718674,psf_aware_matched,12.5,0.00020584638033125388,0.19274168248533818,169336,170655,22.0,65536.0,170655.0,1441792.0,0.00012891506255310422,0.2803040398284793,0.0404245937243104,1.5488717188127339,0.3207286335527897,1.8696003523655236,computed,178,True
water__lake_baikal__r2c0,water,lake_baikal,Lake Baikal,53.5,108.0,53.5343754391084,107.93719273032696,45-60,32649,-4000.0,4000.0,12.5,0.001,14,20,cuda:0,0.00025499443717718674,psf_aware_plus50,18.75,0.0004077781011159271,-0.5991646940618409,169336,172630,48.0,65536.0,172630.0,3145728.0,0.00027805132364015523,0.4352749581448734,0.07969444198533893,1.5244094370864332,0.5149694001302123,2.0393788372166455,computed,178,True
water__lake_baikal__r2c0,water,lake_baikal,Lake Baikal,53.5,108.0,53.5343754391084,107.93719273032696,45-60,32649,-4000.0,4000.0,12.5,0.001,14,20,cuda:0,0.00025499443717718674,psf_aware_minus50,6.25,0.00030684223251819235,-0.2033291232348664,168795,168795,9.0,65536.0,168795.0,589824.0,5.3319114902692615e-05,0.35796654503792524,0.02102738618850708,1.4909324813634157,0.3789939312264323,1.869926412589848,computed,178,True
water__lake_baikal__r2c0,water,lake_baikal,Lake Baikal,53.5,108.0,53.5343754391084,107.93719273032696,45-60,32649,-4000.0,4000.0,12.5,0.001,14,20,cuda:0,0.00025499443717718674,nearest,,0.0003192804732140082,-0.2521076018303543,168354,169336,,,,,,0.0,0.11948568793013692,0.0,0.11948568793013692,0.11948568793013692,computed,178,True
water__lake_baikal__r2c0,water,lake_baikal,Lake Baikal,53.5,108.0,53.5343754391084,107.93719273032696,45-60,32649,-4000.0,4000.0,12.5,0.001,14,20,cuda:0,0.00025499443717718674,bilinear,,0.00032995842176809575,-0.2939828233931987,168354,169336,,,,,,0.0,0.10805002925917506,0.0,0.10805002925917506,0.10805002925917506,computed,178,True
water__lake_baikal__r2c0,water,lake_baikal,Lake Baikal,53.5,108.0,53.5343754391084,107.93719273032696,45-60,32649,-4000.0,4000.0,12.5,0.001,14,20,cuda:0,0.00025499443717718674,bicubic,,0.00029459369187273294,-0.15529458263448337,168354,169336,,,,,,0.0,0.7525726347230375,0.0,0.7525726347230375,0.7525726347230375,computed,178,True
water__lake_baikal__r2c1,water,lake_baikal,Lake Baikal,53.5,108.0,53.535905220627086,107.99746030965586,45-60,32649,0.0,4000.0,12.5,0.001,14,20,cuda:0,0.0002818251070279724,blurred_observation,12.5,0.0002818251070279724,0.0,169341,169341,,,,,,0.0,0.0,0.0,0.0,0.0,computed,179,True
water__lake_baikal__r2c1,water,lake_baikal,Lake Baikal,53.5,108.0,53.535905220627086,107.99746030965586,45-60,32649,0.0,4000.0,12.5,0.001,14,20,cuda:0,0.0002818251070279724,psf_aware_matched,12.5,0.00021751675882849202,0.22818530569420659,169341,170664,22.0,65536.0,170664.0,1441792.0,0.000128908264191628,0.27533997828140855,0.04036199627444148,1.5635437369346619,0.31570197455585003,1.879245711490512,computed,179,True
water__lake_baikal__r2c1,water,lake_baikal,Lake Baikal,53.5,108.0,53.535905220627086,107.99746030965586,45-60,32649,0.0,4000.0,12.5,0.001,14,20,cuda:0,0.0002818251070279724,psf_aware_plus50,18.75,0.00045444408611007586,-0.6125039067756666,169341,172631,48.0,65536.0,172631.0,3145728.0,0.00027804971297159837,0.48255766183137894,0.07970068510621786,1.5541454181075096,0.5622583469375968,2.1164037650451064,computed,179,True
water__lake_baikal__r2c1,water,lake_baikal,Lake Baikal,53.5,108.0,53.535905220627086,107.99746030965586,45-60,32649,0.0,4000.0,12.5,0.001,14,20,cuda:0,0.0002818251070279724,psf_aware_minus50,6.25,0.0003408461219482662,-0.20942426153123295,168809,168809,9.0,65536.0,168809.0,589824.0,5.331469293698796e-05,0.16830964060500264,0.021047343965619802,1.5846813432872295,0.18935698457062244,1.774038327857852,computed,179,True
water__lake_baikal__r2c1,water,lake_baikal,Lake Baikal,53.5,108.0,53.535905220627086,107.99746030965586,45-60,32649,0.0,4000.0,12.5,0.001,14,20,cuda:0,0.0002818251070279724,nearest,,0.0003558204957518311,-0.26255783064961036,168360,169341,,,,,,0.0,0.12064995290711522,0.0,0.12064995290711522,0.12064995290711522,computed,179,True
water__lake_baikal__r2c1,water,lake_baikal,Lake Baikal,53.5,108.0,53.535905220627086,107.99746030965586,45-60,32649,0.0,4000.0,12.5,0.001,14,20,cuda:0,0.0002818251070279724,bilinear,,0.0003686468177264808,-0.3080694676712781,168360,169341,,,,,,0.0,0.10701038036495447,0.0,0.10701038036495447,0.10701038036495447,computed,179,True
water__lake_baikal__r2c1,water,lake_baikal,Lake Baikal,53.5,108.0,53.535905220627086,107.99746030965586,45-60,32649,0.0,4000.0,12.5,0.001,14,20,cuda:0,0.0002818251070279724,bicubic,,0.000325797690367382,-0.15602791320875853,168360,169341,,,,,,0.0,0.7872090879827738,0.0,0.7872090879827738,0.7872090879827738,computed,179,True
water__lake_baikal__r2c2,water,lake_baikal,Lake Baikal,53.5,108.0,53.53740465618505,108.05773336806578,45-60,32649,4000.0,4000.0,12.5,0.001,14,20,cuda:0,0.00026881517761747107,blurred_observation,12.5,0.00026881517761747107,0.0,169344,169344,,,,,,0.0,0.0,0.0,0.0,0.0,computed,180,True
water__lake_baikal__r2c2,water,lake_baikal,Lake Baikal,53.5,108.0,53.53740465618505,108.05773336806578,45-60,32649,4000.0,4000.0,12.5,0.001,14,20,cuda:0,0.00026881517761747107,psf_aware_matched,12.5,0.00021374107580659701,0.20487720335957194,169344,170670,22.0,65536.0,170670.0,1441792.0,0.00012890373234897756,0.2720165029168129,0.040463990066200495,1.525178954936564,0.3124804929830134,1.8376594479195774,computed,180,True
water__lake_baikal__r2c2,water,lake_baikal,Lake Baikal,53.5,108.0,53.53740465618505,108.05773336806578,45-60,32649,4000.0,4000.0,12.5,0.001,14,20,cuda:0,0.00026881517761747107,psf_aware_plus50,18.75,0.00043341908013187774,-0.6123311338790589,169344,172634,48.0,65536.0,172634.0,3145728.0,0.0002780448810778873,0.4285924006253481,0.0797944818623364,1.637406264897436,0.5083868824876845,2.1457931473851204,computed,180,True
water__lake_baikal__r2c2,water,lake_baikal,Lake Baikal,53.5,108.0,53.53740465618505,108.05773336806578,45-60,32649,4000.0,4000.0,12.5,0.001,14,20,cuda:0,0.00026881517761747107,psf_aware_minus50,6.25,0.0003228420506501358,-0.20098148293377216,168814,168814,9.0,65536.0,168814.0,589824.0,5.331311384126909e-05,0.3950771130621433,0.021786103025078773,1.5761103387922049,0.4168632160872221,1.992973554879427,computed,180,True
water__lake_baikal__r2c2,water,lake_baikal,Lake Baikal,53.5,108.0,53.53740465618505,108.05773336806578,45-60,32649,4000.0,4000.0,12.5,0.001,14,20,cuda:0,0.00026881517761747107,nearest,,0.0003371725216089554,-0.25429123681683663,168365,169344,,,,,,0.0,0.12120106676593423,0.0,0.12120106676593423,0.12120106676593423,computed,180,True
water__lake_baikal__r2c2,water,lake_baikal,Lake Baikal,53.5,108.0,53.53740465618505,108.05773336806578,45-60,32649,4000.0,4000.0,12.5,0.001,14,20,cuda:0,0.00026881517761747107,bilinear,,0.00034947186546815045,-0.3000451409237588,168365,169344,,,,,,0.0,0.10936048021540046,0.0,0.10936048021540046,0.10936048021540046,computed,180,True
water__lake_baikal__r2c2,water,lake_baikal,Lake Baikal,53.5,108.0,53.53740465618505,108.05773336806578,45-60,32649,4000.0,4000.0,12.5,0.001,14,20,cuda:0,0.00026881517761747107,bicubic,,0.00031073508488579406,-0.15594323073519223,168365,169344,,,,,,0.0,0.7784624309279025,0.0,0.7784624309279025,0.7784624309279025,computed,180,True
forest__amazon__r0c0,forest,amazon,"Amazon, Brazil",-3.0,-60.0,-3.0360374009743705,-60.03604610728331,00-15,32721,-4000.0,-4000.0,12.5,0.001,14,20,cuda:0,0.03696571285897422,blurred_observation,12.5,0.03696571285897422,0.0,170470,170470,,,,,,0.0,0.0,0.0,0.0,0.0,computed,181,True
forest__amazon__r0c0,forest,amazon,"Amazon, Brazil",-3.0,-60.0,-3.0360374009743705,-60.03604610728331,00-15,32721,-4000.0,-4000.0,12.5,0.001,14,20,cuda:0,0.03696571285897422,psf_aware_matched,12.5,0.03019806435572556,0.1830790746297124,170470,171809,22.0,65536.0,171809.0,1441792.0,0.00012804917088161854,0.2846486191265285,0.04201980587095022,2.8709254707209766,0.3266684249974787,3.1975938957184553,computed,181,True
forest__amazon__r0c0,forest,amazon,"Amazon, Brazil",-3.0,-60.0,-3.0360374009743705,-60.03604610728331,00-15,32721,-4000.0,-4000.0,12.5,0.001,14,20,cuda:0,0.03696571285897422,psf_aware_plus50,18.75,0.05698493001105196,-0.5415617772191195,170470,173808,48.0,65536.0,173808.0,3145728.0,0.00027616680475006904,0.4491688027046621,0.07997747790068388,3.007938244845718,0.529146280605346,3.537084525451064,computed,181,True
forest__amazon__r0c0,forest,amazon,"Amazon, Brazil",-3.0,-60.0,-3.0360374009743705,-60.03604610728331,00-15,32721,-4000.0,-4000.0,12.5,0.001,14,20,cuda:0,0.03696571285897422,psf_aware_minus50,6.25,0.04325755328846175,-0.17020746910768825,169954,169954,9.0,65536.0,169954.0,589824.0,5.295550560739965e-05,0.16824294533580542,0.022496097721159458,2.800760135985911,0.19073904305696487,2.9914991790428758,computed,181,True
forest__amazon__r0c0,forest,amazon,"Amazon, Brazil",-3.0,-60.0,-3.0360374009743705,-60.03604610728331,00-15,32721,-4000.0,-4000.0,12.5,0.001,14,20,cuda:0,0.03696571285897422,nearest,,0.04502261450943885,-0.21795607408416684,169481,170470,,,,,,0.0,0.12111929198727012,0.0,0.12111929198727012,0.12111929198727012,computed,181,True
forest__amazon__r0c0,forest,amazon,"Amazon, Brazil",-3.0,-60.0,-3.0360374009743705,-60.03604610728331,00-15,32721,-4000.0,-4000.0,12.5,0.001,14,20,cuda:0,0.03696571285897422,bilinear,,0.04657112259782421,-0.25984646300465086,169481,170470,,,,,,0.0,0.10737771494314075,0.0,0.10737771494314075,0.10737771494314075,computed,181,True
forest__amazon__r0c0,forest,amazon,"Amazon, Brazil",-3.0,-60.0,-3.0360374009743705,-60.03604610728331,00-15,32721,-4000.0,-4000.0,12.5,0.001,14,20,cuda:0,0.03696571285897422,bicubic,,0.04222993389392279,-0.1424082109556981,169481,170470,,,,,,0.0,0.7644921909086406,0.0,0.7644921909086406,0.7644921909086406,computed,181,True
forest__amazon__r0c1,forest,amazon,"Amazon, Brazil",-3.0,-60.0,-3.036138318393608,-60.00009919239565,00-15,32721,0.0,-4000.0,12.5,0.001,14,20,cuda:0,0.08219386133382021,blurred_observation,12.5,0.08219386133382021,0.0,170480,170480,,,,,,0.0,0.0,0.0,0.0,0.0,computed,182,True
forest__amazon__r0c1,forest,amazon,"Amazon, Brazil",-3.0,-60.0,-3.036138318393608,-60.00009919239565,00-15,32721,0.0,-4000.0,12.5,0.001,14,20,cuda:0,0.08219386133382021,psf_aware_matched,12.5,0.0683740508254065,0.1681367718239476,170480,171836,22.0,65536.0,171836.0,1441792.0,0.00012802905095556227,0.27407283894717693,0.04057832574471831,3.6577081703580916,0.31465116469189525,3.972359335049987,computed,182,True
forest__amazon__r0c1,forest,amazon,"Amazon, Brazil",-3.0,-60.0,-3.036138318393608,-60.00009919239565,00-15,32721,0.0,-4000.0,12.5,0.001,14,20,cuda:0,0.08219386133382021,psf_aware_plus50,18.75,0.12719344969909005,-0.5474811334451068,170480,173838,48.0,65536.0,173838.0,3145728.0,0.00027611914541124497,0.4554661209695041,0.08031967701390386,3.08844135934487,0.535785797983408,3.624227157328278,computed,182,True
forest__amazon__r0c1,forest,amazon,"Amazon, Brazil",-3.0,-60.0,-3.036138318393608,-60.00009919239565,00-15,32721,0.0,-4000.0,12.5,0.001,14,20,cuda:0,0.08219386133382021,psf_aware_minus50,6.25,0.09399053545555859,-0.14352256884279524,169961,169961,9.0,65536.0,169961.0,589824.0,5.295332458622861e-05,0.17225363105535507,0.02334072720259428,2.8390740733593702,0.19559435825794935,3.0346684316173196,computed,182,True
forest__amazon__r0c1,forest,amazon,"Amazon, Brazil",-3.0,-60.0,-3.036138318393608,-60.00009919239565,00-15,32721,0.0,-4000.0,12.5,0.001,14,20,cuda:0,0.08219386133382021,nearest,,0.09807861299229098,-0.1932595865518083,169478,170480,,,,,,0.0,0.12201013881713152,0.0,0.12201013881713152,0.12201013881713152,computed,182,True
forest__amazon__r0c1,forest,amazon,"Amazon, Brazil",-3.0,-60.0,-3.036138318393608,-60.00009919239565,00-15,32721,0.0,-4000.0,12.5,0.001,14,20,cuda:0,0.08219386133382021,bilinear,,0.10178426228292672,-0.23834384504145034,169478,170480,,,,,,0.0,0.10895776795223355,0.0,0.10895776795223355,0.10895776795223355,computed,182,True
forest__amazon__r0c1,forest,amazon,"Amazon, Brazil",-3.0,-60.0,-3.036138318393608,-60.00009919239565,00-15,32721,0.0,-4000.0,12.5,0.001,14,20,cuda:0,0.08219386133382021,bicubic,,0.09354222511853204,-0.13806826447320497,169478,170480,,,,,,0.0,0.7675577471964061,0.0,0.7675577471964061,0.7675577471964061,computed,182,True
forest__amazon__r0c2,forest,amazon,"Amazon, Brazil",-3.0,-60.0,-3.0362380381720877,-59.964151084227396,00-15,32721,4000.0,-4000.0,12.5,0.001,14,20,cuda:0,0.07874583829826498,blurred_observation,12.5,0.07874583829826498,0.0,170507,170507,,,,,,0.0,0.0,0.0,0.0,0.0,computed,183,True
forest__amazon__r0c2,forest,amazon,"Amazon, Brazil",-3.0,-60.0,-3.0362380381720877,-59.964151084227396,00-15,32721,4000.0,-4000.0,12.5,0.001,14,20,cuda:0,0.07874583829826498,psf_aware_matched,12.5,0.06359007740614449,0.19246427772747987,170507,171845,22.0,65536.0,171845.0,1441792.0,0.0001280223457185254,0.2737232460640371,0.04052858194336295,2.9912174651399255,0.31425182800740004,3.3054692931473255,computed,183,True
forest__amazon__r0c2,forest,amazon,"Amazon, Brazil",-3.0,-60.0,-3.0362380381720877,-59.964151084227396,00-15,32721,4000.0,-4000.0,12.5,0.001,14,20,cuda:0,0.07874583829826498,psf_aware_plus50,18.75,0.12272776756672202,-0.5585302057724884,170507,173812,48.0,65536.0,173812.0,3145728.0,0.0002761604492209974,0.44821504689753056,0.08032280206680298,2.685567719861865,0.5285378489643335,3.2141055688261986,computed,183,True
forest__amazon__r0c2,forest,amazon,"Amazon, Brazil",-3.0,-60.0,-3.0362380381720877,-59.964151084227396,00-15,32721,4000.0,-4000.0,12.5,0.001,14,20,cuda:0,0.07874583829826498,psf_aware_minus50,6.25,0.09005868053061045,-0.14366273160361698,169956,169956,9.0,65536.0,169956.0,589824.0,5.2954882440160984e-05,0.16822809679433703,0.02258874336257577,2.6134805656038225,0.1908168401569128,2.8042974057607353,computed,183,True
forest__amazon__r0c2,forest,amazon,"Amazon, Brazil",-3.0,-60.0,-3.0362380381720877,-59.964151084227396,00-15,32721,4000.0,-4000.0,12.5,0.001,14,20,cuda:0,0.07874583829826498,nearest,,0.0942036034795075,-0.19629945550510586,169560,170507,,,,,,0.0,0.12108387518674135,0.0,0.12108387518674135,0.12108387518674135,computed,183,True
forest__amazon__r0c2,forest,amazon,"Amazon, Brazil",-3.0,-60.0,-3.0362380381720877,-59.964151084227396,00-15,32721,4000.0,-4000.0,12.5,0.001,14,20,cuda:0,0.07874583829826498,bilinear,,0.09790250345865772,-0.24327209633394453,169560,170507,,,,,,0.0,0.10731116030365229,0.0,0.10731116030365229,0.10731116030365229,computed,183,True
forest__amazon__r0c2,forest,amazon,"Amazon, Brazil",-3.0,-60.0,-3.0362380381720877,-59.964151084227396,00-15,32721,4000.0,-4000.0,12.5,0.001,14,20,cuda:0,0.07874583829826498,bicubic,,0.08951872508140243,-0.13680579210209287,169560,170507,,,,,,0.0,0.7615161640569568,0.0,0.7615161640569568,0.7615161640569568,computed,183,True
forest__amazon__r1c0,forest,amazon,"Amazon, Brazil",-3.0,-60.0,-2.9999002858958455,-60.03594573079937,00-15,32721,-4000.0,0.0,12.5,0.001,14,20,cuda:0,0.0620975739001763,blurred_observation,12.5,0.0620975739001763,0.0,170488,170488,,,,,,0.0,0.0,0.0,0.0,0.0,computed,184,True
forest__amazon__r1c0,forest,amazon,"Amazon, Brazil",-3.0,-60.0,-2.9999002858958455,-60.03594573079937,00-15,32721,-4000.0,0.0,12.5,0.001,14,20,cuda:0,0.0620975739001763,psf_aware_matched,12.5,0.050344648576258776,0.18926545089846347,170488,171799,22.0,65536.0,171799.0,1441792.0,0.00012805662431096806,0.2712477780878544,0.0405692788772285,2.95270365010947,0.3118170569650829,3.2645207070745528,computed,184,True
forest__amazon__r1c0,forest,amazon,"Amazon, Brazil",-3.0,-60.0,-2.9999002858958455,-60.03594573079937,00-15,32721,-4000.0,0.0,12.5,0.001,14,20,cuda:0,0.0620975739001763,psf_aware_plus50,18.75,0.09631845700097633,-0.5510824489828077,170488,173774,48.0,65536.0,173774.0,3145728.0,0.0002762208385604291,0.46141229290515184,0.07999420072883368,2.7236974891275167,0.5414064936339855,3.2651039827615023,computed,184,True
forest__amazon__r1c0,forest,amazon,"Amazon, Brazil",-3.0,-60.0,-2.9999002858958455,-60.03594573079937,00-15,32721,-4000.0,0.0,12.5,0.001,14,20,cuda:0,0.0620975739001763,psf_aware_minus50,6.25,0.07158624011052793,-0.15280252696514274,169938,169938,9.0,65536.0,169938.0,589824.0,5.296049147336087e-05,0.6001326008699834,0.02331301523372531,2.677753117866814,0.6234456161037087,3.301198733970523,computed,184,True
forest__amazon__r1c0,forest,amazon,"Amazon, Brazil",-3.0,-60.0,-2.9999002858958455,-60.03594573079937,00-15,32721,-4000.0,0.0,12.5,0.001,14,20,cuda:0,0.0620975739001763,nearest,,0.07482616979445171,-0.20497734605118412,169520,170488,,,,,,0.0,0.12362873507663608,0.0,0.12362873507663608,0.12362873507663608,computed,184,True
forest__amazon__r1c0,forest,amazon,"Amazon, Brazil",-3.0,-60.0,-2.9999002858958455,-60.03594573079937,00-15,32721,-4000.0,0.0,12.5,0.001,14,20,cuda:0,0.0620975739001763,bilinear,,0.07766319305126618,-0.25066388545407703,169520,170488,,,,,,0.0,0.10825176117941737,0.0,0.10825176117941737,0.10825176117941737,computed,184,True
forest__amazon__r1c0,forest,amazon,"Amazon, Brazil",-3.0,-60.0,-2.9999002858958455,-60.03594573079937,00-15,32721,-4000.0,0.0,12.5,0.001,14,20,cuda:0,0.0620975739001763,bicubic,,0.07079745900687473,-0.14010024160821088,169520,170488,,,,,,0.0,0.7732772398740053,0.0,0.7732772398740053,0.7732772398740053,computed,184,True
forest__amazon__r1c1,forest,amazon,"Amazon, Brazil",-3.0,-60.0,-2.9999999999999996,-59.99999999999999,00-15,32721,0.0,0.0,12.5,0.001,14,20,cuda:0,0.0775294515674072,blurred_observation,12.5,0.0775294515674072,0.0,170484,170484,,,,,,0.0,0.0,0.0,0.0,0.0,computed,185,True
forest__amazon__r1c1,forest,amazon,"Amazon, Brazil",-3.0,-60.0,-2.9999999999999996,-59.99999999999999,00-15,32721,0.0,0.0,12.5,0.001,14,20,cuda:0,0.0775294515674072,psf_aware_matched,12.5,0.06439144487263422,0.16945826945970688,170484,171806,22.0,65536.0,171806.0,1441792.0,0.00012805140681931945,0.26765568368136883,0.040613021701574326,2.7111344328150153,0.30826870538294315,3.0194031381979585,computed,185,True
forest__amazon__r1c1,forest,amazon,"Amazon, Brazil",-3.0,-60.0,-2.9999999999999996,-59.99999999999999,00-15,32721,0.0,0.0,12.5,0.001,14,20,cuda:0,0.0775294515674072,psf_aware_plus50,18.75,0.11951764776233571,-0.541577366356349,170484,173820,48.0,65536.0,173820.0,3145728.0,0.0002761477390403866,0.4465082841925323,0.07983622094616294,2.9255618629977107,0.5263445051386952,3.451906368136406,computed,185,True
forest__amazon__r1c1,forest,amazon,"Amazon, Brazil",-3.0,-60.0,-2.9999999999999996,-59.99999999999999,00-15,32721,0.0,0.0,12.5,0.001,14,20,cuda:0,0.0775294515674072,psf_aware_minus50,6.25,0.08879654956009626,-0.1453266825045576,169966,169966,9.0,65536.0,169966.0,589824.0,5.2951766823953024e-05,0.1760587291792035,0.022482162341475487,2.8010186161845922,0.198540891520679,2.9995595077052712,computed,185,True
forest__amazon__r1c1,forest,amazon,"Amazon, Brazil",-3.0,-60.0,-2.9999999999999996,-59.99999999999999,00-15,32721,0.0,0.0,12.5,0.001,14,20,cuda:0,0.0775294515674072,nearest,,0.09267361596942893,-0.19533434192881893,169480,170484,,,,,,0.0,0.12408267520368099,0.0,0.12408267520368099,0.12408267520368099,computed,185,True
forest__amazon__r1c1,forest,amazon,"Amazon, Brazil",-3.0,-60.0,-2.9999999999999996,-59.99999999999999,00-15,32721,0.0,0.0,12.5,0.001,14,20,cuda:0,0.0775294515674072,bilinear,,0.09618886829098565,-0.24067520595518732,169480,170484,,,,,,0.0,0.10763056389987469,0.0,0.10763056389987469,0.10763056389987469,computed,185,True
forest__amazon__r1c1,forest,amazon,"Amazon, Brazil",-3.0,-60.0,-2.9999999999999996,-59.99999999999999,00-15,32721,0.0,0.0,12.5,0.001,14,20,cuda:0,0.0775294515674072,bicubic,,0.08824583655527567,-0.13822340763691865,169480,170484,,,,,,0.0,0.7820013733580709,0.0,0.7820013733580709,0.7820013733580709,computed,185,True
forest__amazon__r1c2,forest,amazon,"Amazon, Brazil",-3.0,-60.0,-3.0000985307435695,-59.96405307611551,00-15,32721,4000.0,0.0,12.5,0.001,14,20,cuda:0,0.050121850947058205,blurred_observation,12.5,0.050121850947058205,0.0,170495,170495,,,,,,0.0,0.0,0.0,0.0,0.0,computed,186,True
forest__amazon__r1c2,forest,amazon,"Amazon, Brazil",-3.0,-60.0,-3.0000985307435695,-59.96405307611551,00-15,32721,4000.0,0.0,12.5,0.001,14,20,cuda:0,0.050121850947058205,psf_aware_matched,12.5,0.042443784020325115,0.15318801643704538,170495,171855,22.0,65536.0,171855.0,1441792.0,0.00012801489627883972,0.27246238896623254,0.04033630806952715,2.720273813698441,0.3127986970357597,3.0330725107342005,computed,186,True
forest__amazon__r1c2,forest,amazon,"Amazon, Brazil",-3.0,-60.0,-3.0000985307435695,-59.96405307611551,00-15,32721,4000.0,0.0,12.5,0.001,14,20,cuda:0,0.050121850947058205,psf_aware_plus50,18.75,0.07664927465099379,-0.529258660697816,170495,173836,48.0,65536.0,173836.0,3145728.0,0.0002761223221887296,0.4449192541651428,0.08069628989323974,2.7456051013432443,0.5256155440583825,3.271220645401627,computed,186,True
forest__amazon__r1c2,forest,amazon,"Amazon, Brazil",-3.0,-60.0,-3.0000985307435695,-59.96405307611551,00-15,32721,4000.0,0.0,12.5,0.001,14,20,cuda:0,0.050121850947058205,psf_aware_minus50,6.25,0.056835553750150314,-0.13394762316706021,169959,169959,9.0,65536.0,169959.0,589824.0,5.2953947716802285e-05,0.17295965878292918,0.022493242286145687,2.674866321031004,0.19545290106907487,2.870319222100079,computed,186,True
forest__amazon__r1c2,forest,amazon,"Amazon, Brazil",-3.0,-60.0,-3.0000985307435695,-59.96405307611551,00-15,32721,4000.0,0.0,12.5,0.001,14,20,cuda:0,0.050121850947058205,nearest,,0.05908160377732348,-0.17875941652133154,169503,170495,,,,,,0.0,0.3239044500514865,0.0,0.3239044500514865,0.3239044500514865,computed,186,True
forest__amazon__r1c2,forest,amazon,"Amazon, Brazil",-3.0,-60.0,-3.0000985307435695,-59.96405307611551,00-15,32721,4000.0,0.0,12.5,0.001,14,20,cuda:0,0.050121850947058205,bilinear,,0.061189755780427076,-0.22081995425626788,169503,170495,,,,,,0.0,0.2994213388301432,0.0,0.2994213388301432,0.2994213388301432,computed,186,True
forest__amazon__r1c2,forest,amazon,"Amazon, Brazil",-3.0,-60.0,-3.0000985307435695,-59.96405307611551,00-15,32721,4000.0,0.0,12.5,0.001,14,20,cuda:0,0.050121850947058205,bicubic,,0.056730681162075386,-0.13185527050862178,169503,170495,,,,,,0.0,0.7652312908321619,0.0,0.7652312908321619,0.7652312908321619,computed,186,True
forest__amazon__r2c0,forest,amazon,"Amazon, Brazil",-3.0,-60.0,-2.963763143579563,-60.03584656164271,00-15,32721,-4000.0,4000.0,12.5,0.001,14,20,cuda:0,0.04365845715325859,blurred_observation,12.5,0.04365845715325859,0.0,170476,170476,,,,,,0.0,0.0,0.0,0.0,0.0,computed,187,True
forest__amazon__r2c0,forest,amazon,"Amazon, Brazil",-3.0,-60.0,-2.963763143579563,-60.03584656164271,00-15,32721,-4000.0,4000.0,12.5,0.001,14,20,cuda:0,0.04365845715325859,psf_aware_matched,12.5,0.034818577544295404,0.20247805775480532,170476,171836,22.0,65536.0,171836.0,1441792.0,0.00012802905095556227,0.2829228499904275,0.04050576873123646,2.6420649238862097,0.32342861872166395,2.9654935426078737,computed,187,True
forest__amazon__r2c0,forest,amazon,"Amazon, Brazil",-3.0,-60.0,-2.963763143579563,-60.03584656164271,00-15,32721,-4000.0,4000.0,12.5,0.001,14,20,cuda:0,0.04365845715325859,psf_aware_plus50,18.75,0.06734217785045628,-0.542477271105994,170476,173826,48.0,65536.0,173826.0,3145728.0,0.0002761382071726899,0.6522193644195795,0.0798263717442751,2.8253947752527893,0.7320457361638546,3.557440511416644,computed,187,True
forest__amazon__r2c0,forest,amazon,"Amazon, Brazil",-3.0,-60.0,-2.963763143579563,-60.03584656164271,00-15,32721,-4000.0,4000.0,12.5,0.001,14,20,cuda:0,0.04365845715325859,psf_aware_minus50,6.25,0.05096206680801495,-0.16728968751959727,169942,169942,9.0,65536.0,169942.0,589824.0,5.2959244918854666e-05,0.17013025004416704,0.02314878487959504,2.768543157260865,0.19327903492376208,2.961822192184627,computed,187,True
forest__amazon__r2c0,forest,amazon,"Amazon, Brazil",-3.0,-60.0,-2.963763143579563,-60.03584656164271,00-15,32721,-4000.0,4000.0,12.5,0.001,14,20,cuda:0,0.04365845715325859,nearest,,0.053183203643583685,-0.2181649813434643,169460,170476,,,,,,0.0,0.1212816103361547,0.0,0.1212816103361547,0.1212816103361547,computed,187,True
forest__amazon__r2c0,forest,amazon,"Amazon, Brazil",-3.0,-60.0,-2.963763143579563,-60.03584656164271,00-15,32721,-4000.0,4000.0,12.5,0.001,14,20,cuda:0,0.04365845715325859,bilinear,,0.05518684814776738,-0.2640585981781156,169460,170476,,,,,,0.0,0.10954876663163304,0.0,0.10954876663163304,0.10954876663163304,computed,187,True
forest__amazon__r2c0,forest,amazon,"Amazon, Brazil",-3.0,-60.0,-2.963763143579563,-60.03584656164271,00-15,32721,-4000.0,4000.0,12.5,0.001,14,20,cuda:0,0.04365845715325859,bicubic,,0.049838734261518594,-0.14155967735105168,169460,170476,,,,,,0.0,0.7639718661084771,0.0,0.7639718661084771,0.7639718661084771,computed,187,True
forest__amazon__r2c1,forest,amazon,"Amazon, Brazil",-3.0,-60.0,-2.9638616544441003,-59.999902000689836,00-15,32721,0.0,4000.0,12.5,0.001,14,20,cuda:0,0.0536946433213632,blurred_observation,12.5,0.0536946433213632,0.0,170495,170495,,,,,,0.0,0.0,0.0,0.0,0.0,computed,188,True
forest__amazon__r2c1,forest,amazon,"Amazon, Brazil",-3.0,-60.0,-2.9638616544441003,-59.999902000689836,00-15,32721,0.0,4000.0,12.5,0.001,14,20,cuda:0,0.0536946433213632,psf_aware_matched,12.5,0.043743356819923675,0.18533108492556571,170495,171805,22.0,65536.0,171805.0,1441792.0,0.00012805215214923895,0.2654835097491741,0.04054067377001047,2.843750671017915,0.3060241835191846,3.1497748545370996,computed,188,True
forest__amazon__r2c1,forest,amazon,"Amazon, Brazil",-3.0,-60.0,-2.9638616544441003,-59.999902000689836,00-15,32721,0.0,4000.0,12.5,0.001,14,20,cuda:0,0.0536946433213632,psf_aware_plus50,18.75,0.08171268331196538,-0.5218032611356371,170495,173784,48.0,65536.0,173784.0,3145728.0,0.00027620494406849883,0.4498521671630442,0.07982242526486516,2.6610047770664096,0.5296745924279094,3.190679369494319,computed,188,True
forest__amazon__r2c1,forest,amazon,"Amazon, Brazil",-3.0,-60.0,-2.9638616544441003,-59.999902000689836,00-15,32721,0.0,4000.0,12.5,0.001,14,20,cuda:0,0.0536946433213632,psf_aware_minus50,6.25,0.06175138414984703,-0.15004738517889238,169954,169954,9.0,65536.0,169954.0,589824.0,5.295550560739965e-05,0.17739429790526628,0.0227127680554986,2.625602393876761,0.20010706596076488,2.825709459837526,computed,188,True
forest__amazon__r2c1,forest,amazon,"Amazon, Brazil",-3.0,-60.0,-2.9638616544441003,-59.999902000689836,00-15,32721,0.0,4000.0,12.5,0.001,14,20,cuda:0,0.0536946433213632,nearest,,0.064456179048728,-0.20042103013808754,169536,170495,,,,,,0.0,0.12404695712029934,0.0,0.12404695712029934,0.12404695712029934,computed,188,True
forest__amazon__r2c1,forest,amazon,"Amazon, Brazil",-3.0,-60.0,-2.9638616544441003,-59.999902000689836,00-15,32721,0.0,4000.0,12.5,0.001,14,20,cuda:0,0.0536946433213632,bilinear,,0.06681004596742951,-0.2442590514582701,169536,170495,,,,,,0.0,0.10774733498692513,0.0,0.10774733498692513,0.10774733498692513,computed,188,True
forest__amazon__r2c1,forest,amazon,"Amazon, Brazil",-3.0,-60.0,-2.9638616544441003,-59.999902000689836,00-15,32721,0.0,4000.0,12.5,0.001,14,20,cuda:0,0.0536946433213632,bicubic,,0.06090308296206276,-0.13424876663314333,169536,170495,,,,,,0.0,0.7616891320794821,0.0,0.7616891320794821,0.7616891320794821,computed,188,True
forest__amazon__r2c2,forest,amazon,"Amazon, Brazil",-3.0,-60.0,-2.9639589962273365,-59.96395624684498,00-15,32721,4000.0,4000.0,12.5,0.001,14,20,cuda:0,0.03101456982642445,blurred_observation,12.5,0.03101456982642445,0.0,170497,170497,,,,,,0.0,0.0,0.0,0.0,0.0,computed,189,True
forest__amazon__r2c2,forest,amazon,"Amazon, Brazil",-3.0,-60.0,-2.9639589962273365,-59.96395624684498,00-15,32721,4000.0,4000.0,12.5,0.001,14,20,cuda:0,0.03101456982642445,psf_aware_matched,12.5,0.026381387128681405,0.14938729518652127,170497,171824,22.0,65536.0,171824.0,1441792.0,0.00012803799236427973,0.26910589123144746,0.040568917989730835,2.800424901768565,0.3096748092211783,3.1100997109897435,computed,189,True
forest__amazon__r2c2,forest,amazon,"Amazon, Brazil",-3.0,-60.0,-2.9639589962273365,-59.96395624684498,00-15,32721,4000.0,4000.0,12.5,0.001,14,20,cuda:0,0.03101456982642445,psf_aware_plus50,18.75,0.04683623604861374,-0.5101365684172481,170497,173847,48.0,65536.0,173847.0,3145728.0,0.0002761048508170978,0.4361383328214288,0.08004442509263754,2.8869885238818824,0.5161827579140663,3.4031712817959487,computed,189,True
forest__amazon__r2c2,forest,amazon,"Amazon, Brazil",-3.0,-60.0,-2.9639589962273365,-59.96395624684498,00-15,32721,4000.0,4000.0,12.5,0.001,14,20,cuda:0,0.03101456982642445,psf_aware_minus50,6.25,0.03492825428699805,-0.12618857789989835,169984,169984,9.0,65536.0,169984.0,589824.0,5.294615963855422e-05,0.22459370410069823,0.02252705581486225,2.7389733609743416,0.24712075991556048,2.986094120889902,computed,189,True
forest__amazon__r2c2,forest,amazon,"Amazon, Brazil",-3.0,-60.0,-2.9639589962273365,-59.96395624684498,00-15,32721,4000.0,4000.0,12.5,0.001,14,20,cuda:0,0.03101456982642445,nearest,,0.03633830547688765,-0.17165273225641742,169469,170497,,,,,,0.0,0.12076911889016628,0.0,0.12076911889016628,0.12076911889016628,computed,189,True
forest__amazon__r2c2,forest,amazon,"Amazon, Brazil",-3.0,-60.0,-2.9639589962273365,-59.96395624684498,00-15,32721,4000.0,4000.0,12.5,0.001,14,20,cuda:0,0.03101456982642445,bilinear,,0.0376135051590072,-0.21276888151324447,169469,170497,,,,,,0.0,0.119234181009233,0.0,0.119234181009233,0.119234181009233,computed,189,True
forest__amazon__r2c2,forest,amazon,"Amazon, Brazil",-3.0,-60.0,-2.9639589962273365,-59.96395624684498,00-15,32721,4000.0,4000.0,12.5,0.001,14,20,cuda:0,0.03101456982642445,bicubic,,0.03495431770814002,-0.12702893845585117,169469,170497,,,,,,0.0,0.7652455666102469,0.0,0.7652455666102469,0.7652455666102469,computed,189,True
forest__congo__r0c0,forest,congo,Congo Basin,-1.0,20.0,-1.0361719642168652,19.964041734513273,00-15,32734,-4000.0,-4000.0,12.5,0.001,14,20,cuda:0,0.013149928876320648,blurred_observation,12.5,0.013149928876320648,0.0,171032,171032,,,,,,0.0,0.0,0.0,0.0,0.0,computed,190,True
forest__congo__r0c0,forest,congo,Congo Basin,-1.0,20.0,-1.0361719642168652,19.964041734513273,00-15,32734,-4000.0,-4000.0,12.5,0.001,14,20,cuda:0,0.013149928876320648,psf_aware_matched,12.5,0.011567033634131106,0.12037291281779439,171032,172207,22.0,65536.0,172207.0,1441792.0,0.00012775322722072854,0.262997031211853,0.04028517100960016,1.680704282131046,0.3032822022214532,1.9839864843524992,computed,190,True
forest__congo__r0c0,forest,congo,Congo Basin,-1.0,20.0,-1.0361719642168652,19.964041734513273,00-15,32734,-4000.0,-4000.0,12.5,0.001,14,20,cuda:0,0.013149928876320648,psf_aware_plus50,18.75,0.01885040668779078,-0.4334987561594421,171032,174353,48.0,65536.0,174353.0,3145728.0,0.0002753035508422568,0.4605882321484387,0.07982752379029989,1.68994006421417,0.5404157559387386,2.2303558201529086,computed,190,True
forest__congo__r0c0,forest,congo,Congo Basin,-1.0,20.0,-1.0361719642168652,19.964041734513273,00-15,32734,-4000.0,-4000.0,12.5,0.001,14,20,cuda:0,0.013149928876320648,psf_aware_minus50,6.25,0.014551183856951396,-0.10655989046100589,170327,170327,9.0,65536.0,170327.0,589824.0,5.283953806501611e-05,0.16752988379448652,0.022503891959786415,1.6590955243445933,0.19003377575427294,1.8491293000988662,computed,190,True
forest__congo__r0c0,forest,congo,Congo Basin,-1.0,20.0,-1.0361719642168652,19.964041734513273,00-15,32734,-4000.0,-4000.0,12.5,0.001,14,20,cuda:0,0.013149928876320648,nearest,,0.015058141156263593,-0.1451119848548461,169862,171032,,,,,,0.0,0.1205756519921124,0.0,0.1205756519921124,0.1205756519921124,computed,190,True
forest__congo__r0c0,forest,congo,Congo Basin,-1.0,20.0,-1.0361719642168652,19.964041734513273,00-15,32734,-4000.0,-4000.0,12.5,0.001,14,20,cuda:0,0.013149928876320648,bilinear,,0.015524569155325378,-0.1805819865140712,169862,171032,,,,,,0.0,0.10784314572811127,0.0,0.10784314572811127,0.10784314572811127,computed,190,True
forest__congo__r0c0,forest,congo,Congo Basin,-1.0,20.0,-1.0361719642168652,19.964041734513273,00-15,32734,-4000.0,-4000.0,12.5,0.001,14,20,cuda:0,0.013149928876320648,bicubic,,0.014595271579692056,-0.10991258712996288,169862,171032,,,,,,0.0,0.7667873781174421,0.0,0.7667873781174421,0.7667873781174421,computed,190,True
forest__congo__r0c1,forest,congo,Congo Basin,-1.0,20.0,-1.036183591076444,19.999988851144316,00-15,32734,0.0,-4000.0,12.5,0.001,14,20,cuda:0,0.015222292233477496,blurred_observation,12.5,0.015222292233477496,0.0,170858,170858,,,,,,0.0,0.0,0.0,0.0,0.0,computed,191,True
forest__congo__r0c1,forest,congo,Congo Basin,-1.0,20.0,-1.036183591076444,19.999988851144316,00-15,32734,0.0,-4000.0,12.5,0.001,14,20,cuda:0,0.015222292233477496,psf_aware_matched,12.5,0.012840700896845813,0.156454185749633,170858,172366,22.0,65536.0,172366.0,1441792.0,0.0001276353805274822,0.27173998998478055,0.04053782997652888,1.7052811509929597,0.31227781996130943,2.017558970954269,computed,191,True
forest__congo__r0c1,forest,congo,Congo Basin,-1.0,20.0,-1.036183591076444,19.999988851144316,00-15,32734,0.0,-4000.0,12.5,0.001,14,20,cuda:0,0.015222292233477496,psf_aware_plus50,18.75,0.0228025946624573,-0.49797378165614825,170858,174084,48.0,65536.0,174084.0,3145728.0,0.0002757289584338595,0.6831894521601498,0.07974423700943589,1.6815193551592529,0.7629336891695857,2.4444530443288386,computed,191,True
forest__congo__r0c1,forest,congo,Congo Basin,-1.0,20.0,-1.036183591076444,19.999988851144316,00-15,32734,0.0,-4000.0,12.5,0.001,14,20,cuda:0,0.015222292233477496,psf_aware_minus50,6.25,0.01707353626530951,-0.12161401209738187,170421,170421,9.0,65536.0,170421.0,589824.0,5.2810393085359196e-05,0.16560167213901877,0.02236248506233096,1.6473242193460464,0.18796415720134974,1.8352883765473962,computed,191,True
forest__congo__r0c1,forest,congo,Congo Basin,-1.0,20.0,-1.036183591076444,19.999988851144316,00-15,32734,0.0,-4000.0,12.5,0.001,14,20,cuda:0,0.015222292233477496,nearest,,0.01778057695687172,-0.16806172711412914,169923,170858,,,,,,0.0,0.12047316785901785,0.0,0.12047316785901785,0.12047316785901785,computed,191,True
forest__congo__r0c1,forest,congo,Congo Basin,-1.0,20.0,-1.036183591076444,19.999988851144316,00-15,32734,0.0,-4000.0,12.5,0.001,14,20,cuda:0,0.015222292233477496,bilinear,,0.01841223546351104,-0.2095573505689301,169923,170858,,,,,,0.0,0.10704126814380288,0.0,0.10704126814380288,0.10704126814380288,computed,191,True
forest__congo__r0c1,forest,congo,Congo Basin,-1.0,20.0,-1.036183591076444,19.999988851144316,00-15,32734,0.0,-4000.0,12.5,0.001,14,20,cuda:0,0.015222292233477496,bicubic,,0.017102594667361172,-0.1235229494378276,169923,170858,,,,,,0.0,0.7646646178327501,0.0,0.7646646178327501,0.7646646178327501,computed,191,True
forest__congo__r0c2,forest,congo,Congo Basin,-1.0,20.0,-1.0361948075293572,20.035936364230206,00-15,32734,4000.0,-4000.0,12.5,0.001,14,20,cuda:0,0.011602780616985718,blurred_observation,12.5,0.011602780616985718,0.0,170842,170842,,,,,,0.0,0.0,0.0,0.0,0.0,computed,192,True
forest__congo__r0c2,forest,congo,Congo Basin,-1.0,20.0,-1.0361948075293572,20.035936364230206,00-15,32734,4000.0,-4000.0,12.5,0.001,14,20,cuda:0,0.011602780616985718,psf_aware_matched,12.5,0.009991953258259818,0.1388311484893331,170842,172207,22.0,65536.0,172207.0,1441792.0,0.00012775322722072854,0.2747446307912469,0.04098767088726163,1.7468435210175812,0.3157323016785085,2.0625758226960897,computed,192,True
forest__congo__r0c2,forest,congo,Congo Basin,-1.0,20.0,-1.0361948075293572,20.035936364230206,00-15,32734,4000.0,-4000.0,12.5,0.001,14,20,cuda:0,0.011602780616985718,psf_aware_plus50,18.75,0.01707772106845907,-0.47186451525752315,170842,174269,48.0,65536.0,174269.0,3145728.0,0.00027543625085356546,0.43340569781139493,0.0800230149179697,1.8723954376764596,0.5134287127293646,2.385824150405824,computed,192,True
forest__congo__r0c2,forest,congo,Congo Basin,-1.0,20.0,-1.0361948075293572,20.035936364230206,00-15,32734,4000.0,-4000.0,12.5,0.001,14,20,cuda:0,0.011602780616985718,psf_aware_minus50,6.25,0.012902290561987878,-0.11199987209098494,170431,170431,9.0,65536.0,170431.0,589824.0,5.2807294447606364e-05,0.1689203279092908,0.022535913158208132,1.6559979179874063,0.19145624106749892,1.8474541590549052,computed,192,True
forest__congo__r0c2,forest,congo,Congo Basin,-1.0,20.0,-1.0361948075293572,20.035936364230206,00-15,32734,4000.0,-4000.0,12.5,0.001,14,20,cuda:0,0.011602780616985718,nearest,,0.013394130453855386,-0.15438970157267717,169767,170842,,,,,,0.0,0.12174462620168924,0.0,0.12174462620168924,0.12174462620168924,computed,192,True
forest__congo__r0c2,forest,congo,Congo Basin,-1.0,20.0,-1.0361948075293572,20.035936364230206,00-15,32734,4000.0,-4000.0,12.5,0.001,14,20,cuda:0,0.011602780616985718,bilinear,,0.01385350655486712,-0.19398159908207568,169767,170842,,,,,,0.0,0.10756306676194072,0.0,0.10756306676194072,0.10756306676194072,computed,192,True
forest__congo__r0c2,forest,congo,Congo Basin,-1.0,20.0,-1.0361948075293572,20.035936364230206,00-15,32734,4000.0,-4000.0,12.5,0.001,14,20,cuda:0,0.011602780616985718,bicubic,,0.012941894346386939,-0.11541317323890832,169767,170842,,,,,,0.0,0.7715393179096282,0.0,0.7715393179096282,0.7715393179096282,computed,192,True
forest__congo__r1c0,forest,congo,Congo Basin,-1.0,20.0,-0.999988779231608,19.96405328396204,00-15,32734,-4000.0,0.0,12.5,0.001,14,20,cuda:0,0.01758040671284241,blurred_observation,12.5,0.01758040671284241,0.0,171034,171034,,,,,,0.0,0.0,0.0,0.0,0.0,computed,193,True
forest__congo__r1c0,forest,congo,Congo Basin,-1.0,20.0,-0.999988779231608,19.96405328396204,00-15,32734,-4000.0,0.0,12.5,0.001,14,20,cuda:0,0.01758040671284241,psf_aware_matched,12.5,0.01492614880463478,0.15097818563370935,171034,172207,22.0,65536.0,172207.0,1441792.0,0.00012775322722072854,0.26416868017986417,0.04055665386840701,1.6626035082153976,0.3047253340482712,1.9673288422636688,computed,193,True
forest__congo__r1c0,forest,congo,Congo Basin,-1.0,20.0,-0.999988779231608,19.96405328396204,00-15,32734,-4000.0,0.0,12.5,0.001,14,20,cuda:0,0.01758040671284241,psf_aware_plus50,18.75,0.025431162520186595,-0.4465628091305329,171034,174252,48.0,65536.0,174252.0,3145728.0,0.0002754631223744921,0.45781407691538334,0.07976568816229701,1.6817596796900034,0.5375797650776803,2.2193394447676837,computed,193,True
forest__congo__r1c0,forest,congo,Congo Basin,-1.0,20.0,-0.999988779231608,19.96405328396204,00-15,32734,-4000.0,0.0,12.5,0.001,14,20,cuda:0,0.01758040671284241,psf_aware_minus50,6.25,0.02000722749113641,-0.1380412192922258,170281,170281,9.0,65536.0,170281.0,589824.0,5.285381222802309e-05,0.16472286824136972,0.02230779081583023,1.6305953250266612,0.18703065905719995,1.8176259840838611,computed,193,True
forest__congo__r1c0,forest,congo,Congo Basin,-1.0,20.0,-0.999988779231608,19.96405328396204,00-15,32734,-4000.0,0.0,12.5,0.001,14,20,cuda:0,0.01758040671284241,nearest,,0.020696743920005707,-0.1772619517890235,169862,171034,,,,,,0.0,0.15986872417852283,0.0,0.15986872417852283,0.15986872417852283,computed,193,True
forest__congo__r1c0,forest,congo,Congo Basin,-1.0,20.0,-0.999988779231608,19.96405328396204,00-15,32734,-4000.0,0.0,12.5,0.001,14,20,cuda:0,0.01758040671284241,bilinear,,0.02129492174145124,-0.21128720679114843,169862,171034,,,,,,0.0,0.10785305593162775,0.0,0.10785305593162775,0.10785305593162775,computed,193,True
forest__congo__r1c0,forest,congo,Congo Basin,-1.0,20.0,-0.999988779231608,19.96405328396204,00-15,32734,-4000.0,0.0,12.5,0.001,14,20,cuda:0,0.01758040671284241,bicubic,,0.01966822094528934,-0.11875801661185648,169862,171034,,,,,,0.0,1.0424834210425615,0.0,1.0424834210425615,1.0424834210425615,computed,193,True
forest__congo__r1c1,forest,congo,Congo Basin,-1.0,20.0,-0.9999999999999925,20.0,00-15,32734,0.0,0.0,12.5,0.001,14,20,cuda:0,0.01505886396523623,blurred_observation,12.5,0.01505886396523623,0.0,170880,170880,,,,,,0.0,0.0,0.0,0.0,0.0,computed,194,True
forest__congo__r1c1,forest,congo,Congo Basin,-1.0,20.0,-0.9999999999999925,20.0,00-15,32734,0.0,0.0,12.5,0.001,14,20,cuda:0,0.01505886396523623,psf_aware_matched,12.5,0.01259858270673,0.16337761362250514,170880,172207,22.0,65536.0,172207.0,1441792.0,0.00012775322722072854,0.26220530085265636,0.04039837513118982,1.6927949120290577,0.3026036759838462,1.995398588012904,computed,194,True
forest__congo__r1c1,forest,congo,Congo Basin,-1.0,20.0,-0.9999999999999925,20.0,00-15,32734,0.0,0.0,12.5,0.001,14,20,cuda:0,0.01505886396523623,psf_aware_plus50,18.75,0.021925045691383184,-0.4559561559223664,170880,174239,48.0,65536.0,174239.0,3145728.0,0.00027548367472265105,0.42702831933274865,0.07969299983233213,1.6800418570637703,0.5067213191650808,2.186763176228851,computed,194,True
forest__congo__r1c1,forest,congo,Congo Basin,-1.0,20.0,-0.9999999999999925,20.0,00-15,32734,0.0,0.0,12.5,0.001,14,20,cuda:0,0.01505886396523623,psf_aware_minus50,6.25,0.01729411273242311,-0.14843408987205198,170375,170375,9.0,65536.0,170375.0,589824.0,5.282465150403522e-05,0.16958937514573336,0.022299315314739943,1.6965371798723936,0.1918886904604733,1.888425870332867,computed,194,True
forest__congo__r1c1,forest,congo,Congo Basin,-1.0,20.0,-0.9999999999999925,20.0,00-15,32734,0.0,0.0,12.5,0.001,14,20,cuda:0,0.01505886396523623,nearest,,0.017908170333831876,-0.18921124297113923,169895,170880,,,,,,0.0,0.12170003168284893,0.0,0.12170003168284893,0.12170003168284893,computed,194,True
forest__congo__r1c1,forest,congo,Congo Basin,-1.0,20.0,-0.9999999999999925,20.0,00-15,32734,0.0,0.0,12.5,0.001,14,20,cuda:0,0.01505886396523623,bilinear,,0.01842687636853785,-0.22365647309629488,169895,170880,,,,,,0.0,0.10854446468874812,0.0,0.10854446468874812,0.10854446468874812,computed,194,True
forest__congo__r1c1,forest,congo,Congo Basin,-1.0,20.0,-0.9999999999999925,20.0,00-15,32734,0.0,0.0,12.5,0.001,14,20,cuda:0,0.01505886396523623,bicubic,,0.01690843770635728,-0.12282292644324544,169895,170880,,,,,,0.0,0.7614260041154921,0.0,0.7614260041154921,0.7614260041154921,computed,194,True
forest__congo__r1c2,forest,congo,Congo Basin,-1.0,20.0,-1.0000108246959782,20.035947112470833,00-15,32734,4000.0,0.0,12.5,0.001,14,20,cuda:0,0.012310025835711294,blurred_observation,12.5,0.012310025835711294,0.0,170788,170788,,,,,,0.0,0.0,0.0,0.0,0.0,computed,195,True
forest__congo__r1c2,forest,congo,Congo Basin,-1.0,20.0,-1.0000108246959782,20.035947112470833,00-15,32734,4000.0,0.0,12.5,0.001,14,20,cuda:0,0.012310025835711294,psf_aware_matched,12.5,0.010724157854145265,0.12882734794637374,170788,172352,22.0,65536.0,172352.0,1441792.0,0.00012764574823616784,0.2623840202577412,0.040385820902884007,1.6507972069084644,0.3027698411606252,1.9535670480690897,computed,195,True
forest__congo__r1c2,forest,congo,Congo Basin,-1.0,20.0,-1.0000108246959782,20.035947112470833,00-15,32734,4000.0,0.0,12.5,0.001,14,20,cuda:0,0.012310025835711294,psf_aware_plus50,18.75,0.017850266806463688,-0.4500592480220631,170788,174040,48.0,65536.0,174040.0,3145728.0,0.0002757986669731096,0.4398036259226501,0.07959621585905552,1.6805860977619886,0.5193998417817056,2.1999859395436943,computed,195,True
forest__congo__r1c2,forest,congo,Congo Basin,-1.0,20.0,-1.0000108246959782,20.035947112470833,00-15,32734,4000.0,0.0,12.5,0.001,14,20,cuda:0,0.012310025835711294,psf_aware_minus50,6.25,0.013647631213486736,-0.10865983513170696,170441,170441,9.0,65536.0,170441.0,589824.0,5.2804196173455916e-05,0.34105671709403396,0.022702408954501152,1.6356668900698423,0.3637591260485351,1.9994260161183774,computed,195,True
forest__congo__r1c2,forest,congo,Congo Basin,-1.0,20.0,-1.0000108246959782,20.035947112470833,00-15,32734,4000.0,0.0,12.5,0.001,14,20,cuda:0,0.012310025835711294,nearest,,0.014151050638284203,-0.14955490972505592,169911,170788,,,,,,0.0,0.12051829369738698,0.0,0.12051829369738698,0.12051829369738698,computed,195,True
forest__congo__r1c2,forest,congo,Congo Basin,-1.0,20.0,-1.0000108246959782,20.035947112470833,00-15,32734,4000.0,0.0,12.5,0.001,14,20,cuda:0,0.012310025835711294,bilinear,,0.014614717721363699,-0.1872207188198185,169911,170788,,,,,,0.0,0.10755160497501493,0.0,0.10755160497501493,0.10755160497501493,computed,195,True
forest__congo__r1c2,forest,congo,Congo Basin,-1.0,20.0,-1.0000108246959782,20.035947112470833,00-15,32734,4000.0,0.0,12.5,0.001,14,20,cuda:0,0.012310025835711294,bicubic,,0.013696401651407827,-0.11262168204998124,169911,170788,,,,,,0.0,0.7586780888959765,0.0,0.7586780888959765,0.7586780888959765,computed,195,True
forest__congo__r2c0,forest,congo,Congo Basin,-1.0,20.0,-0.963805586109991,19.964064422733447,00-15,32734,-4000.0,4000.0,12.5,0.001,14,20,cuda:0,0.015138008182229502,blurred_observation,12.5,0.015138008182229502,0.0,171010,171010,,,,,,0.0,0.0,0.0,0.0,0.0,computed,196,True
forest__congo__r2c0,forest,congo,Congo Basin,-1.0,20.0,-0.963805586109991,19.964064422733447,00-15,32734,-4000.0,4000.0,12.5,0.001,14,20,cuda:0,0.015138008182229502,psf_aware_matched,12.5,0.0132308164167946,0.125986968858542,171010,172233,22.0,65536.0,172233.0,1441792.0,0.0001277339418113834,0.2619370729662478,0.04033938329666853,1.670457314234227,0.3022764562629163,1.9727337704971433,computed,196,True
forest__congo__r2c0,forest,congo,Congo Basin,-1.0,20.0,-0.963805586109991,19.964064422733447,00-15,32734,-4000.0,4000.0,12.5,0.001,14,20,cuda:0,0.015138008182229502,psf_aware_plus50,18.75,0.021394021575888777,-0.41326529344879104,171010,174240,48.0,65536.0,174240.0,3145728.0,0.0002754820936639118,0.4321915889158845,0.07973448792472482,1.7116533499211073,0.5119260768406093,2.2235794267617166,computed,196,True
forest__congo__r2c0,forest,congo,Congo Basin,-1.0,20.0,-0.963805586109991,19.964064422733447,00-15,32734,-4000.0,4000.0,12.5,0.001,14,20,cuda:0,0.015138008182229502,psf_aware_minus50,6.25,0.016940428332896676,-0.11906587240341393,170323,170323,9.0,65536.0,170323.0,589824.0,5.284077899050627e-05,0.16574534494429827,0.022247307002544403,1.7213483033701777,0.18799265194684267,1.9093409553170204,computed,196,True
forest__congo__r2c0,forest,congo,Congo Basin,-1.0,20.0,-0.963805586109991,19.964064422733447,00-15,32734,-4000.0,4000.0,12.5,0.001,14,20,cuda:0,0.015138008182229502,nearest,,0.01750338653405908,-0.15625426564416145,170178,171010,,,,,,0.0,0.12079819431528449,0.0,0.12079819431528449,0.12079819431528449,computed,196,True
forest__congo__r2c0,forest,congo,Congo Basin,-1.0,20.0,-0.963805586109991,19.964064422733447,00-15,32734,-4000.0,4000.0,12.5,0.001,14,20,cuda:0,0.015138008182229502,bilinear,,0.017995549909353058,-0.18876603135133863,170178,171010,,,,,,0.0,0.10740698082372546,0.0,0.10740698082372546,0.10740698082372546,computed,196,True
forest__congo__r2c0,forest,congo,Congo Basin,-1.0,20.0,-0.963805586109991,19.964064422733447,00-15,32734,-4000.0,4000.0,12.5,0.001,14,20,cuda:0,0.015138008182229502,bicubic,,0.016800904335244702,-0.10984907214987993,170178,171010,,,,,,0.0,0.7795401620678604,0.0,0.7795401620678604,0.7795401620678604,computed,196,True
forest__congo__r2c1,forest,congo,Congo Basin,-1.0,20.0,-0.963816400795684,20.00001075242268,00-15,32734,0.0,4000.0,12.5,0.001,14,20,cuda:0,0.02293149330929101,blurred_observation,12.5,0.02293149330929101,0.0,171032,171032,,,,,,0.0,0.0,0.0,0.0,0.0,computed,197,True
forest__congo__r2c1,forest,congo,Congo Basin,-1.0,20.0,-0.963816400795684,20.00001075242268,00-15,32734,0.0,4000.0,12.5,0.001,14,20,cuda:0,0.02293149330929101,psf_aware_matched,12.5,0.019912004466955614,0.13167432236574006,171032,172207,22.0,65536.0,172207.0,1441792.0,0.00012775322722072854,0.2625929550267756,0.04030423704534769,1.6788934520445764,0.3028971920721233,1.9817906441166997,computed,197,True
forest__congo__r2c1,forest,congo,Congo Basin,-1.0,20.0,-0.963816400795684,20.00001075242268,00-15,32734,0.0,4000.0,12.5,0.001,14,20,cuda:0,0.02293149330929101,psf_aware_plus50,18.75,0.03361033359480168,-0.46568446901728766,171032,174503,48.0,65536.0,174503.0,3145728.0,0.000275066904293909,0.4307548962533474,0.08008176693692803,1.7227170849218965,0.5108366631902754,2.233553748112172,computed,197,True
forest__congo__r2c1,forest,congo,Congo Basin,-1.0,20.0,-0.963816400795684,20.00001075242268,00-15,32734,0.0,4000.0,12.5,0.001,14,20,cuda:0,0.02293149330929101,psf_aware_minus50,6.25,0.025553785596425783,-0.11435331540629834,170363,170363,9.0,65536.0,170363.0,589824.0,5.2828372357847657e-05,0.19852482015267015,0.02227809512987733,1.6377272829413414,0.22080291528254747,1.8585301982238889,computed,197,True
forest__congo__r2c1,forest,congo,Congo Basin,-1.0,20.0,-0.963816400795684,20.00001075242268,00-15,32734,0.0,4000.0,12.5,0.001,14,20,cuda:0,0.02293149330929101,nearest,,0.026475965006414203,-0.15456785344577195,169863,171032,,,,,,0.0,0.1218789704144001,0.0,0.1218789704144001,0.1218789704144001,computed,197,True
forest__congo__r2c1,forest,congo,Congo Basin,-1.0,20.0,-0.963816400795684,20.00001075242268,00-15,32734,0.0,4000.0,12.5,0.001,14,20,cuda:0,0.02293149330929101,bilinear,,0.027334462155557297,-0.19200532590184016,169863,171032,,,,,,0.0,0.10734842903912067,0.0,0.10734842903912067,0.10734842903912067,computed,197,True
forest__congo__r2c1,forest,congo,Congo Basin,-1.0,20.0,-0.963816400795684,20.00001075242268,00-15,32734,0.0,4000.0,12.5,0.001,14,20,cuda:0,0.02293149330929101,bicubic,,0.025658766148249208,-0.11893132305750043,169863,171032,,,,,,0.0,0.7644289708696306,0.0,0.7644289708696306,0.7644289708696306,computed,197,True
forest__congo__r2c2,forest,congo,Congo Basin,-1.0,20.0,-0.9638268337429444,20.03595747852359,00-15,32734,4000.0,4000.0,12.5,0.001,14,20,cuda:0,0.021014675018504878,blurred_observation,12.5,0.021014675018504878,0.0,170765,170765,,,,,,0.0,0.0,0.0,0.0,0.0,computed,198,True
forest__congo__r2c2,forest,congo,Congo Basin,-1.0,20.0,-0.9638268337429444,20.03595747852359,00-15,32734,4000.0,4000.0,12.5,0.001,14,20,cuda:0,0.021014675018504878,psf_aware_matched,12.5,0.018128647829558187,0.13733389578498567,170765,172264,22.0,65536.0,172264.0,1441792.0,0.0001277109552779455,0.2675794898532331,0.040304077323526144,1.6631806818768382,0.30788356717675924,1.9710642490535975,computed,198,True
forest__congo__r2c2,forest,congo,Congo Basin,-1.0,20.0,-0.9638268337429444,20.03595747852359,00-15,32734,4000.0,4000.0,12.5,0.001,14,20,cuda:0,0.021014675018504878,psf_aware_plus50,18.75,0.031188581393024824,-0.484133414652433,170765,174112,48.0,65536.0,174112.0,3145728.0,0.00027568461679838266,0.42483414337038994,0.07958732917904854,1.6726910951547325,0.5044214725494385,2.177112567704171,computed,198,True
forest__congo__r2c2,forest,congo,Congo Basin,-1.0,20.0,-0.9638268337429444,20.03595747852359,00-15,32734,4000.0,4000.0,12.5,0.001,14,20,cuda:0,0.021014675018504878,psf_aware_minus50,6.25,0.02330503775031019,-0.10898872953250471,170423,170423,9.0,65536.0,170423.0,589824.0,5.280977332871737e-05,0.16493643214926124,0.022282413206994534,1.6423635738901794,0.18721884535625577,1.8295824192464352,computed,198,True
forest__congo__r2c2,forest,congo,Congo Basin,-1.0,20.0,-0.9638268337429444,20.03595747852359,00-15,32734,4000.0,4000.0,12.5,0.001,14,20,cuda:0,0.021014675018504878,nearest,,0.024220777467462287,-0.15256493122706938,169940,170765,,,,,,0.0,0.165867627132684,0.0,0.165867627132684,0.165867627132684,computed,198,True
forest__congo__r2c2,forest,congo,Congo Basin,-1.0,20.0,-0.9638268337429444,20.03595747852359,00-15,32734,4000.0,4000.0,12.5,0.001,14,20,cuda:0,0.021014675018504878,bilinear,,0.02505201910885777,-0.19212022488083824,169940,170765,,,,,,0.0,0.10732048703357577,0.0,0.10732048703357577,0.10732048703357577,computed,198,True
forest__congo__r2c2,forest,congo,Congo Basin,-1.0,20.0,-0.9638268337429444,20.03595747852359,00-15,32734,4000.0,4000.0,12.5,0.001,14,20,cuda:0,0.021014675018504878,bicubic,,0.023506482079748127,-0.11857461793004354,169940,170765,,,,,,0.0,0.7851634831167758,0.0,0.7851634831167758,0.7851634831167758,computed,198,True
forest__borneo__r0c0,forest,borneo,Borneo,1.0,114.0,0.9638287314823707,113.9641304000693,00-15,32650,-4000.0,-4000.0,12.5,0.001,14,20,cuda:0,0.02780362840556589,blurred_observation,12.5,0.02780362840556589,0.0,170535,170535,,,,,,0.0,0.0,0.0,0.0,0.0,computed,199,True
forest__borneo__r0c0,forest,borneo,Borneo,1.0,114.0,0.9638287314823707,113.9641304000693,00-15,32650,-4000.0,-4000.0,12.5,0.001,14,20,cuda:0,0.02780362840556589,psf_aware_matched,12.5,0.02338286188748355,0.15899962600555284,170535,171708,22.0,65536.0,171708.0,1441792.0,0.00012812449041395857,0.27287842612713575,0.04030430689454079,1.673409114126116,0.31318273302167654,1.9865918471477926,computed,199,True
forest__borneo__r0c0,forest,borneo,Borneo,1.0,114.0,0.9638287314823707,113.9641304000693,00-15,32650,-4000.0,-4000.0,12.5,0.001,14,20,cuda:0,0.02780362840556589,psf_aware_plus50,18.75,0.04180404929181607,-0.5035465401144368,170535,173831,48.0,65536.0,173831.0,3145728.0,0.00027613026445225537,0.42288306821137667,0.07967058708891273,1.7262408290989697,0.5025536553002894,2.228794484399259,computed,199,True
forest__borneo__r0c0,forest,borneo,Borneo,1.0,114.0,0.9638287314823707,113.9641304000693,00-15,32650,-4000.0,-4000.0,12.5,0.001,14,20,cuda:0,0.02780362840556589,psf_aware_minus50,6.25,0.031139710153913133,-0.1199872800659143,169944,169944,9.0,65536.0,169944.0,589824.0,5.295862166360683e-05,0.16788833308964968,0.022402640897780657,1.7161826388910413,0.19029097398743033,1.9064736128784716,computed,199,True
forest__borneo__r0c0,forest,borneo,Borneo,1.0,114.0,0.9638287314823707,113.9641304000693,00-15,32650,-4000.0,-4000.0,12.5,0.001,14,20,cuda:0,0.02780362840556589,nearest,,0.032436410713793364,-0.1666250980141879,169513,170535,,,,,,0.0,0.12063219025731087,0.0,0.12063219025731087,0.12063219025731087,computed,199,True
forest__borneo__r0c0,forest,borneo,Borneo,1.0,114.0,0.9638287314823707,113.9641304000693,00-15,32650,-4000.0,-4000.0,12.5,0.001,14,20,cuda:0,0.02780362840556589,bilinear,,0.033601237652333894,-0.20851987957109253,169513,170535,,,,,,0.0,0.10726556181907654,0.0,0.10726556181907654,0.10726556181907654,computed,199,True
forest__borneo__r0c0,forest,borneo,Borneo,1.0,114.0,0.9638287314823707,113.9641304000693,00-15,32650,-4000.0,-4000.0,12.5,0.001,14,20,cuda:0,0.02780362840556589,bicubic,,0.03123071092118785,-0.12326026177705307,169513,170535,,,,,,0.0,0.7626052666455507,0.0,0.7626052666455507,0.7626052666455507,computed,199,True
forest__borneo__r0c1,forest,borneo,Borneo,1.0,114.0,0.9638607816682334,114.00003224516448,00-15,32650,0.0,-4000.0,12.5,0.001,14,20,cuda:0,0.025311139571700877,blurred_observation,12.5,0.025311139571700877,0.0,170497,170497,,,,,,0.0,0.0,0.0,0.0,0.0,computed,200,True
forest__borneo__r0c1,forest,borneo,Borneo,1.0,114.0,0.9638607816682334,114.00003224516448,00-15,32650,0.0,-4000.0,12.5,0.001,14,20,cuda:0,0.025311139571700877,psf_aware_matched,12.5,0.021296115725480954,0.15862675146831084,170497,171773,22.0,65536.0,171773.0,1441792.0,0.00012807600728868915,0.4185664220713079,0.04034790024161339,1.7609050329774618,0.4589143223129213,2.219819355290383,computed,200,True
forest__borneo__r0c1,forest,borneo,Borneo,1.0,114.0,0.9638607816682334,114.00003224516448,00-15,32650,0.0,-4000.0,12.5,0.001,14,20,cuda:0,0.025311139571700877,psf_aware_plus50,18.75,0.03795451236258314,-0.49951811750973807,170497,173837,48.0,65536.0,173837.0,3145728.0,0.00027612073379085006,0.4432914722710848,0.08098661014810205,1.755546865053475,0.5242780824191868,2.2798249474726617,computed,200,True
forest__borneo__r0c1,forest,borneo,Borneo,1.0,114.0,0.9638607816682334,114.00003224516448,00-15,32650,0.0,-4000.0,12.5,0.001,14,20,cuda:0,0.025311139571700877,psf_aware_minus50,6.25,0.028311151927182792,-0.1185253768200969,169976,169976,9.0,65536.0,169976.0,589824.0,5.294865157433991e-05,0.17312747705727816,0.022487211041152477,1.725584995932877,0.19561468809843063,1.9211996840313077,computed,200,True
forest__borneo__r0c1,forest,borneo,Borneo,1.0,114.0,0.9638607816682334,114.00003224516448,00-15,32650,0.0,-4000.0,12.5,0.001,14,20,cuda:0,0.025311139571700877,nearest,,0.029508109601269872,-0.1658151351771382,169509,170497,,,,,,0.0,0.12068298598751426,0.0,0.12068298598751426,0.12068298598751426,computed,200,True
forest__borneo__r0c1,forest,borneo,Borneo,1.0,114.0,0.9638607816682334,114.00003224516448,00-15,32650,0.0,-4000.0,12.5,0.001,14,20,cuda:0,0.025311139571700877,bilinear,,0.030574966450782105,-0.20796483161771384,169509,170497,,,,,,0.0,0.10796447703614831,0.0,0.10796447703614831,0.10796447703614831,computed,200,True
forest__borneo__r0c1,forest,borneo,Borneo,1.0,114.0,0.9638607816682334,114.00003224516448,00-15,32650,0.0,-4000.0,12.5,0.001,14,20,cuda:0,0.025311139571700877,bicubic,,0.028404542980755725,-0.12221509822945409,169509,170497,,,,,,0.0,0.7674805913120508,0.0,0.7674805913120508,0.7674805913120508,computed,200,True
forest__borneo__r0c2,forest,borneo,Borneo,1.0,114.0,0.9638924519575655,114.03593527756362,00-15,32650,4000.0,-4000.0,12.5,0.001,14,20,cuda:0,0.018184786453759837,blurred_observation,12.5,0.018184786453759837,0.0,170563,170563,,,,,,0.0,0.0,0.0,0.0,0.0,computed,201,True
forest__borneo__r0c2,forest,borneo,Borneo,1.0,114.0,0.9638924519575655,114.03593527756362,00-15,32650,4000.0,-4000.0,12.5,0.001,14,20,cuda:0,0.018184786453759837,psf_aware_matched,12.5,0.015343440186328246,0.15624853636068525,170563,171962,22.0,65536.0,171962.0,1441792.0,0.00012793524150684453,0.26844319608062506,0.04032392520457506,1.7061394872143865,0.3087671212852001,2.0149066084995866,computed,201,True
forest__borneo__r0c2,forest,borneo,Borneo,1.0,114.0,0.9638924519575655,114.03593527756362,00-15,32650,4000.0,-4000.0,12.5,0.001,14,20,cuda:0,0.018184786453759837,psf_aware_plus50,18.75,0.026843892048691958,-0.47617307010728127,170563,173741,48.0,65536.0,173741.0,3145728.0,0.00027627330336535416,0.46164099499583244,0.07978019490838051,1.704676445107907,0.541421189904213,2.24609763501212,computed,201,True
forest__borneo__r0c2,forest,borneo,Borneo,1.0,114.0,0.9638924519575655,114.03593527756362,00-15,32650,4000.0,-4000.0,12.5,0.001,14,20,cuda:0,0.018184786453759837,psf_aware_minus50,6.25,0.020513089075882333,-0.12803574174725063,169903,169903,9.0,65536.0,169903.0,589824.0,5.29714013289936e-05,0.1675976626574993,0.022383855190128088,1.6696462780237198,0.1899815178476274,1.8596277958713472,computed,201,True
forest__borneo__r0c2,forest,borneo,Borneo,1.0,114.0,0.9638924519575655,114.03593527756362,00-15,32650,4000.0,-4000.0,12.5,0.001,14,20,cuda:0,0.018184786453759837,nearest,,0.021335526641032793,-0.17326242435041173,169534,170563,,,,,,0.0,0.12134498870000243,0.0,0.12134498870000243,0.12134498870000243,computed,201,True
forest__borneo__r0c2,forest,borneo,Borneo,1.0,114.0,0.9638924519575655,114.03593527756362,00-15,32650,4000.0,-4000.0,12.5,0.001,14,20,cuda:0,0.018184786453759837,bilinear,,0.022020751646530966,-0.2109436480062714,169534,170563,,,,,,0.0,0.10821010125800967,0.0,0.10821010125800967,0.10821010125800967,computed,201,True
forest__borneo__r0c2,forest,borneo,Borneo,1.0,114.0,0.9638924519575655,114.03593527756362,00-15,32650,4000.0,-4000.0,12.5,0.001,14,20,cuda:0,0.018184786453759837,bicubic,,0.02037153126744268,-0.12025133312636282,169534,170563,,,,,,0.0,0.7746540983207524,0.0,0.7746540983207524,0.7746540983207524,computed,201,True
forest__borneo__r1c0,forest,borneo,Borneo,1.0,114.0,0.9999667478870533,113.96409777045069,00-15,32650,-4000.0,0.0,12.5,0.001,14,20,cuda:0,0.024094400497192706,blurred_observation,12.5,0.024094400497192706,0.0,170638,170638,,,,,,0.0,0.0,0.0,0.0,0.0,computed,202,True
forest__borneo__r1c0,forest,borneo,Borneo,1.0,114.0,0.9999667478870533,113.96409777045069,00-15,32650,-4000.0,0.0,12.5,0.001,14,20,cuda:0,0.024094400497192706,psf_aware_matched,12.5,0.020491438875020675,0.14953522593732183,170638,171903,22.0,65536.0,171903.0,1441792.0,0.00012797915103284993,0.2672077864408493,0.04027800727635622,1.7429034882225096,0.3074857937172055,2.050389281939715,computed,202,True
forest__borneo__r1c0,forest,borneo,Borneo,1.0,114.0,0.9999667478870533,113.96409777045069,00-15,32650,-4000.0,0.0,12.5,0.001,14,20,cuda:0,0.024094400497192706,psf_aware_plus50,18.75,0.03555485000300237,-0.4756478380586786,170638,173679,48.0,65536.0,173679.0,3145728.0,0.000276371927521462,0.4288881723769009,0.07971056317910552,1.7304523661732674,0.5085987355560064,2.239051101729274,computed,202,True
forest__borneo__r1c0,forest,borneo,Borneo,1.0,114.0,0.9999667478870533,113.96409777045069,00-15,32650,-4000.0,0.0,12.5,0.001,14,20,cuda:0,0.024094400497192706,psf_aware_minus50,6.25,0.02705330212632308,-0.12280453416863901,169846,169846,9.0,65536.0,169846.0,589824.0,5.298917843222684e-05,0.3805077178403735,0.022640121169388294,1.7504145638085902,0.4031478390097618,2.153562402818352,computed,202,True
forest__borneo__r1c0,forest,borneo,Borneo,1.0,114.0,0.9999667478870533,113.96409777045069,00-15,32650,-4000.0,0.0,12.5,0.001,14,20,cuda:0,0.024094400497192706,nearest,,0.02805783703544405,-0.16449616742749562,169580,170638,,,,,,0.0,0.12105279602110386,0.0,0.12105279602110386,0.12105279602110386,computed,202,True
forest__borneo__r1c0,forest,borneo,Borneo,1.0,114.0,0.9999667478870533,113.96409777045069,00-15,32650,-4000.0,0.0,12.5,0.001,14,20,cuda:0,0.024094400497192706,bilinear,,0.028943557005717158,-0.20125657449287604,169580,170638,,,,,,0.0,0.10888526123017073,0.0,0.10888526123017073,0.10888526123017073,computed,202,True
forest__borneo__r1c0,forest,borneo,Borneo,1.0,114.0,0.9999667478870533,113.96409777045069,00-15,32650,-4000.0,0.0,12.5,0.001,14,20,cuda:0,0.024094400497192706,bicubic,,0.026931147286651882,-0.11773469067178866,169580,170638,,,,,,0.0,0.7657291637733579,0.0,0.7657291637733579,0.7657291637733579,computed,202,True
forest__borneo__r1c1,forest,borneo,Borneo,1.0,114.0,1.0000000000000002,114.00000000000001,00-15,32650,0.0,0.0,12.5,0.001,14,20,cuda:0,0.021477566702999305,blurred_observation,12.5,0.021477566702999305,0.0,170368,170368,,,,,,0.0,0.0,0.0,0.0,0.0,computed,203,True
forest__borneo__r1c1,forest,borneo,Borneo,1.0,114.0,1.0000000000000002,114.00000000000001,00-15,32650,0.0,0.0,12.5,0.001,14,20,cuda:0,0.021477566702999305,psf_aware_matched,12.5,0.018453708388756842,0.14079147587143503,170368,171709,22.0,65536.0,171709.0,1441792.0,0.00012812374424171126,0.26386152766644955,0.04038568073883653,1.6861058319918811,0.3042472084052861,1.9903530403971672,computed,203,True
forest__borneo__r1c1,forest,borneo,Borneo,1.0,114.0,1.0000000000000002,114.00000000000001,00-15,32650,0.0,0.0,12.5,0.001,14,20,cuda:0,0.021477566702999305,psf_aware_plus50,18.75,0.03127491951601797,-0.45616679712839536,170368,173953,48.0,65536.0,173953.0,3145728.0,0.00027593660356533086,0.4268109672702849,0.08005802193656564,1.7267867526970804,0.5068689892068505,2.233655741903931,computed,203,True
forest__borneo__r1c1,forest,borneo,Borneo,1.0,114.0,1.0000000000000002,114.00000000000001,00-15,32650,0.0,0.0,12.5,0.001,14,20,cuda:0,0.021477566702999305,psf_aware_minus50,6.25,0.024037230351188748,-0.1191784750845164,170055,170055,9.0,65536.0,170055.0,589824.0,5.292405398253506e-05,0.16773839015513659,0.02240483509376645,1.7653384101577103,0.19014322524890304,1.9554816354066133,computed,203,True
forest__borneo__r1c1,forest,borneo,Borneo,1.0,114.0,1.0000000000000002,114.00000000000001,00-15,32650,0.0,0.0,12.5,0.001,14,20,cuda:0,0.021477566702999305,nearest,,0.024897287763129293,-0.15922292815658823,169437,170368,,,,,,0.0,0.2145314160734415,0.0,0.2145314160734415,0.2145314160734415,computed,203,True
forest__borneo__r1c1,forest,borneo,Borneo,1.0,114.0,1.0000000000000002,114.00000000000001,00-15,32650,0.0,0.0,12.5,0.001,14,20,cuda:0,0.021477566702999305,bilinear,,0.025667254852337312,-0.19507275695029858,169437,170368,,,,,,0.0,0.10783644393086433,0.0,0.10783644393086433,0.10783644393086433,computed,203,True
forest__borneo__r1c1,forest,borneo,Borneo,1.0,114.0,1.0000000000000002,114.00000000000001,00-15,32650,0.0,0.0,12.5,0.001,14,20,cuda:0,0.021477566702999305,bicubic,,0.023995168644344773,-0.11722007321219907,169437,170368,,,,,,0.0,0.7641319688409567,0.0,0.7641319688409567,0.7641319688409567,computed,203,True
forest__borneo__r1c2,forest,borneo,Borneo,1.0,114.0,1.0000328579697848,114.03590341691667,00-15,32650,4000.0,0.0,12.5,0.001,14,20,cuda:0,0.014375902798287064,blurred_observation,12.5,0.014375902798287064,0.0,170524,170524,,,,,,0.0,0.0,0.0,0.0,0.0,computed,204,True
forest__borneo__r1c2,forest,borneo,Borneo,1.0,114.0,1.0000328579697848,114.03590341691667,00-15,32650,4000.0,0.0,12.5,0.001,14,20,cuda:0,0.014375902798287064,psf_aware_matched,12.5,0.011737607945361404,0.18352202918623106,170524,171956,22.0,65536.0,171956.0,1441792.0,0.0001279397055060597,0.2631861390545964,0.040244915056973696,1.678023625165224,0.3034310541115701,1.9814546792767942,computed,204,True
forest__borneo__r1c2,forest,borneo,Borneo,1.0,114.0,1.0000328579697848,114.03590341691667,00-15,32650,4000.0,0.0,12.5,0.001,14,20,cuda:0,0.014375902798287064,psf_aware_plus50,18.75,0.02133147925225034,-0.4838358015882003,170524,173760,48.0,65536.0,173760.0,3145728.0,0.00027624309392265195,0.6085814828984439,0.08005106821656227,1.771490582730621,0.6886325511150062,2.4601231338456273,computed,204,True
forest__borneo__r1c2,forest,borneo,Borneo,1.0,114.0,1.0000328579697848,114.03590341691667,00-15,32650,4000.0,0.0,12.5,0.001,14,20,cuda:0,0.014375902798287064,psf_aware_minus50,6.25,0.017041486574440965,-0.18542026984708837,169916,169916,9.0,65536.0,169916.0,589824.0,5.2967348572235694e-05,0.16862329514697194,0.022897158283740282,1.7414568178355694,0.19152045343071222,1.9329772712662816,computed,204,True
forest__borneo__r1c2,forest,borneo,Borneo,1.0,114.0,1.0000328579697848,114.03590341691667,00-15,32650,4000.0,0.0,12.5,0.001,14,20,cuda:0,0.014375902798287064,nearest,,0.01755730921756281,-0.2213013307000673,169536,170524,,,,,,0.0,0.12064118683338165,0.0,0.12064118683338165,0.12064118683338165,computed,204,True
forest__borneo__r1c2,forest,borneo,Borneo,1.0,114.0,1.0000328579697848,114.03590341691667,00-15,32650,4000.0,0.0,12.5,0.001,14,20,cuda:0,0.014375902798287064,bilinear,,0.0179508066582407,-0.2486733466491995,169536,170524,,,,,,0.0,0.1077468148432672,0.0,0.1077468148432672,0.1077468148432672,computed,204,True
forest__borneo__r1c2,forest,borneo,Borneo,1.0,114.0,1.0000328579697848,114.03590341691667,00-15,32650,4000.0,0.0,12.5,0.001,14,20,cuda:0,0.014375902798287064,bicubic,,0.016249989406167193,-0.1303630550495536,169536,170524,,,,,,0.0,0.7636493653990328,0.0,0.7636493653990328,0.7636493653990328,computed,204,True
forest__borneo__r2c0,forest,borneo,Borneo,1.0,114.0,1.0361047552001827,113.9640639393076,00-15,32650,-4000.0,4000.0,12.5,0.001,14,20,cuda:0,0.02516944225769996,blurred_observation,12.5,0.02516944225769996,0.0,170524,170524,,,,,,0.0,0.0,0.0,0.0,0.0,computed,205,True
forest__borneo__r2c0,forest,borneo,Borneo,1.0,114.0,1.0361047552001827,113.9640639393076,00-15,32650,-4000.0,4000.0,12.5,0.001,14,20,cuda:0,0.02516944225769996,psf_aware_matched,12.5,0.02145521123335012,0.14756906356212818,170524,171886,22.0,65536.0,171886.0,1441792.0,0.00012799180852425445,0.26829514605924487,0.040329866111278534,1.7273020991124213,0.3086250121705234,2.0359271112829447,computed,205,True
forest__borneo__r2c0,forest,borneo,Borneo,1.0,114.0,1.0361047552001827,113.9640639393076,00-15,32650,-4000.0,4000.0,12.5,0.001,14,20,cuda:0,0.02516944225769996,psf_aware_plus50,18.75,0.037005317145761774,-0.47024780155551227,170524,173742,48.0,65536.0,173742.0,3145728.0,0.00027627171322996166,0.4559885300695896,0.08025107672438025,1.7762337857857347,0.5362396067939699,2.3124733925797045,computed,205,True
forest__borneo__r2c0,forest,borneo,Borneo,1.0,114.0,1.0361047552001827,113.9640639393076,00-15,32650,-4000.0,4000.0,12.5,0.001,14,20,cuda:0,0.02516944225769996,psf_aware_minus50,6.25,0.028173526070075106,-0.1193544052989941,169902,169902,9.0,65536.0,169902.0,589824.0,5.297171310520182e-05,0.1738119120709598,0.02291281707584858,1.75397391570732,0.19672472914680839,1.9506986448541284,computed,205,True
forest__borneo__r2c0,forest,borneo,Borneo,1.0,114.0,1.0361047552001827,113.9640639393076,00-15,32650,-4000.0,4000.0,12.5,0.001,14,20,cuda:0,0.02516944225769996,nearest,,0.029222100884931553,-0.16101503504678516,169521,170524,,,,,,0.0,0.12977040698751807,0.0,0.12977040698751807,0.12977040698751807,computed,205,True
forest__borneo__r2c0,forest,borneo,Borneo,1.0,114.0,1.0361047552001827,113.9640639393076,00-15,32650,-4000.0,4000.0,12.5,0.001,14,20,cuda:0,0.02516944225769996,bilinear,,0.030156879389534368,-0.19815445573922585,169521,170524,,,,,,0.0,0.10981468111276627,0.0,0.10981468111276627,0.10981468111276627,computed,205,True
forest__borneo__r2c0,forest,borneo,Borneo,1.0,114.0,1.0361047552001827,113.9640639393076,00-15,32650,-4000.0,4000.0,12.5,0.001,14,20,cuda:0,0.02516944225769996,bicubic,,0.02814391791928039,-0.1181780522240401,169521,170524,,,,,,0.0,0.7799431248567998,0.0,0.7799431248567998,0.7799431248567998,computed,205,True
forest__borneo__r2c1,forest,borneo,Borneo,1.0,114.0,1.0361392092653152,113.99996656746782,00-15,32650,0.0,4000.0,12.5,0.001,14,20,cuda:0,0.022836001765894114,blurred_observation,12.5,0.022836001765894114,0.0,170461,170461,,,,,,0.0,0.0,0.0,0.0,0.0,computed,206,True
forest__borneo__r2c1,forest,borneo,Borneo,1.0,114.0,1.0361392092653152,113.99996656746782,00-15,32650,0.0,4000.0,12.5,0.001,14,20,cuda:0,0.022836001765894114,psf_aware_matched,12.5,0.019858986817582486,0.13036498152482368,170461,171871,22.0,65536.0,171871.0,1441792.0,0.00012800297897841987,0.26611626893281937,0.04047936899587512,1.7594590648077428,0.3065956379286945,2.0660547027364373,computed,206,True
forest__borneo__r2c1,forest,borneo,Borneo,1.0,114.0,1.0361392092653152,113.99996656746782,00-15,32650,0.0,4000.0,12.5,0.001,14,20,cuda:0,0.022836001765894114,psf_aware_plus50,18.75,0.03329220410738927,-0.4578823582467768,170461,173810,48.0,65536.0,173810.0,3145728.0,0.00027616362694896725,0.44163436302915215,0.07983707310631871,1.7218047669157386,0.5214714361354709,2.2432762030512094,computed,206,True
forest__borneo__r2c1,forest,borneo,Borneo,1.0,114.0,1.0361392092653152,113.99996656746782,00-15,32650,0.0,4000.0,12.5,0.001,14,20,cuda:0,0.022836001765894114,psf_aware_minus50,6.25,0.02536807338997169,-0.11088068962489128,169968,169968,9.0,65536.0,169968.0,589824.0,5.295114374470489e-05,0.17285911785438657,0.022582280915230513,1.6762258089147508,0.19544139876961708,1.871667207684368,computed,206,True
forest__borneo__r2c1,forest,borneo,Borneo,1.0,114.0,1.0361392092653152,113.99996656746782,00-15,32650,0.0,4000.0,12.5,0.001,14,20,cuda:0,0.022836001765894114,nearest,,0.026273101087925535,-0.15051230759514023,169475,170461,,,,,,0.0,0.11935747507959604,0.0,0.11935747507959604,0.11935747507959604,computed,206,True
forest__borneo__r2c1,forest,borneo,Borneo,1.0,114.0,1.0361392092653152,113.99996656746782,00-15,32650,0.0,4000.0,12.5,0.001,14,20,cuda:0,0.022836001765894114,bilinear,,0.02710077662146028,-0.1867566353903365,169475,170461,,,,,,0.0,0.11130224913358688,0.0,0.11130224913358688,0.11130224913358688,computed,206,True
forest__borneo__r2c1,forest,borneo,Borneo,1.0,114.0,1.0361392092653152,113.99996656746782,00-15,32650,0.0,4000.0,12.5,0.001,14,20,cuda:0,0.022836001765894114,bicubic,,0.025461085137077958,-0.1149537207999538,169475,170461,,,,,,0.0,0.7614308930933475,0.0,0.7614308930933475,0.7614308930933475,computed,206,True
forest__borneo__r2c2,forest,borneo,Borneo,1.0,114.0,1.0361732549403584,114.03587038306107,00-15,32650,4000.0,4000.0,12.5,0.001,14,20,cuda:0,0.018339603900468533,blurred_observation,12.5,0.018339603900468533,0.0,170376,170376,,,,,,0.0,0.0,0.0,0.0,0.0,computed,207,True
forest__borneo__r2c2,forest,borneo,Borneo,1.0,114.0,1.0361732549403584,114.03587038306107,00-15,32650,4000.0,4000.0,12.5,0.001,14,20,cuda:0,0.018339603900468533,psf_aware_matched,12.5,0.015878602016714483,0.13419056906082782,170376,171821,22.0,65536.0,171821.0,1441792.0,0.00012804022791160569,0.27133575500920415,0.040506099350750446,1.7223770506680012,0.3118418543599546,2.0342189050279558,computed,207,True
forest__borneo__r2c2,forest,borneo,Borneo,1.0,114.0,1.0361732549403584,114.03587038306107,00-15,32650,4000.0,4000.0,12.5,0.001,14,20,cuda:0,0.018339603900468533,psf_aware_plus50,18.75,0.027040485802730694,-0.4744312881283044,170376,173910,48.0,65536.0,173910.0,3145728.0,0.0002760048300845265,0.4846981456503272,0.08185386285185814,1.811508377082646,0.5665520085021853,2.3780603855848312,computed,207,True
forest__borneo__r2c2,forest,borneo,Borneo,1.0,114.0,1.0361732549403584,114.03587038306107,00-15,32650,4000.0,4000.0,12.5,0.001,14,20,cuda:0,0.018339603900468533,psf_aware_minus50,6.25,0.020386775944601903,-0.1116257502203235,170058,170058,9.0,65536.0,170058.0,589824.0,5.292312034717567e-05,0.1779607511125505,0.023037873674184084,1.7093974379822612,0.20099862478673458,1.9103960627689958,computed,207,True
forest__borneo__r2c2,forest,borneo,Borneo,1.0,114.0,1.0361732549403584,114.03587038306107,00-15,32650,4000.0,4000.0,12.5,0.001,14,20,cuda:0,0.018339603900468533,nearest,,0.02114707642866458,-0.15308250622164876,169440,170376,,,,,,0.0,0.12102183792740107,0.0,0.12102183792740107,0.12102183792740107,computed,207,True
forest__borneo__r2c2,forest,borneo,Borneo,1.0,114.0,1.0361732549403584,114.03587038306107,00-15,32650,4000.0,4000.0,12.5,0.001,14,20,cuda:0,0.018339603900468533,bilinear,,0.021832050759553814,-0.1904319677807249,169440,170376,,,,,,0.0,0.10778757184743881,0.0,0.10778757184743881,0.10778757184743881,computed,207,True
forest__borneo__r2c2,forest,borneo,Borneo,1.0,114.0,1.0361732549403584,114.03587038306107,00-15,32650,4000.0,4000.0,12.5,0.001,14,20,cuda:0,0.018339603900468533,bicubic,,0.020494739041343156,-0.1175126329102214,169440,170376,,,,,,0.0,0.7704886980354786,0.0,0.7704886980354786,0.7704886980354786,computed,207,True
forest__appalachian__r0c0,forest,appalachian,Great Smoky Mountains,35.5,-83.5,35.46304713735165,-83.54292588563318,30-45,32617,-4000.0,-4000.0,12.5,0.001,14,20,cuda:0,0.03260098256042635,blurred_observation,12.5,0.03260098256042635,0.0,169979,169979,,,,,,0.0,0.0,0.0,0.0,0.0,computed,208,True
forest__appalachian__r0c0,forest,appalachian,Great Smoky Mountains,35.5,-83.5,35.46304713735165,-83.54292588563318,30-45,32617,-4000.0,-4000.0,12.5,0.001,14,20,cuda:0,0.03260098256042635,psf_aware_matched,12.5,0.027919300540018975,0.14360554967108174,169979,171309,22.0,65536.0,171309.0,1441792.0,0.00012842290831188087,0.27211059210821986,0.04064233787357807,2.6980512542650104,0.31275292998179793,3.0108041842468083,computed,208,True
forest__appalachian__r0c0,forest,appalachian,Great Smoky Mountains,35.5,-83.5,35.46304713735165,-83.54292588563318,30-45,32617,-4000.0,-4000.0,12.5,0.001,14,20,cuda:0,0.03260098256042635,psf_aware_plus50,18.75,0.047358804195278534,-0.45268027144575673,169979,173293,48.0,65536.0,173293.0,3145728.0,0.0002769875297905859,0.44922667322680354,0.08004551799967885,2.704958056099713,0.5292721912264824,3.2342302473261952,computed,208,True
forest__appalachian__r0c0,forest,appalachian,Great Smoky Mountains,35.5,-83.5,35.46304713735165,-83.54292588563318,30-45,32617,-4000.0,-4000.0,12.5,0.001,14,20,cuda:0,0.03260098256042635,psf_aware_minus50,6.25,0.03634641164725138,-0.11488700010445463,169454,169454,9.0,65536.0,169454.0,589824.0,5.3111758943430074e-05,0.1706628487445414,0.022629770915955305,2.6393125308677554,0.1932926196604967,2.832605150528252,computed,208,True
forest__appalachian__r0c0,forest,appalachian,Great Smoky Mountains,35.5,-83.5,35.46304713735165,-83.54292588563318,30-45,32617,-4000.0,-4000.0,12.5,0.001,14,20,cuda:0,0.03260098256042635,nearest,,0.03765156777322952,-0.15492125746338603,168987,169979,,,,,,0.0,0.12139607593417168,0.0,0.12139607593417168,0.12139607593417168,computed,208,True
forest__appalachian__r0c0,forest,appalachian,Great Smoky Mountains,35.5,-83.5,35.46304713735165,-83.54292588563318,30-45,32617,-4000.0,-4000.0,12.5,0.001,14,20,cuda:0,0.03260098256042635,bilinear,,0.03889158380127041,-0.1929574125314888,168987,169979,,,,,,0.0,0.1075005168095231,0.0,0.1075005168095231,0.1075005168095231,computed,208,True
forest__appalachian__r0c0,forest,appalachian,Great Smoky Mountains,35.5,-83.5,35.46304713735165,-83.54292588563318,30-45,32617,-4000.0,-4000.0,12.5,0.001,14,20,cuda:0,0.03260098256042635,bicubic,,0.03632851445902244,-0.11433802314660468,168987,169979,,,,,,0.0,0.7664988618344069,0.0,0.7664988618344069,0.7664988618344069,computed,208,True
forest__appalachian__r0c1,forest,appalachian,Great Smoky Mountains,35.5,-83.5,35.46396752537654,-83.49888381743439,30-45,32617,0.0,-4000.0,12.5,0.001,14,20,cuda:0,0.026619035223288734,blurred_observation,12.5,0.026619035223288734,0.0,169979,169979,,,,,,0.0,0.0,0.0,0.0,0.0,computed,209,True
forest__appalachian__r0c1,forest,appalachian,Great Smoky Mountains,35.5,-83.5,35.46396752537654,-83.49888381743439,30-45,32617,0.0,-4000.0,12.5,0.001,14,20,cuda:0,0.026619035223288734,psf_aware_matched,12.5,0.02249476536700616,0.15493686460410439,169979,171318,22.0,65536.0,171318.0,1441792.0,0.00012841616175766703,0.2728306259959936,0.04171578073874116,2.6929467152804136,0.3145464067347348,3.0074931220151484,computed,209,True
forest__appalachian__r0c1,forest,appalachian,Great Smoky Mountains,35.5,-83.5,35.46396752537654,-83.49888381743439,30-45,32617,0.0,-4000.0,12.5,0.001,14,20,cuda:0,0.026619035223288734,psf_aware_plus50,18.75,0.03928660972460436,-0.4758840579703989,169979,173304,48.0,65536.0,173304.0,3145728.0,0.0002769699487605595,0.45529874321073294,0.07987398328259587,2.666402780916542,0.5351727264933288,3.2015755074098706,computed,209,True
forest__appalachian__r0c1,forest,appalachian,Great Smoky Mountains,35.5,-83.5,35.46396752537654,-83.49888381743439,30-45,32617,0.0,-4000.0,12.5,0.001,14,20,cuda:0,0.026619035223288734,psf_aware_minus50,6.25,0.029976586764655436,-0.12613347979002687,169459,169459,9.0,65536.0,169459.0,589824.0,5.311019184581521e-05,0.1803643829189241,0.022470018826425076,2.68456285726279,0.20283440174534917,2.8873972590081394,computed,209,True
forest__appalachian__r0c1,forest,appalachian,Great Smoky Mountains,35.5,-83.5,35.46396752537654,-83.49888381743439,30-45,32617,0.0,-4000.0,12.5,0.001,14,20,cuda:0,0.026619035223288734,nearest,,0.031066131702084655,-0.1670645251224281,168997,169979,,,,,,0.0,0.12710326490923762,0.0,0.12710326490923762,0.12710326490923762,computed,209,True
forest__appalachian__r0c1,forest,appalachian,Great Smoky Mountains,35.5,-83.5,35.46396752537654,-83.49888381743439,30-45,32617,0.0,-4000.0,12.5,0.001,14,20,cuda:0,0.026619035223288734,bilinear,,0.03211054139320328,-0.2062999700721717,168997,169979,,,,,,0.0,0.10800244892016053,0.0,0.10800244892016053,0.10800244892016053,computed,209,True
forest__appalachian__r0c1,forest,appalachian,Great Smoky Mountains,35.5,-83.5,35.46396752537654,-83.49888381743439,30-45,32617,0.0,-4000.0,12.5,0.001,14,20,cuda:0,0.026619035223288734,bicubic,,0.029834475190301264,-0.12079475984161037,168997,169979,,,,,,0.0,0.765978685580194,0.0,0.765978685580194,0.765978685580194,computed,209,True
forest__appalachian__r0c2,forest,appalachian,Great Smoky Mountains,35.5,-83.5,35.46487186327694,-83.45483976996755,30-45,32617,4000.0,-4000.0,12.5,0.001,14,20,cuda:0,0.02892097040590235,blurred_observation,12.5,0.02892097040590235,0.0,169990,169990,,,,,,0.0,0.0,0.0,0.0,0.0,computed,210,True
forest__appalachian__r0c2,forest,appalachian,Great Smoky Mountains,35.5,-83.5,35.46487186327694,-83.45483976996755,30-45,32617,4000.0,-4000.0,12.5,0.001,14,20,cuda:0,0.02892097040590235,psf_aware_matched,12.5,0.02429383647534483,0.15999234692391895,169990,171324,22.0,65536.0,171324.0,1441792.0,0.000128411664448647,0.2847599904052913,0.040620154701173306,2.817507836036384,0.3253801451064646,3.1428879811428487,computed,210,True
forest__appalachian__r0c2,forest,appalachian,Great Smoky Mountains,35.5,-83.5,35.46487186327694,-83.45483976996755,30-45,32617,4000.0,-4000.0,12.5,0.001,14,20,cuda:0,0.02892097040590235,psf_aware_plus50,18.75,0.04275434142356652,-0.47831628135275106,169990,173309,48.0,65536.0,173309.0,3145728.0,0.0002769619581210439,0.4453216572292149,0.07981351809576154,2.747828412335366,0.5251351753249764,3.2729635876603425,computed,210,True
forest__appalachian__r0c2,forest,appalachian,Great Smoky Mountains,35.5,-83.5,35.46487186327694,-83.45483976996755,30-45,32617,4000.0,-4000.0,12.5,0.001,14,20,cuda:0,0.02892097040590235,psf_aware_minus50,6.25,0.03260952697310279,-0.1275391702087445,169465,169465,9.0,65536.0,169465.0,589824.0,5.310831145074204e-05,0.16658907337114215,0.022314012981951237,2.6304901223629713,0.18890308635309339,2.8193932087160647,computed,210,True
forest__appalachian__r0c2,forest,appalachian,Great Smoky Mountains,35.5,-83.5,35.46487186327694,-83.45483976996755,30-45,32617,4000.0,-4000.0,12.5,0.001,14,20,cuda:0,0.02892097040590235,nearest,,0.03386817240768049,-0.17105933626516512,169008,169990,,,,,,0.0,0.12047964008525014,0.0,0.12047964008525014,0.12047964008525014,computed,210,True
forest__appalachian__r0c2,forest,appalachian,Great Smoky Mountains,35.5,-83.5,35.46487186327694,-83.45483976996755,30-45,32617,4000.0,-4000.0,12.5,0.001,14,20,cuda:0,0.02892097040590235,bilinear,,0.03503106483007062,-0.21126865172274045,169008,169990,,,,,,0.0,0.10678737703710794,0.0,0.10678737703710794,0.10678737703710794,computed,210,True
forest__appalachian__r0c2,forest,appalachian,Great Smoky Mountains,35.5,-83.5,35.46487186327694,-83.45483976996755,30-45,32617,4000.0,-4000.0,12.5,0.001,14,20,cuda:0,0.02892097040590235,bicubic,,0.032412696946058014,-0.12073338104322584,169008,169990,,,,,,0.0,0.7626578155905008,0.0,0.7626578155905008,0.7626578155905008,computed,210,True
forest__appalachian__r1c0,forest,appalachian,Great Smoky Mountains,35.5,-83.5,35.49907839391964,-83.54406168929839,30-45,32617,-4000.0,0.0,12.5,0.001,14,20,cuda:0,0.028579023406463837,blurred_observation,12.5,0.028579023406463837,0.0,169973,169973,,,,,,0.0,0.0,0.0,0.0,0.0,computed,211,True
forest__appalachian__r1c0,forest,appalachian,Great Smoky Mountains,35.5,-83.5,35.49907839391964,-83.54406168929839,30-45,32617,-4000.0,0.0,12.5,0.001,14,20,cuda:0,0.028579023406463837,psf_aware_matched,12.5,0.02424497778111094,0.15165128506009928,169973,171311,22.0,65536.0,171311.0,1441792.0,0.0001284214090163504,0.28401984879747033,0.04069235222414136,2.645946546923369,0.3247122010216117,2.970658747944981,computed,211,True
forest__appalachian__r1c0,forest,appalachian,Great Smoky Mountains,35.5,-83.5,35.49907839391964,-83.54406168929839,30-45,32617,-4000.0,0.0,12.5,0.001,14,20,cuda:0,0.028579023406463837,psf_aware_plus50,18.75,0.04191968157767828,-0.46679895185631604,169973,173295,48.0,65536.0,173295.0,3145728.0,0.00027698433307366053,0.48840747121721506,0.08006940316408873,2.7891039792448282,0.5684768743813038,3.357580853626132,computed,211,True
forest__appalachian__r1c0,forest,appalachian,Great Smoky Mountains,35.5,-83.5,35.49907839391964,-83.54406168929839,30-45,32617,-4000.0,0.0,12.5,0.001,14,20,cuda:0,0.028579023406463837,psf_aware_minus50,6.25,0.032052382176652454,-0.1215352505503402,169443,169443,9.0,65536.0,169443.0,589824.0,5.311520688373081e-05,0.24231225298717618,0.02258222084492445,2.7065351619385183,0.26489447383210063,2.971429635770619,computed,211,True
forest__appalachian__r1c0,forest,appalachian,Great Smoky Mountains,35.5,-83.5,35.49907839391964,-83.54406168929839,30-45,32617,-4000.0,0.0,12.5,0.001,14,20,cuda:0,0.028579023406463837,nearest,,0.033198996498393696,-0.1616560869216035,168989,169973,,,,,,0.0,0.15463111409917474,0.0,0.15463111409917474,0.15463111409917474,computed,211,True
forest__appalachian__r1c0,forest,appalachian,Great Smoky Mountains,35.5,-83.5,35.49907839391964,-83.54406168929839,30-45,32617,-4000.0,0.0,12.5,0.001,14,20,cuda:0,0.028579023406463837,bilinear,,0.034293675828452184,-0.19995968164174016,168989,169973,,,,,,0.0,0.10792605299502611,0.0,0.10792605299502611,0.10792605299502611,computed,211,True
forest__appalachian__r1c0,forest,appalachian,Great Smoky Mountains,35.5,-83.5,35.49907839391964,-83.54406168929839,30-45,32617,-4000.0,0.0,12.5,0.001,14,20,cuda:0,0.028579023406463837,bicubic,,0.03195405467393863,-0.11809470251917165,168989,169973,,,,,,0.0,0.8230446898378432,0.0,0.8230446898378432,0.8230446898378432,computed,211,True
forest__appalachian__r1c1,forest,appalachian,Great Smoky Mountains,35.5,-83.5,35.5,-83.5,30-45,32617,0.0,0.0,12.5,0.001,14,20,cuda:0,0.028569154114790364,blurred_observation,12.5,0.028569154114790364,0.0,169980,169980,,,,,,0.0,0.0,0.0,0.0,0.0,computed,212,True
forest__appalachian__r1c1,forest,appalachian,Great Smoky Mountains,35.5,-83.5,35.5,-83.5,30-45,32617,0.0,0.0,12.5,0.001,14,20,cuda:0,0.028569154114790364,psf_aware_matched,12.5,0.024403040183083886,0.14582559619956215,169980,171321,22.0,65536.0,171321.0,1441792.0,0.00012841391306378085,0.3045984241180122,0.0407610721886158,2.6876584603451192,0.345359496306628,3.0330179566517472,computed,212,True
forest__appalachian__r1c1,forest,appalachian,Great Smoky Mountains,35.5,-83.5,35.5,-83.5,30-45,32617,0.0,0.0,12.5,0.001,14,20,cuda:0,0.028569154114790364,psf_aware_plus50,18.75,0.041716251106897306,-0.4601850282049702,169980,173303,48.0,65536.0,173303.0,3145728.0,0.0002769715469437921,0.5158498981036246,0.08015157841145992,2.7915590899065137,0.5960014765150845,3.387560566421598,computed,212,True
forest__appalachian__r1c1,forest,appalachian,Great Smoky Mountains,35.5,-83.5,35.5,-83.5,30-45,32617,0.0,0.0,12.5,0.001,14,20,cuda:0,0.028569154114790364,psf_aware_minus50,6.25,0.03186592110355126,-0.1153960308210229,169443,169443,9.0,65536.0,169443.0,589824.0,5.311520688373081e-05,0.17044687876477838,0.02264399826526642,2.693032518029213,0.1930908770300448,2.8861233950592577,computed,212,True
forest__appalachian__r1c1,forest,appalachian,Great Smoky Mountains,35.5,-83.5,35.5,-83.5,30-45,32617,0.0,0.0,12.5,0.001,14,20,cuda:0,0.028569154114790364,nearest,,0.03301171529133515,-0.15550202007013048,168994,169980,,,,,,0.0,0.14067094307392836,0.0,0.14067094307392836,0.14067094307392836,computed,212,True
forest__appalachian__r1c1,forest,appalachian,Great Smoky Mountains,35.5,-83.5,35.5,-83.5,30-45,32617,0.0,0.0,12.5,0.001,14,20,cuda:0,0.028569154114790364,bilinear,,0.03408848555226462,-0.19319197954891054,168994,169980,,,,,,0.0,0.10876406962051988,0.0,0.10876406962051988,0.10876406962051988,computed,212,True
forest__appalachian__r1c1,forest,appalachian,Great Smoky Mountains,35.5,-83.5,35.5,-83.5,30-45,32617,0.0,0.0,12.5,0.001,14,20,cuda:0,0.028569154114790364,bicubic,,0.0318675806671617,-0.11545412017164791,168994,169980,,,,,,0.0,0.792826637160033,0.0,0.792826637160033,0.792826637160033,computed,212,True
forest__appalachian__r1c2,forest,appalachian,Great Smoky Mountains,35.5,-83.5,35.50090553474169,-83.4559363279118,30-45,32617,4000.0,0.0,12.5,0.001,14,20,cuda:0,0.026304146859085237,blurred_observation,12.5,0.026304146859085237,0.0,169996,169996,,,,,,0.0,0.0,0.0,0.0,0.0,computed,213,True
forest__appalachian__r1c2,forest,appalachian,Great Smoky Mountains,35.5,-83.5,35.50090553474169,-83.4559363279118,30-45,32617,4000.0,0.0,12.5,0.001,14,20,cuda:0,0.026304146859085237,psf_aware_matched,12.5,0.02220120318340077,0.1559808686312647,169996,171325,22.0,65536.0,171325.0,1441792.0,0.00012841091492776885,0.27095315931364894,0.040597302839159966,2.7575628692284226,0.3115504621528089,3.0691133313812315,computed,213,True
forest__appalachian__r1c2,forest,appalachian,Great Smoky Mountains,35.5,-83.5,35.50090553474169,-83.4559363279118,30-45,32617,4000.0,0.0,12.5,0.001,14,20,cuda:0,0.026304146859085237,psf_aware_plus50,18.75,0.03881493029806901,-0.47562019426083957,169996,173298,48.0,65536.0,173298.0,3145728.0,0.0002769795381366202,0.5447830888442695,0.0800251686014235,2.767680572811514,0.624808257445693,3.392488830257207,computed,213,True
forest__appalachian__r1c2,forest,appalachian,Great Smoky Mountains,35.5,-83.5,35.50090553474169,-83.4559363279118,30-45,32617,4000.0,0.0,12.5,0.001,14,20,cuda:0,0.026304146859085237,psf_aware_minus50,6.25,0.029523970771284613,-0.12240746409485914,169455,169455,9.0,65536.0,169455.0,589824.0,5.311144551650881e-05,0.1774339429102838,0.02245415933430195,2.6593981948681176,0.19988810224458575,2.8592862971127033,computed,213,True
forest__appalachian__r1c2,forest,appalachian,Great Smoky Mountains,35.5,-83.5,35.50090553474169,-83.4559363279118,30-45,32617,4000.0,0.0,12.5,0.001,14,20,cuda:0,0.026304146859085237,nearest,,0.030591775797414053,-0.1630020149027529,169000,169996,,,,,,0.0,0.22932163905352354,0.0,0.22932163905352354,0.22932163905352354,computed,213,True
forest__appalachian__r1c2,forest,appalachian,Great Smoky Mountains,35.5,-83.5,35.50090553474169,-83.4559363279118,30-45,32617,4000.0,0.0,12.5,0.001,14,20,cuda:0,0.026304146859085237,bilinear,,0.03162387520722604,-0.20223915174437246,169000,169996,,,,,,0.0,0.10921012610197067,0.0,0.10921012610197067,0.10921012610197067,computed,213,True
forest__appalachian__r1c2,forest,appalachian,Great Smoky Mountains,35.5,-83.5,35.50090553474169,-83.4559363279118,30-45,32617,4000.0,0.0,12.5,0.001,14,20,cuda:0,0.026304146859085237,bicubic,,0.029421887927161623,-0.1185265990483757,169000,169996,,,,,,0.0,0.7748866379261017,0.0,0.7748866379261017,0.7748866379261017,computed,213,True
forest__appalachian__r2c0,forest,appalachian,Great Smoky Mountains,35.5,-83.5,35.535109403202235,-83.5451995105412,30-45,32617,-4000.0,4000.0,12.5,0.001,14,20,cuda:0,0.0270738510387188,blurred_observation,12.5,0.0270738510387188,0.0,169968,169968,,,,,,0.0,0.0,0.0,0.0,0.0,computed,214,True
forest__appalachian__r2c0,forest,appalachian,Great Smoky Mountains,35.5,-83.5,35.535109403202235,-83.5451995105412,30-45,32617,-4000.0,4000.0,12.5,0.001,14,20,cuda:0,0.0270738510387188,psf_aware_matched,12.5,0.02330818261445164,0.13908876202656983,169968,171305,22.0,65536.0,171305.0,1441792.0,0.00012842590700796823,0.26882131304591894,0.040450453758239746,2.633035722654313,0.3092717668041587,2.9423074894584715,computed,214,True
forest__appalachian__r2c0,forest,appalachian,Great Smoky Mountains,35.5,-83.5,35.535109403202235,-83.5451995105412,30-45,32617,-4000.0,4000.0,12.5,0.001,14,20,cuda:0,0.0270738510387188,psf_aware_plus50,18.75,0.039094992389656434,-0.4440129826283665,169968,173289,48.0,65536.0,173289.0,3145728.0,0.0002769939234458044,0.45088670682162046,0.0798518406227231,2.8079907819628716,0.5307385474443436,3.338729329407215,computed,214,True
forest__appalachian__r2c0,forest,appalachian,Great Smoky Mountains,35.5,-83.5,35.535109403202235,-83.5451995105412,30-45,32617,-4000.0,4000.0,12.5,0.001,14,20,cuda:0,0.0270738510387188,psf_aware_minus50,6.25,0.030126935619255352,-0.11276875890948368,169443,169443,9.0,65536.0,169443.0,589824.0,5.311520688373081e-05,0.16988254990428686,0.02243462111800909,2.65242514712736,0.19231717102229595,2.844742318149656,computed,214,True
forest__appalachian__r2c0,forest,appalachian,Great Smoky Mountains,35.5,-83.5,35.535109403202235,-83.5451995105412,30-45,32617,-4000.0,4000.0,12.5,0.001,14,20,cuda:0,0.0270738510387188,nearest,,0.031188171040497,-0.15196655975886975,168984,169968,,,,,,0.0,0.12167442357167602,0.0,0.12167442357167602,0.12167442357167602,computed,214,True
forest__appalachian__r2c0,forest,appalachian,Great Smoky Mountains,35.5,-83.5,35.535109403202235,-83.5451995105412,30-45,32617,-4000.0,4000.0,12.5,0.001,14,20,cuda:0,0.0270738510387188,bilinear,,0.032174432964582195,-0.18839513885811665,168984,169968,,,,,,0.0,0.10887626418843865,0.0,0.10887626418843865,0.10887626418843865,computed,214,True
forest__appalachian__r2c0,forest,appalachian,Great Smoky Mountains,35.5,-83.5,35.535109403202235,-83.5451995105412,30-45,32617,-4000.0,4000.0,12.5,0.001,14,20,cuda:0,0.0270738510387188,bicubic,,0.030129691902768912,-0.11287056502157378,168984,169968,,,,,,0.0,0.7566457600332797,0.0,0.7566457600332797,0.7566457600332797,computed,214,True
forest__appalachian__r2c1,forest,appalachian,Great Smoky Mountains,35.5,-83.5,35.53603222840682,-83.50111816535704,30-45,32617,0.0,4000.0,12.5,0.001,14,20,cuda:0,0.029929216387692265,blurred_observation,12.5,0.029929216387692265,0.0,169982,169982,,,,,,0.0,0.0,0.0,0.0,0.0,computed,215,True
forest__appalachian__r2c1,forest,appalachian,Great Smoky Mountains,35.5,-83.5,35.53603222840682,-83.50111816535704,30-45,32617,0.0,4000.0,12.5,0.001,14,20,cuda:0,0.029929216387692265,psf_aware_matched,12.5,0.025586055502680966,0.1451144202625141,169982,171315,22.0,65536.0,171315.0,1441792.0,0.00012841841053030966,0.2676162691786885,0.04041969543322921,2.6278283703140914,0.30803596461191773,2.935864334926009,computed,215,True
forest__appalachian__r2c1,forest,appalachian,Great Smoky Mountains,35.5,-83.5,35.53603222840682,-83.50111816535704,30-45,32617,0.0,4000.0,12.5,0.001,14,20,cuda:0,0.029929216387692265,psf_aware_plus50,18.75,0.04402321906851235,-0.4709111825131491,169982,173297,48.0,65536.0,173297.0,3145728.0,0.000276981136430521,0.5001800400204957,0.07984173111617565,2.638195836916566,0.5800217711366713,3.218217608053237,computed,215,True
forest__appalachian__r2c1,forest,appalachian,Great Smoky Mountains,35.5,-83.5,35.53603222840682,-83.50111816535704,30-45,32617,0.0,4000.0,12.5,0.001,14,20,cuda:0,0.029929216387692265,psf_aware_minus50,6.25,0.03341325868864184,-0.11640940597369975,169449,169449,9.0,65536.0,169449.0,589824.0,5.31133261335269e-05,0.17006595758721232,0.022335784044116735,2.5792775750160217,0.19240174163132906,2.771679316647351,computed,215,True
forest__appalachian__r2c1,forest,appalachian,Great Smoky Mountains,35.5,-83.5,35.53603222840682,-83.50111816535704,30-45,32617,0.0,4000.0,12.5,0.001,14,20,cuda:0,0.029929216387692265,nearest,,0.034640603591674875,-0.15741765981952227,168993,169982,,,,,,0.0,0.12044641701504588,0.0,0.12044641701504588,0.12044641701504588,computed,215,True
forest__appalachian__r2c1,forest,appalachian,Great Smoky Mountains,35.5,-83.5,35.53603222840682,-83.50111816535704,30-45,32617,0.0,4000.0,12.5,0.001,14,20,cuda:0,0.029929216387692265,bilinear,,0.03580926545167563,-0.1964651859846689,168993,169982,,,,,,0.0,0.10801115492358804,0.0,0.10801115492358804,0.10801115492358804,computed,215,True
forest__appalachian__r2c1,forest,appalachian,Great Smoky Mountains,35.5,-83.5,35.53603222840682,-83.50111816535704,30-45,32617,0.0,4000.0,12.5,0.001,14,20,cuda:0,0.029929216387692265,bicubic,,0.03345126201857022,-0.11767917961013885,168993,169982,,,,,,0.0,0.7652725889347494,0.0,0.7652725889347494,0.7652725889347494,computed,215,True
forest__appalachian__r2c2,forest,appalachian,Great Smoky Mountains,35.5,-83.5,35.536938961040065,-83.45703483385154,30-45,32617,4000.0,4000.0,12.5,0.001,14,20,cuda:0,0.032036153513377776,blurred_observation,12.5,0.032036153513377776,0.0,169987,169987,,,,,,0.0,0.0,0.0,0.0,0.0,computed,216,True
forest__appalachian__r2c2,forest,appalachian,Great Smoky Mountains,35.5,-83.5,35.536938961040065,-83.45703483385154,30-45,32617,4000.0,4000.0,12.5,0.001,14,20,cuda:0,0.032036153513377776,psf_aware_matched,12.5,0.027318247322366,0.14726818527204444,169987,171324,22.0,65536.0,171324.0,1441792.0,0.000128411664448647,0.27257794700562954,0.040388597175478935,2.6641921838745475,0.3129665441811085,2.977158728055656,computed,216,True
forest__appalachian__r2c2,forest,appalachian,Great Smoky Mountains,35.5,-83.5,35.536938961040065,-83.45703483385154,30-45,32617,4000.0,4000.0,12.5,0.001,14,20,cuda:0,0.032036153513377776,psf_aware_plus50,18.75,0.04680654703712491,-0.4610539001687346,169987,173310,48.0,65536.0,173310.0,3145728.0,0.00027696036004846807,0.42924136109650135,0.07977106794714928,2.6809030449949205,0.5090124290436506,3.189915474038571,computed,216,True
forest__appalachian__r2c2,forest,appalachian,Great Smoky Mountains,35.5,-83.5,35.536938961040065,-83.45703483385154,30-45,32617,4000.0,4000.0,12.5,0.001,14,20,cuda:0,0.032036153513377776,psf_aware_minus50,6.25,0.035726062380527404,-0.11517952258559316,169449,169449,9.0,65536.0,169449.0,589824.0,5.31133261335269e-05,0.17031410802155733,0.02240034705027938,2.6029164167121053,0.1927144550718367,2.795630871783942,computed,216,True
forest__appalachian__r2c2,forest,appalachian,Great Smoky Mountains,35.5,-83.5,35.536938961040065,-83.45703483385154,30-45,32617,4000.0,4000.0,12.5,0.001,14,20,cuda:0,0.032036153513377776,nearest,,0.03701885472173372,-0.15553369121780647,169006,169987,,,,,,0.0,0.12053183885291219,0.0,0.12053183885291219,0.12053183885291219,computed,216,True
forest__appalachian__r2c2,forest,appalachian,Great Smoky Mountains,35.5,-83.5,35.536938961040065,-83.45703483385154,30-45,32617,4000.0,4000.0,12.5,0.001,14,20,cuda:0,0.032036153513377776,bilinear,,0.03823580407338537,-0.19352044112969824,169006,169987,,,,,,0.0,0.1070305579341948,0.0,0.1070305579341948,0.1070305579341948,computed,216,True
forest__appalachian__r2c2,forest,appalachian,Great Smoky Mountains,35.5,-83.5,35.536938961040065,-83.45703483385154,30-45,32617,4000.0,4000.0,12.5,0.001,14,20,cuda:0,0.032036153513377776,bicubic,,0.03575738963608576,-0.11615739452472207,169006,169987,,,,,,0.0,0.7630537771619856,0.0,0.7630537771619856,0.7630537771619856,computed,216,True
forest__black_forest__r0c0,forest,black_forest,"Black Forest, Germany",48.1,8.2,48.06362921073826,8.146874592040898,45-60,32632,-4000.0,-4000.0,12.5,0.001,14,20,cuda:0,0.024936952929627332,blurred_observation,12.5,0.024936952929627332,0.0,169693,169693,,,,,,0.0,0.0,0.0,0.0,0.0,computed,217,True
forest__black_forest__r0c0,forest,black_forest,"Black Forest, Germany",48.1,8.2,48.06362921073826,8.146874592040898,45-60,32632,-4000.0,-4000.0,12.5,0.001,14,20,cuda:0,0.024936952929627332,psf_aware_matched,12.5,0.020595686637921322,0.17408968545423997,169693,171011,22.0,65536.0,171011.0,1441792.0,0.00012864669524182654,0.27011639485135674,0.04044568492099643,1.4833506010472775,0.3105620797723532,1.7939126808196306,computed,217,True
forest__black_forest__r0c0,forest,black_forest,"Black Forest, Germany",48.1,8.2,48.06362921073826,8.146874592040898,45-60,32632,-4000.0,-4000.0,12.5,0.001,14,20,cuda:0,0.024936952929627332,psf_aware_plus50,18.75,0.03863003657893655,-0.5491081323348295,169693,172995,48.0,65536.0,172995.0,3145728.0,0.00027746466660886153,0.42647529067471623,0.07987392181530595,1.5224084872752428,0.5063492124900222,2.028757699765265,computed,217,True
forest__black_forest__r0c0,forest,black_forest,"Black Forest, Germany",48.1,8.2,48.06362921073826,8.146874592040898,45-60,32632,-4000.0,-4000.0,12.5,0.001,14,20,cuda:0,0.024936952929627332,psf_aware_minus50,6.25,0.028053115690228777,-0.12496164905934304,169159,169159,9.0,65536.0,169159.0,589824.0,5.320438167641095e-05,0.1902170949615538,0.02114626206457615,1.4820654359646142,0.21136335702612996,1.6934287929907441,computed,217,True
forest__black_forest__r0c0,forest,black_forest,"Black Forest, Germany",48.1,8.2,48.06362921073826,8.146874592040898,45-60,32632,-4000.0,-4000.0,12.5,0.001,14,20,cuda:0,0.024936952929627332,nearest,,0.029333989493094348,-0.17632613639186623,168725,169693,,,,,,0.0,0.11901381425559521,0.0,0.11901381425559521,0.11901381425559521,computed,217,True
forest__black_forest__r0c0,forest,black_forest,"Black Forest, Germany",48.1,8.2,48.06362921073826,8.146874592040898,45-60,32632,-4000.0,-4000.0,12.5,0.001,14,20,cuda:0,0.024936952929627332,bilinear,,0.030499469113255556,-0.2230631865619579,168725,169693,,,,,,0.0,0.10756822628900409,0.0,0.10756822628900409,0.10756822628900409,computed,217,True
forest__black_forest__r0c0,forest,black_forest,"Black Forest, Germany",48.1,8.2,48.06362921073826,8.146874592040898,45-60,32632,-4000.0,-4000.0,12.5,0.001,14,20,cuda:0,0.024936952929627332,bicubic,,0.028031126847113515,-0.12407987159529932,168725,169693,,,,,,0.0,0.7654488426633179,0.0,0.7654488426633179,0.7654488426633179,computed,217,True
forest__black_forest__r0c1,forest,black_forest,"Black Forest, Germany",48.1,8.2,48.06401527723078,8.200557790188315,45-60,32632,0.0,-4000.0,12.5,0.001,14,20,cuda:0,0.030840991849866068,blurred_observation,12.5,0.030840991849866068,0.0,169699,169699,,,,,,0.0,0.0,0.0,0.0,0.0,computed,218,True
forest__black_forest__r0c1,forest,black_forest,"Black Forest, Germany",48.1,8.2,48.06401527723078,8.200557790188315,45-60,32632,0.0,-4000.0,12.5,0.001,14,20,cuda:0,0.030840991849866068,psf_aware_matched,12.5,0.02443738053842773,0.20763311837087195,169699,171028,22.0,65536.0,171028.0,1441792.0,0.00012863390789812196,0.26725060725584626,0.040491631254553795,1.5020469408482313,0.30774223851040006,1.8097891793586314,computed,218,True
forest__black_forest__r0c1,forest,black_forest,"Black Forest, Germany",48.1,8.2,48.06401527723078,8.200557790188315,45-60,32632,0.0,-4000.0,12.5,0.001,14,20,cuda:0,0.030840991849866068,psf_aware_plus50,18.75,0.04860811258997502,-0.5760878517331507,169699,172984,48.0,65536.0,172984.0,3145728.0,0.0002774823105027054,0.42291722213849425,0.0797836510464549,1.5091976057738066,0.5027008731849492,2.0118984789587557,computed,218,True
forest__black_forest__r0c1,forest,black_forest,"Black Forest, Germany",48.1,8.2,48.06401527723078,8.200557790188315,45-60,32632,0.0,-4000.0,12.5,0.001,14,20,cuda:0,0.030840991849866068,psf_aware_minus50,6.25,0.035334676528913825,-0.14570493390494743,169170,169170,9.0,65536.0,169170.0,589824.0,5.320092214931725e-05,0.18796644220128655,0.021149087231606245,1.4877248760312796,0.2091155294328928,1.6968404054641724,computed,218,True
forest__black_forest__r0c1,forest,black_forest,"Black Forest, Germany",48.1,8.2,48.06401527723078,8.200557790188315,45-60,32632,0.0,-4000.0,12.5,0.001,14,20,cuda:0,0.030840991849866068,nearest,,0.03705436082419107,-0.2014646287827473,168717,169699,,,,,,0.0,0.11982945911586285,0.0,0.11982945911586285,0.11982945911586285,computed,218,True
forest__black_forest__r0c1,forest,black_forest,"Black Forest, Germany",48.1,8.2,48.06401527723078,8.200557790188315,45-60,32632,0.0,-4000.0,12.5,0.001,14,20,cuda:0,0.030840991849866068,bilinear,,0.03867878022373112,-0.25413541860195044,168717,169699,,,,,,0.0,0.1060874117538333,0.0,0.1060874117538333,0.1060874117538333,computed,218,True
forest__black_forest__r0c1,forest,black_forest,"Black Forest, Germany",48.1,8.2,48.06401527723078,8.200557790188315,45-60,32632,0.0,-4000.0,12.5,0.001,14,20,cuda:0,0.030840991849866068,bicubic,,0.03508364535725373,-0.13756540412321683,168717,169699,,,,,,0.0,0.764614081941545,0.0,0.764614081941545,0.764614081941545,computed,218,True
forest__black_forest__r0c2,forest,black_forest,"Black Forest, Germany",48.1,8.2,48.06437626460109,8.254242079544024,45-60,32632,4000.0,-4000.0,12.5,0.001,14,20,cuda:0,0.03389480936943605,blurred_observation,12.5,0.03389480936943605,0.0,169703,169703,,,,,,0.0,0.0,0.0,0.0,0.0,computed,219,True
forest__black_forest__r0c2,forest,black_forest,"Black Forest, Germany",48.1,8.2,48.06437626460109,8.254242079544024,45-60,32632,4000.0,-4000.0,12.5,0.001,14,20,cuda:0,0.03389480936943605,psf_aware_matched,12.5,0.028779927159244705,0.15090458702516218,169703,171020,22.0,65536.0,171020.0,1441792.0,0.00012863992515495265,0.27325777476653457,0.04050225205719471,1.4929931028746068,0.3137600268237293,1.8067531296983361,computed,219,True
forest__black_forest__r0c2,forest,black_forest,"Black Forest, Germany",48.1,8.2,48.06437626460109,8.254242079544024,45-60,32632,4000.0,-4000.0,12.5,0.001,14,20,cuda:0,0.03389480936943605,psf_aware_plus50,18.75,0.05119715995256635,-0.5104719839118594,169703,172989,48.0,65536.0,172989.0,3145728.0,0.0002774742902727919,0.49659294495359063,0.07986539602279663,1.4927021930925548,0.5764583409763873,2.069160534068942,computed,219,True
forest__black_forest__r0c2,forest,black_forest,"Black Forest, Germany",48.1,8.2,48.06437626460109,8.254242079544024,45-60,32632,4000.0,-4000.0,12.5,0.001,14,20,cuda:0,0.03389480936943605,psf_aware_minus50,6.25,0.03783149557031347,-0.11614422013617354,169176,169176,9.0,65536.0,169176.0,589824.0,5.3199035324159454e-05,0.194107913877815,0.0210366640239954,1.5502278469502926,0.2151445779018104,1.765372424852103,computed,219,True
forest__black_forest__r0c2,forest,black_forest,"Black Forest, Germany",48.1,8.2,48.06437626460109,8.254242079544024,45-60,32632,4000.0,-4000.0,12.5,0.001,14,20,cuda:0,0.03389480936943605,nearest,,0.03944706630291528,-0.16380847205725435,168719,169703,,,,,,0.0,0.11950036603957415,0.0,0.11950036603957415,0.11950036603957415,computed,219,True
forest__black_forest__r0c2,forest,black_forest,"Black Forest, Germany",48.1,8.2,48.06437626460109,8.254242079544024,45-60,32632,4000.0,-4000.0,12.5,0.001,14,20,cuda:0,0.03389480936943605,bilinear,,0.04091178615280498,-0.20702216398055184,168719,169703,,,,,,0.0,0.10624917782843113,0.0,0.10624917782843113,0.10624917782843113,computed,219,True
forest__black_forest__r0c2,forest,black_forest,"Black Forest, Germany",48.1,8.2,48.06437626460109,8.254242079544024,45-60,32632,4000.0,-4000.0,12.5,0.001,14,20,cuda:0,0.03389480936943605,bicubic,,0.03787198995023159,-0.11733892754628927,168719,169703,,,,,,0.0,0.7755686603486538,0.0,0.7755686603486538,0.7755686603486538,computed,219,True
forest__black_forest__r1c0,forest,black_forest,"Black Forest, Germany",48.1,8.2,48.099613448687,8.146279356521001,45-60,32632,-4000.0,0.0,12.5,0.001,14,20,cuda:0,0.029760553107897315,blurred_observation,12.5,0.029760553107897315,0.0,169690,169690,,,,,,0.0,0.0,0.0,0.0,0.0,computed,220,True
forest__black_forest__r1c0,forest,black_forest,"Black Forest, Germany",48.1,8.2,48.099613448687,8.146279356521001,45-60,32632,-4000.0,0.0,12.5,0.001,14,20,cuda:0,0.029760553107897315,psf_aware_matched,12.5,0.025385589902353456,0.1470054400428099,169690,171026,22.0,65536.0,171026.0,1441792.0,0.00012863541215955469,0.28175102127715945,0.04082509409636259,1.574027253780514,0.32257611537352204,1.896603369154036,computed,220,True
forest__black_forest__r1c0,forest,black_forest,"Black Forest, Germany",48.1,8.2,48.099613448687,8.146279356521001,45-60,32632,-4000.0,0.0,12.5,0.001,14,20,cuda:0,0.029760553107897315,psf_aware_plus50,18.75,0.045086934378043834,-0.5149897992345942,169690,172985,48.0,65536.0,172985.0,3145728.0,0.00027748070641963175,0.44792886497452855,0.08001246536150575,1.535210544243455,0.5279413303360343,2.0631518745794892,computed,220,True
forest__black_forest__r1c0,forest,black_forest,"Black Forest, Germany",48.1,8.2,48.099613448687,8.146279356521001,45-60,32632,-4000.0,0.0,12.5,0.001,14,20,cuda:0,0.029760553107897315,psf_aware_minus50,6.25,0.03299928718780234,-0.10882640749864247,169164,169164,9.0,65536.0,169164.0,589824.0,5.320280910832092e-05,0.17089521884918213,0.021060097962617874,1.4826177419163287,0.1919553168118,1.6745730587281287,computed,220,True
forest__black_forest__r1c0,forest,black_forest,"Black Forest, Germany",48.1,8.2,48.099613448687,8.146279356521001,45-60,32632,-4000.0,0.0,12.5,0.001,14,20,cuda:0,0.029760553107897315,nearest,,0.03438005853447495,-0.15522243184894946,168717,169690,,,,,,0.0,0.11962713580578566,0.0,0.11962713580578566,0.11962713580578566,computed,220,True
forest__black_forest__r1c0,forest,black_forest,"Black Forest, Germany",48.1,8.2,48.099613448687,8.146279356521001,45-60,32632,-4000.0,0.0,12.5,0.001,14,20,cuda:0,0.029760553107897315,bilinear,,0.035615830235166186,-0.19674624682009378,168717,169690,,,,,,0.0,0.10629347059875727,0.0,0.10629347059875727,0.10629347059875727,computed,220,True
forest__black_forest__r1c0,forest,black_forest,"Black Forest, Germany",48.1,8.2,48.099613448687,8.146279356521001,45-60,32632,-4000.0,0.0,12.5,0.001,14,20,cuda:0,0.029760553107897315,bicubic,,0.03322033583508555,-0.11625397937480342,168717,169690,,,,,,0.0,0.757222521584481,0.0,0.757222521584481,0.757222521584481,computed,220,True
forest__black_forest__r1c1,forest,black_forest,"Black Forest, Germany",48.1,8.2,48.099999999999994,8.2,45-60,32632,0.0,0.0,12.5,0.001,14,20,cuda:0,0.03104339225460117,blurred_observation,12.5,0.03104339225460117,0.0,169696,169696,,,,,,0.0,0.0,0.0,0.0,0.0,computed,221,True
forest__black_forest__r1c1,forest,black_forest,"Black Forest, Germany",48.1,8.2,48.099999999999994,8.2,45-60,32632,0.0,0.0,12.5,0.001,14,20,cuda:0,0.03104339225460117,psf_aware_matched,12.5,0.024461574198330695,0.21201993655493412,169696,171020,22.0,65536.0,171020.0,1441792.0,0.00012863992515495265,0.27060632314532995,0.04046896891668439,1.509736395906657,0.31107529206201434,1.8208116879686713,computed,221,True
forest__black_forest__r1c1,forest,black_forest,"Black Forest, Germany",48.1,8.2,48.099999999999994,8.2,45-60,32632,0.0,0.0,12.5,0.001,14,20,cuda:0,0.03104339225460117,psf_aware_plus50,18.75,0.050612765394215393,-0.6303877159788716,169696,172980,48.0,65536.0,172980.0,3145728.0,0.00027748872702046477,0.478502060752362,0.07999270781874657,1.530912403948605,0.5584947685711086,2.0894071725197136,computed,221,True
forest__black_forest__r1c1,forest,black_forest,"Black Forest, Germany",48.1,8.2,48.099999999999994,8.2,45-60,32632,0.0,0.0,12.5,0.001,14,20,cuda:0,0.03104339225460117,psf_aware_minus50,6.25,0.0355019953738698,-0.14362486814268127,169149,169149,9.0,65536.0,169149.0,589824.0,5.320752709149921e-05,0.193471297621727,0.021218969020992517,1.5788125172257423,0.2146902666427195,1.7935027838684618,computed,221,True
forest__black_forest__r1c1,forest,black_forest,"Black Forest, Germany",48.1,8.2,48.099999999999994,8.2,45-60,32632,0.0,0.0,12.5,0.001,14,20,cuda:0,0.03104339225460117,nearest,,0.037432070753467994,-0.2057983369365799,168715,169696,,,,,,0.0,0.12007109588012099,0.0,0.12007109588012099,0.12007109588012099,computed,221,True
forest__black_forest__r1c1,forest,black_forest,"Black Forest, Germany",48.1,8.2,48.099999999999994,8.2,45-60,32632,0.0,0.0,12.5,0.001,14,20,cuda:0,0.03104339225460117,bilinear,,0.03907922647387372,-0.2588581219915327,168715,169696,,,,,,0.0,0.10597234265878797,0.0,0.10597234265878797,0.10597234265878797,computed,221,True
forest__black_forest__r1c1,forest,black_forest,"Black Forest, Germany",48.1,8.2,48.099999999999994,8.2,45-60,32632,0.0,0.0,12.5,0.001,14,20,cuda:0,0.03104339225460117,bicubic,,0.035450755908078016,-0.1419742925428389,168715,169696,,,,,,0.0,0.757288055960089,0.0,0.757288055960089,0.757288055960089,computed,221,True
forest__black_forest__r1c2,forest,black_forest,"Black Forest, Germany",48.1,8.2,48.10036144070311,8.253721737409213,45-60,32632,4000.0,0.0,12.5,0.001,14,20,cuda:0,0.036014139957239705,blurred_observation,12.5,0.036014139957239705,0.0,169695,169695,,,,,,0.0,0.0,0.0,0.0,0.0,computed,222,True
forest__black_forest__r1c2,forest,black_forest,"Black Forest, Germany",48.1,8.2,48.10036144070311,8.253721737409213,45-60,32632,4000.0,0.0,12.5,0.001,14,20,cuda:0,0.036014139957239705,psf_aware_matched,12.5,0.030726785487868544,0.14681329265807652,169695,171034,22.0,65536.0,171034.0,1441792.0,0.00012862939532490617,0.27029541321098804,0.0404650722630322,1.5008088070899248,0.31076048547402024,1.811569292563945,computed,222,True
forest__black_forest__r1c2,forest,black_forest,"Black Forest, Germany",48.1,8.2,48.10036144070311,8.253721737409213,45-60,32632,4000.0,0.0,12.5,0.001,14,20,cuda:0,0.036014139957239705,psf_aware_plus50,18.75,0.0543252134009838,-0.5084412251822532,169695,172976,48.0,65536.0,172976.0,3145728.0,0.0002774951438349829,0.47689401637762785,0.07968131825327873,1.5261963605880737,0.5565753346309066,2.0827716952189803,computed,222,True
forest__black_forest__r1c2,forest,black_forest,"Black Forest, Germany",48.1,8.2,48.10036144070311,8.253721737409213,45-60,32632,4000.0,0.0,12.5,0.001,14,20,cuda:0,0.036014139957239705,psf_aware_minus50,6.25,0.040205153606221386,-0.1163713378677862,169161,169161,9.0,65536.0,169161.0,589824.0,5.3203752638019405e-05,0.19059122307226062,0.02108716033399105,1.4758233041502535,0.21167838340625167,1.6875016875565052,computed,222,True
forest__black_forest__r1c2,forest,black_forest,"Black Forest, Germany",48.1,8.2,48.10036144070311,8.253721737409213,45-60,32632,4000.0,0.0,12.5,0.001,14,20,cuda:0,0.036014139957239705,nearest,,0.04194164946470008,-0.16458839540519987,168707,169695,,,,,,0.0,0.12115172296762466,0.0,0.12115172296762466,0.12115172296762466,computed,222,True
forest__black_forest__r1c2,forest,black_forest,"Black Forest, Germany",48.1,8.2,48.10036144070311,8.253721737409213,45-60,32632,4000.0,0.0,12.5,0.001,14,20,cuda:0,0.036014139957239705,bilinear,,0.04342855086297194,-0.2058749956138204,168707,169695,,,,,,0.0,0.10742249991744757,0.0,0.10742249991744757,0.10742249991744757,computed,222,True
forest__black_forest__r1c2,forest,black_forest,"Black Forest, Germany",48.1,8.2,48.10036144070311,8.253721737409213,45-60,32632,4000.0,0.0,12.5,0.001,14,20,cuda:0,0.036014139957239705,bicubic,,0.04026126972137769,-0.11792950683205783,168707,169695,,,,,,0.0,0.7655519880354404,0.0,0.7655519880354404,0.7655519880354404,computed,222,True
forest__black_forest__r2c0,forest,black_forest,"Black Forest, Germany",48.1,8.2,48.135597454619784,8.145682953654482,45-60,32632,-4000.0,4000.0,12.5,0.001,14,20,cuda:0,0.033157649002617015,blurred_observation,12.5,0.033157649002617015,0.0,169683,169683,,,,,,0.0,0.0,0.0,0.0,0.0,computed,223,True
forest__black_forest__r2c0,forest,black_forest,"Black Forest, Germany",48.1,8.2,48.135597454619784,8.145682953654482,45-60,32632,-4000.0,4000.0,12.5,0.001,14,20,cuda:0,0.033157649002617015,psf_aware_matched,12.5,0.027991744639379895,0.1557982703426709,169683,171023,22.0,65536.0,171023.0,1441792.0,0.00012863766861767132,0.26915532536804676,0.04051256086677313,1.5069795940071344,0.3096678862348199,1.8166474802419543,computed,223,True
forest__black_forest__r2c0,forest,black_forest,"Black Forest, Germany",48.1,8.2,48.135597454619784,8.145682953654482,45-60,32632,-4000.0,4000.0,12.5,0.001,14,20,cuda:0,0.033157649002617015,psf_aware_plus50,18.75,0.05062235964738798,-0.5267173991555474,169683,172968,48.0,65536.0,172968.0,3145728.0,0.0002775079783543777,0.47072917921468616,0.07981015183031559,1.5302482559345663,0.5505393310450017,2.080787586979568,computed,223,True
forest__black_forest__r2c0,forest,black_forest,"Black Forest, Germany",48.1,8.2,48.135597454619784,8.145682953654482,45-60,32632,-4000.0,4000.0,12.5,0.001,14,20,cuda:0,0.033157649002617015,psf_aware_minus50,6.25,0.037072664986167445,-0.11807278565622759,169157,169157,9.0,65536.0,169157.0,589824.0,5.3205010729677166e-05,0.17128958506509662,0.020981037989258766,1.485905971378088,0.19227062305435538,1.6781765944324434,computed,223,True
forest__black_forest__r2c0,forest,black_forest,"Black Forest, Germany",48.1,8.2,48.135597454619784,8.145682953654482,45-60,32632,-4000.0,4000.0,12.5,0.001,14,20,cuda:0,0.033157649002617015,nearest,,0.038726659577017326,-0.16795553188830636,168700,169683,,,,,,0.0,0.11954208509996533,0.0,0.11954208509996533,0.11954208509996533,computed,223,True
forest__black_forest__r2c0,forest,black_forest,"Black Forest, Germany",48.1,8.2,48.135597454619784,8.145682953654482,45-60,32632,-4000.0,4000.0,12.5,0.001,14,20,cuda:0,0.033157649002617015,bilinear,,0.040158648250767016,-0.21114281195260376,168700,169683,,,,,,0.0,0.106499542016536,0.0,0.106499542016536,0.106499542016536,computed,223,True
forest__black_forest__r2c0,forest,black_forest,"Black Forest, Germany",48.1,8.2,48.135597454619784,8.145682953654482,45-60,32632,-4000.0,4000.0,12.5,0.001,14,20,cuda:0,0.033157649002617015,bicubic,,0.03721250730431317,-0.1222902836499693,168700,169683,,,,,,0.0,0.7570936679840088,0.0,0.7570936679840088,0.7570936679840088,computed,223,True
forest__black_forest__r2c1,forest,black_forest,"Black Forest, Germany",48.1,8.2,48.135984491426136,8.199441115879894,45-60,32632,0.0,4000.0,12.5,0.001,14,20,cuda:0,0.03478245488178755,blurred_observation,12.5,0.03478245488178755,0.0,169695,169695,,,,,,0.0,0.0,0.0,0.0,0.0,computed,224,True
forest__black_forest__r2c1,forest,black_forest,"Black Forest, Germany",48.1,8.2,48.135984491426136,8.199441115879894,45-60,32632,0.0,4000.0,12.5,0.001,14,20,cuda:0,0.03478245488178755,psf_aware_matched,12.5,0.027414262343061265,0.21183647226074165,169695,171025,22.0,65536.0,171025.0,1441792.0,0.0001286361643034644,0.270572688896209,0.04046637425199151,1.5304410099051893,0.3110390631482005,1.8414800730533898,computed,224,True
forest__black_forest__r2c1,forest,black_forest,"Black Forest, Germany",48.1,8.2,48.135984491426136,8.199441115879894,45-60,32632,0.0,4000.0,12.5,0.001,14,20,cuda:0,0.03478245488178755,psf_aware_plus50,18.75,0.0561669755550641,-0.614807688127663,169695,172981,48.0,65536.0,172981.0,3145728.0,0.0002774871228632046,0.4726108629256487,0.0797836622223258,1.5569301918148994,0.5523945251479745,2.109324716962874,computed,224,True
forest__black_forest__r2c1,forest,black_forest,"Black Forest, Germany",48.1,8.2,48.135984491426136,8.199441115879894,45-60,32632,0.0,4000.0,12.5,0.001,14,20,cuda:0,0.03478245488178755,psf_aware_minus50,6.25,0.039971887069816345,-0.1491968351764048,169152,169152,9.0,65536.0,169152.0,589824.0,5.3206583427922814e-05,0.1707346341572702,0.020975857973098755,1.4943806119263172,0.19171049213036895,1.6860911040566862,computed,224,True
forest__black_forest__r2c1,forest,black_forest,"Black Forest, Germany",48.1,8.2,48.135984491426136,8.199441115879894,45-60,32632,0.0,4000.0,12.5,0.001,14,20,cuda:0,0.03478245488178755,nearest,,0.04204798721443246,-0.20888497828395702,168713,169695,,,,,,0.0,0.11929691024124622,0.0,0.11929691024124622,0.11929691024124622,computed,224,True
forest__black_forest__r2c1,forest,black_forest,"Black Forest, Germany",48.1,8.2,48.135984491426136,8.199441115879894,45-60,32632,0.0,4000.0,12.5,0.001,14,20,cuda:0,0.03478245488178755,bilinear,,0.043871305701036506,-0.2613056165856762,168713,169695,,,,,,0.0,0.10664752218872309,0.0,0.10664752218872309,0.10664752218872309,computed,224,True
forest__black_forest__r2c1,forest,black_forest,"Black Forest, Germany",48.1,8.2,48.135984491426136,8.199441115879894,45-60,32632,0.0,4000.0,12.5,0.001,14,20,cuda:0,0.03478245488178755,bicubic,,0.03973183473173895,-0.14229529993706524,168713,169695,,,,,,0.0,0.756728156004101,0.0,0.756728156004101,0.756728156004101,computed,224,True
forest__black_forest__r2c2,forest,black_forest,"Black Forest, Germany",48.1,8.2,48.136346386091226,8.253200374766893,45-60,32632,4000.0,4000.0,12.5,0.001,14,20,cuda:0,0.03583602091991812,blurred_observation,12.5,0.03583602091991812,0.0,169698,169698,,,,,,0.0,0.0,0.0,0.0,0.0,computed,225,True
forest__black_forest__r2c2,forest,black_forest,"Black Forest, Germany",48.1,8.2,48.136346386091226,8.253200374766893,45-60,32632,4000.0,4000.0,12.5,0.001,14,20,cuda:0,0.03583602091991812,psf_aware_matched,12.5,0.029115922398798216,0.1875235684267833,169698,171023,22.0,65536.0,171023.0,1441792.0,0.00012863766861767132,0.2703005140647292,0.04041955480352044,1.5015228493139148,0.31072006886824965,1.8122429181821644,computed,225,True
forest__black_forest__r2c2,forest,black_forest,"Black Forest, Germany",48.1,8.2,48.136346386091226,8.253200374766893,45-60,32632,4000.0,4000.0,12.5,0.001,14,20,cuda:0,0.03583602091991812,psf_aware_plus50,18.75,0.05662159350942224,-0.5800189880442679,169698,172977,48.0,65536.0,172977.0,3145728.0,0.0002774935396035311,0.43520329194143414,0.08032867405563593,1.5181249440647662,0.5155319659970701,2.0336569100618362,computed,225,True
forest__black_forest__r2c2,forest,black_forest,"Black Forest, Germany",48.1,8.2,48.136346386091226,8.253200374766893,45-60,32632,4000.0,4000.0,12.5,0.001,14,20,cuda:0,0.03583602091991812,psf_aware_minus50,6.25,0.0405262201295597,-0.1308794639930213,169157,169157,9.0,65536.0,169157.0,589824.0,5.3205010729677166e-05,0.16910406621173024,0.020999784115701914,1.5838182978332043,0.19010385032743216,1.7739221481606364,computed,225,True
forest__black_forest__r2c2,forest,black_forest,"Black Forest, Germany",48.1,8.2,48.136346386091226,8.253200374766893,45-60,32632,4000.0,4000.0,12.5,0.001,14,20,cuda:0,0.03583602091991812,nearest,,0.042509532026375606,-0.1862235520335982,168709,169698,,,,,,0.0,0.1198228569701314,0.0,0.1198228569701314,0.1198228569701314,computed,225,True
forest__black_forest__r2c2,forest,black_forest,"Black Forest, Germany",48.1,8.2,48.136346386091226,8.253200374766893,45-60,32632,4000.0,4000.0,12.5,0.001,14,20,cuda:0,0.03583602091991812,bilinear,,0.04425071308828004,-0.2348110072590377,168709,169698,,,,,,0.0,0.1067760749720037,0.0,0.1067760749720037,0.1067760749720037,computed,225,True
forest__black_forest__r2c2,forest,black_forest,"Black Forest, Germany",48.1,8.2,48.136346386091226,8.253200374766893,45-60,32632,4000.0,4000.0,12.5,0.001,14,20,cuda:0,0.03583602091991812,bicubic,,0.040451931428805814,-0.12880644643005312,168709,169698,,,,,,0.0,0.7610309747979045,0.0,0.7610309747979045,0.7610309747979045,computed,225,True
forest__canadian_rockies__r0c0,forest,canadian_rockies,Canadian Rockies,53.0,-122.0,52.96453326789507,-122.06037552274115,45-60,32610,-4000.0,-4000.0,12.5,0.001,14,20,cuda:0,0.03100696386252288,blurred_observation,12.5,0.03100696386252288,0.0,169502,169502,,,,,,0.0,0.0,0.0,0.0,0.0,computed,226,True
forest__canadian_rockies__r0c0,forest,canadian_rockies,Canadian Rockies,53.0,-122.0,52.96453326789507,-122.06037552274115,45-60,32610,-4000.0,-4000.0,12.5,0.001,14,20,cuda:0,0.03100696386252288,psf_aware_matched,12.5,0.02670193816670181,0.13884060738447268,169502,170838,22.0,65536.0,170838.0,1441792.0,0.00012877696999496598,0.2696614130400121,0.04039084119722247,1.8902359087951481,0.3100522542372346,2.2002881630323827,computed,226,True
forest__canadian_rockies__r0c0,forest,canadian_rockies,Canadian Rockies,53.0,-122.0,52.96453326789507,-122.06037552274115,45-60,32610,-4000.0,-4000.0,12.5,0.001,14,20,cuda:0,0.03100696386252288,psf_aware_plus50,18.75,0.044742760428855846,-0.4429906980649265,169502,172808,48.0,65536.0,172808.0,3145728.0,0.00027776491829081986,0.4302885141223669,0.07975617004558444,1.9289632579311728,0.5100446841679513,2.439007942099124,computed,226,True
forest__canadian_rockies__r0c0,forest,canadian_rockies,Canadian Rockies,53.0,-122.0,52.96453326789507,-122.06037552274115,45-60,32610,-4000.0,-4000.0,12.5,0.001,14,20,cuda:0,0.03100696386252288,psf_aware_minus50,6.25,0.03454760668890588,-0.11418863330448348,168979,168979,9.0,65536.0,168979.0,589824.0,5.326105610756366e-05,0.1708743181079626,0.022281340789049864,1.863558300305158,0.19315565889701247,2.0567139592021704,computed,226,True
forest__canadian_rockies__r0c0,forest,canadian_rockies,Canadian Rockies,53.0,-122.0,52.96453326789507,-122.06037552274115,45-60,32610,-4000.0,-4000.0,12.5,0.001,14,20,cuda:0,0.03100696386252288,nearest,,0.035794430598135404,-0.15439972635950272,168520,169502,,,,,,0.0,0.12249484797939658,0.0,0.12249484797939658,0.12249484797939658,computed,226,True
forest__canadian_rockies__r0c0,forest,canadian_rockies,Canadian Rockies,53.0,-122.0,52.96453326789507,-122.06037552274115,45-60,32610,-4000.0,-4000.0,12.5,0.001,14,20,cuda:0,0.03100696386252288,bilinear,,0.03694240930048784,-0.19142298047242656,168520,169502,,,,,,0.0,0.10852361563593149,0.0,0.10852361563593149,0.10852361563593149,computed,226,True
forest__canadian_rockies__r0c0,forest,canadian_rockies,Canadian Rockies,53.0,-122.0,52.96453326789507,-122.06037552274115,45-60,32610,-4000.0,-4000.0,12.5,0.001,14,20,cuda:0,0.03100696386252288,bicubic,,0.034447574680703336,-0.11096251904685861,168520,169502,,,,,,0.0,0.764132889918983,0.0,0.764132889918983,0.764132889918983,computed,226,True
forest__canadian_rockies__r0c1,forest,canadian_rockies,Canadian Rockies,53.0,-122.0,52.964047646453196,-122.00082987198086,45-60,32610,0.0,-4000.0,12.5,0.001,14,20,cuda:0,0.029873000386361384,blurred_observation,12.5,0.029873000386361384,0.0,169495,169495,,,,,,0.0,0.0,0.0,0.0,0.0,computed,227,True
forest__canadian_rockies__r0c1,forest,canadian_rockies,Canadian Rockies,53.0,-122.0,52.964047646453196,-122.00082987198086,45-60,32610,0.0,-4000.0,12.5,0.001,14,20,cuda:0,0.029873000386361384,psf_aware_matched,12.5,0.02621420284535228,0.12247840838510282,169495,170835,22.0,65536.0,170835.0,1441792.0,0.00012877923142213247,0.2825928651727736,0.04069707076996565,1.8826893349178135,0.32328993594273925,2.205979270860553,computed,227,True
forest__canadian_rockies__r0c1,forest,canadian_rockies,Canadian Rockies,53.0,-122.0,52.964047646453196,-122.00082987198086,45-60,32610,0.0,-4000.0,12.5,0.001,14,20,cuda:0,0.029873000386361384,psf_aware_plus50,18.75,0.042529056572259645,-0.4236620366957322,169495,172803,48.0,65536.0,172803.0,3145728.0,0.0002777729553306366,0.4372499091550708,0.07980300765484571,1.9265561792999506,0.5170529168099165,2.443609096109867,computed,227,True
forest__canadian_rockies__r0c1,forest,canadian_rockies,Canadian Rockies,53.0,-122.0,52.964047646453196,-122.00082987198086,45-60,32610,0.0,-4000.0,12.5,0.001,14,20,cuda:0,0.029873000386361384,psf_aware_minus50,6.25,0.03284601254843047,-0.09952171270437304,168965,168965,9.0,65536.0,168965.0,589824.0,5.32654691800077e-05,0.17093668738380075,0.022293745074421167,1.8793051051907241,0.1932304324582219,2.072535537648946,computed,227,True
forest__canadian_rockies__r0c1,forest,canadian_rockies,Canadian Rockies,53.0,-122.0,52.964047646453196,-122.00082987198086,45-60,32610,0.0,-4000.0,12.5,0.001,14,20,cuda:0,0.029873000386361384,nearest,,0.03398656008959523,-0.13770159173940577,168515,169495,,,,,,0.0,0.12398863630369306,0.0,0.12398863630369306,0.12398863630369306,computed,227,True
forest__canadian_rockies__r0c1,forest,canadian_rockies,Canadian Rockies,53.0,-122.0,52.964047646453196,-122.00082987198086,45-60,32610,0.0,-4000.0,12.5,0.001,14,20,cuda:0,0.029873000386361384,bilinear,,0.03502673798410792,-0.17252159244437637,168515,169495,,,,,,0.0,0.10932052507996559,0.0,0.10932052507996559,0.10932052507996559,computed,227,True
forest__canadian_rockies__r0c1,forest,canadian_rockies,Canadian Rockies,53.0,-122.0,52.964047646453196,-122.00082987198086,45-60,32610,0.0,-4000.0,12.5,0.001,14,20,cuda:0,0.029873000386361384,bicubic,,0.03298391281366683,-0.10413793013994499,168515,169495,,,,,,0.0,0.7561140418983996,0.0,0.7561140418983996,0.7561140418983996,computed,227,True
forest__canadian_rockies__r0c2,forest,canadian_rockies,Canadian Rockies,53.0,-122.0,52.96353220240553,-121.94128598915609,45-60,32610,4000.0,-4000.0,12.5,0.001,14,20,cuda:0,0.020159775861213636,blurred_observation,12.5,0.020159775861213636,0.0,169495,169495,,,,,,0.0,0.0,0.0,0.0,0.0,computed,228,True
forest__canadian_rockies__r0c2,forest,canadian_rockies,Canadian Rockies,53.0,-122.0,52.96353220240553,-121.94128598915609,45-60,32610,4000.0,-4000.0,12.5,0.001,14,20,cuda:0,0.020159775861213636,psf_aware_matched,12.5,0.017375773158389438,0.13809690752467518,169495,170824,22.0,65536.0,170824.0,1441792.0,0.00012878752400131128,0.28855542885139585,0.040385751985013485,1.9159219483844936,0.32894118083640933,2.244863129220903,computed,228,True
forest__canadian_rockies__r0c2,forest,canadian_rockies,Canadian Rockies,53.0,-122.0,52.96353220240553,-121.94128598915609,45-60,32610,4000.0,-4000.0,12.5,0.001,14,20,cuda:0,0.020159775861213636,psf_aware_plus50,18.75,0.029309440885279273,-0.45385747773461693,169495,172811,48.0,65536.0,172811.0,3145728.0,0.0002777600962901667,0.429308176971972,0.0805539907887578,1.909223971888423,0.5098621677607298,2.4190861396491528,computed,228,True
forest__canadian_rockies__r0c2,forest,canadian_rockies,Canadian Rockies,53.0,-122.0,52.96353220240553,-121.94128598915609,45-60,32610,4000.0,-4000.0,12.5,0.001,14,20,cuda:0,0.020159775861213636,psf_aware_minus50,6.25,0.022304957229692376,-0.10640898903077378,168963,168963,9.0,65536.0,168963.0,589824.0,5.326609967862787e-05,0.18964797584339976,0.02219193195924163,1.8764128568582237,0.2118399078026414,2.088252764660865,computed,228,True
forest__canadian_rockies__r0c2,forest,canadian_rockies,Canadian Rockies,53.0,-122.0,52.96353220240553,-121.94128598915609,45-60,32610,4000.0,-4000.0,12.5,0.001,14,20,cuda:0,0.020159775861213636,nearest,,0.023145233931701176,-0.1480898444030525,168522,169495,,,,,,0.0,0.12269418500363827,0.0,0.12269418500363827,0.12269418500363827,computed,228,True
forest__canadian_rockies__r0c2,forest,canadian_rockies,Canadian Rockies,53.0,-122.0,52.96353220240553,-121.94128598915609,45-60,32610,4000.0,-4000.0,12.5,0.001,14,20,cuda:0,0.020159775861213636,bilinear,,0.02391134119787872,-0.18609161939557572,168522,169495,,,,,,0.0,0.10888943821191788,0.0,0.10888943821191788,0.10888943821191788,computed,228,True
forest__canadian_rockies__r0c2,forest,canadian_rockies,Canadian Rockies,53.0,-122.0,52.96353220240553,-121.94128598915609,45-60,32610,4000.0,-4000.0,12.5,0.001,14,20,cuda:0,0.020159775861213636,bicubic,,0.02231412331565639,-0.10686366104831602,168522,169495,,,,,,0.0,0.7587954611517489,0.0,0.7587954611517489,0.7587954611517489,computed,228,True
forest__canadian_rockies__r1c0,forest,canadian_rockies,Canadian Rockies,53.0,-122.0,53.00048625180694,-122.05959508874882,45-60,32610,-4000.0,0.0,12.5,0.001,14,20,cuda:0,0.03416942230956585,blurred_observation,12.5,0.03416942230956585,0.0,169507,169507,,,,,,0.0,0.0,0.0,0.0,0.0,computed,229,True
forest__canadian_rockies__r1c0,forest,canadian_rockies,Canadian Rockies,53.0,-122.0,53.00048625180694,-122.05959508874882,45-60,32610,-4000.0,0.0,12.5,0.001,14,20,cuda:0,0.03416942230956585,psf_aware_matched,12.5,0.029361285270356693,0.1407146130727268,169507,170827,22.0,65536.0,170827.0,1441792.0,0.0001287852622828944,0.2723231250420213,0.04039746383205056,1.8640244333073497,0.31272058887407184,2.1767450221814215,computed,229,True
forest__canadian_rockies__r1c0,forest,canadian_rockies,Canadian Rockies,53.0,-122.0,53.00048625180694,-122.05959508874882,45-60,32610,-4000.0,0.0,12.5,0.001,14,20,cuda:0,0.03416942230956585,psf_aware_plus50,18.75,0.04973427751867419,-0.45551999878999716,169507,172819,48.0,65536.0,172819.0,3145728.0,0.0002777472384402178,0.4295812537893653,0.07975048804655671,1.9331745053641498,0.509331741835922,2.442506247200072,computed,229,True
forest__canadian_rockies__r1c0,forest,canadian_rockies,Canadian Rockies,53.0,-122.0,53.00048625180694,-122.05959508874882,45-60,32610,-4000.0,0.0,12.5,0.001,14,20,cuda:0,0.03416942230956585,psf_aware_minus50,6.25,0.03801160566813109,-0.11244507805124959,168969,168969,9.0,65536.0,168969.0,589824.0,5.32642082275447e-05,0.16859591333195567,0.02227475866675377,1.8466425519436598,0.19087067199870944,2.0375132239423692,computed,229,True
forest__canadian_rockies__r1c0,forest,canadian_rockies,Canadian Rockies,53.0,-122.0,53.00048625180694,-122.05959508874882,45-60,32610,-4000.0,0.0,12.5,0.001,14,20,cuda:0,0.03416942230956585,nearest,,0.03945005253092643,-0.15454256655320298,168526,169507,,,,,,0.0,0.12162934802472591,0.0,0.12162934802472591,0.12162934802472591,computed,229,True
forest__canadian_rockies__r1c0,forest,canadian_rockies,Canadian Rockies,53.0,-122.0,53.00048625180694,-122.05959508874882,45-60,32610,-4000.0,0.0,12.5,0.001,14,20,cuda:0,0.03416942230956585,bilinear,,0.0407428646083909,-0.19237791728731657,168526,169507,,,,,,0.0,0.1086032958701253,0.0,0.1086032958701253,0.1086032958701253,computed,229,True
forest__canadian_rockies__r1c0,forest,canadian_rockies,Canadian Rockies,53.0,-122.0,53.00048625180694,-122.05959508874882,45-60,32610,-4000.0,0.0,12.5,0.001,14,20,cuda:0,0.03416942230956585,bicubic,,0.03795727939778432,-0.11085516910123605,168526,169507,,,,,,0.0,0.8224620069377124,0.0,0.8224620069377124,0.8224620069377124,computed,229,True
forest__canadian_rockies__r1c1,forest,canadian_rockies,Canadian Rockies,53.0,-122.0,52.99999999999999,-122.0,45-60,32610,0.0,0.0,12.5,0.001,14,20,cuda:0,0.0302492621082352,blurred_observation,12.5,0.0302492621082352,0.0,169496,169496,,,,,,0.0,0.0,0.0,0.0,0.0,computed,230,True
forest__canadian_rockies__r1c1,forest,canadian_rockies,Canadian Rockies,53.0,-122.0,52.99999999999999,-122.0,45-60,32610,0.0,0.0,12.5,0.001,14,20,cuda:0,0.0302492621082352,psf_aware_matched,12.5,0.026464189140484273,0.12512943139596333,169496,170836,22.0,65536.0,170836.0,1441792.0,0.00012877847760425204,0.2699346113950014,0.04024414299055934,1.913541859947145,0.31017875438556075,2.2237206143327057,computed,230,True
forest__canadian_rockies__r1c1,forest,canadian_rockies,Canadian Rockies,53.0,-122.0,52.99999999999999,-122.0,45-60,32610,0.0,0.0,12.5,0.001,14,20,cuda:0,0.0302492621082352,psf_aware_plus50,18.75,0.04309842833890684,-0.42477618742222223,169496,172808,48.0,65536.0,172808.0,3145728.0,0.00027776491829081986,0.42467215610668063,0.07975810440257192,1.8757156068459153,0.5044302605092525,2.380145867355168,computed,230,True
forest__canadian_rockies__r1c1,forest,canadian_rockies,Canadian Rockies,53.0,-122.0,52.99999999999999,-122.0,45-60,32610,0.0,0.0,12.5,0.001,14,20,cuda:0,0.0302492621082352,psf_aware_minus50,6.25,0.03325414471439351,-0.09933738533543424,168966,168966,9.0,65536.0,168966.0,589824.0,5.3265153936294876e-05,0.17271558614447713,0.022279829252511263,1.8755098469555378,0.1949954153969884,2.070505262352526,computed,230,True
forest__canadian_rockies__r1c1,forest,canadian_rockies,Canadian Rockies,53.0,-122.0,52.99999999999999,-122.0,45-60,32610,0.0,0.0,12.5,0.001,14,20,cuda:0,0.0302492621082352,nearest,,0.03441220355897075,-0.13762125620916255,168517,169496,,,,,,0.0,0.12200123211368918,0.0,0.12200123211368918,0.12200123211368918,computed,230,True
forest__canadian_rockies__r1c1,forest,canadian_rockies,Canadian Rockies,53.0,-122.0,52.99999999999999,-122.0,45-60,32610,0.0,0.0,12.5,0.001,14,20,cuda:0,0.0302492621082352,bilinear,,0.035454317379502866,-0.1720721402275336,168517,169496,,,,,,0.0,0.10862393584102392,0.0,0.10862393584102392,0.10862393584102392,computed,230,True
forest__canadian_rockies__r1c1,forest,canadian_rockies,Canadian Rockies,53.0,-122.0,52.99999999999999,-122.0,45-60,32610,0.0,0.0,12.5,0.001,14,20,cuda:0,0.0302492621082352,bicubic,,0.0333583480465554,-0.10278220761867018,168517,169496,,,,,,0.0,0.7535211709327996,0.0,0.7535211709327996,0.7535211709327996,computed,230,True
forest__canadian_rockies__r1c2,forest,canadian_rockies,Canadian Rockies,53.0,-122.0,52.99948388689128,-121.9404066842441,45-60,32610,4000.0,0.0,12.5,0.001,14,20,cuda:0,0.030589322411501443,blurred_observation,12.5,0.030589322411501443,0.0,169498,169498,,,,,,0.0,0.0,0.0,0.0,0.0,computed,231,True
forest__canadian_rockies__r1c2,forest,canadian_rockies,Canadian Rockies,53.0,-122.0,52.99948388689128,-121.9404066842441,45-60,32610,4000.0,0.0,12.5,0.001,14,20,cuda:0,0.030589322411501443,psf_aware_matched,12.5,0.026971740965904028,0.11826288261413798,169498,170817,22.0,65536.0,170817.0,1441792.0,0.00012879280165323123,0.26747347973287106,0.04037783574312925,1.9413425750099123,0.3078513154760003,2.2491938904859126,computed,231,True
forest__canadian_rockies__r1c2,forest,canadian_rockies,Canadian Rockies,53.0,-122.0,52.99948388689128,-121.9404066842441,45-60,32610,4000.0,0.0,12.5,0.001,14,20,cuda:0,0.030589322411501443,psf_aware_plus50,18.75,0.044000633037537505,-0.4384311115369288,169498,172805,48.0,65536.0,172805.0,3145728.0,0.00027776974045889876,0.424987883772701,0.07973250420764089,1.9737773169763386,0.5047203879803419,2.4784977049566805,computed,231,True
forest__canadian_rockies__r1c2,forest,canadian_rockies,Canadian Rockies,53.0,-122.0,52.99948388689128,-121.9404066842441,45-60,32610,4000.0,0.0,12.5,0.001,14,20,cuda:0,0.030589322411501443,psf_aware_minus50,6.25,0.03361252947434562,-0.09883210298595779,168963,168963,9.0,65536.0,168963.0,589824.0,5.326609967862787e-05,0.16824564011767507,0.02244479116052389,1.9182363110594451,0.19069043127819896,2.108926742337644,computed,231,True
forest__canadian_rockies__r1c2,forest,canadian_rockies,Canadian Rockies,53.0,-122.0,52.99948388689128,-121.9404066842441,45-60,32610,4000.0,0.0,12.5,0.001,14,20,cuda:0,0.030589322411501443,nearest,,0.03480136588475644,-0.13769652745466798,168518,169498,,,,,,0.0,0.12209032103419304,0.0,0.12209032103419304,0.12209032103419304,computed,231,True
forest__canadian_rockies__r1c2,forest,canadian_rockies,Canadian Rockies,53.0,-122.0,52.99948388689128,-121.9404066842441,45-60,32610,4000.0,0.0,12.5,0.001,14,20,cuda:0,0.030589322411501443,bilinear,,0.035845623307306874,-0.17183449914631277,168518,169498,,,,,,0.0,0.1088504851795733,0.0,0.1088504851795733,0.1088504851795733,computed,231,True
forest__canadian_rockies__r1c2,forest,canadian_rockies,Canadian Rockies,53.0,-122.0,52.99948388689128,-121.9404066842441,45-60,32610,4000.0,0.0,12.5,0.001,14,20,cuda:0,0.030589322411501443,bicubic,,0.033839409978493266,-0.1062490866345509,168518,169498,,,,,,0.0,0.7546168668195605,0.0,0.7546168668195605,0.7546168668195605,computed,231,True
forest__canadian_rockies__r2c0,forest,canadian_rockies,Canadian Rockies,53.0,-122.0,53.03643900898122,-122.05881298733725,45-60,32610,-4000.0,4000.0,12.5,0.001,14,20,cuda:0,0.026882364176375184,blurred_observation,12.5,0.026882364176375184,0.0,169504,169504,,,,,,0.0,0.0,0.0,0.0,0.0,computed,232,True
forest__canadian_rockies__r2c0,forest,canadian_rockies,Canadian Rockies,53.0,-122.0,53.03643900898122,-122.05881298733725,45-60,32610,-4000.0,4000.0,12.5,0.001,14,20,cuda:0,0.026882364176375184,psf_aware_matched,12.5,0.022932933587516083,0.14691529967181782,169504,170824,22.0,65536.0,170824.0,1441792.0,0.00012878752400131128,0.27456734608858824,0.040476884227246046,1.890349413268268,0.3150442303158343,2.2053936435841024,computed,232,True
forest__canadian_rockies__r2c0,forest,canadian_rockies,Canadian Rockies,53.0,-122.0,53.03643900898122,-122.05881298733725,45-60,32610,-4000.0,4000.0,12.5,0.001,14,20,cuda:0,0.026882364176375184,psf_aware_plus50,18.75,0.03943720415832262,-0.4670288632195865,169504,172814,48.0,65536.0,172814.0,3145728.0,0.00027775527445693057,0.4233653098344803,0.07971797790378332,1.9072545319795609,0.5030832877382636,2.4103378197178245,computed,232,True
forest__canadian_rockies__r2c0,forest,canadian_rockies,Canadian Rockies,53.0,-122.0,53.03643900898122,-122.05881298733725,45-60,32610,-4000.0,4000.0,12.5,0.001,14,20,cuda:0,0.026882364176375184,psf_aware_minus50,6.25,0.030163846232416698,-0.12206820927325102,168960,168960,9.0,65536.0,168960.0,589824.0,5.326704545454545e-05,0.16902816202491522,0.02226413879543543,1.887562254909426,0.19129230082035065,2.0788545557297766,computed,232,True
forest__canadian_rockies__r2c0,forest,canadian_rockies,Canadian Rockies,53.0,-122.0,53.03643900898122,-122.05881298733725,45-60,32610,-4000.0,4000.0,12.5,0.001,14,20,cuda:0,0.026882364176375184,nearest,,0.03128338760140277,-0.16371415088912844,168528,169504,,,,,,0.0,0.12546910112723708,0.0,0.12546910112723708,0.12546910112723708,computed,232,True
forest__canadian_rockies__r2c0,forest,canadian_rockies,Canadian Rockies,53.0,-122.0,53.03643900898122,-122.05881298733725,45-60,32610,-4000.0,4000.0,12.5,0.001,14,20,cuda:0,0.026882364176375184,bilinear,,0.032290422453871766,-0.20117495031368193,168528,169504,,,,,,0.0,0.11055338988080621,0.0,0.11055338988080621,0.11055338988080621,computed,232,True
forest__canadian_rockies__r2c0,forest,canadian_rockies,Canadian Rockies,53.0,-122.0,53.03643900898122,-122.05881298733725,45-60,32610,-4000.0,4000.0,12.5,0.001,14,20,cuda:0,0.026882364176375184,bicubic,,0.029981111722245195,-0.1152706482785193,168528,169504,,,,,,0.0,0.7572295246645808,0.0,0.7572295246645808,0.7572295246645808,computed,232,True
forest__canadian_rockies__r2c1,forest,canadian_rockies,Canadian Rockies,53.0,-122.0,53.03595212576481,-121.99916835502289,45-60,32610,0.0,4000.0,12.5,0.001,14,20,cuda:0,0.03184999272581016,blurred_observation,12.5,0.03184999272581016,0.0,169498,169498,,,,,,0.0,0.0,0.0,0.0,0.0,computed,233,True
forest__canadian_rockies__r2c1,forest,canadian_rockies,Canadian Rockies,53.0,-122.0,53.03595212576481,-121.99916835502289,45-60,32610,0.0,4000.0,12.5,0.001,14,20,cuda:0,0.03184999272581016,psf_aware_matched,12.5,0.026905258510356092,0.15525071726145245,169498,170825,22.0,65536.0,170825.0,1441792.0,0.00012878677008634567,0.27332688495516777,0.04048653179779649,1.915696871932596,0.31381341675296426,2.2295102886855602,computed,233,True
forest__canadian_rockies__r2c1,forest,canadian_rockies,Canadian Rockies,53.0,-122.0,53.03595212576481,-121.99916835502289,45-60,32610,0.0,4000.0,12.5,0.001,14,20,cuda:0,0.03184999272581016,psf_aware_plus50,18.75,0.04766515732899426,-0.49655159231380375,169498,172804,48.0,65536.0,172804.0,3145728.0,0.0002777713478854656,0.43189214123412967,0.07974817417562008,1.9497539661824703,0.5116403154097497,2.46139428159222,computed,233,True
forest__canadian_rockies__r2c1,forest,canadian_rockies,Canadian Rockies,53.0,-122.0,53.03595212576481,-121.99916835502289,45-60,32610,0.0,4000.0,12.5,0.001,14,20,cuda:0,0.03184999272581016,psf_aware_minus50,6.25,0.035786342596501895,-0.12359029104273067,168970,168970,9.0,65536.0,168970.0,589824.0,5.3263892998757177e-05,0.16978596802800894,0.022229041904211044,1.890869839116931,0.19201500993221998,2.082884849049151,computed,233,True
forest__canadian_rockies__r2c1,forest,canadian_rockies,Canadian Rockies,53.0,-122.0,53.03595212576481,-121.99916835502289,45-60,32610,0.0,4000.0,12.5,0.001,14,20,cuda:0,0.03184999272581016,nearest,,0.037225283535893966,-0.16876898077681024,168510,169498,,,,,,0.0,0.12247258517891169,0.0,0.12247258517891169,0.12247258517891169,computed,233,True
forest__canadian_rockies__r2c1,forest,canadian_rockies,Canadian Rockies,53.0,-122.0,53.03595212576481,-121.99916835502289,45-60,32610,0.0,4000.0,12.5,0.001,14,20,cuda:0,0.03184999272581016,bilinear,,0.038565523614943885,-0.21084874169191514,168510,169498,,,,,,0.0,0.10890419641509652,0.0,0.10890419641509652,0.10890419641509652,computed,233,True
forest__canadian_rockies__r2c1,forest,canadian_rockies,Canadian Rockies,53.0,-122.0,53.03595212576481,-121.99916835502289,45-60,32610,0.0,4000.0,12.5,0.001,14,20,cuda:0,0.03184999272581016,bicubic,,0.03566355235282439,-0.11973502348475717,168510,169498,,,,,,0.0,0.773224710021168,0.0,0.773224710021168,0.773224710021168,computed,233,True
forest__canadian_rockies__r2c2,forest,canadian_rockies,Canadian Rockies,53.0,-122.0,53.03543534248655,-121.93952550077867,45-60,32610,4000.0,4000.0,12.5,0.001,14,20,cuda:0,0.03143874542891983,blurred_observation,12.5,0.03143874542891983,0.0,169497,169497,,,,,,0.0,0.0,0.0,0.0,0.0,computed,234,True
forest__canadian_rockies__r2c2,forest,canadian_rockies,Canadian Rockies,53.0,-122.0,53.03543534248655,-121.93952550077867,45-60,32610,4000.0,4000.0,12.5,0.001,14,20,cuda:0,0.03143874542891983,psf_aware_matched,12.5,0.027404828615776238,0.12831036220144065,169497,170825,22.0,65536.0,170825.0,1441792.0,0.00012878677008634567,0.2715210751630366,0.040382585022598505,1.98059063218534,0.3119036601856351,2.292494292370975,computed,234,True
forest__canadian_rockies__r2c2,forest,canadian_rockies,Canadian Rockies,53.0,-122.0,53.03543534248655,-121.93952550077867,45-60,32610,4000.0,4000.0,12.5,0.001,14,20,cuda:0,0.03143874542891983,psf_aware_plus50,18.75,0.045348406701488,-0.44243690652404255,169497,172805,48.0,65536.0,172805.0,3145728.0,0.00027776974045889876,0.43407830130308867,0.08009811723604798,2.024674736894667,0.5141764185391366,2.538851155433804,computed,234,True
forest__canadian_rockies__r2c2,forest,canadian_rockies,Canadian Rockies,53.0,-122.0,53.03543534248655,-121.93952550077867,45-60,32610,4000.0,4000.0,12.5,0.001,14,20,cuda:0,0.03143874542891983,psf_aware_minus50,6.25,0.034712057753091205,-0.10411714206510059,168967,168967,9.0,65536.0,168967.0,589824.0,5.326483869631348e-05,0.1703954110853374,0.02231543604284525,1.913925637025386,0.19271084712818265,2.1066364841535687,computed,234,True
forest__canadian_rockies__r2c2,forest,canadian_rockies,Canadian Rockies,53.0,-122.0,53.03543534248655,-121.93952550077867,45-60,32610,4000.0,4000.0,12.5,0.001,14,20,cuda:0,0.03143874542891983,nearest,,0.03594958871974376,-0.14348038476988667,168515,169497,,,,,,0.0,0.1209227992221713,0.0,0.1209227992221713,0.1209227992221713,computed,234,True
forest__canadian_rockies__r2c2,forest,canadian_rockies,Canadian Rockies,53.0,-122.0,53.03543534248655,-121.93952550077867,45-60,32610,4000.0,4000.0,12.5,0.001,14,20,cuda:0,0.03143874542891983,bilinear,,0.03705728402194642,-0.17871382958743065,168515,169497,,,,,,0.0,0.10850693378597498,0.0,0.10850693378597498,0.10850693378597498,computed,234,True
forest__canadian_rockies__r2c2,forest,canadian_rockies,Canadian Rockies,53.0,-122.0,53.03543534248655,-121.93952550077867,45-60,32610,4000.0,4000.0,12.5,0.001,14,20,cuda:0,0.03143874542891983,bicubic,,0.03481815904581156,-0.10749199978517843,168515,169497,,,,,,0.0,0.7547218659892678,0.0,0.7547218659892678,0.7547218659892678,computed,234,True
forest__finland_boreal__r0c0,forest,finland_boreal,Central Finland,62.0,25.0,61.962989603382255,24.926120391525682,60-75,32635,-4000.0,-4000.0,12.5,0.001,14,20,cuda:0,0.029988124705123333,blurred_observation,12.5,0.029988124705123333,0.0,169149,169149,,,,,,0.0,0.0,0.0,0.0,0.0,computed,235,True
forest__finland_boreal__r0c0,forest,finland_boreal,Central Finland,62.0,25.0,61.962989603382255,24.926120391525682,60-75,32635,-4000.0,-4000.0,12.5,0.001,14,20,cuda:0,0.029988124705123333,psf_aware_matched,12.5,0.025788080773644837,0.14005690495081002,169149,170479,22.0,65536.0,170479.0,1441792.0,0.00012904815255837963,0.2715610908344388,0.04026193683966994,1.5319291888736188,0.31182302767410874,1.8437522165477276,computed,235,True
forest__finland_boreal__r0c0,forest,finland_boreal,Central Finland,62.0,25.0,61.962989603382255,24.926120391525682,60-75,32635,-4000.0,-4000.0,12.5,0.001,14,20,cuda:0,0.029988124705123333,psf_aware_plus50,18.75,0.04329862409088423,-0.44385901141350326,169149,172450,48.0,65536.0,172450.0,3145728.0,0.0002783415482748623,0.4209192581474781,0.07974545890465379,1.5474895811639726,0.5006647170521319,2.0481542982161045,computed,235,True
forest__finland_boreal__r0c0,forest,finland_boreal,Central Finland,62.0,25.0,61.962989603382255,24.926120391525682,60-75,32635,-4000.0,-4000.0,12.5,0.001,14,20,cuda:0,0.029988124705123333,psf_aware_minus50,6.25,0.03337330564622353,-0.11288404908233085,168619,168619,9.0,65536.0,168619.0,589824.0,5.3374767968022584e-05,0.16797155095264316,0.022143340203911066,1.5474434229545295,0.19011489115655422,1.7375583141110837,computed,235,True
forest__finland_boreal__r0c0,forest,finland_boreal,Central Finland,62.0,25.0,61.962989603382255,24.926120391525682,60-75,32635,-4000.0,-4000.0,12.5,0.001,14,20,cuda:0,0.029988124705123333,nearest,,0.034613836077995855,-0.15425143847298473,168171,169149,,,,,,0.0,0.12488989299163222,0.0,0.12488989299163222,0.12488989299163222,computed,235,True
forest__finland_boreal__r0c0,forest,finland_boreal,Central Finland,62.0,25.0,61.962989603382255,24.926120391525682,60-75,32635,-4000.0,-4000.0,12.5,0.001,14,20,cuda:0,0.029988124705123333,bilinear,,0.035764258465416664,-0.19261403695932033,168171,169149,,,,,,0.0,0.11170119373127818,0.0,0.11170119373127818,0.11170119373127818,computed,235,True
forest__finland_boreal__r0c0,forest,finland_boreal,Central Finland,62.0,25.0,61.962989603382255,24.926120391525682,60-75,32635,-4000.0,-4000.0,12.5,0.001,14,20,cuda:0,0.029988124705123333,bicubic,,0.033281357229509076,-0.1098178881396712,168171,169149,,,,,,0.0,0.7875377796590328,0.0,0.7875377796590328,0.7875377796590328,computed,235,True
forest__finland_boreal__r0c1,forest,finland_boreal,Central Finland,62.0,25.0,61.964115438780304,25.00235011123801,60-75,32635,0.0,-4000.0,12.5,0.001,14,20,cuda:0,0.031057138076521388,blurred_observation,12.5,0.031057138076521388,0.0,169149,169149,,,,,,0.0,0.0,0.0,0.0,0.0,computed,236,True
forest__finland_boreal__r0c1,forest,finland_boreal,Central Finland,62.0,25.0,61.964115438780304,25.00235011123801,60-75,32635,0.0,-4000.0,12.5,0.001,14,20,cuda:0,0.031057138076521388,psf_aware_matched,12.5,0.026897560753057694,0.1339330531105265,169149,170480,22.0,65536.0,170480.0,1441792.0,0.00012904739558892539,0.27274111611768603,0.0404766327701509,1.5553928199224174,0.31321774888783693,1.8686105688102543,computed,236,True
forest__finland_boreal__r0c1,forest,finland_boreal,Central Finland,62.0,25.0,61.964115438780304,25.00235011123801,60-75,32635,0.0,-4000.0,12.5,0.001,14,20,cuda:0,0.031057138076521388,psf_aware_plus50,18.75,0.04493378452614243,-0.44681021204949745,169149,172455,48.0,65536.0,172455.0,3145728.0,0.0002783334782986866,0.42577151767909527,0.07975277304649353,1.587252481840551,0.5055242907255888,2.0927767725661397,computed,236,True
forest__finland_boreal__r0c1,forest,finland_boreal,Central Finland,62.0,25.0,61.964115438780304,25.00235011123801,60-75,32635,0.0,-4000.0,12.5,0.001,14,20,cuda:0,0.031057138076521388,psf_aware_minus50,6.25,0.03454573559383357,-0.11232836421426384,168618,168618,9.0,65536.0,168618.0,589824.0,5.337508451055048e-05,0.18981384066864848,0.02234868798404932,1.4891454270109534,0.2121625286526978,1.7013079556636512,computed,236,True
forest__finland_boreal__r0c1,forest,finland_boreal,Central Finland,62.0,25.0,61.964115438780304,25.00235011123801,60-75,32635,0.0,-4000.0,12.5,0.001,14,20,cuda:0,0.031057138076521388,nearest,,0.0358141111913639,-0.15316843113882062,168171,169149,,,,,,0.0,0.11935357702895999,0.0,0.11935357702895999,0.11935357702895999,computed,236,True
forest__finland_boreal__r0c1,forest,finland_boreal,Central Finland,62.0,25.0,61.964115438780304,25.00235011123801,60-75,32635,0.0,-4000.0,12.5,0.001,14,20,cuda:0,0.031057138076521388,bilinear,,0.03697166142583323,-0.19044006356088272,168171,169149,,,,,,0.0,0.10706669697538018,0.0,0.10706669697538018,0.10706669697538018,computed,236,True
forest__finland_boreal__r0c1,forest,finland_boreal,Central Finland,62.0,25.0,61.964115438780304,25.00235011123801,60-75,32635,0.0,-4000.0,12.5,0.001,14,20,cuda:0,0.031057138076521388,bicubic,,0.03449471161010144,-0.1106854574014593,168171,169149,,,,,,0.0,0.752196392044425,0.0,0.752196392044425,0.752196392044425,computed,236,True
forest__finland_boreal__r0c2,forest,finland_boreal,Central Finland,62.0,25.0,61.96519914294394,25.07858612615139,60-75,32635,4000.0,-4000.0,12.5,0.001,14,20,cuda:0,0.031744906082514145,blurred_observation,12.5,0.031744906082514145,0.0,169153,169153,,,,,,0.0,0.0,0.0,0.0,0.0,computed,237,True
forest__finland_boreal__r0c2,forest,finland_boreal,Central Finland,62.0,25.0,61.96519914294394,25.07858612615139,60-75,32635,4000.0,-4000.0,12.5,0.001,14,20,cuda:0,0.031744906082514145,psf_aware_matched,12.5,0.027734905352650593,0.12631950207823595,169153,170483,22.0,65536.0,170483.0,1441792.0,0.00012904512473384442,0.27750192396342754,0.040129265282303095,1.5625899606384337,0.31763118924573064,1.8802211498841643,computed,237,True
forest__finland_boreal__r0c2,forest,finland_boreal,Central Finland,62.0,25.0,61.96519914294394,25.07858612615139,60-75,32635,4000.0,-4000.0,12.5,0.001,14,20,cuda:0,0.031744906082514145,psf_aware_plus50,18.75,0.0459275164949875,-0.4467680696741918,169153,172463,48.0,65536.0,172463.0,3145728.0,0.0002783205673100897,0.4280781066045165,0.07969221798703074,1.582404631190002,0.5077703245915473,2.090174955781549,computed,237,True
forest__finland_boreal__r0c2,forest,finland_boreal,Central Finland,62.0,25.0,61.96519914294394,25.07858612615139,60-75,32635,4000.0,-4000.0,12.5,0.001,14,20,cuda:0,0.031744906082514145,psf_aware_minus50,6.25,0.035177244799939625,-0.10812250344996599,168626,168626,9.0,65536.0,168626.0,589824.0,5.3372552275449815e-05,0.17018934059888124,0.022356803994625807,1.5918949050828815,0.19254614459350705,1.7844410496763885,computed,237,True
forest__finland_boreal__r0c2,forest,finland_boreal,Central Finland,62.0,25.0,61.96519914294394,25.07858612615139,60-75,32635,4000.0,-4000.0,12.5,0.001,14,20,cuda:0,0.031744906082514145,nearest,,0.03644903041716501,-0.14818517095068717,168176,169153,,,,,,0.0,0.11975130112841725,0.0,0.11975130112841725,0.11975130112841725,computed,237,True
forest__finland_boreal__r0c2,forest,finland_boreal,Central Finland,62.0,25.0,61.96519914294394,25.07858612615139,60-75,32635,4000.0,-4000.0,12.5,0.001,14,20,cuda:0,0.031744906082514145,bilinear,,0.037612855019198796,-0.18484694588266115,168176,169153,,,,,,0.0,0.10698712477460504,0.0,0.10698712477460504,0.10698712477460504,computed,237,True
forest__finland_boreal__r0c2,forest,finland_boreal,Central Finland,62.0,25.0,61.96519914294394,25.07858612615139,60-75,32635,4000.0,-4000.0,12.5,0.001,14,20,cuda:0,0.031744906082514145,bicubic,,0.035236783183599185,-0.10999802903838019,168176,169153,,,,,,0.0,0.7529477360658348,0.0,0.7529477360658348,0.7529477360658348,computed,237,True
forest__finland_boreal__r1c0,forest,finland_boreal,Central Finland,62.0,25.0,61.998872470936035,24.923680754846412,60-75,32635,-4000.0,0.0,12.5,0.001,14,20,cuda:0,0.02976423015097953,blurred_observation,12.5,0.02976423015097953,0.0,169149,169149,,,,,,0.0,0.0,0.0,0.0,0.0,computed,238,True
forest__finland_boreal__r1c0,forest,finland_boreal,Central Finland,62.0,25.0,61.998872470936035,24.923680754846412,60-75,32635,-4000.0,0.0,12.5,0.001,14,20,cuda:0,0.02976423015097953,psf_aware_matched,12.5,0.025090145998838305,0.15703695773187676,169149,170479,22.0,65536.0,170479.0,1441792.0,0.00012904815255837963,0.27195851411670446,0.04021311365067959,1.5239076660946012,0.31217162776738405,1.8360792938619852,computed,238,True
forest__finland_boreal__r1c0,forest,finland_boreal,Central Finland,62.0,25.0,61.998872470936035,24.923680754846412,60-75,32635,-4000.0,0.0,12.5,0.001,14,20,cuda:0,0.02976423015097953,psf_aware_plus50,18.75,0.044040249442746336,-0.4796367727084312,169149,172454,48.0,65536.0,172454.0,3145728.0,0.0002783350922564858,0.42450616136193275,0.07989864889532328,1.5450037429109216,0.504404810257256,2.0494085531681776,computed,238,True
forest__finland_boreal__r1c0,forest,finland_boreal,Central Finland,62.0,25.0,61.998872470936035,24.923680754846412,60-75,32635,-4000.0,0.0,12.5,0.001,14,20,cuda:0,0.02976423015097953,psf_aware_minus50,6.25,0.03341299187885688,-0.12258881581579462,168622,168622,9.0,65536.0,168622.0,589824.0,5.337381836296569e-05,0.16927558090537786,0.022248810157179832,1.5664182426407933,0.1915243910625577,1.757942633703351,computed,238,True
forest__finland_boreal__r1c0,forest,finland_boreal,Central Finland,62.0,25.0,61.998872470936035,24.923680754846412,60-75,32635,-4000.0,0.0,12.5,0.001,14,20,cuda:0,0.02976423015097953,nearest,,0.03477211927073429,-0.16825192838357195,168166,169149,,,,,,0.0,0.12035575602203608,0.0,0.12035575602203608,0.12035575602203608,computed,238,True
forest__finland_boreal__r1c0,forest,finland_boreal,Central Finland,62.0,25.0,61.998872470936035,24.923680754846412,60-75,32635,-4000.0,0.0,12.5,0.001,14,20,cuda:0,0.02976423015097953,bilinear,,0.03599118493992243,-0.20920933474027614,168166,169149,,,,,,0.0,0.10784955834969878,0.0,0.10784955834969878,0.10784955834969878,computed,238,True
forest__finland_boreal__r1c0,forest,finland_boreal,Central Finland,62.0,25.0,61.998872470936035,24.923680754846412,60-75,32635,-4000.0,0.0,12.5,0.001,14,20,cuda:0,0.02976423015097953,bicubic,,0.03324406691596042,-0.11691338050167488,168166,169149,,,,,,0.0,0.7669168929569423,0.0,0.7669168929569423,0.7669168929569423,computed,238,True
forest__finland_boreal__r1c1,forest,finland_boreal,Central Finland,62.0,25.0,62.0,25.0,60-75,32635,0.0,0.0,12.5,0.001,14,20,cuda:0,0.03040612809407177,blurred_observation,12.5,0.03040612809407177,0.0,169155,169155,,,,,,0.0,0.0,0.0,0.0,0.0,computed,239,True
forest__finland_boreal__r1c1,forest,finland_boreal,Central Finland,62.0,25.0,62.0,25.0,60-75,32635,0.0,0.0,12.5,0.001,14,20,cuda:0,0.03040612809407177,psf_aware_matched,12.5,0.025902695018221192,0.1481093897229422,169155,170482,22.0,65536.0,170482.0,1441792.0,0.00012904588167665795,0.27049746736884117,0.040598914958536625,1.531791449058801,0.3110963823273778,1.8428878313861787,computed,239,True
forest__finland_boreal__r1c1,forest,finland_boreal,Central Finland,62.0,25.0,62.0,25.0,60-75,32635,0.0,0.0,12.5,0.001,14,20,cuda:0,0.03040612809407177,psf_aware_plus50,18.75,0.04476779885033301,-0.47232816726379934,169155,172452,48.0,65536.0,172452.0,3145728.0,0.0002783383202282374,0.4235076103359461,0.07957242196425796,1.5539380349218845,0.503080032300204,2.0570180672220886,computed,239,True
forest__finland_boreal__r1c1,forest,finland_boreal,Central Finland,62.0,25.0,62.0,25.0,60-75,32635,0.0,0.0,12.5,0.001,14,20,cuda:0,0.03040612809407177,psf_aware_minus50,6.25,0.03406634271641565,-0.12037753083917013,168612,168612,9.0,65536.0,168612.0,589824.0,5.3376983844566226e-05,0.19000272871926427,0.022352405358105898,1.5002409210428596,0.21235513407737017,1.7125960551202297,computed,239,True
forest__finland_boreal__r1c1,forest,finland_boreal,Central Finland,62.0,25.0,62.0,25.0,60-75,32635,0.0,0.0,12.5,0.001,14,20,cuda:0,0.03040612809407177,nearest,,0.03538703750531494,-0.1638126826221682,168170,169155,,,,,,0.0,0.11980169592425227,0.0,0.11980169592425227,0.11980169592425227,computed,239,True
forest__finland_boreal__r1c1,forest,finland_boreal,Central Finland,62.0,25.0,62.0,25.0,60-75,32635,0.0,0.0,12.5,0.001,14,20,cuda:0,0.03040612809407177,bilinear,,0.03656714240868982,-0.20262409918016666,168170,169155,,,,,,0.0,0.10750983515754342,0.0,0.10750983515754342,0.10750983515754342,computed,239,True
forest__finland_boreal__r1c1,forest,finland_boreal,Central Finland,62.0,25.0,62.0,25.0,60-75,32635,0.0,0.0,12.5,0.001,14,20,cuda:0,0.03040612809407177,bicubic,,0.03388251652614789,-0.1143318353892584,168170,169155,,,,,,0.0,0.7599365129135549,0.0,0.7599365129135549,0.7599365129135549,computed,239,True
forest__finland_boreal__r1c2,forest,finland_boreal,Central Finland,62.0,25.0,62.001085334567215,25.076325564419125,60-75,32635,4000.0,0.0,12.5,0.001,14,20,cuda:0,0.03070693863286384,blurred_observation,12.5,0.03070693863286384,0.0,169161,169161,,,,,,0.0,0.0,0.0,0.0,0.0,computed,240,True
forest__finland_boreal__r1c2,forest,finland_boreal,Central Finland,62.0,25.0,62.001085334567215,25.076325564419125,60-75,32635,4000.0,0.0,12.5,0.001,14,20,cuda:0,0.03070693863286384,psf_aware_matched,12.5,0.02642647333082049,0.1393973314377298,169161,170483,22.0,65536.0,170483.0,1441792.0,0.00012904512473384442,0.27261919528245926,0.040267998818308115,1.5341206998564303,0.3128871941007674,1.8470078939571977,computed,240,True
forest__finland_boreal__r1c2,forest,finland_boreal,Central Finland,62.0,25.0,62.001085334567215,25.076325564419125,60-75,32635,4000.0,0.0,12.5,0.001,14,20,cuda:0,0.03070693863286384,psf_aware_plus50,18.75,0.04470308234022163,-0.455797429847941,169161,172452,48.0,65536.0,172452.0,3145728.0,0.0002783383202282374,0.42351083597168326,0.07957361405715346,1.5526871350593865,0.5030844500288367,2.055771585088223,computed,240,True
forest__finland_boreal__r1c2,forest,finland_boreal,Central Finland,62.0,25.0,62.001085334567215,25.076325564419125,60-75,32635,4000.0,0.0,12.5,0.001,14,20,cuda:0,0.03070693863286384,psf_aware_minus50,6.25,0.034194524982225416,-0.11357649132854353,168621,168621,9.0,65536.0,168621.0,589824.0,5.3374134894230254e-05,0.18933630594983697,0.022325624711811543,1.5821529142558575,0.2116619306616485,1.793814844917506,computed,240,True
forest__finland_boreal__r1c2,forest,finland_boreal,Central Finland,62.0,25.0,62.001085334567215,25.076325564419125,60-75,32635,4000.0,0.0,12.5,0.001,14,20,cuda:0,0.03070693863286384,nearest,,0.03551315089936338,-0.15651877003967218,168176,169161,,,,,,0.0,0.12059233291074634,0.0,0.12059233291074634,0.12059233291074634,computed,240,True
forest__finland_boreal__r1c2,forest,finland_boreal,Central Finland,62.0,25.0,62.001085334567215,25.076325564419125,60-75,32635,4000.0,0.0,12.5,0.001,14,20,cuda:0,0.03070693863286384,bilinear,,0.03668858854626682,-0.19479798963095485,168176,169161,,,,,,0.0,0.1070104599930346,0.0,0.1070104599930346,0.1070104599930346,computed,240,True
forest__finland_boreal__r1c2,forest,finland_boreal,Central Finland,62.0,25.0,62.001085334567215,25.076325564419125,60-75,32635,4000.0,0.0,12.5,0.001,14,20,cuda:0,0.03070693863286384,bicubic,,0.03413938723905487,-0.11178087946928983,168176,169161,,,,,,0.0,0.750635496340692,0.0,0.750635496340692,0.750635496340692,computed,240,True
forest__finland_boreal__r2c0,forest,finland_boreal,Central Finland,62.0,25.0,62.034755094976,24.921234558698814,60-75,32635,-4000.0,4000.0,12.5,0.001,14,20,cuda:0,0.03039116173988566,blurred_observation,12.5,0.03039116173988566,0.0,169149,169149,,,,,,0.0,0.0,0.0,0.0,0.0,computed,241,True
forest__finland_boreal__r2c0,forest,finland_boreal,Central Finland,62.0,25.0,62.034755094976,24.921234558698814,60-75,32635,-4000.0,4000.0,12.5,0.001,14,20,cuda:0,0.03039116173988566,psf_aware_matched,12.5,0.025877734371889942,0.14851118251502216,169149,170475,22.0,65536.0,170475.0,1441792.0,0.00012905118052500367,0.272314228117466,0.040419254917651415,1.5421157530508935,0.3127334830351174,1.854849236086011,computed,241,True
forest__finland_boreal__r2c0,forest,finland_boreal,Central Finland,62.0,25.0,62.034755094976,24.921234558698814,60-75,32635,-4000.0,4000.0,12.5,0.001,14,20,cuda:0,0.03039116173988566,psf_aware_plus50,18.75,0.04484496517858056,-0.4755923305072469,169149,172450,48.0,65536.0,172450.0,3145728.0,0.0002783415482748623,0.44017833517864347,0.08077238406985998,1.5655020270496607,0.5209507192485034,2.086452746298164,computed,241,True
forest__finland_boreal__r2c0,forest,finland_boreal,Central Finland,62.0,25.0,62.034755094976,24.921234558698814,60-75,32635,-4000.0,4000.0,12.5,0.001,14,20,cuda:0,0.03039116173988566,psf_aware_minus50,6.25,0.033962987192080345,-0.11752842759896831,168611,168611,9.0,65536.0,168611.0,589824.0,5.337730041337754e-05,0.1874632677063346,0.022359580267220736,1.5102496170438826,0.20982284797355533,1.720072465017438,computed,241,True
forest__finland_boreal__r2c0,forest,finland_boreal,Central Finland,62.0,25.0,62.034755094976,24.921234558698814,60-75,32635,-4000.0,4000.0,12.5,0.001,14,20,cuda:0,0.03039116173988566,nearest,,0.03534471005996935,-0.16299305576010958,168164,169149,,,,,,0.0,0.11956624127924442,0.0,0.11956624127924442,0.11956624127924442,computed,241,True
forest__finland_boreal__r2c0,forest,finland_boreal,Central Finland,62.0,25.0,62.034755094976,24.921234558698814,60-75,32635,-4000.0,4000.0,12.5,0.001,14,20,cuda:0,0.03039116173988566,bilinear,,0.03656490276970798,-0.2031426466241284,168164,169149,,,,,,0.0,0.1072109597735107,0.0,0.1072109597735107,0.1072109597735107,computed,241,True
forest__finland_boreal__r2c0,forest,finland_boreal,Central Finland,62.0,25.0,62.034755094976,24.921234558698814,60-75,32635,-4000.0,4000.0,12.5,0.001,14,20,cuda:0,0.03039116173988566,bicubic,,0.03388626408639198,-0.11500390726818832,168164,169149,,,,,,0.0,0.7606157693080604,0.0,0.7606157693080604,0.7606157693080604,computed,241,True
forest__finland_boreal__r2c1,forest,finland_boreal,Central Finland,62.0,25.0,62.035884321690354,24.99764356947585,60-75,32635,0.0,4000.0,12.5,0.001,14,20,cuda:0,0.02932534538293484,blurred_observation,12.5,0.02932534538293484,0.0,169152,169152,,,,,,0.0,0.0,0.0,0.0,0.0,computed,242,True
forest__finland_boreal__r2c1,forest,finland_boreal,Central Finland,62.0,25.0,62.035884321690354,24.99764356947585,60-75,32635,0.0,4000.0,12.5,0.001,14,20,cuda:0,0.02932534538293484,psf_aware_matched,12.5,0.02447372931047611,0.16544105479767024,169152,170478,22.0,65536.0,170478.0,1441792.0,0.0001290489095367144,0.27283350098878145,0.04030872602015734,1.538154549896717,0.3131422270089388,1.8512967769056559,computed,242,True
forest__finland_boreal__r2c1,forest,finland_boreal,Central Finland,62.0,25.0,62.035884321690354,24.99764356947585,60-75,32635,0.0,4000.0,12.5,0.001,14,20,cuda:0,0.02932534538293484,psf_aware_plus50,18.75,0.04420140396225206,-0.5072765004150293,169152,172451,48.0,65536.0,172451.0,3145728.0,0.00027833993424219056,0.42674456210806966,0.07968870177865028,1.5643063322640955,0.5064332638867199,2.0707395961508155,computed,242,True
forest__finland_boreal__r2c1,forest,finland_boreal,Central Finland,62.0,25.0,62.035884321690354,24.99764356947585,60-75,32635,0.0,4000.0,12.5,0.001,14,20,cuda:0,0.02932534538293484,psf_aware_minus50,6.25,0.03319021391005704,-0.13179277095134445,168615,168615,9.0,65536.0,168615.0,589824.0,5.337603416066186e-05,0.1868824390694499,0.022348237689584494,1.5326490928418934,0.2092306767590344,1.7418797696009278,computed,242,True
forest__finland_boreal__r2c1,forest,finland_boreal,Central Finland,62.0,25.0,62.035884321690354,24.99764356947585,60-75,32635,0.0,4000.0,12.5,0.001,14,20,cuda:0,0.02932534538293484,nearest,,0.03456982403788241,-0.17883774552232445,168170,169152,,,,,,0.0,0.11924429098144174,0.0,0.11924429098144174,0.11924429098144174,computed,242,True
forest__finland_boreal__r2c1,forest,finland_boreal,Central Finland,62.0,25.0,62.035884321690354,24.99764356947585,60-75,32635,0.0,4000.0,12.5,0.001,14,20,cuda:0,0.02932534538293484,bilinear,,0.035802274351884156,-0.22086454172568426,168170,169152,,,,,,0.0,0.10679290816187859,0.0,0.10679290816187859,0.10679290816187859,computed,242,True
forest__finland_boreal__r2c1,forest,finland_boreal,Central Finland,62.0,25.0,62.035884321690354,24.99764356947585,60-75,32635,0.0,4000.0,12.5,0.001,14,20,cuda:0,0.02932534538293484,bicubic,,0.032933558884184325,-0.12304078448635081,168170,169152,,,,,,0.0,0.7593167489394546,0.0,0.7593167489394546,0.7593167489394546,computed,242,True
forest__finland_boreal__r2c2,forest,finland_boreal,Central Finland,62.0,25.0,62.03697129049733,25.074058923706517,60-75,32635,4000.0,4000.0,12.5,0.001,14,20,cuda:0,0.03053400522474433,blurred_observation,12.5,0.03053400522474433,0.0,169155,169155,,,,,,0.0,0.0,0.0,0.0,0.0,computed,243,True
forest__finland_boreal__r2c2,forest,finland_boreal,Central Finland,62.0,25.0,62.03697129049733,25.074058923706517,60-75,32635,4000.0,4000.0,12.5,0.001,14,20,cuda:0,0.03053400522474433,psf_aware_matched,12.5,0.02666110554431054,0.1268389014781215,169155,170479,22.0,65536.0,170479.0,1441792.0,0.00012904815255837963,0.27818917483091354,0.040324024856090546,1.5226388229057193,0.3185131996870041,1.8411520225927234,computed,243,True
forest__finland_boreal__r2c2,forest,finland_boreal,Central Finland,62.0,25.0,62.03697129049733,25.074058923706517,60-75,32635,4000.0,4000.0,12.5,0.001,14,20,cuda:0,0.03053400522474433,psf_aware_plus50,18.75,0.04376896717078894,-0.43344991423919654,169155,172455,48.0,65536.0,172455.0,3145728.0,0.0002783334782986866,0.4341657771728933,0.0798279563896358,1.5267606610432267,0.5139937335625291,2.040754394605756,computed,243,True
forest__finland_boreal__r2c2,forest,finland_boreal,Central Finland,62.0,25.0,62.03697129049733,25.074058923706517,60-75,32635,4000.0,4000.0,12.5,0.001,14,20,cuda:0,0.03053400522474433,psf_aware_minus50,6.25,0.03372773817666826,-0.104595939131358,168623,168623,9.0,65536.0,168623.0,589824.0,5.3373501835455426e-05,0.1909440509043634,0.022298644296824932,1.5097229797393084,0.21324269520118833,1.7229656749404967,computed,243,True
forest__finland_boreal__r2c2,forest,finland_boreal,Central Finland,62.0,25.0,62.03697129049733,25.074058923706517,60-75,32635,4000.0,4000.0,12.5,0.001,14,20,cuda:0,0.03053400522474433,nearest,,0.03492679220329559,-0.14386540338282927,168172,169155,,,,,,0.0,0.12207011226564646,0.0,0.12207011226564646,0.12207011226564646,computed,243,True
forest__finland_boreal__r2c2,forest,finland_boreal,Central Finland,62.0,25.0,62.03697129049733,25.074058923706517,60-75,32635,4000.0,4000.0,12.5,0.001,14,20,cuda:0,0.03053400522474433,bilinear,,0.03601703006235551,-0.17957109777291236,168172,169155,,,,,,0.0,0.1117689716629684,0.0,0.1117689716629684,0.1117689716629684,computed,243,True
forest__finland_boreal__r2c2,forest,finland_boreal,Central Finland,62.0,25.0,62.03697129049733,25.074058923706517,60-75,32635,4000.0,4000.0,12.5,0.001,14,20,cuda:0,0.03053400522474433,bicubic,,0.03380026276777552,-0.10697114639858185,168172,169155,,,,,,0.0,0.7921024449169636,0.0,0.7921024449169636,0.7921024449169636,computed,243,True
forest__tasmania__r0c0,forest,tasmania,Tasmania,-42.0,146.0,-42.03558964167568,145.95111719684712,30-45,32755,-4000.0,-4000.0,12.5,0.001,14,20,cuda:0,0.027686055967943265,blurred_observation,12.5,0.027686055967943265,0.0,169920,169920,,,,,,0.0,0.0,0.0,0.0,0.0,computed,244,True
forest__tasmania__r0c0,forest,tasmania,Tasmania,-42.0,146.0,-42.03558964167568,145.95111719684712,30-45,32755,-4000.0,-4000.0,12.5,0.001,14,20,cuda:0,0.027686055967943265,psf_aware_matched,12.5,0.023809081764367156,0.14003345973385029,169920,171256,22.0,65536.0,171256.0,1441792.0,0.00012846265240341943,0.27342663519084454,0.04035149700939655,1.4836440263316035,0.3137781322002411,1.7974221585318446,computed,244,True
forest__tasmania__r0c0,forest,tasmania,Tasmania,-42.0,146.0,-42.03558964167568,145.95111719684712,30-45,32755,-4000.0,-4000.0,12.5,0.001,14,20,cuda:0,0.027686055967943265,psf_aware_plus50,18.75,0.04069380989653398,-0.4698305148140982,169920,173223,48.0,65536.0,173223.0,3145728.0,0.00027709946138792195,0.4222768102772534,0.07977934274822474,1.5064500221051276,0.5020561530254781,2.0085061751306057,computed,244,True
forest__tasmania__r0c0,forest,tasmania,Tasmania,-42.0,146.0,-42.03558964167568,145.95111719684712,30-45,32755,-4000.0,-4000.0,12.5,0.001,14,20,cuda:0,0.027686055967943265,psf_aware_minus50,6.25,0.030547450562868506,-0.10335147043834447,169389,169389,9.0,65536.0,169389.0,589824.0,5.313213963126295e-05,0.16818831209093332,0.02095463825389743,1.479102365206927,0.18914295034483075,1.6682453155517578,computed,244,True
forest__tasmania__r0c0,forest,tasmania,Tasmania,-42.0,146.0,-42.03558964167568,145.95111719684712,30-45,32755,-4000.0,-4000.0,12.5,0.001,14,20,cuda:0,0.027686055967943265,nearest,,0.0316968382804766,-0.14486651031758657,168934,169920,,,,,,0.0,0.12019563326612115,0.0,0.12019563326612115,0.12019563326612115,computed,244,True
forest__tasmania__r0c0,forest,tasmania,Tasmania,-42.0,146.0,-42.03558964167568,145.95111719684712,30-45,32755,-4000.0,-4000.0,12.5,0.001,14,20,cuda:0,0.027686055967943265,bilinear,,0.03276068056205436,-0.18329171189955074,168934,169920,,,,,,0.0,0.10878668399527669,0.0,0.10878668399527669,0.10878668399527669,computed,244,True
forest__tasmania__r0c0,forest,tasmania,Tasmania,-42.0,146.0,-42.03558964167568,145.95111719684712,30-45,32755,-4000.0,-4000.0,12.5,0.001,14,20,cuda:0,0.027686055967943265,bicubic,,0.030741699915078,-0.11036761432082498,168934,169920,,,,,,0.0,0.7567614391446114,0.0,0.7567614391446114,0.7567614391446114,computed,244,True
forest__tasmania__r0c1,forest,tasmania,Tasmania,-42.0,146.0,-42.036021056131055,145.99943545282602,30-45,32755,0.0,-4000.0,12.5,0.001,14,20,cuda:0,0.024370985670851896,blurred_observation,12.5,0.024370985670851896,0.0,169922,169922,,,,,,0.0,0.0,0.0,0.0,0.0,computed,245,True
forest__tasmania__r0c1,forest,tasmania,Tasmania,-42.0,146.0,-42.036021056131055,145.99943545282602,30-45,32755,0.0,-4000.0,12.5,0.001,14,20,cuda:0,0.024370985670851896,psf_aware_matched,12.5,0.02149944447592239,0.11782622310446456,169922,171248,22.0,65536.0,171248.0,1441792.0,0.00012846865364850977,0.2725756228901446,0.040417410898953676,1.4899856080301106,0.31299303378909826,1.8029786418192089,computed,245,True
forest__tasmania__r0c1,forest,tasmania,Tasmania,-42.0,146.0,-42.036021056131055,145.99943545282602,30-45,32755,0.0,-4000.0,12.5,0.001,14,20,cuda:0,0.024370985670851896,psf_aware_plus50,18.75,0.034741501833940557,-0.42552715360593596,169922,173231,48.0,65536.0,173231.0,3145728.0,0.00027708666462700096,0.42768705589696765,0.07963982876390219,1.5021062237210572,0.5073268846608698,2.009433108381927,computed,245,True
forest__tasmania__r0c1,forest,tasmania,Tasmania,-42.0,146.0,-42.036021056131055,145.99943545282602,30-45,32755,0.0,-4000.0,12.5,0.001,14,20,cuda:0,0.024370985670851896,psf_aware_minus50,6.25,0.02675516934709308,-0.0978287751033684,169393,169393,9.0,65536.0,169393.0,589824.0,5.3130884983440874e-05,0.17574170790612698,0.02089428436011076,1.586221951059997,0.19663599226623774,1.7828579433262348,computed,245,True
forest__tasmania__r0c1,forest,tasmania,Tasmania,-42.0,146.0,-42.036021056131055,145.99943545282602,30-45,32755,0.0,-4000.0,12.5,0.001,14,20,cuda:0,0.024370985670851896,nearest,,0.027604293648670935,-0.1326703819651467,168940,169922,,,,,,0.0,0.1628781738691032,0.0,0.1628781738691032,0.1628781738691032,computed,245,True
forest__tasmania__r0c1,forest,tasmania,Tasmania,-42.0,146.0,-42.036021056131055,145.99943545282602,30-45,32755,0.0,-4000.0,12.5,0.001,14,20,cuda:0,0.024370985670851896,bilinear,,0.028466068285391666,-0.16803106242180244,168940,169922,,,,,,0.0,0.13281835010275245,0.0,0.13281835010275245,0.13281835010275245,computed,245,True
forest__tasmania__r0c1,forest,tasmania,Tasmania,-42.0,146.0,-42.036021056131055,145.99943545282602,30-45,32755,0.0,-4000.0,12.5,0.001,14,20,cuda:0,0.024370985670851896,bicubic,,0.026869732296396297,-0.10252956771186095,168940,169922,,,,,,0.0,0.7827111780643463,0.0,0.7827111780643463,0.7827111780643463,computed,245,True
forest__tasmania__r0c2,forest,tasmania,Tasmania,-42.0,146.0,-42.03643213343804,146.0477547410131,30-45,32755,4000.0,-4000.0,12.5,0.001,14,20,cuda:0,0.02206070712889431,blurred_observation,12.5,0.02206070712889431,0.0,169929,169929,,,,,,0.0,0.0,0.0,0.0,0.0,computed,246,True
forest__tasmania__r0c2,forest,tasmania,Tasmania,-42.0,146.0,-42.03643213343804,146.0477547410131,30-45,32755,4000.0,-4000.0,12.5,0.001,14,20,cuda:0,0.02206070712889431,psf_aware_matched,12.5,0.019849583660819015,0.10022903867751576,169929,171257,22.0,65536.0,171257.0,1441792.0,0.00012846190228720577,0.2710398738272488,0.040508964098989964,1.5113754509948194,0.3115488379262388,1.8229242889210582,computed,246,True
forest__tasmania__r0c2,forest,tasmania,Tasmania,-42.0,146.0,-42.03643213343804,146.0477547410131,30-45,32755,4000.0,-4000.0,12.5,0.001,14,20,cuda:0,0.02206070712889431,psf_aware_plus50,18.75,0.031264319230869746,-0.41719479109175417,169929,173226,48.0,65536.0,173226.0,3145728.0,0.00027709466246406426,0.4299508039839566,0.08009023172780871,1.526596478652209,0.5100410357117653,2.0366375143639743,computed,246,True
forest__tasmania__r0c2,forest,tasmania,Tasmania,-42.0,146.0,-42.03643213343804,146.0477547410131,30-45,32755,4000.0,-4000.0,12.5,0.001,14,20,cuda:0,0.02206070712889431,psf_aware_minus50,6.25,0.024252015506676404,-0.0993308312820127,169389,169389,9.0,65536.0,169389.0,589824.0,5.313213963126295e-05,0.1712755188345909,0.021066099870949984,1.5705674909986556,0.1923416187055409,1.7629091097041965,computed,246,True
forest__tasmania__r0c2,forest,tasmania,Tasmania,-42.0,146.0,-42.03643213343804,146.0477547410131,30-45,32755,4000.0,-4000.0,12.5,0.001,14,20,cuda:0,0.02206070712889431,nearest,,0.02498491120608724,-0.13255259952038956,168943,169929,,,,,,0.0,0.12174287298694253,0.0,0.12174287298694253,0.12174287298694253,computed,246,True
forest__tasmania__r0c2,forest,tasmania,Tasmania,-42.0,146.0,-42.03643213343804,146.0477547410131,30-45,32755,4000.0,-4000.0,12.5,0.001,14,20,cuda:0,0.02206070712889431,bilinear,,0.02570314843655335,-0.16510990723811858,168943,169929,,,,,,0.0,0.10874627716839314,0.0,0.10874627716839314,0.10874627716839314,computed,246,True
forest__tasmania__r0c2,forest,tasmania,Tasmania,-42.0,146.0,-42.03643213343804,146.0477547410131,30-45,32755,4000.0,-4000.0,12.5,0.001,14,20,cuda:0,0.02206070712889431,bicubic,,0.02442887898893172,-0.10734795789640228,168943,169929,,,,,,0.0,0.7580622318200767,0.0,0.7580622318200767,0.7580622318200767,computed,246,True
forest__tasmania__r1c0,forest,tasmania,Tasmania,-42.0,146.0,-41.99956912697892,145.951708994673,30-45,32755,-4000.0,0.0,12.5,0.001,14,20,cuda:0,0.02368672412994694,blurred_observation,12.5,0.02368672412994694,0.0,169921,169921,,,,,,0.0,0.0,0.0,0.0,0.0,computed,247,True
forest__tasmania__r1c0,forest,tasmania,Tasmania,-42.0,146.0,-41.99956912697892,145.951708994673,30-45,32755,-4000.0,0.0,12.5,0.001,14,20,cuda:0,0.02368672412994694,psf_aware_matched,12.5,0.02140186081443473,0.09646176917404448,169921,171240,22.0,65536.0,171240.0,1441792.0,0.0001284746554543331,0.2716257539577782,0.04053579596802592,1.5118628828786314,0.31216154992580414,1.8240244328044355,computed,247,True
forest__tasmania__r1c0,forest,tasmania,Tasmania,-42.0,146.0,-41.99956912697892,145.951708994673,30-45,32755,-4000.0,0.0,12.5,0.001,14,20,cuda:0,0.02368672412994694,psf_aware_plus50,18.75,0.03282785116503841,-0.3859177396140825,169921,173231,48.0,65536.0,173231.0,3145728.0,0.00027708666462700096,0.4325974569655955,0.08002594020217657,1.5356509387493134,0.512623397167772,2.0482743359170854,computed,247,True
forest__tasmania__r1c0,forest,tasmania,Tasmania,-42.0,146.0,-41.99956912697892,145.951708994673,30-45,32755,-4000.0,0.0,12.5,0.001,14,20,cuda:0,0.02368672412994694,psf_aware_minus50,6.25,0.025841480519706892,-0.09096894859495186,169380,169380,9.0,65536.0,169380.0,589824.0,5.313496280552604e-05,0.17502705426886678,0.021042875945568085,1.4864216172136366,0.19606993021443486,1.6824915474280715,computed,247,True
forest__tasmania__r1c0,forest,tasmania,Tasmania,-42.0,146.0,-41.99956912697892,145.951708994673,30-45,32755,-4000.0,0.0,12.5,0.001,14,20,cuda:0,0.02368672412994694,nearest,,0.026578179050943396,-0.12207069686520344,168936,169921,,,,,,0.0,0.12100523570552468,0.0,0.12100523570552468,0.12100523570552468,computed,247,True
forest__tasmania__r1c0,forest,tasmania,Tasmania,-42.0,146.0,-41.99956912697892,145.951708994673,30-45,32755,-4000.0,0.0,12.5,0.001,14,20,cuda:0,0.02368672412994694,bilinear,,0.027298463847135784,-0.15247949430974916,168936,169921,,,,,,0.0,0.10815853392705321,0.0,0.10815853392705321,0.10815853392705321,computed,247,True
forest__tasmania__r1c0,forest,tasmania,Tasmania,-42.0,146.0,-41.99956912697892,145.951708994673,30-45,32755,-4000.0,0.0,12.5,0.001,14,20,cuda:0,0.02368672412994694,bicubic,,0.026029335340514125,-0.0988997548886652,168936,169921,,,,,,0.0,0.7565870191901922,0.0,0.7565870191901922,0.7565870191901922,computed,247,True
forest__tasmania__r1c1,forest,tasmania,Tasmania,-42.0,146.0,-41.999999999999986,146.0,30-45,32755,0.0,0.0,12.5,0.001,14,20,cuda:0,0.02691748632226662,blurred_observation,12.5,0.02691748632226662,0.0,169925,169925,,,,,,0.0,0.0,0.0,0.0,0.0,computed,248,True
forest__tasmania__r1c1,forest,tasmania,Tasmania,-42.0,146.0,-41.999999999999986,146.0,30-45,32755,0.0,0.0,12.5,0.001,14,20,cuda:0,0.02691748632226662,psf_aware_matched,12.5,0.024309818827159234,0.09687633770432269,169925,171261,22.0,65536.0,171261.0,1441792.0,0.0001284589019099503,0.27384654991328716,0.04063880071043968,1.5230655218474567,0.31448535062372684,1.8375508724711835,computed,248,True
forest__tasmania__r1c1,forest,tasmania,Tasmania,-42.0,146.0,-41.999999999999986,146.0,30-45,32755,0.0,0.0,12.5,0.001,14,20,cuda:0,0.02691748632226662,psf_aware_plus50,18.75,0.03763461084356641,-0.3981473007170955,169925,173226,48.0,65536.0,173226.0,3145728.0,0.00027709466246406426,0.43145748833194375,0.07990114390850067,1.5332701592706144,0.5113586322404444,2.044628791511059,computed,248,True
forest__tasmania__r1c1,forest,tasmania,Tasmania,-42.0,146.0,-41.999999999999986,146.0,30-45,32755,0.0,0.0,12.5,0.001,14,20,cuda:0,0.02691748632226662,psf_aware_minus50,6.25,0.029444478370821533,-0.09387919875952688,169390,169390,9.0,65536.0,169390.0,589824.0,5.3131825963752285e-05,0.18170599406585097,0.02087375521659851,1.502441429067403,0.20257974928244948,1.7050211783498526,computed,248,True
forest__tasmania__r1c1,forest,tasmania,Tasmania,-42.0,146.0,-41.999999999999986,146.0,30-45,32755,0.0,0.0,12.5,0.001,14,20,cuda:0,0.02691748632226662,nearest,,0.03029137304683257,-0.12534181996685967,168935,169925,,,,,,0.0,0.12110207881778479,0.0,0.12110207881778479,0.12110207881778479,computed,248,True
forest__tasmania__r1c1,forest,tasmania,Tasmania,-42.0,146.0,-41.999999999999986,146.0,30-45,32755,0.0,0.0,12.5,0.001,14,20,cuda:0,0.02691748632226662,bilinear,,0.03114554147925161,-0.15707466538164327,168935,169925,,,,,,0.0,0.10928377602249384,0.0,0.10928377602249384,0.10928377602249384,computed,248,True
forest__tasmania__r1c1,forest,tasmania,Tasmania,-42.0,146.0,-41.999999999999986,146.0,30-45,32755,0.0,0.0,12.5,0.001,14,20,cuda:0,0.02691748632226662,bicubic,,0.029686816778127675,-0.10288220908540846,168935,169925,,,,,,0.0,0.7555812541395426,0.0,0.7555812541395426,0.7555812541395426,computed,248,True
forest__tasmania__r1c2,forest,tasmania,Tasmania,-42.0,146.0,-42.000410561389465,146.04829203534845,30-45,32755,4000.0,0.0,12.5,0.001,14,20,cuda:0,0.023999363239011615,blurred_observation,12.5,0.023999363239011615,0.0,169931,169931,,,,,,0.0,0.0,0.0,0.0,0.0,computed,249,True
forest__tasmania__r1c2,forest,tasmania,Tasmania,-42.0,146.0,-42.000410561389465,146.04829203534845,30-45,32755,4000.0,0.0,12.5,0.001,14,20,cuda:0,0.023999363239011615,psf_aware_matched,12.5,0.02113598339702108,0.11931065893181836,169931,171245,22.0,65536.0,171245.0,1441792.0,0.0001284709042599784,0.2708054496906698,0.04060422582551837,1.5040998999029398,0.31140967551618814,1.815509575419128,computed,249,True
forest__tasmania__r1c2,forest,tasmania,Tasmania,-42.0,146.0,-42.000410561389465,146.04829203534845,30-45,32755,4000.0,0.0,12.5,0.001,14,20,cuda:0,0.023999363239011615,psf_aware_plus50,18.75,0.03460843307155572,-0.4420563048647381,169931,173245,48.0,65536.0,173245.0,3145728.0,0.00027706427313919593,0.4292238769121468,0.08001625165343285,1.5633027711883187,0.5092401285655797,2.0725428997538984,computed,249,True
forest__tasmania__r1c2,forest,tasmania,Tasmania,-42.0,146.0,-42.000410561389465,146.04829203534845,30-45,32755,4000.0,0.0,12.5,0.001,14,20,cuda:0,0.023999363239011615,psf_aware_minus50,6.25,0.026545291664282968,-0.106083165620531,169390,169390,9.0,65536.0,169390.0,589824.0,5.3131825963752285e-05,0.1704871146939695,0.02105475775897503,1.5585211147554219,0.19154187245294452,1.7500629872083664,computed,249,True
forest__tasmania__r1c2,forest,tasmania,Tasmania,-42.0,146.0,-42.000410561389465,146.04829203534845,30-45,32755,4000.0,0.0,12.5,0.001,14,20,cuda:0,0.023999363239011615,nearest,,0.027432304498857883,-0.1430430143357273,168947,169931,,,,,,0.0,0.12152597215026617,0.0,0.12152597215026617,0.12152597215026617,computed,249,True
forest__tasmania__r1c2,forest,tasmania,Tasmania,-42.0,146.0,-42.000410561389465,146.04829203534845,30-45,32755,4000.0,0.0,12.5,0.001,14,20,cuda:0,0.023999363239011615,bilinear,,0.02830078002470325,-0.17923045469387988,168947,169931,,,,,,0.0,0.10819745808839798,0.0,0.10819745808839798,0.10819745808839798,computed,249,True
forest__tasmania__r1c2,forest,tasmania,Tasmania,-42.0,146.0,-42.000410561389465,146.04829203534845,30-45,32755,4000.0,0.0,12.5,0.001,14,20,cuda:0,0.023999363239011615,bicubic,,0.026698234450473285,-0.11245595079266857,168947,169931,,,,,,0.0,0.7586737009696662,0.0,0.7586737009696662,0.7586737009696662,computed,249,True
forest__tasmania__r2c0,forest,tasmania,Tasmania,-42.0,146.0,-41.96354837866546,145.9522997127773,30-45,32755,-4000.0,4000.0,12.5,0.001,14,20,cuda:0,0.027781670087656564,blurred_observation,12.5,0.027781670087656564,0.0,169922,169922,,,,,,0.0,0.0,0.0,0.0,0.0,computed,250,True
forest__tasmania__r2c0,forest,tasmania,Tasmania,-42.0,146.0,-41.96354837866546,145.9522997127773,30-45,32755,-4000.0,4000.0,12.5,0.001,14,20,cuda:0,0.027781670087656564,psf_aware_matched,12.5,0.024536568195993983,0.11680730069227852,169922,171248,22.0,65536.0,171248.0,1441792.0,0.00012846865364850977,0.2669439362362027,0.04042739002034068,1.514738149009645,0.3073713262565434,1.8221094752661884,computed,250,True
forest__tasmania__r2c0,forest,tasmania,Tasmania,-42.0,146.0,-41.96354837866546,145.9522997127773,30-45,32755,-4000.0,4000.0,12.5,0.001,14,20,cuda:0,0.027781670087656564,psf_aware_plus50,18.75,0.03976100669814288,-0.4311956974756803,169922,173233,48.0,65536.0,173233.0,3145728.0,0.00027708346562144626,0.4264959702268243,0.07974765356630087,1.5283895749598742,0.5062436237931252,2.0346331987529993,computed,250,True
forest__tasmania__r2c0,forest,tasmania,Tasmania,-42.0,146.0,-41.96354837866546,145.9522997127773,30-45,32755,-4000.0,4000.0,12.5,0.001,14,20,cuda:0,0.027781670087656564,psf_aware_minus50,6.25,0.030500259209359188,-0.09785549656032,169390,169390,9.0,65536.0,169390.0,589824.0,5.3131825963752285e-05,0.17270882287994027,0.024433548096567392,1.6227378719486296,0.19714237097650766,1.8198802429251373,computed,250,True
forest__tasmania__r2c0,forest,tasmania,Tasmania,-42.0,146.0,-41.96354837866546,145.9522997127773,30-45,32755,-4000.0,4000.0,12.5,0.001,14,20,cuda:0,0.027781670087656564,nearest,,0.03150340670312344,-0.13396374673387434,168936,169922,,,,,,0.0,0.12169441161677241,0.0,0.12169441161677241,0.12169441161677241,computed,250,True
forest__tasmania__r2c0,forest,tasmania,Tasmania,-42.0,146.0,-41.96354837866546,145.9522997127773,30-45,32755,-4000.0,4000.0,12.5,0.001,14,20,cuda:0,0.027781670087656564,bilinear,,0.03244693789863924,-0.16792611085880904,168936,169922,,,,,,0.0,0.10801111487671733,0.0,0.10801111487671733,0.10801111487671733,computed,250,True
forest__tasmania__r2c0,forest,tasmania,Tasmania,-42.0,146.0,-41.96354837866546,145.9522997127773,30-45,32755,-4000.0,4000.0,12.5,0.001,14,20,cuda:0,0.027781670087656564,bicubic,,0.03073127147385025,-0.10617077291923493,168936,169922,,,,,,0.0,0.7584236268885434,0.0,0.7584236268885434,0.7584236268885434,computed,250,True
forest__tasmania__r2c1,forest,tasmania,Tasmania,-42.0,146.0,-41.96397871085584,146.00056351715148,30-45,32755,0.0,4000.0,12.5,0.001,14,20,cuda:0,0.026662127720952222,blurred_observation,12.5,0.026662127720952222,0.0,169924,169924,,,,,,0.0,0.0,0.0,0.0,0.0,computed,251,True
forest__tasmania__r2c1,forest,tasmania,Tasmania,-42.0,146.0,-41.96397871085584,146.00056351715148,30-45,32755,0.0,4000.0,12.5,0.001,14,20,cuda:0,0.026662127720952222,psf_aware_matched,12.5,0.023641313794725633,0.11329980704625864,169924,171237,22.0,65536.0,171237.0,1441792.0,0.00012847690627609687,0.2732826923020184,0.040789466351270676,1.5413043261505663,0.3140721586532891,1.8553764848038554,computed,251,True
forest__tasmania__r2c1,forest,tasmania,Tasmania,-42.0,146.0,-41.96397871085584,146.00056351715148,30-45,32755,0.0,4000.0,12.5,0.001,14,20,cuda:0,0.026662127720952222,psf_aware_plus50,18.75,0.03832000567873206,-0.43724484706517197,169924,173244,48.0,65536.0,173244.0,3145728.0,0.0002770658724111658,0.5016311081126332,0.07977980375289917,1.553189055994153,0.5814109118655324,2.1345999678596854,computed,251,True
forest__tasmania__r2c1,forest,tasmania,Tasmania,-42.0,146.0,-41.96397871085584,146.00056351715148,30-45,32755,0.0,4000.0,12.5,0.001,14,20,cuda:0,0.026662127720952222,psf_aware_minus50,6.25,0.029254621233731133,-0.09723505715343261,169389,169389,9.0,65536.0,169389.0,589824.0,5.313213963126295e-05,0.18302065366879106,0.021196706220507622,1.5103151523508132,0.20421735988929868,1.7145325122401118,computed,251,True
forest__tasmania__r2c1,forest,tasmania,Tasmania,-42.0,146.0,-41.96397871085584,146.00056351715148,30-45,32755,0.0,4000.0,12.5,0.001,14,20,cuda:0,0.026662127720952222,nearest,,0.030178416877281542,-0.13188329127859033,168953,169924,,,,,,0.0,0.12271835003048182,0.0,0.12271835003048182,0.12271835003048182,computed,251,True
forest__tasmania__r2c1,forest,tasmania,Tasmania,-42.0,146.0,-41.96397871085584,146.00056351715148,30-45,32755,0.0,4000.0,12.5,0.001,14,20,cuda:0,0.026662127720952222,bilinear,,0.031097424993054762,-0.1663519625486265,168953,169924,,,,,,0.0,0.11145943589508533,0.0,0.11145943589508533,0.11145943589508533,computed,251,True
forest__tasmania__r2c1,forest,tasmania,Tasmania,-42.0,146.0,-41.96397871085584,146.00056351715148,30-45,32755,0.0,4000.0,12.5,0.001,14,20,cuda:0,0.026662127720952222,bicubic,,0.029506454991687418,-0.10668043077822342,168953,169924,,,,,,0.0,0.7635016948916018,0.0,0.7635016948916018,0.7635016948916018,computed,251,True
forest__tasmania__r2c2,forest,tasmania,Tasmania,-42.0,146.0,-41.964388756903,146.04882834936697,30-45,32755,4000.0,4000.0,12.5,0.001,14,20,cuda:0,0.02194594464942277,blurred_observation,12.5,0.02194594464942277,0.0,169927,169927,,,,,,0.0,0.0,0.0,0.0,0.0,computed,252,True
forest__tasmania__r2c2,forest,tasmania,Tasmania,-42.0,146.0,-41.964388756903,146.04882834936697,30-45,32755,4000.0,4000.0,12.5,0.001,14,20,cuda:0,0.02194594464942277,psf_aware_matched,12.5,0.019437882471937725,0.11428362813951665,169927,171259,22.0,65536.0,171259.0,1441792.0,0.00012846040208105853,0.2833715407177806,0.04062223993241787,1.5684010572731495,0.32399378065019846,1.892394837923348,computed,252,True
forest__tasmania__r2c2,forest,tasmania,Tasmania,-42.0,146.0,-41.964388756903,146.04882834936697,30-45,32755,4000.0,4000.0,12.5,0.001,14,20,cuda:0,0.02194594464942277,psf_aware_plus50,18.75,0.030990015869617808,-0.4121067178775062,169927,173231,48.0,65536.0,173231.0,3145728.0,0.00027708666462700096,0.5067566861398518,0.0813965261913836,1.5623816968873143,0.5881532123312354,2.1505349092185497,computed,252,True
forest__tasmania__r2c2,forest,tasmania,Tasmania,-42.0,146.0,-41.964388756903,146.04882834936697,30-45,32755,4000.0,4000.0,12.5,0.001,14,20,cuda:0,0.02194594464942277,psf_aware_minus50,6.25,0.024224613194929853,-0.10383096202546094,169394,169394,9.0,65536.0,169394.0,589824.0,5.313057133074371e-05,0.18303789710626006,0.021496715024113655,1.5785804269835353,0.20453461213037372,1.783115039113909,computed,252,True
forest__tasmania__r2c2,forest,tasmania,Tasmania,-42.0,146.0,-41.964388756903,146.04882834936697,30-45,32755,4000.0,4000.0,12.5,0.001,14,20,cuda:0,0.02194594464942277,nearest,,0.024971047481375276,-0.13784336378666984,168936,169927,,,,,,0.0,0.12188375927507877,0.0,0.12188375927507877,0.12188375927507877,computed,252,True
forest__tasmania__r2c2,forest,tasmania,Tasmania,-42.0,146.0,-41.964388756903,146.04882834936697,30-45,32755,4000.0,4000.0,12.5,0.001,14,20,cuda:0,0.02194594464942277,bilinear,,0.025714791674472427,-0.1717331873954573,168936,169927,,,,,,0.0,0.10925026191398501,0.0,0.10925026191398501,0.10925026191398501,computed,252,True
forest__tasmania__r2c2,forest,tasmania,Tasmania,-42.0,146.0,-41.964388756903,146.04882834936697,30-45,32755,4000.0,4000.0,12.5,0.001,14,20,cuda:0,0.02194594464942277,bicubic,,0.02427697601124944,-0.10621695256521946,168936,169927,,,,,,0.0,0.7662884327583015,0.0,0.7662884327583015,0.7662884327583015,computed,252,True
forest__new_zealand__r0c0,forest,new_zealand,"South Island, New Zealand",-41.5,172.5,-41.53663307515397,172.45289564126605,30-45,32759,-4000.0,-4000.0,12.5,0.001,14,20,cuda:0,0.03264758227697635,blurred_observation,12.5,0.03264758227697635,0.0,169907,169907,,,,,,0.0,0.0,0.0,0.0,0.0,computed,253,True
forest__new_zealand__r0c0,forest,new_zealand,"South Island, New Zealand",-41.5,172.5,-41.53663307515397,172.45289564126605,30-45,32759,-4000.0,-4000.0,12.5,0.001,14,20,cuda:0,0.03264758227697635,psf_aware_matched,12.5,0.029667167155742972,0.09129053097862083,169907,171233,22.0,65536.0,171233.0,1441792.0,0.0001284799074944666,0.28240790497511625,0.040390850976109505,1.6901146448217332,0.32279875595122576,2.012913400772959,computed,253,True
forest__new_zealand__r0c0,forest,new_zealand,"South Island, New Zealand",-41.5,172.5,-41.53663307515397,172.45289564126605,30-45,32759,-4000.0,-4000.0,12.5,0.001,14,20,cuda:0,0.03264758227697635,psf_aware_plus50,18.75,0.04552355456931397,-0.3943928277169235,169907,173222,48.0,65536.0,173222.0,3145728.0,0.0002771010610661463,0.4536370658315718,0.08099589683115482,1.7236988539807498,0.5346329626627266,2.2583318166434765,computed,253,True
forest__new_zealand__r0c0,forest,new_zealand,"South Island, New Zealand",-41.5,172.5,-41.53663307515397,172.45289564126605,30-45,32759,-4000.0,-4000.0,12.5,0.001,14,20,cuda:0,0.03264758227697635,psf_aware_minus50,6.25,0.035683518961254754,-0.09299116420082965,169373,169373,9.0,65536.0,169373.0,589824.0,5.313715881515944e-05,0.17247049184516072,0.021700670942664146,1.6896769870072603,0.19417116278782487,1.8838481497950852,computed,253,True
forest__new_zealand__r0c0,forest,new_zealand,"South Island, New Zealand",-41.5,172.5,-41.53663307515397,172.45289564126605,30-45,32759,-4000.0,-4000.0,12.5,0.001,14,20,cuda:0,0.03264758227697635,nearest,,0.0367228778569429,-0.12482687218282984,168927,169907,,,,,,0.0,0.12125182244926691,0.0,0.12125182244926691,0.12125182244926691,computed,253,True
forest__new_zealand__r0c0,forest,new_zealand,"South Island, New Zealand",-41.5,172.5,-41.53663307515397,172.45289564126605,30-45,32759,-4000.0,-4000.0,12.5,0.001,14,20,cuda:0,0.03264758227697635,bilinear,,0.037725406544219374,-0.1555344657427815,168927,169907,,,,,,0.0,0.10887561179697514,0.0,0.10887561179697514,0.10887561179697514,computed,253,True
forest__new_zealand__r0c0,forest,new_zealand,"South Island, New Zealand",-41.5,172.5,-41.53663307515397,172.45289564126605,30-45,32759,-4000.0,-4000.0,12.5,0.001,14,20,cuda:0,0.03264758227697635,bicubic,,0.035941080390280884,-0.10088030670580972,168927,169907,,,,,,0.0,0.766981384716928,0.0,0.766981384716928,0.766981384716928,computed,253,True
forest__new_zealand__r0c1,forest,new_zealand,"South Island, New Zealand",-41.5,172.5,-41.53601732439317,172.50083204365427,30-45,32759,0.0,-4000.0,12.5,0.001,14,20,cuda:0,0.034912453416608605,blurred_observation,12.5,0.034912453416608605,0.0,169901,169901,,,,,,0.0,0.0,0.0,0.0,0.0,computed,254,True
forest__new_zealand__r0c1,forest,new_zealand,"South Island, New Zealand",-41.5,172.5,-41.53601732439317,172.50083204365427,30-45,32759,0.0,-4000.0,12.5,0.001,14,20,cuda:0,0.034912453416608605,psf_aware_matched,12.5,0.030777776144619105,0.1184298686388664,169901,171230,22.0,65536.0,171230.0,1441792.0,0.0001284821585002628,0.26962542487308383,0.04044618597254157,1.7146443738602102,0.3100716108456254,2.0247159847058356,computed,254,True
forest__new_zealand__r0c1,forest,new_zealand,"South Island, New Zealand",-41.5,172.5,-41.53601732439317,172.50083204365427,30-45,32759,0.0,-4000.0,12.5,0.001,14,20,cuda:0,0.034912453416608605,psf_aware_plus50,18.75,0.05059339709254898,-0.4491504360584586,169901,173215,48.0,65536.0,173215.0,3145728.0,0.0002771122593308894,0.4411330143921077,0.07981403917074203,1.761506742797792,0.5209470535628498,2.2824537963606417,computed,254,True
forest__new_zealand__r0c1,forest,new_zealand,"South Island, New Zealand",-41.5,172.5,-41.53601732439317,172.50083204365427,30-45,32759,0.0,-4000.0,12.5,0.001,14,20,cuda:0,0.034912453416608605,psf_aware_minus50,6.25,0.03875450491911753,-0.11004816695813124,169393,169393,9.0,65536.0,169393.0,589824.0,5.3130884983440874e-05,0.17531130276620388,0.02100917138159275,1.7477143500000238,0.19632047414779663,1.9440348241478205,computed,254,True
forest__new_zealand__r0c1,forest,new_zealand,"South Island, New Zealand",-41.5,172.5,-41.53601732439317,172.50083204365427,30-45,32759,0.0,-4000.0,12.5,0.001,14,20,cuda:0,0.034912453416608605,nearest,,0.04005015052532164,-0.14715944042674822,168933,169901,,,,,,0.0,0.13294620299711823,0.0,0.13294620299711823,0.13294620299711823,computed,254,True
forest__new_zealand__r0c1,forest,new_zealand,"South Island, New Zealand",-41.5,172.5,-41.53601732439317,172.50083204365427,30-45,32759,0.0,-4000.0,12.5,0.001,14,20,cuda:0,0.034912453416608605,bilinear,,0.04128476912829332,-0.18252271290259037,168933,169901,,,,,,0.0,0.10774110397323966,0.0,0.10774110397323966,0.10774110397323966,computed,254,True
forest__new_zealand__r0c1,forest,new_zealand,"South Island, New Zealand",-41.5,172.5,-41.53601732439317,172.50083204365427,30-45,32759,0.0,-4000.0,12.5,0.001,14,20,cuda:0,0.034912453416608605,bicubic,,0.038873969754403596,-0.11347000712102395,168933,169901,,,,,,0.0,0.7570868949405849,0.0,0.7570868949405849,0.7570868949405849,computed,254,True
forest__new_zealand__r0c2,forest,new_zealand,"South Island, New Zealand",-41.5,172.5,-41.53538160014447,172.54876693105012,30-45,32759,4000.0,-4000.0,12.5,0.001,14,20,cuda:0,0.047612396321825665,blurred_observation,12.5,0.047612396321825665,0.0,169891,169891,,,,,,0.0,0.0,0.0,0.0,0.0,computed,255,True
forest__new_zealand__r0c2,forest,new_zealand,"South Island, New Zealand",-41.5,172.5,-41.53538160014447,172.54876693105012,30-45,32759,4000.0,-4000.0,12.5,0.001,14,20,cuda:0,0.047612396321825665,psf_aware_matched,12.5,0.03851885673908148,0.19099100833485416,169891,171222,22.0,65536.0,171222.0,1441792.0,0.0001284881615680228,0.2695316676981747,0.04067197302356362,1.7000771537423134,0.31020364072173834,2.0102807944640517,computed,255,True
forest__new_zealand__r0c2,forest,new_zealand,"South Island, New Zealand",-41.5,172.5,-41.53538160014447,172.54876693105012,30-45,32759,4000.0,-4000.0,12.5,0.001,14,20,cuda:0,0.047612396321825665,psf_aware_plus50,18.75,0.07305173846801503,-0.534300814733996,169891,173213,48.0,65536.0,173213.0,3145728.0,0.00027711545900134516,0.47431800700724125,0.08013657014817,2.3478427841328084,0.5544545771554112,2.9022973612882197,computed,255,True
forest__new_zealand__r0c2,forest,new_zealand,"South Island, New Zealand",-41.5,172.5,-41.53538160014447,172.54876693105012,30-45,32759,4000.0,-4000.0,12.5,0.001,14,20,cuda:0,0.047612396321825665,psf_aware_minus50,6.25,0.05489995729344821,-0.1530601594249501,169370,169370,9.0,65536.0,169370.0,589824.0,5.31381000177127e-05,0.20477416599169374,0.02210068888962269,1.7045452878810465,0.22687485488131642,1.931420142762363,computed,255,True
forest__new_zealand__r0c2,forest,new_zealand,"South Island, New Zealand",-41.5,172.5,-41.53538160014447,172.54876693105012,30-45,32759,4000.0,-4000.0,12.5,0.001,14,20,cuda:0,0.047612396321825665,nearest,,0.05727623437291749,-0.2029689492158977,168930,169891,,,,,,0.0,0.1344469143077731,0.0,0.1344469143077731,0.1344469143077731,computed,255,True
forest__new_zealand__r0c2,forest,new_zealand,"South Island, New Zealand",-41.5,172.5,-41.53538160014447,172.54876693105012,30-45,32759,4000.0,-4000.0,12.5,0.001,14,20,cuda:0,0.047612396321825665,bilinear,,0.05939278148153293,-0.2474226476668031,168930,169891,,,,,,0.0,0.12052120873704553,0.0,0.12052120873704553,0.12052120873704553,computed,255,True
forest__new_zealand__r0c2,forest,new_zealand,"South Island, New Zealand",-41.5,172.5,-41.53538160014447,172.54876693105012,30-45,32759,4000.0,-4000.0,12.5,0.001,14,20,cuda:0,0.047612396321825665,bicubic,,0.05406850634541369,-0.1355972503452536,168930,169891,,,,,,0.0,0.7589207086712122,0.0,0.7589207086712122,0.7589207086712122,computed,255,True
forest__new_zealand__r1c0,forest,new_zealand,"South Island, New Zealand",-41.5,172.5,-41.50061497649879,172.45209014984465,30-45,32759,-4000.0,0.0,12.5,0.001,14,20,cuda:0,0.03587345119368307,blurred_observation,12.5,0.03587345119368307,0.0,169915,169915,,,,,,0.0,0.0,0.0,0.0,0.0,computed,256,True
forest__new_zealand__r1c0,forest,new_zealand,"South Island, New Zealand",-41.5,172.5,-41.50061497649879,172.45209014984465,30-45,32759,-4000.0,0.0,12.5,0.001,14,20,cuda:0,0.03587345119368307,psf_aware_matched,12.5,0.03196094831548372,0.1090640222228828,169915,171237,22.0,65536.0,171237.0,1441792.0,0.00012847690627609687,0.277540675830096,0.040575149934738874,1.7204616931267083,0.3181158257648349,2.038577518891543,computed,256,True
forest__new_zealand__r1c0,forest,new_zealand,"South Island, New Zealand",-41.5,172.5,-41.50061497649879,172.45209014984465,30-45,32759,-4000.0,0.0,12.5,0.001,14,20,cuda:0,0.03587345119368307,psf_aware_plus50,18.75,0.05153472767693454,-0.4365701085935454,169915,173218,48.0,65536.0,173218.0,3145728.0,0.0002771074599637451,0.5006171870045364,0.07994825299829245,1.7408807468600571,0.5805654400028288,2.321446186862886,computed,256,True
forest__new_zealand__r1c0,forest,new_zealand,"South Island, New Zealand",-41.5,172.5,-41.50061497649879,172.45209014984465,30-45,32759,-4000.0,0.0,12.5,0.001,14,20,cuda:0,0.03587345119368307,psf_aware_minus50,6.25,0.03959065723026211,-0.10361997279017299,169375,169375,9.0,65536.0,169375.0,589824.0,5.3136531365313655e-05,0.19243964413180947,0.021296275779604912,1.7786704911850393,0.21373591991141438,1.9924064110964537,computed,256,True
forest__new_zealand__r1c0,forest,new_zealand,"South Island, New Zealand",-41.5,172.5,-41.50061497649879,172.45209014984465,30-45,32759,-4000.0,0.0,12.5,0.001,14,20,cuda:0,0.03587345119368307,nearest,,0.04084955285270117,-0.13871265499803198,168930,169915,,,,,,0.0,0.13731463626027107,0.0,0.13731463626027107,0.13731463626027107,computed,256,True
forest__new_zealand__r1c0,forest,new_zealand,"South Island, New Zealand",-41.5,172.5,-41.50061497649879,172.45209014984465,30-45,32759,-4000.0,0.0,12.5,0.001,14,20,cuda:0,0.03587345119368307,bilinear,,0.04207073726459944,-0.17275410825283655,168930,169915,,,,,,0.0,0.1218265020288527,0.0,0.1218265020288527,0.1218265020288527,computed,256,True
forest__new_zealand__r1c0,forest,new_zealand,"South Island, New Zealand",-41.5,172.5,-41.50061497649879,172.45209014984465,30-45,32759,-4000.0,0.0,12.5,0.001,14,20,cuda:0,0.03587345119368307,bicubic,,0.03979408145057188,-0.10929057914503604,168930,169915,,,,,,0.0,0.7790425098501146,0.0,0.7790425098501146,0.7790425098501146,computed,256,True
forest__new_zealand__r1c1,forest,new_zealand,"South Island, New Zealand",-41.5,172.5,-41.5,172.5,30-45,32759,0.0,0.0,12.5,0.001,14,20,cuda:0,0.02674493568178617,blurred_observation,12.5,0.02674493568178617,0.0,169908,169908,,,,,,0.0,0.0,0.0,0.0,0.0,computed,257,True
forest__new_zealand__r1c1,forest,new_zealand,"South Island, New Zealand",-41.5,172.5,-41.5,172.5,30-45,32759,0.0,0.0,12.5,0.001,14,20,cuda:0,0.02674493568178617,psf_aware_matched,12.5,0.023042942595359876,0.13841847034043997,169908,171236,22.0,65536.0,171236.0,1441792.0,0.0001284776565675442,0.27610376523807645,0.040698643773794174,1.7095319018699229,0.3168024090118706,2.0263343108817935,computed,257,True
forest__new_zealand__r1c1,forest,new_zealand,"South Island, New Zealand",-41.5,172.5,-41.5,172.5,30-45,32759,0.0,0.0,12.5,0.001,14,20,cuda:0,0.02674493568178617,psf_aware_plus50,18.75,0.038741345890802234,-0.44854885245380705,169908,173214,48.0,65536.0,173214.0,3145728.0,0.00027711385915688106,0.44409777829423547,0.07991038216277957,1.7265014532022178,0.524008160457015,2.250509613659233,computed,257,True
forest__new_zealand__r1c1,forest,new_zealand,"South Island, New Zealand",-41.5,172.5,-41.5,172.5,30-45,32759,0.0,0.0,12.5,0.001,14,20,cuda:0,0.02674493568178617,psf_aware_minus50,6.25,0.0301008193461698,-0.1254773503407245,169359,169359,9.0,65536.0,169359.0,589824.0,5.314155137902326e-05,0.19082935340702534,0.0209975796751678,1.6856869189068675,0.21182693308219314,1.8975138519890606,computed,257,True
forest__new_zealand__r1c1,forest,new_zealand,"South Island, New Zealand",-41.5,172.5,-41.5,172.5,30-45,32759,0.0,0.0,12.5,0.001,14,20,cuda:0,0.02674493568178617,nearest,,0.031103955997770782,-0.16298488685292267,168924,169908,,,,,,0.0,0.13713000668212771,0.0,0.13713000668212771,0.13713000668212771,computed,257,True
forest__new_zealand__r1c1,forest,new_zealand,"South Island, New Zealand",-41.5,172.5,-41.5,172.5,30-45,32759,0.0,0.0,12.5,0.001,14,20,cuda:0,0.02674493568178617,bilinear,,0.03204432466204377,-0.19814551223118437,168924,169908,,,,,,0.0,0.12683068914338946,0.0,0.12683068914338946,0.12683068914338946,computed,257,True
forest__new_zealand__r1c1,forest,new_zealand,"South Island, New Zealand",-41.5,172.5,-41.5,172.5,30-45,32759,0.0,0.0,12.5,0.001,14,20,cuda:0,0.02674493568178617,bicubic,,0.02983125300950957,-0.11539819592182621,168924,169908,,,,,,0.0,0.8004537629894912,0.0,0.8004537629894912,0.8004537629894912,computed,257,True
forest__new_zealand__r1c2,forest,new_zealand,"South Island, New Zealand",-41.5,172.5,-41.49936507511324,172.54790833832976,30-45,32759,4000.0,0.0,12.5,0.001,14,20,cuda:0,0.02321433260322268,blurred_observation,12.5,0.02321433260322268,0.0,169903,169903,,,,,,0.0,0.0,0.0,0.0,0.0,computed,258,True
forest__new_zealand__r1c2,forest,new_zealand,"South Island, New Zealand",-41.5,172.5,-41.49936507511324,172.54790833832976,30-45,32759,4000.0,0.0,12.5,0.001,14,20,cuda:0,0.02321433260322268,psf_aware_matched,12.5,0.019395368817086547,0.16450887696879013,169903,171236,22.0,65536.0,171236.0,1441792.0,0.0001284776565675442,0.2838099910877645,0.041709238197654486,1.689660495147109,0.325519229285419,2.015179724432528,computed,258,True
forest__new_zealand__r1c2,forest,new_zealand,"South Island, New Zealand",-41.5,172.5,-41.49936507511324,172.54790833832976,30-45,32759,4000.0,0.0,12.5,0.001,14,20,cuda:0,0.02321433260322268,psf_aware_plus50,18.75,0.034539672823407086,-0.4878598240904064,169903,173207,48.0,65536.0,173207.0,3145728.0,0.000277125058456067,0.48584917606785893,0.08037045365199447,1.7503971308469772,0.5662196297198534,2.3166167605668306,computed,258,True
forest__new_zealand__r1c2,forest,new_zealand,"South Island, New Zealand",-41.5,172.5,-41.49936507511324,172.54790833832976,30-45,32759,4000.0,0.0,12.5,0.001,14,20,cuda:0,0.02321433260322268,psf_aware_minus50,6.25,0.026626326166965347,-0.1469778874137868,169373,169373,9.0,65536.0,169373.0,589824.0,5.313715881515944e-05,0.17665580892935395,0.021911791991442442,1.7460232069715858,0.1985676009207964,1.9445908078923821,computed,258,True
forest__new_zealand__r1c2,forest,new_zealand,"South Island, New Zealand",-41.5,172.5,-41.49936507511324,172.54790833832976,30-45,32759,4000.0,0.0,12.5,0.001,14,20,cuda:0,0.02321433260322268,nearest,,0.02758696672183314,-0.1883592431170491,168913,169903,,,,,,0.0,0.12949761981144547,0.0,0.12949761981144547,0.12949761981144547,computed,258,True
forest__new_zealand__r1c2,forest,new_zealand,"South Island, New Zealand",-41.5,172.5,-41.49936507511324,172.54790833832976,30-45,32759,4000.0,0.0,12.5,0.001,14,20,cuda:0,0.02321433260322268,bilinear,,0.028436261419318005,-0.2249441715748659,168913,169903,,,,,,0.0,0.11441120691597462,0.0,0.11441120691597462,0.11441120691597462,computed,258,True
forest__new_zealand__r1c2,forest,new_zealand,"South Island, New Zealand",-41.5,172.5,-41.49936507511324,172.54790833832976,30-45,32759,4000.0,0.0,12.5,0.001,14,20,cuda:0,0.02321433260322268,bicubic,,0.026116247859549347,-0.12500532778288065,168913,169903,,,,,,0.0,0.7740947878919542,0.0,0.7740947878919542,0.7740947878919542,computed,258,True
forest__new_zealand__r2c0,forest,new_zealand,"South Island, New Zealand",-41.5,172.5,-41.464596638710795,172.45128612204334,30-45,32759,-4000.0,4000.0,12.5,0.001,14,20,cuda:0,0.030738516443251315,blurred_observation,12.5,0.030738516443251315,0.0,169911,169911,,,,,,0.0,0.0,0.0,0.0,0.0,computed,259,True
forest__new_zealand__r2c0,forest,new_zealand,"South Island, New Zealand",-41.5,172.5,-41.464596638710795,172.45128612204334,30-45,32759,-4000.0,4000.0,12.5,0.001,14,20,cuda:0,0.030738516443251315,psf_aware_matched,12.5,0.02665257787681004,0.13292569190789127,169911,171240,22.0,65536.0,171240.0,1441792.0,0.0001284746554543331,0.2811079826205969,0.04018494114279747,1.6756534650921822,0.32129292376339436,1.9969463888555765,computed,259,True
forest__new_zealand__r2c0,forest,new_zealand,"South Island, New Zealand",-41.5,172.5,-41.464596638710795,172.45128612204334,30-45,32759,-4000.0,4000.0,12.5,0.001,14,20,cuda:0,0.030738516443251315,psf_aware_plus50,18.75,0.045216728266377015,-0.47101205583083416,169911,173227,48.0,65536.0,173227.0,3145728.0,0.00027709306285971587,0.48900093603879213,0.0798285766504705,1.7102170088328421,0.5688295126892626,2.2790465215221047,computed,259,True
forest__new_zealand__r2c0,forest,new_zealand,"South Island, New Zealand",-41.5,172.5,-41.464596638710795,172.45128612204334,30-45,32759,-4000.0,4000.0,12.5,0.001,14,20,cuda:0,0.030738516443251315,psf_aware_minus50,6.25,0.034418792804516554,-0.11972849659350593,169366,169366,9.0,65536.0,169366.0,589824.0,5.313935500631768e-05,0.18670120602473617,0.021094223018735647,1.7381067429669201,0.2077954290434718,1.945902172010392,computed,259,True
forest__new_zealand__r2c0,forest,new_zealand,"South Island, New Zealand",-41.5,172.5,-41.464596638710795,172.45128612204334,30-45,32759,-4000.0,4000.0,12.5,0.001,14,20,cuda:0,0.030738516443251315,nearest,,0.0356143470874671,-0.15862283572525127,168929,169911,,,,,,0.0,0.12887266697362065,0.0,0.12887266697362065,0.12887266697362065,computed,259,True
forest__new_zealand__r2c0,forest,new_zealand,"South Island, New Zealand",-41.5,172.5,-41.464596638710795,172.45128612204334,30-45,32759,-4000.0,4000.0,12.5,0.001,14,20,cuda:0,0.030738516443251315,bilinear,,0.036751716833414085,-0.19562428789509712,168929,169911,,,,,,0.0,0.1162057057954371,0.0,0.1162057057954371,0.1162057057954371,computed,259,True
forest__new_zealand__r2c0,forest,new_zealand,"South Island, New Zealand",-41.5,172.5,-41.464596638710795,172.45128612204334,30-45,32759,-4000.0,4000.0,12.5,0.001,14,20,cuda:0,0.030738516443251315,bicubic,,0.03438648812672958,-0.11867754548964848,168929,169911,,,,,,0.0,0.7614083299413323,0.0,0.7614083299413323,0.7614083299413323,computed,259,True
forest__new_zealand__r2c1,forest,new_zealand,"South Island, New Zealand",-41.5,172.5,-41.4639824356265,172.49916946817297,30-45,32759,0.0,4000.0,12.5,0.001,14,20,cuda:0,0.03142970987342692,blurred_observation,12.5,0.03142970987342692,0.0,169914,169914,,,,,,0.0,0.0,0.0,0.0,0.0,computed,260,True
forest__new_zealand__r2c1,forest,new_zealand,"South Island, New Zealand",-41.5,172.5,-41.4639824356265,172.49916946817297,30-45,32759,0.0,4000.0,12.5,0.001,14,20,cuda:0,0.03142970987342692,psf_aware_matched,12.5,0.027597390010985795,0.12193303335839134,169914,171230,22.0,65536.0,171230.0,1441792.0,0.0001284821585002628,0.27882038010284305,0.040408624336123466,1.721137602813542,0.3192290044389665,2.0403666072525084,computed,260,True
forest__new_zealand__r2c1,forest,new_zealand,"South Island, New Zealand",-41.5,172.5,-41.4639824356265,172.49916946817297,30-45,32759,0.0,4000.0,12.5,0.001,14,20,cuda:0,0.03142970987342692,psf_aware_plus50,18.75,0.04523205810484242,-0.43914971811703096,169914,173226,48.0,65536.0,173226.0,3145728.0,0.00027709466246406426,0.4472406408749521,0.08087567007169127,1.8064960138872266,0.5281163109466434,2.33461232483387,computed,260,True
forest__new_zealand__r2c1,forest,new_zealand,"South Island, New Zealand",-41.5,172.5,-41.4639824356265,172.49916946817297,30-45,32759,0.0,4000.0,12.5,0.001,14,20,cuda:0,0.03142970987342692,psf_aware_minus50,6.25,0.03475035406994601,-0.1056530337025674,169356,169356,9.0,65536.0,169356.0,589824.0,5.314249273719266e-05,0.1850172458216548,0.02099386276677251,1.7682150290347636,0.2060111085884273,1.9742261376231909,computed,260,True
forest__new_zealand__r2c1,forest,new_zealand,"South Island, New Zealand",-41.5,172.5,-41.4639824356265,172.49916946817297,30-45,32759,0.0,4000.0,12.5,0.001,14,20,cuda:0,0.03142970987342692,nearest,,0.03589966133422933,-0.14222057660741072,168928,169914,,,,,,0.0,0.12989276926964521,0.0,0.12989276926964521,0.12989276926964521,computed,260,True
forest__new_zealand__r2c1,forest,new_zealand,"South Island, New Zealand",-41.5,172.5,-41.4639824356265,172.49916946817297,30-45,32759,0.0,4000.0,12.5,0.001,14,20,cuda:0,0.03142970987342692,bilinear,,0.0369810615060977,-0.17662751756306583,168928,169914,,,,,,0.0,0.11640835925936699,0.0,0.11640835925936699,0.11640835925936699,computed,260,True
forest__new_zealand__r2c1,forest,new_zealand,"South Island, New Zealand",-41.5,172.5,-41.4639824356265,172.49916946817297,30-45,32759,0.0,4000.0,12.5,0.001,14,20,cuda:0,0.03142970987342692,bicubic,,0.03487733137189939,-0.10969307423952235,168928,169914,,,,,,0.0,0.7581800548359752,0.0,0.7581800548359752,0.7581800548359752,computed,260,True
forest__new_zealand__r2c2,forest,new_zealand,"South Island, New Zealand",-41.5,172.5,-41.46334830922675,172.5470513056341,30-45,32759,4000.0,4000.0,12.5,0.001,14,20,cuda:0,0.0263668053657005,blurred_observation,12.5,0.0263668053657005,0.0,169913,169913,,,,,,0.0,0.0,0.0,0.0,0.0,computed,261,True
forest__new_zealand__r2c2,forest,new_zealand,"South Island, New Zealand",-41.5,172.5,-41.46334830922675,172.5470513056341,30-45,32759,4000.0,4000.0,12.5,0.001,14,20,cuda:0,0.0263668053657005,psf_aware_matched,12.5,0.023309936569470887,0.11593625977177235,169913,171228,22.0,65536.0,171228.0,1441792.0,0.00012848365921461444,0.27468190202489495,0.04042309196665883,1.695796457119286,0.3151049939915538,2.01090145111084,computed,261,True
forest__new_zealand__r2c2,forest,new_zealand,"South Island, New Zealand",-41.5,172.5,-41.46334830922675,172.5470513056341,30-45,32759,4000.0,4000.0,12.5,0.001,14,20,cuda:0,0.0263668053657005,psf_aware_plus50,18.75,0.037606423637173675,-0.4262791079762107,169913,173220,48.0,65536.0,173220.0,3145728.0,0.00027710426047800486,0.4298455538228154,0.08000350836664438,1.7165359170176089,0.5098490621894598,2.2263849792070687,computed,261,True
forest__new_zealand__r2c2,forest,new_zealand,"South Island, New Zealand",-41.5,172.5,-41.46334830922675,172.5470513056341,30-45,32759,4000.0,4000.0,12.5,0.001,14,20,cuda:0,0.0263668053657005,psf_aware_minus50,6.25,0.029112380641432192,-0.1041299936663278,169363,169363,9.0,65536.0,169363.0,589824.0,5.314029628667419e-05,0.17572069773450494,0.021120893768966198,1.7149889478459954,0.19684159150347114,1.9118305393494666,computed,261,True
forest__new_zealand__r2c2,forest,new_zealand,"South Island, New Zealand",-41.5,172.5,-41.46334830922675,172.5470513056341,30-45,32759,4000.0,4000.0,12.5,0.001,14,20,cuda:0,0.0263668053657005,nearest,,0.030016760956429474,-0.13842995160411253,168922,169913,,,,,,0.0,0.12725761765614152,0.0,0.12725761765614152,0.12725761765614152,computed,261,True
forest__new_zealand__r2c2,forest,new_zealand,"South Island, New Zealand",-41.5,172.5,-41.46334830922675,172.5470513056341,30-45,32759,4000.0,4000.0,12.5,0.001,14,20,cuda:0,0.0263668053657005,bilinear,,0.03088667489975884,-0.17142272153827376,168922,169913,,,,,,0.0,0.1152040190063417,0.0,0.1152040190063417,0.1152040190063417,computed,261,True
forest__new_zealand__r2c2,forest,new_zealand,"South Island, New Zealand",-41.5,172.5,-41.46334830922675,172.5470513056341,30-45,32759,4000.0,4000.0,12.5,0.001,14,20,cuda:0,0.0263668053657005,bicubic,,0.02920280015468913,-0.10755928712842322,168922,169913,,,,,,0.0,0.7680351305752993,0.0,0.7680351305752993,0.7680351305752993,computed,261,True
forest__patagonia__r0c0,forest,patagonia,Patagonian forest,-42.5,-72.0,-42.534688295925356,-72.05036409594506,30-45,32719,-4000.0,-4000.0,12.5,0.001,14,20,cuda:0,0.039284419990963174,blurred_observation,12.5,0.039284419990963174,0.0,169678,169678,,,,,,0.0,0.0,0.0,0.0,0.0,computed,262,True
forest__patagonia__r0c0,forest,patagonia,Patagonian forest,-42.5,-72.0,-42.534688295925356,-72.05036409594506,30-45,32719,-4000.0,-4000.0,12.5,0.001,14,20,cuda:0,0.039284419990963174,psf_aware_matched,12.5,0.03121303767441636,0.20546013708242405,169678,170997,22.0,65536.0,170997.0,1441792.0,0.00012865722790458313,0.28920587012544274,0.04041792266070843,2.2196762529201806,0.32962379278615117,2.5493000457063317,computed,262,True
forest__patagonia__r0c0,forest,patagonia,Patagonian forest,-42.5,-72.0,-42.534688295925356,-72.05036409594506,30-45,32719,-4000.0,-4000.0,12.5,0.001,14,20,cuda:0,0.039284419990963174,psf_aware_plus50,18.75,0.061900715672905386,-0.57570649349398,169678,172971,48.0,65536.0,172971.0,3145728.0,0.00027750316527047885,0.45669819321483374,0.07979374099522829,2.178613309748471,0.536491934210062,2.715105243958533,computed,262,True
forest__patagonia__r0c0,forest,patagonia,Patagonian forest,-42.5,-72.0,-42.534688295925356,-72.05036409594506,30-45,32719,-4000.0,-4000.0,12.5,0.001,14,20,cuda:0,0.039284419990963174,psf_aware_minus50,6.25,0.0450782536322413,-0.14748426074792276,169125,169125,9.0,65536.0,169125.0,589824.0,5.3215077605321506e-05,0.19413830107077956,0.02123433817178011,2.162752619944513,0.21537263924255967,2.3781252591870725,computed,262,True
forest__patagonia__r0c0,forest,patagonia,Patagonian forest,-42.5,-72.0,-42.534688295925356,-72.05036409594506,30-45,32719,-4000.0,-4000.0,12.5,0.001,14,20,cuda:0,0.039284419990963174,nearest,,0.04737490999466687,-0.20594653059825752,168692,169678,,,,,,0.0,0.1344998450949788,0.0,0.1344998450949788,0.1344998450949788,computed,262,True
forest__patagonia__r0c0,forest,patagonia,Patagonian forest,-42.5,-72.0,-42.534688295925356,-72.05036409594506,30-45,32719,-4000.0,-4000.0,12.5,0.001,14,20,cuda:0,0.039284419990963174,bilinear,,0.049356510602064814,-0.25638893519157424,168692,169678,,,,,,0.0,0.11852262262254953,0.0,0.11852262262254953,0.11852262262254953,computed,262,True
forest__patagonia__r0c0,forest,patagonia,Patagonian forest,-42.5,-72.0,-42.534688295925356,-72.05036409594506,30-45,32719,-4000.0,-4000.0,12.5,0.001,14,20,cuda:0,0.039284419990963174,bicubic,,0.0446620384720052,-0.13688934397603614,168692,169678,,,,,,0.0,0.7623733580112457,0.0,0.7623733580112457,0.7623733580112457,computed,262,True
forest__patagonia__r0c1,forest,patagonia,Patagonian forest,-42.5,-72.0,-42.53597391029905,-72.00172285882306,30-45,32719,0.0,-4000.0,12.5,0.001,14,20,cuda:0,0.04180165278285197,blurred_observation,12.5,0.04180165278285197,0.0,169682,169682,,,,,,0.0,0.0,0.0,0.0,0.0,computed,263,True
forest__patagonia__r0c1,forest,patagonia,Patagonian forest,-42.5,-72.0,-42.53597391029905,-72.00172285882306,30-45,32719,0.0,-4000.0,12.5,0.001,14,20,cuda:0,0.04180165278285197,psf_aware_matched,12.5,0.031503342492629115,0.24636131838422115,169682,171010,22.0,65536.0,171010.0,1441792.0,0.00012864744751768902,0.27815389819443226,0.04032910382375121,2.1355469822883606,0.31848300201818347,2.454029984306544,computed,263,True
forest__patagonia__r0c1,forest,patagonia,Patagonian forest,-42.5,-72.0,-42.53597391029905,-72.00172285882306,30-45,32719,0.0,-4000.0,12.5,0.001,14,20,cuda:0,0.04180165278285197,psf_aware_plus50,18.75,0.06837577398566651,-0.6357193898734039,169682,172978,48.0,65536.0,172978.0,3145728.0,0.0002774919353906277,0.47515275701880455,0.0798519398085773,2.187765714712441,0.5550046968273818,2.742770411539823,computed,263,True
forest__patagonia__r0c1,forest,patagonia,Patagonian forest,-42.5,-72.0,-42.53597391029905,-72.00172285882306,30-45,32719,0.0,-4000.0,12.5,0.001,14,20,cuda:0,0.04180165278285197,psf_aware_minus50,6.25,0.049045805779996204,-0.1732982433679262,169147,169147,9.0,65536.0,169147.0,589824.0,5.320815621914666e-05,0.20264075510203838,0.02096885582432151,2.1252225968055427,0.2236096109263599,2.3488322077319026,computed,263,True
forest__patagonia__r0c1,forest,patagonia,Patagonian forest,-42.5,-72.0,-42.53597391029905,-72.00172285882306,30-45,32719,0.0,-4000.0,12.5,0.001,14,20,cuda:0,0.04180165278285197,nearest,,0.05176868758377977,-0.23843638079823748,168706,169682,,,,,,0.0,0.131648404058069,0.0,0.131648404058069,0.131648404058069,computed,263,True
forest__patagonia__r0c1,forest,patagonia,Patagonian forest,-42.5,-72.0,-42.53597391029905,-72.00172285882306,30-45,32719,0.0,-4000.0,12.5,0.001,14,20,cuda:0,0.04180165278285197,bilinear,,0.054173723776420234,-0.2959708568902226,168706,169682,,,,,,0.0,0.1167722181417048,0.0,0.1167722181417048,0.1167722181417048,computed,263,True
forest__patagonia__r0c1,forest,patagonia,Patagonian forest,-42.5,-72.0,-42.53597391029905,-72.00172285882306,30-45,32719,0.0,-4000.0,12.5,0.001,14,20,cuda:0,0.04180165278285197,bicubic,,0.04817505971855882,-0.1524678215192814,168706,169682,,,,,,0.0,0.7628193120472133,0.0,0.7628193120472133,0.7628193120472133,computed,263,True
forest__patagonia__r0c2,forest,patagonia,Patagonian forest,-42.5,-72.0,-42.53723890782606,-71.95307846212971,30-45,32719,4000.0,-4000.0,12.5,0.001,14,20,cuda:0,0.026575814642102423,blurred_observation,12.5,0.026575814642102423,0.0,169696,169696,,,,,,0.0,0.0,0.0,0.0,0.0,computed,264,True
forest__patagonia__r0c2,forest,patagonia,Patagonian forest,-42.5,-72.0,-42.53723890782606,-71.95307846212971,30-45,32719,4000.0,-4000.0,12.5,0.001,14,20,cuda:0,0.026575814642102423,psf_aware_matched,12.5,0.020103828302999702,0.2435291796793898,169696,171011,22.0,65536.0,171011.0,1441792.0,0.00012864669524182654,0.28205852303653955,0.0402928851544857,2.1926357387565076,0.32235140819102526,2.514987146947533,computed,264,True
forest__patagonia__r0c2,forest,patagonia,Patagonian forest,-42.5,-72.0,-42.53723890782606,-71.95307846212971,30-45,32719,4000.0,-4000.0,12.5,0.001,14,20,cuda:0,0.026575814642102423,psf_aware_plus50,18.75,0.04252589952379838,-0.6001729428240075,169696,172983,48.0,65536.0,172983.0,3145728.0,0.0002774839146043253,0.42680685920640826,0.07983880583196878,2.212299761828035,0.506645665038377,2.718945426866412,computed,264,True
forest__patagonia__r0c2,forest,patagonia,Patagonian forest,-42.5,-72.0,-42.53723890782606,-71.95307846212971,30-45,32719,4000.0,-4000.0,12.5,0.001,14,20,cuda:0,0.026575814642102423,psf_aware_minus50,6.25,0.031294898632635834,-0.17757062404616786,169160,169160,9.0,65536.0,169160.0,589824.0,5.3204067155355876e-05,0.17483128421008587,0.020952214021235704,2.1332968804053962,0.19578349823132157,2.329080378636718,computed,264,True
forest__patagonia__r0c2,forest,patagonia,Patagonian forest,-42.5,-72.0,-42.53723890782606,-71.95307846212971,30-45,32719,4000.0,-4000.0,12.5,0.001,14,20,cuda:0,0.026575814642102423,nearest,,0.03295119918998004,-0.23989422840786556,168714,169696,,,,,,0.0,0.13126321462914348,0.0,0.13126321462914348,0.13126321462914348,computed,264,True
forest__patagonia__r0c2,forest,patagonia,Patagonian forest,-42.5,-72.0,-42.53723890782606,-71.95307846212971,30-45,32719,4000.0,-4000.0,12.5,0.001,14,20,cuda:0,0.026575814642102423,bilinear,,0.034347440860217605,-0.2924322856242034,168714,169696,,,,,,0.0,0.1202185656875372,0.0,0.1202185656875372,0.1202185656875372,computed,264,True
forest__patagonia__r0c2,forest,patagonia,Patagonian forest,-42.5,-72.0,-42.53723890782606,-71.95307846212971,30-45,32719,4000.0,-4000.0,12.5,0.001,14,20,cuda:0,0.026575814642102423,bicubic,,0.030463826894724755,-0.1462988926203148,168714,169696,,,,,,0.0,0.758287328761071,0.0,0.758287328761071,0.758287328761071,computed,264,True
forest__patagonia__r1c0,forest,patagonia,Patagonian forest,-42.5,-72.0,-42.4987159942444,-72.04861342380961,30-45,32719,-4000.0,0.0,12.5,0.001,14,20,cuda:0,0.03402730470723905,blurred_observation,12.5,0.03402730470723905,0.0,169678,169678,,,,,,0.0,0.0,0.0,0.0,0.0,computed,265,True
forest__patagonia__r1c0,forest,patagonia,Patagonian forest,-42.5,-72.0,-42.4987159942444,-72.04861342380961,30-45,32719,-4000.0,0.0,12.5,0.001,14,20,cuda:0,0.03402730470723905,psf_aware_matched,12.5,0.026907100800690403,0.20924971777250057,169678,171000,22.0,65536.0,171000.0,1441792.0,0.0001286549707602339,0.2792105390690267,0.040623161010444164,2.1635046838782728,0.3198337000794709,2.4833383839577436,computed,265,True
forest__patagonia__r1c0,forest,patagonia,Patagonian forest,-42.5,-72.0,-42.4987159942444,-72.04861342380961,30-45,32719,-4000.0,0.0,12.5,0.001,14,20,cuda:0,0.03402730470723905,psf_aware_plus50,18.75,0.053777531074093624,-0.5804228849972022,169678,172967,48.0,65536.0,172967.0,3145728.0,0.0002775095827527794,0.4303337186574936,0.07974656112492085,2.2065252251923084,0.5100802797824144,2.716605504974723,computed,265,True
forest__patagonia__r1c0,forest,patagonia,Patagonian forest,-42.5,-72.0,-42.4987159942444,-72.04861342380961,30-45,32719,-4000.0,0.0,12.5,0.001,14,20,cuda:0,0.03402730470723905,psf_aware_minus50,6.25,0.03931829475760867,-0.15549248157888917,169130,169130,9.0,65536.0,169130.0,589824.0,5.321350440489564e-05,0.1726425881497562,0.020953014958649874,2.1475862339138985,0.19359560310840607,2.3411818370223045,computed,265,True
forest__patagonia__r1c0,forest,patagonia,Patagonian forest,-42.5,-72.0,-42.4987159942444,-72.04861342380961,30-45,32719,-4000.0,0.0,12.5,0.001,14,20,cuda:0,0.03402730470723905,nearest,,0.04124768808494902,-0.21219380846740643,168698,169678,,,,,,0.0,0.13081720005720854,0.0,0.13081720005720854,0.13081720005720854,computed,265,True
forest__patagonia__r1c0,forest,patagonia,Patagonian forest,-42.5,-72.0,-42.4987159942444,-72.04861342380961,30-45,32719,-4000.0,0.0,12.5,0.001,14,20,cuda:0,0.03402730470723905,bilinear,,0.04297031251104605,-0.26281857704422995,168698,169678,,,,,,0.0,0.1176327490247786,0.0,0.1176327490247786,0.1176327490247786,computed,265,True
forest__patagonia__r1c0,forest,patagonia,Patagonian forest,-42.5,-72.0,-42.4987159942444,-72.04861342380961,30-45,32719,-4000.0,0.0,12.5,0.001,14,20,cuda:0,0.03402730470723905,bicubic,,0.03874055312307036,-0.13851371586385453,168698,169678,,,,,,0.0,0.7602801127359271,0.0,0.7602801127359271,0.7602801127359271,computed,265,True
forest__patagonia__r1c1,forest,patagonia,Patagonian forest,-42.5,-72.0,-42.50000000000001,-72.0,30-45,32719,0.0,0.0,12.5,0.001,14,20,cuda:0,0.030770691766426238,blurred_observation,12.5,0.030770691766426238,0.0,169689,169689,,,,,,0.0,0.0,0.0,0.0,0.0,computed,266,True
forest__patagonia__r1c1,forest,patagonia,Patagonian forest,-42.5,-72.0,-42.50000000000001,-72.0,30-45,32719,0.0,0.0,12.5,0.001,14,20,cuda:0,0.030770691766426238,psf_aware_matched,12.5,0.022877007751435075,0.2565325497038037,169689,171005,22.0,65536.0,171005.0,1441792.0,0.00012865120902897577,0.2775231641717255,0.04040927579626441,2.1671632528305054,0.3179324399679899,2.4850956927984953,computed,266,True
forest__patagonia__r1c1,forest,patagonia,Patagonian forest,-42.5,-72.0,-42.50000000000001,-72.0,30-45,32719,0.0,0.0,12.5,0.001,14,20,cuda:0,0.030770691766426238,psf_aware_plus50,18.75,0.04991005127224955,-0.6219996498975751,169689,172976,48.0,65536.0,172976.0,3145728.0,0.0002774951438349829,0.4318505022674799,0.07980101509019732,2.251021551899612,0.5116515173576772,2.762673069257289,computed,266,True
forest__patagonia__r1c1,forest,patagonia,Patagonian forest,-42.5,-72.0,-42.50000000000001,-72.0,30-45,32719,0.0,0.0,12.5,0.001,14,20,cuda:0,0.030770691766426238,psf_aware_minus50,6.25,0.03630485245318897,-0.17985168252866623,169145,169145,9.0,65536.0,169145.0,589824.0,5.320878536167194e-05,0.17680108407512307,0.021108679939061403,2.1501306728459895,0.19790976401418447,2.348040436860174,computed,266,True
forest__patagonia__r1c1,forest,patagonia,Patagonian forest,-42.5,-72.0,-42.50000000000001,-72.0,30-45,32719,0.0,0.0,12.5,0.001,14,20,cuda:0,0.030770691766426238,nearest,,0.03826728902828354,-0.24362784297351436,168707,169689,,,,,,0.0,0.13078117184340954,0.0,0.13078117184340954,0.13078117184340954,computed,266,True
forest__patagonia__r1c1,forest,patagonia,Patagonian forest,-42.5,-72.0,-42.50000000000001,-72.0,30-45,32719,0.0,0.0,12.5,0.001,14,20,cuda:0,0.030770691766426238,bilinear,,0.04000607254369021,-0.30013562409866434,168707,169689,,,,,,0.0,0.11697937082499266,0.0,0.11697937082499266,0.11697937082499266,computed,266,True
forest__patagonia__r1c1,forest,patagonia,Patagonian forest,-42.5,-72.0,-42.50000000000001,-72.0,30-45,32719,0.0,0.0,12.5,0.001,14,20,cuda:0,0.030770691766426238,bicubic,,0.03538482759358294,-0.14995229428644707,168707,169689,,,,,,0.0,0.7696627541445196,0.0,0.7696627541445196,0.7696627541445196,computed,266,True
forest__patagonia__r1c2,forest,patagonia,Patagonian forest,-42.5,-72.0,-42.501263414641684,-71.95138342338863,30-45,32719,4000.0,0.0,12.5,0.001,14,20,cuda:0,0.032042353063655375,blurred_observation,12.5,0.032042353063655375,0.0,169698,169698,,,,,,0.0,0.0,0.0,0.0,0.0,computed,267,True
forest__patagonia__r1c2,forest,patagonia,Patagonian forest,-42.5,-72.0,-42.501263414641684,-71.95138342338863,30-45,32719,4000.0,0.0,12.5,0.001,14,20,cuda:0,0.032042353063655375,psf_aware_matched,12.5,0.027240100938585376,0.14987201831057284,169698,171012,22.0,65536.0,171012.0,1441792.0,0.000128645942974762,0.28499887278303504,0.04018564196303487,2.235205034725368,0.3251845147460699,2.560389549471438,computed,267,True
forest__patagonia__r1c2,forest,patagonia,Patagonian forest,-42.5,-72.0,-42.501263414641684,-71.95138342338863,30-45,32719,4000.0,0.0,12.5,0.001,14,20,cuda:0,0.032042353063655375,psf_aware_plus50,18.75,0.048614392969433845,-0.517191726614348,169698,172991,48.0,65536.0,172991.0,3145728.0,0.00027747108231064045,0.43346558092162013,0.07974147191271186,2.209828421007842,0.513207052834332,2.723035473842174,computed,267,True
forest__patagonia__r1c2,forest,patagonia,Patagonian forest,-42.5,-72.0,-42.501263414641684,-71.95138342338863,30-45,32719,4000.0,0.0,12.5,0.001,14,20,cuda:0,0.032042353063655375,psf_aware_minus50,6.25,0.03580323014649531,-0.11737206301199454,169153,169153,9.0,65536.0,169153.0,589824.0,5.320626888083569e-05,0.19237051298841834,0.02106605004519224,2.1672547068446875,0.21343656303361058,2.380691269878298,computed,267,True
forest__patagonia__r1c2,forest,patagonia,Patagonian forest,-42.5,-72.0,-42.501263414641684,-71.95138342338863,30-45,32719,4000.0,0.0,12.5,0.001,14,20,cuda:0,0.032042353063655375,nearest,,0.037312695415074836,-0.1644805030688412,168716,169698,,,,,,0.0,0.13180434005334973,0.0,0.13180434005334973,0.13180434005334973,computed,267,True
forest__patagonia__r1c2,forest,patagonia,Patagonian forest,-42.5,-72.0,-42.501263414641684,-71.95138342338863,30-45,32719,4000.0,0.0,12.5,0.001,14,20,cuda:0,0.032042353063655375,bilinear,,0.038643766949037005,-0.2060215076048646,168716,169698,,,,,,0.0,0.1172511950135231,0.0,0.1172511950135231,0.1172511950135231,computed,267,True
forest__patagonia__r1c2,forest,patagonia,Patagonian forest,-42.5,-72.0,-42.501263414641684,-71.95138342338863,30-45,32719,4000.0,0.0,12.5,0.001,14,20,cuda:0,0.032042353063655375,bicubic,,0.035915600897489026,-0.12087900742305191,168716,169698,,,,,,0.0,0.7652559778653085,0.0,0.7652559778653085,0.7652559778653085,computed,267,True
forest__patagonia__r2c0,forest,patagonia,Patagonian forest,-42.5,-72.0,-42.46274340757977,-72.04686595519775,30-45,32719,-4000.0,4000.0,12.5,0.001,14,20,cuda:0,0.032379134198141694,blurred_observation,12.5,0.032379134198141694,0.0,169676,169676,,,,,,0.0,0.0,0.0,0.0,0.0,computed,268,True
forest__patagonia__r2c0,forest,patagonia,Patagonian forest,-42.5,-72.0,-42.46274340757977,-72.04686595519775,30-45,32719,-4000.0,4000.0,12.5,0.001,14,20,cuda:0,0.032379134198141694,psf_aware_matched,12.5,0.025400749092526983,0.2155210532471623,169676,171000,22.0,65536.0,171000.0,1441792.0,0.0001286549707602339,0.28189002396538854,0.04037188505753875,2.176784686278552,0.3222619090229273,2.499046595301479,computed,268,True
forest__patagonia__r2c0,forest,patagonia,Patagonian forest,-42.5,-72.0,-42.46274340757977,-72.04686595519775,30-45,32719,-4000.0,4000.0,12.5,0.001,14,20,cuda:0,0.032379134198141694,psf_aware_plus50,18.75,0.05059889010771354,-0.5627005280029234,169676,172972,48.0,65536.0,172972.0,3145728.0,0.0002775015609462803,0.4275259720161557,0.07988662691786885,2.191133303102106,0.5074125989340246,2.6985459020361304,computed,268,True
forest__patagonia__r2c0,forest,patagonia,Patagonian forest,-42.5,-72.0,-42.46274340757977,-72.04686595519775,30-45,32719,-4000.0,4000.0,12.5,0.001,14,20,cuda:0,0.032379134198141694,psf_aware_minus50,6.25,0.03755066525214294,-0.1597180153846749,169133,169133,9.0,65536.0,169133.0,589824.0,5.32125605292876e-05,0.1941297254525125,0.02117303293198347,2.1540593239478767,0.21530275838449597,2.3693620823323727,computed,268,True
forest__patagonia__r2c0,forest,patagonia,Patagonian forest,-42.5,-72.0,-42.46274340757977,-72.04686595519775,30-45,32719,-4000.0,4000.0,12.5,0.001,14,20,cuda:0,0.032379134198141694,nearest,,0.03939607170025524,-0.21671170881759605,168700,169676,,,,,,0.0,0.13090719981119037,0.0,0.13090719981119037,0.13090719981119037,computed,268,True
forest__patagonia__r2c0,forest,patagonia,Patagonian forest,-42.5,-72.0,-42.46274340757977,-72.04686595519775,30-45,32719,-4000.0,4000.0,12.5,0.001,14,20,cuda:0,0.032379134198141694,bilinear,,0.04103288031490818,-0.2672630485982277,168700,169676,,,,,,0.0,0.11725085508078337,0.0,0.11725085508078337,0.11725085508078337,computed,268,True
forest__patagonia__r2c0,forest,patagonia,Patagonian forest,-42.5,-72.0,-42.46274340757977,-72.04686595519775,30-45,32719,-4000.0,4000.0,12.5,0.001,14,20,cuda:0,0.032379134198141694,bicubic,,0.03687426599514828,-0.13882804183394648,168700,169676,,,,,,0.0,0.7627754188142717,0.0,0.7627754188142717,0.7627754188142717,computed,268,True
forest__patagonia__r2c1,forest,patagonia,Patagonian forest,-42.5,-72.0,-42.46402580653854,-71.99828029398216,30-45,32719,0.0,4000.0,12.5,0.001,14,20,cuda:0,0.035899453242770406,blurred_observation,12.5,0.035899453242770406,0.0,169690,169690,,,,,,0.0,0.0,0.0,0.0,0.0,computed,269,True
forest__patagonia__r2c1,forest,patagonia,Patagonian forest,-42.5,-72.0,-42.46402580653854,-71.99828029398216,30-45,32719,0.0,4000.0,12.5,0.001,14,20,cuda:0,0.035899453242770406,psf_aware_matched,12.5,0.02649548969462557,0.26195283489557464,169690,171006,22.0,65536.0,171006.0,1441792.0,0.00012865045670912132,0.27882243413478136,0.04034636588767171,2.170203641988337,0.31916880002245307,2.48937244201079,computed,269,True
forest__patagonia__r2c1,forest,patagonia,Patagonian forest,-42.5,-72.0,-42.46402580653854,-71.99828029398216,30-45,32719,0.0,4000.0,12.5,0.001,14,20,cuda:0,0.035899453242770406,psf_aware_plus50,18.75,0.05812653814887302,-0.6191482849555323,169690,172985,48.0,65536.0,172985.0,3145728.0,0.00027748070641963175,0.428010739851743,0.0798183772712946,2.1973519008606672,0.5078291171230376,2.705181017983705,computed,269,True
forest__patagonia__r2c1,forest,patagonia,Patagonian forest,-42.5,-72.0,-42.46402580653854,-71.99828029398216,30-45,32719,0.0,4000.0,12.5,0.001,14,20,cuda:0,0.035899453242770406,psf_aware_minus50,6.25,0.04264488824628206,-0.18789798713355288,169142,169142,9.0,65536.0,169142.0,589824.0,5.3209729103356945e-05,0.19419058971107006,0.02112604258581996,2.1742791808210313,0.21531663229689002,2.3895958131179214,computed,269,True
forest__patagonia__r2c1,forest,patagonia,Patagonian forest,-42.5,-72.0,-42.46402580653854,-71.99828029398216,30-45,32719,0.0,4000.0,12.5,0.001,14,20,cuda:0,0.035899453242770406,nearest,,0.04494369797261857,-0.25193265949446,168707,169690,,,,,,0.0,0.13201390719041228,0.0,0.13201390719041228,0.13201390719041228,computed,269,True
forest__patagonia__r2c1,forest,patagonia,Patagonian forest,-42.5,-72.0,-42.46402580653854,-71.99828029398216,30-45,32719,0.0,4000.0,12.5,0.001,14,20,cuda:0,0.035899453242770406,bilinear,,0.046934490975834,-0.30738734817043145,168707,169690,,,,,,0.0,0.11730363499373198,0.0,0.11730363499373198,0.11730363499373198,computed,269,True
forest__patagonia__r2c1,forest,patagonia,Patagonian forest,-42.5,-72.0,-42.46402580653854,-71.99828029398216,30-45,32719,0.0,4000.0,12.5,0.001,14,20,cuda:0,0.035899453242770406,bicubic,,0.04140023865397938,-0.15322755402456578,168707,169690,,,,,,0.0,0.7628622339107096,0.0,0.7628622339107096,0.7628622339107096,computed,269,True
forest__patagonia__r2c2,forest,patagonia,Patagonian forest,-42.5,-72.0,-42.46528764008722,-71.94969148671358,30-45,32719,4000.0,4000.0,12.5,0.001,14,20,cuda:0,0.034976568311932396,blurred_observation,12.5,0.034976568311932396,0.0,169699,169699,,,,,,0.0,0.0,0.0,0.0,0.0,computed,270,True
forest__patagonia__r2c2,forest,patagonia,Patagonian forest,-42.5,-72.0,-42.46528764008722,-71.94969148671358,30-45,32719,4000.0,4000.0,12.5,0.001,14,20,cuda:0,0.034976568311932396,psf_aware_matched,12.5,0.027787400667260286,0.20554239571351818,169699,171014,22.0,65536.0,171014.0,1441792.0,0.00012864443846702608,0.27869797870516777,0.040350194089114666,2.1770149720832705,0.31904817279428244,2.496063144877553,computed,270,True
forest__patagonia__r2c2,forest,patagonia,Patagonian forest,-42.5,-72.0,-42.46528764008722,-71.94969148671358,30-45,32719,4000.0,4000.0,12.5,0.001,14,20,cuda:0,0.034976568311932396,psf_aware_plus50,18.75,0.05514909105461647,-0.5767439093160587,169699,172997,48.0,65536.0,172997.0,3145728.0,0.00027746145886922897,0.42982221068814397,0.07980075385421515,2.2318635866977274,0.5096229645423591,2.7414865512400866,computed,270,True
forest__patagonia__r2c2,forest,patagonia,Patagonian forest,-42.5,-72.0,-42.46528764008722,-71.94969148671358,30-45,32719,4000.0,4000.0,12.5,0.001,14,20,cuda:0,0.034976568311932396,psf_aware_minus50,6.25,0.04049819950966459,-0.15786657937646975,169141,169141,9.0,65536.0,169141.0,589824.0,5.3210043691358095e-05,0.19302348978817463,0.020995396189391613,2.1635208050720394,0.21401888597756624,2.3775396910496056,computed,270,True
forest__patagonia__r2c2,forest,patagonia,Patagonian forest,-42.5,-72.0,-42.46528764008722,-71.94969148671358,30-45,32719,4000.0,4000.0,12.5,0.001,14,20,cuda:0,0.034976568311932396,nearest,,0.042406493614203934,-0.21242579420625396,168717,169699,,,,,,0.0,0.13266776502132416,0.0,0.13266776502132416,0.13266776502132416,computed,270,True
forest__patagonia__r2c2,forest,patagonia,Patagonian forest,-42.5,-72.0,-42.46528764008722,-71.94969148671358,30-45,32719,4000.0,4000.0,12.5,0.001,14,20,cuda:0,0.034976568311932396,bilinear,,0.0441494420350215,-0.2622576818080731,168717,169699,,,,,,0.0,0.11774339806288481,0.0,0.11774339806288481,0.11774339806288481,computed,270,True
forest__patagonia__r2c2,forest,patagonia,Patagonian forest,-42.5,-72.0,-42.46528764008722,-71.94969148671358,30-45,32719,4000.0,4000.0,12.5,0.001,14,20,cuda:0,0.034976568311932396,bicubic,,0.03980856068157857,-0.13814941267401926,168717,169699,,,,,,0.0,0.7604326116852462,0.0,0.7604326116852462,0.7604326116852462,computed,270,True
agriculture__beauce__r0c0,agriculture,beauce,"Beauce, France",48.258,1.499,48.22131003301224,1.4462177849996587,45-60,32631,-4000.0,-4000.0,12.5,0.001,14,20,cuda:0,0.023486321388721094,blurred_observation,12.5,0.023486321388721094,0.0,169656,169656,,,,,,0.0,0.0,0.0,0.0,0.0,computed,271,True
agriculture__beauce__r0c0,agriculture,beauce,"Beauce, France",48.258,1.499,48.22131003301224,1.4462177849996587,45-60,32631,-4000.0,-4000.0,12.5,0.001,14,20,cuda:0,0.023486321388721094,psf_aware_matched,12.5,0.018112023737536825,0.22882670990635356,169656,170974,22.0,65536.0,170974.0,1441792.0,0.00012867453530946227,0.2808026149868965,0.04036809829995036,1.4922980167903006,0.3211707132868469,1.8134687300771475,computed,271,True
agriculture__beauce__r0c0,agriculture,beauce,"Beauce, France",48.258,1.499,48.22131003301224,1.4462177849996587,45-60,32631,-4000.0,-4000.0,12.5,0.001,14,20,cuda:0,0.023486321388721094,psf_aware_plus50,18.75,0.039230742111173895,-0.6703655486045503,169656,172929,48.0,65536.0,172929.0,3145728.0,0.0002775705636417258,0.5008670398965478,0.07977692922577262,1.5056988089345396,0.5806439691223204,2.08634277805686,computed,271,True
agriculture__beauce__r0c0,agriculture,beauce,"Beauce, France",48.258,1.499,48.22131003301224,1.4462177849996587,45-60,32631,-4000.0,-4000.0,12.5,0.001,14,20,cuda:0,0.023486321388721094,psf_aware_minus50,6.25,0.027261653343654737,-0.16074598880123814,169123,169123,9.0,65536.0,169123.0,589824.0,5.3215706911537755e-05,0.1944118090905249,0.02103515062481165,1.5481818919070065,0.21544695971533656,1.763628851622343,computed,271,True
agriculture__beauce__r0c0,agriculture,beauce,"Beauce, France",48.258,1.499,48.22131003301224,1.4462177849996587,45-60,32631,-4000.0,-4000.0,12.5,0.001,14,20,cuda:0,0.023486321388721094,nearest,,0.028782294622686812,-0.2254918148445766,168677,169656,,,,,,0.0,0.12694818200543523,0.0,0.12694818200543523,0.12694818200543523,computed,271,True
agriculture__beauce__r0c0,agriculture,beauce,"Beauce, France",48.258,1.499,48.22131003301224,1.4462177849996587,45-60,32631,-4000.0,-4000.0,12.5,0.001,14,20,cuda:0,0.023486321388721094,bilinear,,0.030032274089287034,-0.27871340906156217,168677,169656,,,,,,0.0,0.11363737192004919,0.0,0.11363737192004919,0.11363737192004919,computed,271,True
agriculture__beauce__r0c0,agriculture,beauce,"Beauce, France",48.258,1.499,48.22131003301224,1.4462177849996587,45-60,32631,-4000.0,-4000.0,12.5,0.001,14,20,cuda:0,0.023486321388721094,bicubic,,0.026940846694430715,-0.14708669137809705,168677,169656,,,,,,0.0,0.7585715567693114,0.0,0.7585715567693114,0.7585715567693114,computed,271,True
agriculture__beauce__r0c1,agriculture,beauce,"Beauce, France",48.258,1.499,48.222025117253715,1.5000522800096348,45-60,32631,0.0,-4000.0,12.5,0.001,14,20,cuda:0,0.01781329051315837,blurred_observation,12.5,0.01781329051315837,0.0,169660,169660,,,,,,0.0,0.0,0.0,0.0,0.0,computed,272,True
agriculture__beauce__r0c1,agriculture,beauce,"Beauce, France",48.258,1.499,48.222025117253715,1.5000522800096348,45-60,32631,0.0,-4000.0,12.5,0.001,14,20,cuda:0,0.01781329051315837,psf_aware_matched,12.5,0.014192634745511459,0.20325586476975688,169660,170976,22.0,65536.0,170976.0,1441792.0,0.00012867303013288414,0.2878079726360738,0.04031115025281906,1.497497004456818,0.3281191228888929,1.825616127345711,computed,272,True
agriculture__beauce__r0c1,agriculture,beauce,"Beauce, France",48.258,1.499,48.222025117253715,1.5000522800096348,45-60,32631,0.0,-4000.0,12.5,0.001,14,20,cuda:0,0.01781329051315837,psf_aware_plus50,18.75,0.02874667789346529,-0.6137769645776909,169660,172926,48.0,65536.0,172926.0,3145728.0,0.00027757537906387703,0.475899581797421,0.07973490003496408,1.5272256308235228,0.5556344818323851,2.082860112655908,computed,272,True
agriculture__beauce__r0c1,agriculture,beauce,"Beauce, France",48.258,1.499,48.222025117253715,1.5000522800096348,45-60,32631,0.0,-4000.0,12.5,0.001,14,20,cuda:0,0.01781329051315837,psf_aware_minus50,6.25,0.020686980538096932,-0.161322806856814,169130,169130,9.0,65536.0,169130.0,589824.0,5.321350440489564e-05,0.19563511572778225,0.02103560185059905,1.4725984358228743,0.2166707175783813,1.6892691534012556,computed,272,True
agriculture__beauce__r0c1,agriculture,beauce,"Beauce, France",48.258,1.499,48.222025117253715,1.5000522800096348,45-60,32631,0.0,-4000.0,12.5,0.001,14,20,cuda:0,0.01781329051315837,nearest,,0.02175782904821901,-0.22143795006020262,168685,169660,,,,,,0.0,0.12754848832264543,0.0,0.12754848832264543,0.12754848832264543,computed,272,True
agriculture__beauce__r0c1,agriculture,beauce,"Beauce, France",48.258,1.499,48.222025117253715,1.5000522800096348,45-60,32631,0.0,-4000.0,12.5,0.001,14,20,cuda:0,0.01781329051315837,bilinear,,0.022656923069942426,-0.2719111639259546,168685,169660,,,,,,0.0,0.11660326924175024,0.0,0.11660326924175024,0.11660326924175024,computed,272,True
agriculture__beauce__r0c1,agriculture,beauce,"Beauce, France",48.258,1.499,48.222025117253715,1.5000522800096348,45-60,32631,0.0,-4000.0,12.5,0.001,14,20,cuda:0,0.01781329051315837,bicubic,,0.020406687050634142,-0.14558773043981277,168685,169660,,,,,,0.0,0.7671853108331561,0.0,0.7671853108331561,0.7671853108331561,computed,272,True
agriculture__beauce__r0c2,agriculture,beauce,"Beauce, France",48.258,1.499,48.22271500154237,1.5538888379322469,45-60,32631,4000.0,-4000.0,12.5,0.001,14,20,cuda:0,0.02239256612157399,blurred_observation,12.5,0.02239256612157399,0.0,169672,169672,,,,,,0.0,0.0,0.0,0.0,0.0,computed,273,True
agriculture__beauce__r0c2,agriculture,beauce,"Beauce, France",48.258,1.499,48.22271500154237,1.5538888379322469,45-60,32631,4000.0,-4000.0,12.5,0.001,14,20,cuda:0,0.02239256612157399,psf_aware_matched,12.5,0.0179115814756773,0.2001103679483841,169672,170986,22.0,65536.0,170986.0,1441792.0,0.00012866550477816897,0.27980087837204337,0.040347700007259846,1.5118398596532643,0.3201485783793032,1.8319884380325675,computed,273,True
agriculture__beauce__r0c2,agriculture,beauce,"Beauce, France",48.258,1.499,48.22271500154237,1.5538888379322469,45-60,32631,4000.0,-4000.0,12.5,0.001,14,20,cuda:0,0.02239256612157399,psf_aware_plus50,18.75,0.03573923243181993,-0.5960311220154071,169672,172934,48.0,65536.0,172934.0,3145728.0,0.00027756253830941286,0.477381048258394,0.07990739634260535,1.5222713267430663,0.5572884446009994,2.0795597713440657,computed,273,True
agriculture__beauce__r0c2,agriculture,beauce,"Beauce, France",48.258,1.499,48.22271500154237,1.5538888379322469,45-60,32631,4000.0,-4000.0,12.5,0.001,14,20,cuda:0,0.02239256612157399,psf_aware_minus50,6.25,0.025622239476895046,-0.14422971167245757,169129,169129,9.0,65536.0,169129.0,589824.0,5.3213819037539396e-05,0.19480736879631877,0.021110042929649353,1.6053044539876282,0.21591741172596812,1.8212218657135963,computed,273,True
agriculture__beauce__r0c2,agriculture,beauce,"Beauce, France",48.258,1.499,48.22271500154237,1.5538888379322469,45-60,32631,4000.0,-4000.0,12.5,0.001,14,20,cuda:0,0.02239256612157399,nearest,,0.026918468570095704,-0.2021162926995339,168679,169672,,,,,,0.0,0.13291275780647993,0.0,0.13291275780647993,0.13291275780647993,computed,273,True
agriculture__beauce__r0c2,agriculture,beauce,"Beauce, France",48.258,1.499,48.22271500154237,1.5538888379322469,45-60,32631,4000.0,-4000.0,12.5,0.001,14,20,cuda:0,0.02239256612157399,bilinear,,0.028044099662547357,-0.25238436319848256,168679,169672,,,,,,0.0,0.11887678503990173,0.0,0.11887678503990173,0.11887678503990173,computed,273,True
agriculture__beauce__r0c2,agriculture,beauce,"Beauce, France",48.258,1.499,48.22271500154237,1.5538888379322469,45-60,32631,4000.0,-4000.0,12.5,0.001,14,20,cuda:0,0.02239256612157399,bicubic,,0.025502859177608223,-0.1388984647470859,168679,169672,,,,,,0.0,0.7887217616662383,0.0,0.7887217616662383,0.7887217616662383,computed,273,True
agriculture__beauce__r1c0,agriculture,beauce,"Beauce, France",48.258,1.499,48.2572840174543,1.4451277741343804,45-60,32631,-4000.0,0.0,12.5,0.001,14,20,cuda:0,0.021852358827393305,blurred_observation,12.5,0.021852358827393305,0.0,169651,169651,,,,,,0.0,0.0,0.0,0.0,0.0,computed,274,True
agriculture__beauce__r1c0,agriculture,beauce,"Beauce, France",48.258,1.499,48.2572840174543,1.4451277741343804,45-60,32631,-4000.0,0.0,12.5,0.001,14,20,cuda:0,0.021852358827393305,psf_aware_matched,12.5,0.017334715199221598,0.20673482729509995,169651,170984,22.0,65536.0,170984.0,1441792.0,0.00012866700977869275,0.2873987480998039,0.04048660211265087,1.522611081134528,0.3278853502124548,1.8504964313469827,computed,274,True
agriculture__beauce__r1c0,agriculture,beauce,"Beauce, France",48.258,1.499,48.2572840174543,1.4451277741343804,45-60,32631,-4000.0,0.0,12.5,0.001,14,20,cuda:0,0.021852358827393305,psf_aware_plus50,18.75,0.03451099382701016,-0.5792800264540987,169651,172922,48.0,65536.0,172922.0,3145728.0,0.0002775817998866541,0.43762924708426,0.07992298481985927,1.551362737081945,0.5175522319041193,2.068914968986064,computed,274,True
agriculture__beauce__r1c0,agriculture,beauce,"Beauce, France",48.258,1.499,48.2572840174543,1.4451277741343804,45-60,32631,-4000.0,0.0,12.5,0.001,14,20,cuda:0,0.021852358827393305,psf_aware_minus50,6.25,0.025363550930586485,-0.1606779446982025,169132,169132,9.0,65536.0,169132.0,589824.0,5.321287515076981e-05,0.17692475765943527,0.02092583430930972,1.5936514013446867,0.197850591968745,1.7915019933134317,computed,274,True
agriculture__beauce__r1c0,agriculture,beauce,"Beauce, France",48.258,1.499,48.2572840174543,1.4451277741343804,45-60,32631,-4000.0,0.0,12.5,0.001,14,20,cuda:0,0.021852358827393305,nearest,,0.026567821701398375,-0.21578736241938068,168665,169651,,,,,,0.0,0.12916771601885557,0.0,0.12916771601885557,0.12916771601885557,computed,274,True
agriculture__beauce__r1c0,agriculture,beauce,"Beauce, France",48.258,1.499,48.2572840174543,1.4451277741343804,45-60,32631,-4000.0,0.0,12.5,0.001,14,20,cuda:0,0.021852358827393305,bilinear,,0.027632587842482233,-0.26451281807815863,168665,169651,,,,,,0.0,0.11425261711701751,0.0,0.11425261711701751,0.11425261711701751,computed,274,True
agriculture__beauce__r1c0,agriculture,beauce,"Beauce, France",48.258,1.499,48.2572840174543,1.4451277741343804,45-60,32631,-4000.0,0.0,12.5,0.001,14,20,cuda:0,0.021852358827393305,bicubic,,0.024859672633274994,-0.13761964232949686,168665,169651,,,,,,0.0,0.765067471191287,0.0,0.765067471191287,0.765067471191287,computed,274,True
agriculture__beauce__r1c1,agriculture,beauce,"Beauce, France",48.258,1.499,48.258,1.4990000000000003,45-60,32631,0.0,0.0,12.5,0.001,14,20,cuda:0,0.0191196467932278,blurred_observation,12.5,0.0191196467932278,0.0,169655,169655,,,,,,0.0,0.0,0.0,0.0,0.0,computed,275,True
agriculture__beauce__r1c1,agriculture,beauce,"Beauce, France",48.258,1.499,48.258,1.4990000000000003,45-60,32631,0.0,0.0,12.5,0.001,14,20,cuda:0,0.0191196467932278,psf_aware_matched,12.5,0.01546038849057472,0.1913873379684604,169655,170981,22.0,65536.0,170981.0,1441792.0,0.00012866926734549452,0.28763885190710425,0.040309667121618986,1.5038268030621111,0.32794851902872324,1.8317753220908344,computed,275,True
agriculture__beauce__r1c1,agriculture,beauce,"Beauce, France",48.258,1.499,48.258,1.4990000000000003,45-60,32631,0.0,0.0,12.5,0.001,14,20,cuda:0,0.0191196467932278,psf_aware_plus50,18.75,0.030898049350552043,-0.6160366184952835,169655,172926,48.0,65536.0,172926.0,3145728.0,0.00027757537906387703,0.47516265558078885,0.07972619263455272,1.513721845112741,0.5548888482153416,2.0686106933280826,computed,275,True
agriculture__beauce__r1c1,agriculture,beauce,"Beauce, France",48.258,1.499,48.258,1.4990000000000003,45-60,32631,0.0,0.0,12.5,0.001,14,20,cuda:0,0.0191196467932278,psf_aware_minus50,6.25,0.022506696520945644,-0.17715022481050968,169147,169147,9.0,65536.0,169147.0,589824.0,5.320815621914666e-05,0.17462224746122956,0.02093038335442543,1.520158875733614,0.195552630815655,1.715711506549269,computed,275,True
agriculture__beauce__r1c1,agriculture,beauce,"Beauce, France",48.258,1.499,48.258,1.4990000000000003,45-60,32631,0.0,0.0,12.5,0.001,14,20,cuda:0,0.0191196467932278,nearest,,0.023500986070152257,-0.2291537769660228,168669,169655,,,,,,0.0,0.12505776109173894,0.0,0.12505776109173894,0.12505776109173894,computed,275,True
agriculture__beauce__r1c1,agriculture,beauce,"Beauce, France",48.258,1.499,48.258,1.4990000000000003,45-60,32631,0.0,0.0,12.5,0.001,14,20,cuda:0,0.0191196467932278,bilinear,,0.024434167393540252,-0.2779612331643522,168669,169655,,,,,,0.0,0.11352125089615583,0.0,0.11352125089615583,0.11352125089615583,computed,275,True
agriculture__beauce__r1c1,agriculture,beauce,"Beauce, France",48.258,1.499,48.258,1.4990000000000003,45-60,32631,0.0,0.0,12.5,0.001,14,20,cuda:0,0.0191196467932278,bicubic,,0.021995798861482275,-0.15042914230367543,168669,169655,,,,,,0.0,0.7578857578337193,0.0,0.7578857578337193,0.7578857578337193,computed,275,True
agriculture__beauce__r1c2,agriculture,beauce,"Beauce, France",48.258,1.499,48.25869075095988,1.552874293944118,45-60,32631,4000.0,0.0,12.5,0.001,14,20,cuda:0,0.023049105972242415,blurred_observation,12.5,0.023049105972242415,0.0,169667,169667,,,,,,0.0,0.0,0.0,0.0,0.0,computed,276,True
agriculture__beauce__r1c2,agriculture,beauce,"Beauce, France",48.258,1.499,48.25869075095988,1.552874293944118,45-60,32631,4000.0,0.0,12.5,0.001,14,20,cuda:0,0.023049105972242415,psf_aware_matched,12.5,0.01815508830211132,0.2123300433441916,169667,170982,22.0,65536.0,170982.0,1441792.0,0.00012866851481442492,0.30820436403155327,0.040539121720939875,1.5125907720066607,0.34874348575249314,1.8613342577591538,computed,276,True
agriculture__beauce__r1c2,agriculture,beauce,"Beauce, France",48.258,1.499,48.25869075095988,1.552874293944118,45-60,32631,4000.0,0.0,12.5,0.001,14,20,cuda:0,0.023049105972242415,psf_aware_plus50,18.75,0.03749739283553141,-0.6268480383008688,169667,172931,48.0,65536.0,172931.0,3145728.0,0.00027756735345311134,0.47409092681482434,0.07995532732456923,1.5358782480470836,0.5540462541393936,2.089924502186477,computed,276,True
agriculture__beauce__r1c2,agriculture,beauce,"Beauce, France",48.258,1.499,48.25869075095988,1.552874293944118,45-60,32631,4000.0,0.0,12.5,0.001,14,20,cuda:0,0.023049105972242415,psf_aware_minus50,6.25,0.026626192832156375,-0.1551941695361969,169121,169121,9.0,65536.0,169121.0,589824.0,5.321633623263817e-05,0.19482953008264303,0.021139838732779026,1.557712784036994,0.21596936881542206,1.773682152852416,computed,276,True
agriculture__beauce__r1c2,agriculture,beauce,"Beauce, France",48.258,1.499,48.25869075095988,1.552874293944118,45-60,32631,4000.0,0.0,12.5,0.001,14,20,cuda:0,0.023049105972242415,nearest,,0.02809925548114261,-0.21910392164372827,168680,169667,,,,,,0.0,0.12704618833959103,0.0,0.12704618833959103,0.12704618833959103,computed,276,True
agriculture__beauce__r1c2,agriculture,beauce,"Beauce, France",48.258,1.499,48.25869075095988,1.552874293944118,45-60,32631,4000.0,0.0,12.5,0.001,14,20,cuda:0,0.023049105972242415,bilinear,,0.0292882183665285,-0.27068782632175514,168680,169667,,,,,,0.0,0.11420959513634443,0.0,0.11420959513634443,0.11420959513634443,computed,276,True
agriculture__beauce__r1c2,agriculture,beauce,"Beauce, France",48.258,1.499,48.25869075095988,1.552874293944118,45-60,32631,4000.0,0.0,12.5,0.001,14,20,cuda:0,0.023049105972242415,bicubic,,0.026365723889981905,-0.14389356019854427,168680,169667,,,,,,0.0,0.760362058877945,0.0,0.760362058877945,0.760362058877945,computed,276,True
agriculture__beauce__r2c0,agriculture,beauce,"Beauce, France",48.258,1.499,48.29325775714222,1.4440356211107468,45-60,32631,-4000.0,4000.0,12.5,0.001,14,20,cuda:0,0.017357283154091224,blurred_observation,12.5,0.017357283154091224,0.0,169657,169657,,,,,,0.0,0.0,0.0,0.0,0.0,computed,277,True
agriculture__beauce__r2c0,agriculture,beauce,"Beauce, France",48.258,1.499,48.29325775714222,1.4440356211107468,45-60,32631,-4000.0,4000.0,12.5,0.001,14,20,cuda:0,0.017357283154091224,psf_aware_matched,12.5,0.014115113078631076,0.18679018177426843,169657,170973,22.0,65536.0,170973.0,1441792.0,0.0001286752879109567,0.2816307940520346,0.04025469394400716,1.5146490409970284,0.3218854879960418,1.8365345289930701,computed,277,True
agriculture__beauce__r2c0,agriculture,beauce,"Beauce, France",48.258,1.499,48.29325775714222,1.4440356211107468,45-60,32631,-4000.0,4000.0,12.5,0.001,14,20,cuda:0,0.017357283154091224,psf_aware_plus50,18.75,0.02737137911477899,-0.5769391368330232,169657,172923,48.0,65536.0,172923.0,3145728.0,0.0002775801946531115,0.4800097858533263,0.07986193988472223,1.519354002084583,0.5598717257380486,2.0792257278226316,computed,277,True
agriculture__beauce__r2c0,agriculture,beauce,"Beauce, France",48.258,1.499,48.29325775714222,1.4440356211107468,45-60,32631,-4000.0,4000.0,12.5,0.001,14,20,cuda:0,0.017357283154091224,psf_aware_minus50,6.25,0.019950160166562172,-0.14938265334801493,169103,169103,9.0,65536.0,169103.0,589824.0,5.322200079241646e-05,0.19457146106287837,0.021068825386464596,1.486903018783778,0.21564028644934297,1.702543305233121,computed,277,True
agriculture__beauce__r2c0,agriculture,beauce,"Beauce, France",48.258,1.499,48.29325775714222,1.4440356211107468,45-60,32631,-4000.0,4000.0,12.5,0.001,14,20,cuda:0,0.017357283154091224,nearest,,0.020909808844374034,-0.2046706076489544,168673,169657,,,,,,0.0,0.12463310733437538,0.0,0.12463310733437538,0.12463310733437538,computed,277,True
agriculture__beauce__r2c0,agriculture,beauce,"Beauce, France",48.258,1.499,48.29325775714222,1.4440356211107468,45-60,32631,-4000.0,4000.0,12.5,0.001,14,20,cuda:0,0.017357283154091224,bilinear,,0.02179746278863481,-0.2558107507451135,168673,169657,,,,,,0.0,0.11441474361345172,0.0,0.11441474361345172,0.11441474361345172,computed,277,True
agriculture__beauce__r2c0,agriculture,beauce,"Beauce, France",48.258,1.499,48.29325775714222,1.4440356211107468,45-60,32631,-4000.0,4000.0,12.5,0.001,14,20,cuda:0,0.017357283154091224,bicubic,,0.019742183541156165,-0.1374005577884927,168673,169657,,,,,,0.0,0.7607729667797685,0.0,0.7607729667797685,0.7607729667797685,computed,277,True
agriculture__beauce__r2c1,agriculture,beauce,"Beauce, France",48.258,1.499,48.293974639245285,1.4979456519088707,45-60,32631,0.0,4000.0,12.5,0.001,14,20,cuda:0,0.01774297875990827,blurred_observation,12.5,0.01774297875990827,0.0,169667,169667,,,,,,0.0,0.0,0.0,0.0,0.0,computed,278,True
agriculture__beauce__r2c1,agriculture,beauce,"Beauce, France",48.258,1.499,48.293974639245285,1.4979456519088707,45-60,32631,0.0,4000.0,12.5,0.001,14,20,cuda:0,0.01774297875990827,psf_aware_matched,12.5,0.014496966194877082,0.18294631408598783,169667,170981,22.0,65536.0,170981.0,1441792.0,0.00012866926734549452,0.2770563089288771,0.040493084117770195,1.5322696240618825,0.3175493930466473,1.8498190171085298,computed,278,True
agriculture__beauce__r2c1,agriculture,beauce,"Beauce, France",48.258,1.499,48.293974639245285,1.4979456519088707,45-60,32631,0.0,4000.0,12.5,0.001,14,20,cuda:0,0.01774297875990827,psf_aware_plus50,18.75,0.02888117037030939,-0.6277520680782633,169667,172931,48.0,65536.0,172931.0,3145728.0,0.00027756735345311134,0.46919698594138026,0.07976376404985785,1.5308686499483883,0.5489607499912381,2.0798293999396265,computed,278,True
agriculture__beauce__r2c1,agriculture,beauce,"Beauce, France",48.258,1.499,48.293974639245285,1.4979456519088707,45-60,32631,0.0,4000.0,12.5,0.001,14,20,cuda:0,0.01774297875990827,psf_aware_minus50,6.25,0.020923250067209808,-0.17924111561738565,169139,169139,9.0,65536.0,169139.0,589824.0,5.3210672878520034e-05,0.19387180591002107,0.020993222016841173,1.569970590993762,0.21486502792686224,1.7848356189206243,computed,278,True
agriculture__beauce__r2c1,agriculture,beauce,"Beauce, France",48.258,1.499,48.293974639245285,1.4979456519088707,45-60,32631,0.0,4000.0,12.5,0.001,14,20,cuda:0,0.01774297875990827,nearest,,0.02179855360281764,-0.2285735049220301,168675,169667,,,,,,0.0,0.12796270288527012,0.0,0.12796270288527012,0.12796270288527012,computed,278,True
agriculture__beauce__r2c1,agriculture,beauce,"Beauce, France",48.258,1.499,48.293974639245285,1.4979456519088707,45-60,32631,0.0,4000.0,12.5,0.001,14,20,cuda:0,0.01774297875990827,bilinear,,0.022680435838596795,-0.27827667188810024,168675,169667,,,,,,0.0,0.11488283984363079,0.0,0.11488283984363079,0.11488283984363079,computed,278,True
agriculture__beauce__r2c1,agriculture,beauce,"Beauce, France",48.258,1.499,48.293974639245285,1.4979456519088707,45-60,32631,0.0,4000.0,12.5,0.001,14,20,cuda:0,0.01774297875990827,bicubic,,0.02041997537799596,-0.1508763919695708,168675,169667,,,,,,0.0,0.7589997379109263,0.0,0.7589997379109263,0.7589997379109263,computed,278,True
agriculture__beauce__r2c2,agriculture,beauce,"Beauce, France",48.258,1.499,48.294666258085485,1.5518577559693458,45-60,32631,4000.0,4000.0,12.5,0.001,14,20,cuda:0,0.024317357233209005,blurred_observation,12.5,0.024317357233209005,0.0,169663,169663,,,,,,0.0,0.0,0.0,0.0,0.0,computed,279,True
agriculture__beauce__r2c2,agriculture,beauce,"Beauce, France",48.258,1.499,48.294666258085485,1.5518577559693458,45-60,32631,4000.0,4000.0,12.5,0.001,14,20,cuda:0,0.024317357233209005,psf_aware_matched,12.5,0.018981642139881554,0.21942002340783684,169663,170978,22.0,65536.0,170978.0,1441792.0,0.00012867152499151938,0.2801849045790732,0.0404626470990479,1.5102350013330579,0.3206475516781211,1.830882553011179,computed,279,True
agriculture__beauce__r2c2,agriculture,beauce,"Beauce, France",48.258,1.499,48.294666258085485,1.5518577559693458,45-60,32631,4000.0,4000.0,12.5,0.001,14,20,cuda:0,0.024317357233209005,psf_aware_plus50,18.75,0.03979343457061064,-0.6364210217821993,169663,172916,48.0,65536.0,172916.0,3145728.0,0.0002775914316778089,0.47545821592211723,0.07997846137732267,1.5243578790687025,0.5554366772994399,2.0797945563681424,computed,279,True
agriculture__beauce__r2c2,agriculture,beauce,"Beauce, France",48.258,1.499,48.294666258085485,1.5518577559693458,45-60,32631,4000.0,4000.0,12.5,0.001,14,20,cuda:0,0.024317357233209005,psf_aware_minus50,6.25,0.02790953498679437,-0.14772072964736926,169090,169090,9.0,65536.0,169090.0,589824.0,5.322609261340115e-05,0.17571465717628598,0.020975227933377028,1.4807410393841565,0.196689885109663,1.6774309244938195,computed,279,True
agriculture__beauce__r2c2,agriculture,beauce,"Beauce, France",48.258,1.499,48.294666258085485,1.5518577559693458,45-60,32631,4000.0,4000.0,12.5,0.001,14,20,cuda:0,0.024317357233209005,nearest,,0.029421244844938747,-0.2098866074459611,168678,169663,,,,,,0.0,0.12448513740673661,0.0,0.12448513740673661,0.12448513740673661,computed,279,True
agriculture__beauce__r2c2,agriculture,beauce,"Beauce, France",48.258,1.499,48.294666258085485,1.5518577559693458,45-60,32631,4000.0,4000.0,12.5,0.001,14,20,cuda:0,0.024317357233209005,bilinear,,0.030748529968208073,-0.2644684072090011,168678,169663,,,,,,0.0,0.11444417899474502,0.0,0.11444417899474502,0.11444417899474502,computed,279,True
agriculture__beauce__r2c2,agriculture,beauce,"Beauce, France",48.258,1.499,48.294666258085485,1.5518577559693458,45-60,32631,4000.0,4000.0,12.5,0.001,14,20,cuda:0,0.024317357233209005,bicubic,,0.02777627339007362,-0.1422406277003221,168678,169663,,,,,,0.0,0.7662977296859026,0.0,0.7662977296859026,0.7662977296859026,computed,279,True
agriculture__iowa__r0c0,agriculture,iowa,"Iowa, USA",42.0,-93.5,41.96375434030079,-93.5479878080762,30-45,32615,-4000.0,-4000.0,12.5,0.001,14,20,cuda:0,0.026290957917080335,blurred_observation,12.5,0.026290957917080335,0.0,169945,169945,,,,,,0.0,0.0,0.0,0.0,0.0,computed,280,True
agriculture__iowa__r0c0,agriculture,iowa,"Iowa, USA",42.0,-93.5,41.96375434030079,-93.5479878080762,30-45,32615,-4000.0,-4000.0,12.5,0.001,14,20,cuda:0,0.026290957917080335,psf_aware_matched,12.5,0.020401893257556394,0.22399581932684232,169945,171274,22.0,65536.0,171274.0,1441792.0,0.0001284491516517393,0.27484660409390926,0.04059239337220788,2.6565386787988245,0.31543899746611714,2.9719776762649417,computed,280,True
agriculture__iowa__r0c0,agriculture,iowa,"Iowa, USA",42.0,-93.5,41.96375434030079,-93.5479878080762,30-45,32615,-4000.0,-4000.0,12.5,0.001,14,20,cuda:0,0.026290957917080335,psf_aware_plus50,18.75,0.045595776070512614,-0.7342759519952904,169945,173230,48.0,65536.0,173230.0,3145728.0,0.0002770882641574785,0.47109846817329526,0.08042407501488924,2.6296423971652985,0.5515225431881845,3.181164940353483,computed,280,True
agriculture__iowa__r0c0,agriculture,iowa,"Iowa, USA",42.0,-93.5,41.96375434030079,-93.5479878080762,30-45,32615,-4000.0,-4000.0,12.5,0.001,14,20,cuda:0,0.026290957917080335,psf_aware_minus50,6.25,0.031297615336788875,-0.19043267405847875,169410,169410,9.0,65536.0,169410.0,589824.0,5.312555339118116e-05,0.1929746069945395,0.021106556057929993,2.644408102147281,0.2140811630524695,2.8584892651997507,computed,280,True
agriculture__iowa__r0c0,agriculture,iowa,"Iowa, USA",42.0,-93.5,41.96375434030079,-93.5479878080762,30-45,32615,-4000.0,-4000.0,12.5,0.001,14,20,cuda:0,0.026290957917080335,nearest,,0.033220493266493484,-0.263571048695463,168957,169945,,,,,,0.0,0.13095989497378469,0.0,0.13095989497378469,0.13095989497378469,computed,280,True
agriculture__iowa__r0c0,agriculture,iowa,"Iowa, USA",42.0,-93.5,41.96375434030079,-93.5479878080762,30-45,32615,-4000.0,-4000.0,12.5,0.001,14,20,cuda:0,0.026290957917080335,bilinear,,0.034797517983747535,-0.32355458836822293,168957,169945,,,,,,0.0,0.11532624298706651,0.0,0.11532624298706651,0.11532624298706651,computed,280,True
agriculture__iowa__r0c0,agriculture,iowa,"Iowa, USA",42.0,-93.5,41.96375434030079,-93.5479878080762,30-45,32615,-4000.0,-4000.0,12.5,0.001,14,20,cuda:0,0.026290957917080335,bicubic,,0.030977342190602622,-0.17825079969709678,168957,169945,,,,,,0.0,0.7619326980784535,0.0,0.7619326980784535,0.7619326980784535,computed,280,True
agriculture__iowa__r0c1,agriculture,iowa,"Iowa, USA",42.0,-93.5,41.963974589434706,-93.49971823079127,30-45,32615,0.0,-4000.0,12.5,0.001,14,20,cuda:0,0.017341761018359735,blurred_observation,12.5,0.017341761018359735,0.0,169936,169936,,,,,,0.0,0.0,0.0,0.0,0.0,computed,281,True
agriculture__iowa__r0c1,agriculture,iowa,"Iowa, USA",42.0,-93.5,41.963974589434706,-93.49971823079127,30-45,32615,0.0,-4000.0,12.5,0.001,14,20,cuda:0,0.017341761018359735,psf_aware_matched,12.5,0.014443408156135021,0.16713140373438573,169936,171291,22.0,65536.0,171291.0,1441792.0,0.00012843640354717994,0.2975439829751849,0.04034483479335904,2.595752573572099,0.33788881776854396,2.933641391340643,computed,281,True
agriculture__iowa__r0c1,agriculture,iowa,"Iowa, USA",42.0,-93.5,41.963974589434706,-93.49971823079127,30-45,32615,0.0,-4000.0,12.5,0.001,14,20,cuda:0,0.017341761018359735,psf_aware_plus50,18.75,0.029079514223849506,-0.6768489770481212,169936,173210,48.0,65536.0,173210.0,3145728.0,0.00027712025864557474,0.47806848492473364,0.08038287982344627,2.725628816988319,0.5584513647481799,3.284080181736499,computed,281,True
agriculture__iowa__r0c1,agriculture,iowa,"Iowa, USA",42.0,-93.5,41.963974589434706,-93.49971823079127,30-45,32615,0.0,-4000.0,12.5,0.001,14,20,cuda:0,0.017341761018359735,psf_aware_minus50,6.25,0.020597548420239836,-0.1877426057499696,169414,169414,9.0,65536.0,169414.0,589824.0,5.312429905438748e-05,0.20091350004076958,0.02094685472548008,2.6266048713587224,0.22186035476624966,2.848465226124972,computed,281,True
agriculture__iowa__r0c1,agriculture,iowa,"Iowa, USA",42.0,-93.5,41.963974589434706,-93.49971823079127,30-45,32615,0.0,-4000.0,12.5,0.001,14,20,cuda:0,0.017341761018359735,nearest,,0.02161455033136703,-0.24638727915139014,168956,169936,,,,,,0.0,0.12923136120662093,0.0,0.12923136120662093,0.12923136120662093,computed,281,True
agriculture__iowa__r0c1,agriculture,iowa,"Iowa, USA",42.0,-93.5,41.963974589434706,-93.49971823079127,30-45,32615,0.0,-4000.0,12.5,0.001,14,20,cuda:0,0.017341761018359735,bilinear,,0.022517033305713422,-0.2984283015937437,168956,169936,,,,,,0.0,0.11676343623548746,0.0,0.11676343623548746,0.11676343623548746,computed,281,True
agriculture__iowa__r0c1,agriculture,iowa,"Iowa, USA",42.0,-93.5,41.963974589434706,-93.49971823079127,30-45,32615,0.0,-4000.0,12.5,0.001,14,20,cuda:0,0.017341761018359735,bicubic,,0.020312057492546828,-0.17127997964234654,168956,169936,,,,,,0.0,0.7622267762199044,0.0,0.7622267762199044,0.7622267762199044,computed,281,True
agriculture__iowa__r0c2,agriculture,iowa,"Iowa, USA",42.0,-93.5,41.96417454526009,-93.4514481395076,30-45,32615,4000.0,-4000.0,12.5,0.001,14,20,cuda:0,0.017345221395261314,blurred_observation,12.5,0.017345221395261314,0.0,169940,169940,,,,,,0.0,0.0,0.0,0.0,0.0,computed,282,True
agriculture__iowa__r0c2,agriculture,iowa,"Iowa, USA",42.0,-93.5,41.96417454526009,-93.4514481395076,30-45,32615,4000.0,-4000.0,12.5,0.001,14,20,cuda:0,0.017345221395261314,psf_aware_matched,12.5,0.013693521683282625,0.21053059103508054,169940,171297,22.0,65536.0,171297.0,1441792.0,0.0001284319048202829,0.2804254600778222,0.040647379122674465,2.6227353806607425,0.3210728392004967,2.943808219861239,computed,282,True
agriculture__iowa__r0c2,agriculture,iowa,"Iowa, USA",42.0,-93.5,41.96417454526009,-93.4514481395076,30-45,32615,4000.0,-4000.0,12.5,0.001,14,20,cuda:0,0.017345221395261314,psf_aware_plus50,18.75,0.02915569479190508,-0.6809064656776516,169940,173212,48.0,65536.0,173212.0,3145728.0,0.0002771170588642819,0.47873665066435933,0.07981777936220169,2.627606377005577,0.558554430026561,3.186160807032138,computed,282,True
agriculture__iowa__r0c2,agriculture,iowa,"Iowa, USA",42.0,-93.5,41.96417454526009,-93.4514481395076,30-45,32615,4000.0,-4000.0,12.5,0.001,14,20,cuda:0,0.017345221395261314,psf_aware_minus50,6.25,0.020269652725818647,-0.16860155681588962,169420,169420,9.0,65536.0,169420.0,589824.0,5.3122417660252626e-05,0.19615999702364206,0.02094616275280714,2.6173229310661554,0.2171061597764492,2.8344290908426046,computed,282,True
agriculture__iowa__r0c2,agriculture,iowa,"Iowa, USA",42.0,-93.5,41.96417454526009,-93.4514481395076,30-45,32615,4000.0,-4000.0,12.5,0.001,14,20,cuda:0,0.017345221395261314,nearest,,0.021473508233813204,-0.23800715738801292,168947,169940,,,,,,0.0,0.13355838600546122,0.0,0.13355838600546122,0.13355838600546122,computed,282,True
agriculture__iowa__r0c2,agriculture,iowa,"Iowa, USA",42.0,-93.5,41.96417454526009,-93.4514481395076,30-45,32615,4000.0,-4000.0,12.5,0.001,14,20,cuda:0,0.017345221395261314,bilinear,,0.022508438435716985,-0.29767374672232516,168947,169940,,,,,,0.0,0.12365915579721332,0.0,0.12365915579721332,0.12365915579721332,computed,282,True
agriculture__iowa__r0c2,agriculture,iowa,"Iowa, USA",42.0,-93.5,41.96417454526009,-93.4514481395076,30-45,32615,4000.0,-4000.0,12.5,0.001,14,20,cuda:0,0.017345221395261314,bicubic,,0.020132862683683007,-0.1607152324491674,168947,169940,,,,,,0.0,0.7610435737296939,0.0,0.7610435737296939,0.7610435737296939,computed,282,True
agriculture__iowa__r1c0,agriculture,iowa,"Iowa, USA",42.0,-93.5,41.999779474029914,-93.54829679120793,30-45,32615,-4000.0,0.0,12.5,0.001,14,20,cuda:0,0.01916021245527919,blurred_observation,12.5,0.01916021245527919,0.0,169940,169940,,,,,,0.0,0.0,0.0,0.0,0.0,computed,283,True
agriculture__iowa__r1c0,agriculture,iowa,"Iowa, USA",42.0,-93.5,41.999779474029914,-93.54829679120793,30-45,32615,-4000.0,0.0,12.5,0.001,14,20,cuda:0,0.01916021245527919,psf_aware_matched,12.5,0.015038973922910126,0.21509357174343557,169940,171267,22.0,65536.0,171267.0,1441792.0,0.00012845440160684778,0.2986168349161744,0.04035452287644148,2.6342139332555234,0.3389713577926159,2.9731852910481393,computed,283,True
agriculture__iowa__r1c0,agriculture,iowa,"Iowa, USA",42.0,-93.5,41.999779474029914,-93.54829679120793,30-45,32615,-4000.0,0.0,12.5,0.001,14,20,cuda:0,0.01916021245527919,psf_aware_plus50,18.75,0.03357098104759964,-0.7521194572323164,169940,173225,48.0,65536.0,173225.0,3145728.0,0.00027709626208688123,0.4711842373944819,0.07975676283240318,2.6695938538759947,0.5509410002268851,3.2205348541028798,computed,283,True
agriculture__iowa__r1c0,agriculture,iowa,"Iowa, USA",42.0,-93.5,41.999779474029914,-93.54829679120793,30-45,32615,-4000.0,0.0,12.5,0.001,14,20,cuda:0,0.01916021245527919,psf_aware_minus50,6.25,0.023530400024432966,-0.22808659242970264,169402,169402,9.0,65536.0,169402.0,589824.0,5.3128062242476476e-05,0.19281447026878595,0.021100976038724184,2.563425827305764,0.21391544630751014,2.777341273613274,computed,283,True
agriculture__iowa__r1c0,agriculture,iowa,"Iowa, USA",42.0,-93.5,41.999779474029914,-93.54829679120793,30-45,32615,-4000.0,0.0,12.5,0.001,14,20,cuda:0,0.01916021245527919,nearest,,0.02476479641995659,-0.2925115771946034,168956,169940,,,,,,0.0,0.13047467498108745,0.0,0.13047467498108745,0.13047467498108745,computed,283,True
agriculture__iowa__r1c0,agriculture,iowa,"Iowa, USA",42.0,-93.5,41.999779474029914,-93.54829679120793,30-45,32615,-4000.0,0.0,12.5,0.001,14,20,cuda:0,0.01916021245527919,bilinear,,0.02587134002009631,-0.35026373431303015,168956,169940,,,,,,0.0,0.11678602872416377,0.0,0.11678602872416377,0.11678602872416377,computed,283,True
agriculture__iowa__r1c0,agriculture,iowa,"Iowa, USA",42.0,-93.5,41.999779474029914,-93.54829679120793,30-45,32615,-4000.0,0.0,12.5,0.001,14,20,cuda:0,0.01916021245527919,bicubic,,0.02287264247722552,-0.1937572472440645,168956,169940,,,,,,0.0,0.7644328139722347,0.0,0.7644328139722347,0.7644328139722347,computed,283,True
agriculture__iowa__r1c1,agriculture,iowa,"Iowa, USA",42.0,-93.5,42.00000000000001,-93.5,30-45,32615,0.0,0.0,12.5,0.001,14,20,cuda:0,0.017812897255300258,blurred_observation,12.5,0.017812897255300258,0.0,169954,169954,,,,,,0.0,0.0,0.0,0.0,0.0,computed,284,True
agriculture__iowa__r1c1,agriculture,iowa,"Iowa, USA",42.0,-93.5,42.00000000000001,-93.5,30-45,32615,0.0,0.0,12.5,0.001,14,20,cuda:0,0.017812897255300258,psf_aware_matched,12.5,0.013266845126485655,0.2552112698826643,169954,171255,22.0,65536.0,171255.0,1441792.0,0.00012846340252839334,0.27493874775245786,0.04034487484022975,2.608433603309095,0.3152836225926876,2.9237172259017825,computed,284,True
agriculture__iowa__r1c1,agriculture,iowa,"Iowa, USA",42.0,-93.5,42.00000000000001,-93.5,30-45,32615,0.0,0.0,12.5,0.001,14,20,cuda:0,0.017812897255300258,psf_aware_plus50,18.75,0.03247662396979746,-0.8232084036825613,169954,173240,48.0,65536.0,173240.0,3145728.0,0.00027707226968367584,0.43376962188631296,0.07982502318918705,2.641961948014796,0.5135946450755,3.155556593090296,computed,284,True
agriculture__iowa__r1c1,agriculture,iowa,"Iowa, USA",42.0,-93.5,42.00000000000001,-93.5,30-45,32615,0.0,0.0,12.5,0.001,14,20,cuda:0,0.017812897255300258,psf_aware_minus50,6.25,0.021280946652214403,-0.19469316794505298,169403,169403,9.0,65536.0,169403.0,589824.0,5.312774862310585e-05,0.1734790182672441,0.020918420050293207,2.6038952278904617,0.1943974383175373,2.798292666207999,computed,284,True
agriculture__iowa__r1c1,agriculture,iowa,"Iowa, USA",42.0,-93.5,42.00000000000001,-93.5,30-45,32615,0.0,0.0,12.5,0.001,14,20,cuda:0,0.017812897255300258,nearest,,0.022557724526493298,-0.2663703272515765,168971,169954,,,,,,0.0,0.13186293421313167,0.0,0.13186293421313167,0.13186293421313167,computed,284,True
agriculture__iowa__r1c1,agriculture,iowa,"Iowa, USA",42.0,-93.5,42.00000000000001,-93.5,30-45,32615,0.0,0.0,12.5,0.001,14,20,cuda:0,0.017812897255300258,bilinear,,0.02378141311105799,-0.33506710167442244,168971,169954,,,,,,0.0,0.11699851090088487,0.0,0.11699851090088487,0.11699851090088487,computed,284,True
agriculture__iowa__r1c1,agriculture,iowa,"Iowa, USA",42.0,-93.5,42.00000000000001,-93.5,30-45,32615,0.0,0.0,12.5,0.001,14,20,cuda:0,0.017812897255300258,bicubic,,0.021133071028859945,-0.18639156370655896,168971,169954,,,,,,0.0,0.7877964349463582,0.0,0.7877964349463582,0.7877964349463582,computed,284,True
agriculture__iowa__r1c2,agriculture,iowa,"Iowa, USA",42.0,-93.5,42.0002002071561,-93.45170269370288,30-45,32615,4000.0,0.0,12.5,0.001,14,20,cuda:0,0.03612702730866977,blurred_observation,12.5,0.03612702730866977,0.0,169949,169949,,,,,,0.0,0.0,0.0,0.0,0.0,computed,285,True
agriculture__iowa__r1c2,agriculture,iowa,"Iowa, USA",42.0,-93.5,42.0002002071561,-93.45170269370288,30-45,32615,4000.0,0.0,12.5,0.001,14,20,cuda:0,0.03612702730866977,psf_aware_matched,12.5,0.02734894443453982,0.24297827770687852,169949,171268,22.0,65536.0,171268.0,1441792.0,0.00012845365158698649,0.27318101888522506,0.0402881670743227,2.6478377073071897,0.31346918595954776,2.9613068932667375,computed,285,True
agriculture__iowa__r1c2,agriculture,iowa,"Iowa, USA",42.0,-93.5,42.0002002071561,-93.45170269370288,30-45,32615,4000.0,0.0,12.5,0.001,14,20,cuda:0,0.03612702730866977,psf_aware_plus50,18.75,0.06218544918635274,-0.7212999191724105,169949,173231,48.0,65536.0,173231.0,3145728.0,0.00027708666462700096,0.4728921018540859,0.07995463814586401,2.693271500058472,0.5528467399999499,3.246118240058422,computed,285,True
agriculture__iowa__r1c2,agriculture,iowa,"Iowa, USA",42.0,-93.5,42.0002002071561,-93.45170269370288,30-45,32615,4000.0,0.0,12.5,0.001,14,20,cuda:0,0.03612702730866977,psf_aware_minus50,6.25,0.04279892550974564,-0.18467885951620366,169411,169411,9.0,65536.0,169411.0,589824.0,5.312523980142966e-05,0.17293548863381147,0.020996568258851767,2.597787640057504,0.19393205689266324,2.7917196969501674,computed,285,True
agriculture__iowa__r1c2,agriculture,iowa,"Iowa, USA",42.0,-93.5,42.0002002071561,-93.45170269370288,30-45,32615,4000.0,0.0,12.5,0.001,14,20,cuda:0,0.03612702730866977,nearest,,0.04515278839725188,-0.24983403731134302,168968,169949,,,,,,0.0,0.12856173189356923,0.0,0.12856173189356923,0.12856173189356923,computed,285,True
agriculture__iowa__r1c2,agriculture,iowa,"Iowa, USA",42.0,-93.5,42.0002002071561,-93.45170269370288,30-45,32615,4000.0,0.0,12.5,0.001,14,20,cuda:0,0.03612702730866977,bilinear,,0.04738179460762464,-0.3115331688598124,168968,169949,,,,,,0.0,0.11531397001817822,0.0,0.11531397001817822,0.11531397001817822,computed,285,True
agriculture__iowa__r1c2,agriculture,iowa,"Iowa, USA",42.0,-93.5,42.0002002071561,-93.45170269370288,30-45,32615,4000.0,0.0,12.5,0.001,14,20,cuda:0,0.03612702730866977,bicubic,,0.04215692896627769,-0.16690832617055285,168968,169949,,,,,,0.0,0.7570450608618557,0.0,0.7570450608618557,0.7570450608618557,computed,285,True
agriculture__iowa__r2c0,agriculture,iowa,"Iowa, USA",42.0,-93.5,42.035804379017414,-93.5486063391726,30-45,32615,-4000.0,4000.0,12.5,0.001,14,20,cuda:0,0.01582916299919619,blurred_observation,12.5,0.01582916299919619,0.0,169938,169938,,,,,,0.0,0.0,0.0,0.0,0.0,computed,286,True
agriculture__iowa__r2c0,agriculture,iowa,"Iowa, USA",42.0,-93.5,42.035804379017414,-93.5486063391726,30-45,32615,-4000.0,4000.0,12.5,0.001,14,20,cuda:0,0.01582916299919619,psf_aware_matched,12.5,0.012789966939362069,0.19199979556647762,169938,171269,22.0,65536.0,171269.0,1441792.0,0.00012845290157588354,0.27337909396737814,0.04036320000886917,2.672501831315458,0.3137422939762473,2.986244125291705,computed,286,True
agriculture__iowa__r2c0,agriculture,iowa,"Iowa, USA",42.0,-93.5,42.035804379017414,-93.5486063391726,30-45,32615,-4000.0,4000.0,12.5,0.001,14,20,cuda:0,0.01582916299919619,psf_aware_plus50,18.75,0.027006102721579692,-0.7060979612725622,169938,173225,48.0,65536.0,173225.0,3145728.0,0.00027709626208688123,0.4722788091748953,0.0796625753864646,2.674869246315211,0.5519413845613599,3.226810630876571,computed,286,True
agriculture__iowa__r2c0,agriculture,iowa,"Iowa, USA",42.0,-93.5,42.035804379017414,-93.5486063391726,30-45,32615,-4000.0,4000.0,12.5,0.001,14,20,cuda:0,0.01582916299919619,psf_aware_minus50,6.25,0.018455550832419572,-0.1659208281168596,169404,169404,9.0,65536.0,169404.0,589824.0,5.312743500743784e-05,0.19269746914505959,0.020892140921205282,2.600802941247821,0.21358961006626487,2.8143925513140857,computed,286,True
agriculture__iowa__r2c0,agriculture,iowa,"Iowa, USA",42.0,-93.5,42.035804379017414,-93.5486063391726,30-45,32615,-4000.0,4000.0,12.5,0.001,14,20,cuda:0,0.01582916299919619,nearest,,0.019377803586703733,-0.22418371632712009,168955,169938,,,,,,0.0,0.13052548188716173,0.0,0.13052548188716173,0.13052548188716173,computed,286,True
agriculture__iowa__r2c0,agriculture,iowa,"Iowa, USA",42.0,-93.5,42.035804379017414,-93.5486063391726,30-45,32615,-4000.0,4000.0,12.5,0.001,14,20,cuda:0,0.01582916299919619,bilinear,,0.02040956058136364,-0.28936448392123126,168955,169938,,,,,,0.0,0.11447940906509757,0.0,0.11447940906509757,0.11447940906509757,computed,286,True
agriculture__iowa__r2c0,agriculture,iowa,"Iowa, USA",42.0,-93.5,42.035804379017414,-93.5486063391726,30-45,32615,-4000.0,4000.0,12.5,0.001,14,20,cuda:0,0.01582916299919619,bicubic,,0.018427119095137286,-0.16412466635620748,168955,169938,,,,,,0.0,0.7804527059197426,0.0,0.7804527059197426,0.7804527059197426,computed,286,True
agriculture__iowa__r2c1,agriculture,iowa,"Iowa, USA",42.0,-93.5,42.03602518213272,-93.50028228429844,30-45,32615,0.0,4000.0,12.5,0.001,14,20,cuda:0,0.016594005981546662,blurred_observation,12.5,0.016594005981546662,0.0,169946,169946,,,,,,0.0,0.0,0.0,0.0,0.0,computed,287,True
agriculture__iowa__r2c1,agriculture,iowa,"Iowa, USA",42.0,-93.5,42.03602518213272,-93.50028228429844,30-45,32615,0.0,4000.0,12.5,0.001,14,20,cuda:0,0.016594005981546662,psf_aware_matched,12.5,0.012501760196898155,0.24660987763890663,169946,171263,22.0,65536.0,171263.0,1441792.0,0.00012845740177387993,0.2938170740380883,0.04050548980012536,2.696803801227361,0.3343225638382137,3.0311263650655746,computed,287,True
agriculture__iowa__r2c1,agriculture,iowa,"Iowa, USA",42.0,-93.5,42.03602518213272,-93.50028228429844,30-45,32615,0.0,4000.0,12.5,0.001,14,20,cuda:0,0.016594005981546662,psf_aware_plus50,18.75,0.02861749244997115,-0.7245680447382739,169946,173237,48.0,65536.0,173237.0,3145728.0,0.00027707706783192967,0.485337623860687,0.07997570792213082,2.6568272029981017,0.5653133317828178,3.2221405347809196,computed,287,True
agriculture__iowa__r2c1,agriculture,iowa,"Iowa, USA",42.0,-93.5,42.03602518213272,-93.50028228429844,30-45,32615,0.0,4000.0,12.5,0.001,14,20,cuda:0,0.016594005981546662,psf_aware_minus50,6.25,0.01970423523331846,-0.18743088650386897,169404,169404,9.0,65536.0,169404.0,589824.0,5.312743500743784e-05,0.1942659392952919,0.021004152949899435,2.5883801011368632,0.21527009224519134,2.8036501933820546,computed,287,True
agriculture__iowa__r2c1,agriculture,iowa,"Iowa, USA",42.0,-93.5,42.03602518213272,-93.50028228429844,30-45,32615,0.0,4000.0,12.5,0.001,14,20,cuda:0,0.016594005981546662,nearest,,0.02084667719802972,-0.25627755113576756,168967,169946,,,,,,0.0,0.1297679366543889,0.0,0.1297679366543889,0.1297679366543889,computed,287,True
agriculture__iowa__r2c1,agriculture,iowa,"Iowa, USA",42.0,-93.5,42.03602518213272,-93.50028228429844,30-45,32615,0.0,4000.0,12.5,0.001,14,20,cuda:0,0.016594005981546662,bilinear,,0.021917493046378914,-0.32080783089702547,168967,169946,,,,,,0.0,0.11703227506950498,0.0,0.11703227506950498,0.11703227506950498,computed,287,True
agriculture__iowa__r2c1,agriculture,iowa,"Iowa, USA",42.0,-93.5,42.03602518213272,-93.50028228429844,30-45,32615,0.0,4000.0,12.5,0.001,14,20,cuda:0,0.016594005981546662,bicubic,,0.0194081581933647,-0.16958847760736684,168967,169946,,,,,,0.0,0.7665956001728773,0.0,0.7665956001728773,0.7665956001728773,computed,287,True
agriculture__iowa__r2c2,agriculture,iowa,"Iowa, USA",42.0,-93.5,42.036225640900085,-93.45195771324137,30-45,32615,4000.0,4000.0,12.5,0.001,14,20,cuda:0,0.028306922782629414,blurred_observation,12.5,0.028306922782629414,0.0,169960,169960,,,,,,0.0,0.0,0.0,0.0,0.0,computed,288,True
agriculture__iowa__r2c2,agriculture,iowa,"Iowa, USA",42.0,-93.5,42.036225640900085,-93.45195771324137,30-45,32615,4000.0,4000.0,12.5,0.001,14,20,cuda:0,0.028306922782629414,psf_aware_matched,12.5,0.021976516775858424,0.22363455241611974,169960,171253,22.0,65536.0,171253.0,1441792.0,0.0001284649028046224,0.27879004226997495,0.04042856302112341,2.6713957358151674,0.31921860529109836,2.990614341106266,computed,288,True
agriculture__iowa__r2c2,agriculture,iowa,"Iowa, USA",42.0,-93.5,42.036225640900085,-93.45195771324137,30-45,32615,4000.0,4000.0,12.5,0.001,14,20,cuda:0,0.028306922782629414,psf_aware_plus50,18.75,0.04921625637499676,-0.7386650167851658,169960,173253,48.0,65536.0,173253.0,3145728.0,0.0002770514796280584,0.43413714691996574,0.07990745827555656,2.6716620209626853,0.5140446051955223,3.1857066261582077,computed,288,True
agriculture__iowa__r2c2,agriculture,iowa,"Iowa, USA",42.0,-93.5,42.036225640900085,-93.45195771324137,30-45,32615,4000.0,4000.0,12.5,0.001,14,20,cuda:0,0.028306922782629414,psf_aware_minus50,6.25,0.033109251838526546,-0.16965210569776557,169396,169396,9.0,65536.0,169396.0,589824.0,5.312994403645895e-05,0.17541717924177647,0.021117266733199358,2.6059369049035013,0.19653444597497582,2.802471350878477,computed,288,True
agriculture__iowa__r2c2,agriculture,iowa,"Iowa, USA",42.0,-93.5,42.036225640900085,-93.45195771324137,30-45,32615,4000.0,4000.0,12.5,0.001,14,20,cuda:0,0.028306922782629414,nearest,,0.034959178208245775,-0.23500454205847232,168971,169960,,,,,,0.0,0.12964709755033255,0.0,0.12964709755033255,0.12964709755033255,computed,288,True
agriculture__iowa__r2c2,agriculture,iowa,"Iowa, USA",42.0,-93.5,42.036225640900085,-93.45195771324137,30-45,32615,4000.0,4000.0,12.5,0.001,14,20,cuda:0,0.028306922782629414,bilinear,,0.036766527218182715,-0.2988528460163302,168971,169960,,,,,,0.0,0.1146516059525311,0.0,0.1146516059525311,0.1146516059525311,computed,288,True
agriculture__iowa__r2c2,agriculture,iowa,"Iowa, USA",42.0,-93.5,42.036225640900085,-93.45195771324137,30-45,32615,4000.0,4000.0,12.5,0.001,14,20,cuda:0,0.028306922782629414,bicubic,,0.03301867291461271,-0.16645221976846836,168971,169960,,,,,,0.0,0.7554374057799578,0.0,0.7554374057799578,0.7554374057799578,computed,288,True
agriculture__punjab__r0c0,agriculture,punjab,"Punjab, India",30.5,75.5,30.464058580111665,75.45814854761825,30-45,32643,-4000.0,-4000.0,12.5,0.001,14,20,cuda:0,0.01610483213367081,blurred_observation,12.5,0.01610483213367081,0.0,170375,170375,,,,,,0.0,0.0,0.0,0.0,0.0,computed,289,True
agriculture__punjab__r0c0,agriculture,punjab,"Punjab, India",30.5,75.5,30.464058580111665,75.45814854761825,30-45,32643,-4000.0,-4000.0,12.5,0.001,14,20,cuda:0,0.01610483213367081,psf_aware_matched,12.5,0.013373503959446932,0.16959681116535308,170375,171712,22.0,65536.0,171712.0,1441792.0,0.00012812150577711518,0.27811182802543044,0.04035243997350335,1.7735292119905353,0.3184642679989338,2.091993479989469,computed,289,True
agriculture__punjab__r0c0,agriculture,punjab,"Punjab, India",30.5,75.5,30.464058580111665,75.45814854761825,30-45,32643,-4000.0,-4000.0,12.5,0.001,14,20,cuda:0,0.01610483213367081,psf_aware_plus50,18.75,0.02576922778543943,-0.6000929144466527,170375,173660,48.0,65536.0,173660.0,3145728.0,0.0002764021651502937,0.43180680414661765,0.07966609206050634,1.798377696890384,0.511472896207124,2.309850593097508,computed,289,True
agriculture__punjab__r0c0,agriculture,punjab,"Punjab, India",30.5,75.5,30.464058580111665,75.45814854761825,30-45,32643,-4000.0,-4000.0,12.5,0.001,14,20,cuda:0,0.01610483213367081,psf_aware_minus50,6.25,0.018823958212899037,-0.1688391444666646,169829,169829,9.0,65536.0,169829.0,589824.0,5.299448268552485e-05,0.17368635023012757,0.02226091269403696,1.830591952893883,0.19594726292416453,2.0265392158180475,computed,289,True
agriculture__punjab__r0c0,agriculture,punjab,"Punjab, India",30.5,75.5,30.464058580111665,75.45814854761825,30-45,32643,-4000.0,-4000.0,12.5,0.001,14,20,cuda:0,0.01610483213367081,nearest,,0.019619545614153907,-0.21823968429542284,169372,170375,,,,,,0.0,0.12843174627050757,0.0,0.12843174627050757,0.12843174627050757,computed,289,True
agriculture__punjab__r0c0,agriculture,punjab,"Punjab, India",30.5,75.5,30.464058580111665,75.45814854761825,30-45,32643,-4000.0,-4000.0,12.5,0.001,14,20,cuda:0,0.01610483213367081,bilinear,,0.02039401505684669,-0.2663289432373759,169372,170375,,,,,,0.0,0.11579038295894861,0.0,0.11579038295894861,0.11579038295894861,computed,289,True
agriculture__punjab__r0c0,agriculture,punjab,"Punjab, India",30.5,75.5,30.464058580111665,75.45814854761825,30-45,32643,-4000.0,-4000.0,12.5,0.001,14,20,cuda:0,0.01610483213367081,bicubic,,0.01856620775227435,-0.15283460256983838,169372,170375,,,,,,0.0,0.7739533572457731,0.0,0.7739533572457731,0.7739533572457731,computed,289,True
agriculture__punjab__r0c1,agriculture,punjab,"Punjab, India",30.5,75.5,30.463905593165304,75.49981554705344,30-45,32643,0.0,-4000.0,12.5,0.001,14,20,cuda:0,0.017162749609641387,blurred_observation,12.5,0.017162749609641387,0.0,170353,170353,,,,,,0.0,0.0,0.0,0.0,0.0,computed,290,True
agriculture__punjab__r0c1,agriculture,punjab,"Punjab, India",30.5,75.5,30.463905593165304,75.49981554705344,30-45,32643,0.0,-4000.0,12.5,0.001,14,20,cuda:0,0.017162749609641387,psf_aware_matched,12.5,0.014269073795132358,0.16860211098596178,170353,171690,22.0,65536.0,171690.0,1441792.0,0.0001281379230007572,0.27298747189342976,0.04034406412392855,1.8049913342110813,0.3133315360173583,2.1183228702284396,computed,290,True
agriculture__punjab__r0c1,agriculture,punjab,"Punjab, India",30.5,75.5,30.463905593165304,75.49981554705344,30-45,32643,0.0,-4000.0,12.5,0.001,14,20,cuda:0,0.017162749609641387,psf_aware_plus50,18.75,0.02656803310739095,-0.5480056349750642,170353,173708,48.0,65536.0,173708.0,3145728.0,0.0002763257881041748,0.4271924840286374,0.08014961704611778,1.8253102591261268,0.5073421010747552,2.332652360200882,computed,290,True
agriculture__punjab__r0c1,agriculture,punjab,"Punjab, India",30.5,75.5,30.463905593165304,75.49981554705344,30-45,32643,0.0,-4000.0,12.5,0.001,14,20,cuda:0,0.017162749609641387,psf_aware_minus50,6.25,0.01982971850059865,-0.15539286836994104,169845,169845,9.0,65536.0,169845.0,589824.0,5.298949041773382e-05,0.17888642009347677,0.022379928268492222,1.7868528291583061,0.201266348361969,1.9881191775202751,computed,290,True
agriculture__punjab__r0c1,agriculture,punjab,"Punjab, India",30.5,75.5,30.463905593165304,75.49981554705344,30-45,32643,0.0,-4000.0,12.5,0.001,14,20,cuda:0,0.017162749609641387,nearest,,0.020623258234509594,-0.20162903401703325,169378,170353,,,,,,0.0,0.13004974089562893,0.0,0.13004974089562893,0.13004974089562893,computed,290,True
agriculture__punjab__r0c1,agriculture,punjab,"Punjab, India",30.5,75.5,30.463905593165304,75.49981554705344,30-45,32643,0.0,-4000.0,12.5,0.001,14,20,cuda:0,0.017162749609641387,bilinear,,0.021420735515297176,-0.24809462367637258,169378,170353,,,,,,0.0,0.11725797178223729,0.0,0.11725797178223729,0.11725797178223729,computed,290,True
agriculture__punjab__r0c1,agriculture,punjab,"Punjab, India",30.5,75.5,30.463905593165304,75.49981554705344,30-45,32643,0.0,-4000.0,12.5,0.001,14,20,cuda:0,0.017162749609641387,bicubic,,0.019564800091684237,-0.1399572059650318,169378,170353,,,,,,0.0,0.7667005700059235,0.0,0.7667005700059235,0.7667005700059235,computed,290,True
agriculture__punjab__r0c2,agriculture,punjab,"Punjab, India",30.5,75.5,30.463739298956906,75.54148221322303,30-45,32643,4000.0,-4000.0,12.5,0.001,14,20,cuda:0,0.014963508077609562,blurred_observation,12.5,0.014963508077609562,0.0,170346,170346,,,,,,0.0,0.0,0.0,0.0,0.0,computed,291,True
agriculture__punjab__r0c2,agriculture,punjab,"Punjab, India",30.5,75.5,30.463739298956906,75.54148221322303,30-45,32643,4000.0,-4000.0,12.5,0.001,14,20,cuda:0,0.014963508077609562,psf_aware_matched,12.5,0.012511181282658428,0.16388715682391608,170346,171688,22.0,65536.0,171688.0,1441792.0,0.00012813941568426448,0.27155492873862386,0.04049912793561816,1.7817191048525274,0.312054056674242,2.0937731615267694,computed,291,True
agriculture__punjab__r0c2,agriculture,punjab,"Punjab, India",30.5,75.5,30.463739298956906,75.54148221322303,30-45,32643,4000.0,-4000.0,12.5,0.001,14,20,cuda:0,0.014963508077609562,psf_aware_plus50,18.75,0.022985618396453245,-0.5361116041262715,170346,173703,48.0,65536.0,173703.0,3145728.0,0.00027633374207699347,0.42831303691491485,0.07978987600654364,1.7991546890698373,0.5081029129214585,2.307257601991296,computed,291,True
agriculture__punjab__r0c2,agriculture,punjab,"Punjab, India",30.5,75.5,30.463739298956906,75.54148221322303,30-45,32643,4000.0,-4000.0,12.5,0.001,14,20,cuda:0,0.014963508077609562,psf_aware_minus50,6.25,0.017405790935402773,-0.1632159280515033,169849,169849,9.0,65536.0,169849.0,589824.0,5.2988242497748e-05,0.17404511012136936,0.022199437022209167,1.755048360209912,0.19624454714357853,1.9512929073534906,computed,291,True
agriculture__punjab__r0c2,agriculture,punjab,"Punjab, India",30.5,75.5,30.463739298956906,75.54148221322303,30-45,32643,4000.0,-4000.0,12.5,0.001,14,20,cuda:0,0.014963508077609562,nearest,,0.0180793702344968,-0.20823072642635299,169374,170346,,,,,,0.0,0.12408854020759463,0.0,0.12408854020759463,0.12408854020759463,computed,291,True
agriculture__punjab__r0c2,agriculture,punjab,"Punjab, India",30.5,75.5,30.463739298956906,75.54148221322303,30-45,32643,4000.0,-4000.0,12.5,0.001,14,20,cuda:0,0.014963508077609562,bilinear,,0.018765058645793302,-0.2540547676698981,169374,170346,,,,,,0.0,0.11363878706470132,0.0,0.11363878706470132,0.11363878706470132,computed,291,True
agriculture__punjab__r0c2,agriculture,punjab,"Punjab, India",30.5,75.5,30.463739298956906,75.54148221322303,30-45,32643,4000.0,-4000.0,12.5,0.001,14,20,cuda:0,0.014963508077609562,bicubic,,0.017115651893116618,-0.14382615389016884,169374,170346,,,,,,0.0,0.760363947134465,0.0,0.760363947134465,0.760363947134465,computed,291,True
agriculture__punjab__r1c0,agriculture,punjab,"Punjab, India",30.5,75.5,30.500153206436096,75.45831762506182,30-45,32643,-4000.0,0.0,12.5,0.001,14,20,cuda:0,0.015756110879638383,blurred_observation,12.5,0.015756110879638383,0.0,170385,170385,,,,,,0.0,0.0,0.0,0.0,0.0,computed,292,True
agriculture__punjab__r1c0,agriculture,punjab,"Punjab, India",30.5,75.5,30.500153206436096,75.45831762506182,30-45,32643,-4000.0,0.0,12.5,0.001,14,20,cuda:0,0.015756110879638383,psf_aware_matched,12.5,0.012941142353422119,0.17865884212924954,170385,171718,22.0,65536.0,171718.0,1441792.0,0.0001281170290825656,0.27099324436858296,0.04027114622294903,1.8946986440569162,0.311264390591532,2.2059630346484482,computed,292,True
agriculture__punjab__r1c0,agriculture,punjab,"Punjab, India",30.5,75.5,30.500153206436096,75.45831762506182,30-45,32643,-4000.0,0.0,12.5,0.001,14,20,cuda:0,0.015756110879638383,psf_aware_plus50,18.75,0.02508266816035881,-0.5919327016651763,170385,173674,48.0,65536.0,173674.0,3145728.0,0.00027637988415076523,0.43366171699017286,0.08004570985212922,1.9137361319735646,0.5137074268423021,2.4274435588158667,computed,292,True
agriculture__punjab__r1c0,agriculture,punjab,"Punjab, India",30.5,75.5,30.500153206436096,75.45831762506182,30-45,32643,-4000.0,0.0,12.5,0.001,14,20,cuda:0,0.015756110879638383,psf_aware_minus50,6.25,0.018367401841150877,-0.1657319487949951,169829,169829,9.0,65536.0,169829.0,589824.0,5.299448268552485e-05,0.1735950680449605,0.022326938807964325,1.9399785660207272,0.19592200685292482,2.135900572873652,computed,292,True
agriculture__punjab__r1c0,agriculture,punjab,"Punjab, India",30.5,75.5,30.500153206436096,75.45831762506182,30-45,32643,-4000.0,0.0,12.5,0.001,14,20,cuda:0,0.015756110879638383,nearest,,0.01919031635229231,-0.2179602250128836,169384,170385,,,,,,0.0,0.12885446706786752,0.0,0.12885446706786752,0.12885446706786752,computed,292,True
agriculture__punjab__r1c0,agriculture,punjab,"Punjab, India",30.5,75.5,30.500153206436096,75.45831762506182,30-45,32643,-4000.0,0.0,12.5,0.001,14,20,cuda:0,0.015756110879638383,bilinear,,0.019964093283922537,-0.26706986491965656,169384,170385,,,,,,0.0,0.11631422396749258,0.0,0.11631422396749258,0.11631422396749258,computed,292,True
agriculture__punjab__r1c0,agriculture,punjab,"Punjab, India",30.5,75.5,30.500153206436096,75.45831762506182,30-45,32643,-4000.0,0.0,12.5,0.001,14,20,cuda:0,0.015756110879638383,bicubic,,0.018125256875538284,-0.1503636280550391,169384,170385,,,,,,0.0,0.7614421397447586,0.0,0.7614421397447586,0.7614421397447586,computed,292,True
agriculture__punjab__r1c1,agriculture,punjab,"Punjab, India",30.5,75.5,30.5,75.5,30-45,32643,0.0,0.0,12.5,0.001,14,20,cuda:0,0.016768802265857044,blurred_observation,12.5,0.016768802265857044,0.0,170351,170351,,,,,,0.0,0.0,0.0,0.0,0.0,computed,293,True
agriculture__punjab__r1c1,agriculture,punjab,"Punjab, India",30.5,75.5,30.5,75.5,30-45,32643,0.0,0.0,12.5,0.001,14,20,cuda:0,0.016768802265857044,psf_aware_matched,12.5,0.013959901718484932,0.16750752396259772,170351,171699,22.0,65536.0,171699.0,1441792.0,0.00012813120635530784,0.2736129267141223,0.040250066202133894,1.972322067245841,0.3138629929162562,2.286185060162097,computed,293,True
agriculture__punjab__r1c1,agriculture,punjab,"Punjab, India",30.5,75.5,30.5,75.5,30-45,32643,0.0,0.0,12.5,0.001,14,20,cuda:0,0.016768802265857044,psf_aware_plus50,18.75,0.026065467487822316,-0.5544024596732355,170351,173687,48.0,65536.0,173687.0,3145728.0,0.00027635919786742817,0.43400950636714697,0.08081089984625578,2.224903668742627,0.5148204062134027,2.7397240749560297,computed,293,True
agriculture__punjab__r1c1,agriculture,punjab,"Punjab, India",30.5,75.5,30.5,75.5,30-45,32643,0.0,0.0,12.5,0.001,14,20,cuda:0,0.016768802265857044,psf_aware_minus50,6.25,0.01962435727604245,-0.17028974192149682,169856,169856,9.0,65536.0,169856.0,589824.0,5.29860587792012e-05,0.17480354709550738,0.02261093584820628,1.8771104710176587,0.19741448294371367,2.0745249539613724,computed,293,True
agriculture__punjab__r1c1,agriculture,punjab,"Punjab, India",30.5,75.5,30.5,75.5,30-45,32643,0.0,0.0,12.5,0.001,14,20,cuda:0,0.016768802265857044,nearest,,0.0204568159600415,-0.21993304206905817,169365,170351,,,,,,0.0,0.12619349593296647,0.0,0.12619349593296647,0.12619349593296647,computed,293,True
agriculture__punjab__r1c1,agriculture,punjab,"Punjab, India",30.5,75.5,30.5,75.5,30-45,32643,0.0,0.0,12.5,0.001,14,20,cuda:0,0.016768802265857044,bilinear,,0.021173039472335953,-0.26264470989954813,169365,170351,,,,,,0.0,0.1160216499119997,0.0,0.1160216499119997,0.1160216499119997,computed,293,True
agriculture__punjab__r1c1,agriculture,punjab,"Punjab, India",30.5,75.5,30.5,75.5,30-45,32643,0.0,0.0,12.5,0.001,14,20,cuda:0,0.016768802265857044,bicubic,,0.01923880926049211,-0.14729775898569963,169365,170351,,,,,,0.0,0.7594336858019233,0.0,0.7594336858019233,0.7594336858019233,computed,293,True
agriculture__punjab__r1c2,agriculture,punjab,"Punjab, India",30.5,75.5,30.49983346721075,75.54168204115916,30-45,32643,4000.0,0.0,12.5,0.001,14,20,cuda:0,0.014342560381796071,blurred_observation,12.5,0.014342560381796071,0.0,170358,170358,,,,,,0.0,0.0,0.0,0.0,0.0,computed,294,True
agriculture__punjab__r1c2,agriculture,punjab,"Punjab, India",30.5,75.5,30.49983346721075,75.54168204115916,30-45,32643,4000.0,0.0,12.5,0.001,14,20,cuda:0,0.014342560381796071,psf_aware_matched,12.5,0.011942055973216266,0.1673693081764246,170358,171688,22.0,65536.0,171688.0,1441792.0,0.00012813941568426448,0.2828761520795524,0.04035820998251438,1.966965100262314,0.3232343620620668,2.290199462324381,computed,294,True
agriculture__punjab__r1c2,agriculture,punjab,"Punjab, India",30.5,75.5,30.49983346721075,75.54168204115916,30-45,32643,4000.0,0.0,12.5,0.001,14,20,cuda:0,0.014342560381796071,psf_aware_plus50,18.75,0.02235957798282321,-0.5589669757432247,170358,173693,48.0,65536.0,173693.0,3145728.0,0.0002763496513964293,0.4503265209496021,0.08000729838386178,1.9413851099088788,0.5303338193334639,2.4717189292423427,computed,294,True
agriculture__punjab__r1c2,agriculture,punjab,"Punjab, India",30.5,75.5,30.49983346721075,75.54168204115916,30-45,32643,4000.0,0.0,12.5,0.001,14,20,cuda:0,0.014342560381796071,psf_aware_minus50,6.25,0.01662203308013191,-0.15893066772296804,169838,169838,9.0,65536.0,169838.0,589824.0,5.299167441915237e-05,0.18731449311599135,0.0223194039426744,1.889726716093719,0.20963389705866575,2.0993606131523848,computed,294,True
agriculture__punjab__r1c2,agriculture,punjab,"Punjab, India",30.5,75.5,30.49983346721075,75.54168204115916,30-45,32643,4000.0,0.0,12.5,0.001,14,20,cuda:0,0.014342560381796071,nearest,,0.01733017248373741,-0.20830395845732586,169357,170358,,,,,,0.0,0.13801047764718533,0.0,0.13801047764718533,0.13801047764718533,computed,294,True
agriculture__punjab__r1c2,agriculture,punjab,"Punjab, India",30.5,75.5,30.49983346721075,75.54168204115916,30-45,32643,4000.0,0.0,12.5,0.001,14,20,cuda:0,0.014342560381796071,bilinear,,0.017971367626583426,-0.25300972407919065,169357,170358,,,,,,0.0,0.11739733628928661,0.0,0.11739733628928661,0.11739733628928661,computed,294,True
agriculture__punjab__r1c2,agriculture,punjab,"Punjab, India",30.5,75.5,30.49983346721075,75.54168204115916,30-45,32643,4000.0,0.0,12.5,0.001,14,20,cuda:0,0.014342560381796071,bicubic,,0.016409264652694752,-0.14409590867205213,169357,170358,,,,,,0.0,0.7638128101825714,0.0,0.7638128101825714,0.7638128101825714,computed,294,True
agriculture__punjab__r2c0,agriculture,punjab,"Punjab, India",30.5,75.5,30.536247631864065,75.45848700846322,30-45,32643,-4000.0,4000.0,12.5,0.001,14,20,cuda:0,0.01767096105353124,blurred_observation,12.5,0.01767096105353124,0.0,170369,170369,,,,,,0.0,0.0,0.0,0.0,0.0,computed,295,True
agriculture__punjab__r2c0,agriculture,punjab,"Punjab, India",30.5,75.5,30.536247631864065,75.45848700846322,30-45,32643,-4000.0,4000.0,12.5,0.001,14,20,cuda:0,0.01767096105353124,psf_aware_matched,12.5,0.014551859131656807,0.1765100331796121,170369,171695,22.0,65536.0,171695.0,1441792.0,0.00012813419144413058,0.28238605288788676,0.040684549137949944,2.1362552139908075,0.3230706020258367,2.4593258160166442,computed,295,True
agriculture__punjab__r2c0,agriculture,punjab,"Punjab, India",30.5,75.5,30.536247631864065,75.45848700846322,30-45,32643,-4000.0,4000.0,12.5,0.001,14,20,cuda:0,0.01767096105353124,psf_aware_plus50,18.75,0.02775525679579692,-0.5706704752343112,170369,173709,48.0,65536.0,173709.0,3145728.0,0.00027632419736455796,0.47603716934099793,0.07985091162845492,2.126379888970405,0.5558880809694529,2.6822679699398577,computed,295,True
agriculture__punjab__r2c0,agriculture,punjab,"Punjab, India",30.5,75.5,30.536247631864065,75.45848700846322,30-45,32643,-4000.0,4000.0,12.5,0.001,14,20,cuda:0,0.01767096105353124,psf_aware_minus50,6.25,0.020397821110768,-0.15431305909034543,169837,169837,9.0,65536.0,169837.0,589824.0,5.2991986434051475e-05,0.1764988568611443,0.022641483694314957,2.0942036360502243,0.19914034055545926,2.2933439766056836,computed,295,True
agriculture__punjab__r2c0,agriculture,punjab,"Punjab, India",30.5,75.5,30.536247631864065,75.45848700846322,30-45,32643,-4000.0,4000.0,12.5,0.001,14,20,cuda:0,0.01767096105353124,nearest,,0.02129549071115696,-0.20511219772630418,169361,170369,,,,,,0.0,0.12687459588050842,0.0,0.12687459588050842,0.12687459588050842,computed,295,True
agriculture__punjab__r2c0,agriculture,punjab,"Punjab, India",30.5,75.5,30.536247631864065,75.45848700846322,30-45,32643,-4000.0,4000.0,12.5,0.001,14,20,cuda:0,0.01767096105353124,bilinear,,0.02215027047929575,-0.25348419999315164,169361,170369,,,,,,0.0,0.11400785576552153,0.0,0.11400785576552153,0.11400785576552153,computed,295,True
agriculture__punjab__r2c0,agriculture,punjab,"Punjab, India",30.5,75.5,30.536247631864065,75.45848700846322,30-45,32643,-4000.0,4000.0,12.5,0.001,14,20,cuda:0,0.01767096105353124,bicubic,,0.020205250567429202,-0.14341548862117648,169361,170369,,,,,,0.0,0.7642738427966833,0.0,0.7642738427966833,0.7642738427966833,computed,295,True
agriculture__punjab__r2c1,agriculture,punjab,"Punjab, India",30.5,75.5,30.536094205779698,75.50018478672578,30-45,32643,0.0,4000.0,12.5,0.001,14,20,cuda:0,0.015007029088506305,blurred_observation,12.5,0.015007029088506305,0.0,170378,170378,,,,,,0.0,0.0,0.0,0.0,0.0,computed,296,True
agriculture__punjab__r2c1,agriculture,punjab,"Punjab, India",30.5,75.5,30.536094205779698,75.50018478672578,30-45,32643,0.0,4000.0,12.5,0.001,14,20,cuda:0,0.015007029088506305,psf_aware_matched,12.5,0.012216753857162806,0.1859312202893333,170378,171711,22.0,65536.0,171711.0,1441792.0,0.0001281222519232897,0.27168772043660283,0.04038168489933014,2.0871778801083565,0.31206940533593297,2.3992472854442894,computed,296,True
agriculture__punjab__r2c1,agriculture,punjab,"Punjab, India",30.5,75.5,30.536094205779698,75.50018478672578,30-45,32643,0.0,4000.0,12.5,0.001,14,20,cuda:0,0.015007029088506305,psf_aware_plus50,18.75,0.023676927003985698,-0.5777224702069486,170378,173665,48.0,65536.0,173665.0,3145728.0,0.0002763942072380733,0.430583065841347,0.07989264093339443,2.097718944773078,0.5104757067747414,2.6081946515478194,computed,296,True
agriculture__punjab__r2c1,agriculture,punjab,"Punjab, India",30.5,75.5,30.536094205779698,75.50018478672578,30-45,32643,0.0,4000.0,12.5,0.001,14,20,cuda:0,0.015007029088506305,psf_aware_minus50,6.25,0.017527444960445185,-0.16794902289282798,169829,169829,9.0,65536.0,169829.0,589824.0,5.299448268552485e-05,0.173864949028939,0.022269750013947487,2.065235630143434,0.1961346990428865,2.2613703291863203,computed,296,True
agriculture__punjab__r2c1,agriculture,punjab,"Punjab, India",30.5,75.5,30.536094205779698,75.50018478672578,30-45,32643,0.0,4000.0,12.5,0.001,14,20,cuda:0,0.015007029088506305,nearest,,0.018275515710557157,-0.21779704715533232,169385,170378,,,,,,0.0,0.1267211060039699,0.0,0.1267211060039699,0.1267211060039699,computed,296,True
agriculture__punjab__r2c1,agriculture,punjab,"Punjab, India",30.5,75.5,30.536094205779698,75.50018478672578,30-45,32643,0.0,4000.0,12.5,0.001,14,20,cuda:0,0.015007029088506305,bilinear,,0.018978455834087818,-0.2646377722172324,169385,170378,,,,,,0.0,0.1160497940145433,0.0,0.1160497940145433,0.1160497940145433,computed,296,True
agriculture__punjab__r2c1,agriculture,punjab,"Punjab, India",30.5,75.5,30.536094205779698,75.50018478672578,30-45,32643,0.0,4000.0,12.5,0.001,14,20,cuda:0,0.015007029088506305,bicubic,,0.017217976670652616,-0.1473274669561111,169385,170378,,,,,,0.0,0.7737283799797297,0.0,0.7737283799797297,0.7737283799797297,computed,296,True
agriculture__punjab__r2c2,agriculture,punjab,"Punjab, India",30.5,75.5,30.535927434237298,75.54188223069458,30-45,32643,4000.0,4000.0,12.5,0.001,14,20,cuda:0,0.013738755891533476,blurred_observation,12.5,0.013738755891533476,0.0,170368,170368,,,,,,0.0,0.0,0.0,0.0,0.0,computed,297,True
agriculture__punjab__r2c2,agriculture,punjab,"Punjab, India",30.5,75.5,30.535927434237298,75.54188223069458,30-45,32643,4000.0,4000.0,12.5,0.001,14,20,cuda:0,0.013738755891533476,psf_aware_matched,12.5,0.011481966735758806,0.16426444822164854,170368,171714,22.0,65536.0,171714.0,1441792.0,0.00012812001351083778,0.28214674023911357,0.04043095791712403,2.1043934556655586,0.3225776981562376,2.426971153821796,computed,297,True
agriculture__punjab__r2c2,agriculture,punjab,"Punjab, India",30.5,75.5,30.535927434237298,75.54188223069458,30-45,32643,4000.0,4000.0,12.5,0.001,14,20,cuda:0,0.013738755891533476,psf_aware_plus50,18.75,0.021471448283707957,-0.5628378910887966,170368,173668,48.0,65536.0,173668.0,3145728.0,0.00027638943271068937,0.4293426270596683,0.08036770997568965,2.102040268946439,0.509710337035358,2.611750605981797,computed,297,True
agriculture__punjab__r2c2,agriculture,punjab,"Punjab, India",30.5,75.5,30.535927434237298,75.54188223069458,30-45,32643,4000.0,4000.0,12.5,0.001,14,20,cuda:0,0.013738755891533476,psf_aware_minus50,6.25,0.01620852920372452,-0.1797668822191567,169827,169827,9.0,65536.0,169827.0,589824.0,5.2995106785140175e-05,0.17296237917616963,0.02229710202664137,2.0582604580558836,0.195259481202811,2.2535199392586946,computed,297,True
agriculture__punjab__r2c2,agriculture,punjab,"Punjab, India",30.5,75.5,30.535927434237298,75.54188223069458,30-45,32643,4000.0,4000.0,12.5,0.001,14,20,cuda:0,0.013738755891533476,nearest,,0.016833995440859683,-0.22529256460795355,169393,170368,,,,,,0.0,0.1265352237969637,0.0,0.1265352237969637,0.1265352237969637,computed,297,True
agriculture__punjab__r2c2,agriculture,punjab,"Punjab, India",30.5,75.5,30.535927434237298,75.54188223069458,30-45,32643,4000.0,4000.0,12.5,0.001,14,20,cuda:0,0.013738755891533476,bilinear,,0.01740949700956036,-0.26718147894955924,169393,170368,,,,,,0.0,0.11618909798562527,0.0,0.11618909798562527,0.11618909798562527,computed,297,True
agriculture__punjab__r2c2,agriculture,punjab,"Punjab, India",30.5,75.5,30.535927434237298,75.54188223069458,30-45,32643,4000.0,4000.0,12.5,0.001,14,20,cuda:0,0.013738755891533476,bicubic,,0.015782488301530964,-0.1487567306772617,169393,170368,,,,,,0.0,0.7623160541988909,0.0,0.7623160541988909,0.7623160541988909,computed,297,True
agriculture__pampas__r0c0,agriculture,pampas,"Pampas, Argentina",-34.5,-59.0,-34.53532879431714,-59.04442484253823,30-45,32721,-4000.0,-4000.0,12.5,0.001,14,20,cuda:0,0.0372159989427269,blurred_observation,12.5,0.0372159989427269,0.0,170089,170089,,,,,,0.0,0.0,0.0,0.0,0.0,computed,298,True
agriculture__pampas__r0c0,agriculture,pampas,"Pampas, Argentina",-34.5,-59.0,-34.53532879431714,-59.04442484253823,30-45,32721,-4000.0,-4000.0,12.5,0.001,14,20,cuda:0,0.0372159989427269,psf_aware_matched,12.5,0.028936548829167106,0.22247018349020664,170089,171422,22.0,65536.0,171422.0,1441792.0,0.0001283382529663637,0.2746602101251483,0.04051960585638881,2.6556027340702713,0.3151798159815371,2.9707825500518084,computed,298,True
agriculture__pampas__r0c0,agriculture,pampas,"Pampas, Argentina",-34.5,-59.0,-34.53532879431714,-59.04442484253823,30-45,32721,-4000.0,-4000.0,12.5,0.001,14,20,cuda:0,0.0372159989427269,psf_aware_plus50,18.75,0.05774517957613163,-0.551622453155103,170089,173397,48.0,65536.0,173397.0,3145728.0,0.00027682139829408815,0.4376395707949996,0.08029861003160477,2.705406886059791,0.5179381808266044,3.223345066886395,computed,298,True
agriculture__pampas__r0c0,agriculture,pampas,"Pampas, Argentina",-34.5,-59.0,-34.53532879431714,-59.04442484253823,30-45,32721,-4000.0,-4000.0,12.5,0.001,14,20,cuda:0,0.0372159989427269,psf_aware_minus50,6.25,0.04316152054485481,-0.1597571413111254,169544,169544,9.0,65536.0,169544.0,589824.0,5.3083565328174396e-05,0.17600843915715814,0.02254235604777932,2.6530855470336974,0.19855079520493746,2.851636342238635,computed,298,True
agriculture__pampas__r0c0,agriculture,pampas,"Pampas, Argentina",-34.5,-59.0,-34.53532879431714,-59.04442484253823,30-45,32721,-4000.0,-4000.0,12.5,0.001,14,20,cuda:0,0.0372159989427269,nearest,,0.04517342275182864,-0.21381728383396936,169091,170089,,,,,,0.0,0.12368497485294938,0.0,0.12368497485294938,0.12368497485294938,computed,298,True
agriculture__pampas__r0c0,agriculture,pampas,"Pampas, Argentina",-34.5,-59.0,-34.53532879431714,-59.04442484253823,30-45,32721,-4000.0,-4000.0,12.5,0.001,14,20,cuda:0,0.0372159989427269,bilinear,,0.047065997780504805,-0.26467108549031404,169091,170089,,,,,,0.0,0.10897262906655669,0.0,0.10897262906655669,0.10897262906655669,computed,298,True
agriculture__pampas__r0c0,agriculture,pampas,"Pampas, Argentina",-34.5,-59.0,-34.53532879431714,-59.04442484253823,30-45,32721,-4000.0,-4000.0,12.5,0.001,14,20,cuda:0,0.0372159989427269,bicubic,,0.0423947743291298,-0.13915454464550892,169091,170089,,,,,,0.0,0.7603283901698887,0.0,0.7603283901698887,0.7603283901698887,computed,298,True
agriculture__pampas__r0c1,agriculture,pampas,"Pampas, Argentina",-34.5,-59.0,-34.536050574988764,-59.00086205658685,30-45,32721,0.0,-4000.0,12.5,0.001,14,20,cuda:0,0.026276685094350518,blurred_observation,12.5,0.026276685094350518,0.0,170090,170090,,,,,,0.0,0.0,0.0,0.0,0.0,computed,299,True
agriculture__pampas__r0c1,agriculture,pampas,"Pampas, Argentina",-34.5,-59.0,-34.536050574988764,-59.00086205658685,30-45,32721,0.0,-4000.0,12.5,0.001,14,20,cuda:0,0.026276685094350518,psf_aware_matched,12.5,0.019759167624007458,0.248034234415068,170090,171427,22.0,65536.0,171427.0,1441792.0,0.00012833450973300588,0.27311334013938904,0.040581814013421535,2.652217361610383,0.3136951541528106,2.9659125157631934,computed,299,True
agriculture__pampas__r0c1,agriculture,pampas,"Pampas, Argentina",-34.5,-59.0,-34.536050574988764,-59.00086205658685,30-45,32721,0.0,-4000.0,12.5,0.001,14,20,cuda:0,0.026276685094350518,psf_aware_plus50,18.75,0.04084808177718521,-0.5545370974502237,170090,173414,48.0,65536.0,173414.0,3145728.0,0.0002767942611323192,0.4339153082109988,0.07989156898111105,2.7469190917909145,0.5138068771921098,3.2607259689830244,computed,299,True
agriculture__pampas__r0c1,agriculture,pampas,"Pampas, Argentina",-34.5,-59.0,-34.536050574988764,-59.00086205658685,30-45,32721,0.0,-4000.0,12.5,0.001,14,20,cuda:0,0.026276685094350518,psf_aware_minus50,6.25,0.030710230973065952,-0.16872546376364062,169557,169557,9.0,65536.0,169557.0,589824.0,5.3079495390930485e-05,0.17309383768588305,0.02229046868160367,2.620728080160916,0.19538430636748672,2.8161123865284026,computed,299,True
agriculture__pampas__r0c1,agriculture,pampas,"Pampas, Argentina",-34.5,-59.0,-34.536050574988764,-59.00086205658685,30-45,32721,0.0,-4000.0,12.5,0.001,14,20,cuda:0,0.026276685094350518,nearest,,0.03223364556846263,-0.22670136863621582,169105,170090,,,,,,0.0,0.12364766513928771,0.0,0.12364766513928771,0.12364766513928771,computed,299,True
agriculture__pampas__r0c1,agriculture,pampas,"Pampas, Argentina",-34.5,-59.0,-34.536050574988764,-59.00086205658685,30-45,32721,0.0,-4000.0,12.5,0.001,14,20,cuda:0,0.026276685094350518,bilinear,,0.033563006830859894,-0.2772922729920728,169105,170090,,,,,,0.0,0.10876173991709948,0.0,0.10876173991709948,0.10876173991709948,computed,299,True
agriculture__pampas__r0c1,agriculture,pampas,"Pampas, Argentina",-34.5,-59.0,-34.536050574988764,-59.00086205658685,30-45,32721,0.0,-4000.0,12.5,0.001,14,20,cuda:0,0.026276685094350518,bicubic,,0.029956079462564938,-0.14002505852633162,169105,170090,,,,,,0.0,0.7635815222747624,0.0,0.7635815222747624,0.7635815222747624,computed,299,True
agriculture__pampas__r0c2,agriculture,pampas,"Pampas, Argentina",-34.5,-59.0,-34.53675682889747,-58.95729773795751,30-45,32721,4000.0,-4000.0,12.5,0.001,14,20,cuda:0,0.02925996943736989,blurred_observation,12.5,0.02925996943736989,0.0,170093,170093,,,,,,0.0,0.0,0.0,0.0,0.0,computed,300,True
agriculture__pampas__r0c2,agriculture,pampas,"Pampas, Argentina",-34.5,-59.0,-34.53675682889747,-58.95729773795751,30-45,32721,4000.0,-4000.0,12.5,0.001,14,20,cuda:0,0.02925996943736989,psf_aware_matched,12.5,0.022272247424173088,0.23881508243382887,170093,171430,22.0,65536.0,171430.0,1441792.0,0.00012833226389780085,0.2829811298288405,0.04042760236188769,2.684364330023527,0.3234087321907282,3.0077730622142553,computed,300,True
agriculture__pampas__r0c2,agriculture,pampas,"Pampas, Argentina",-34.5,-59.0,-34.53675682889747,-58.95729773795751,30-45,32721,4000.0,-4000.0,12.5,0.001,14,20,cuda:0,0.02925996943736989,psf_aware_plus50,18.75,0.04505225366102306,-0.5397231961385365,170093,173417,48.0,65536.0,173417.0,3145728.0,0.0002767894727737188,0.4353487021289766,0.07983908895403147,2.6862314958125353,0.515187791083008,3.2014192868955433,computed,300,True
agriculture__pampas__r0c2,agriculture,pampas,"Pampas, Argentina",-34.5,-59.0,-34.53675682889747,-58.95729773795751,30-45,32721,4000.0,-4000.0,12.5,0.001,14,20,cuda:0,0.02925996943736989,psf_aware_minus50,6.25,0.03401542550856517,-0.16252430069601398,169583,169583,9.0,65536.0,169583.0,589824.0,5.307135738841747e-05,0.17383283795788884,0.022634330205619335,2.6018542419187725,0.19646716816350818,2.7983214100822806,computed,300,True
agriculture__pampas__r0c2,agriculture,pampas,"Pampas, Argentina",-34.5,-59.0,-34.53675682889747,-58.95729773795751,30-45,32721,4000.0,-4000.0,12.5,0.001,14,20,cuda:0,0.02925996943736989,nearest,,0.03567334153640507,-0.21918587826152103,169106,170093,,,,,,0.0,0.1220260332338512,0.0,0.1220260332338512,0.1220260332338512,computed,300,True
agriculture__pampas__r0c2,agriculture,pampas,"Pampas, Argentina",-34.5,-59.0,-34.53675682889747,-58.95729773795751,30-45,32721,4000.0,-4000.0,12.5,0.001,14,20,cuda:0,0.02925996943736989,bilinear,,0.03711185452445222,-0.26834905292327993,169106,170093,,,,,,0.0,0.10871171625331044,0.0,0.10871171625331044,0.10871171625331044,computed,300,True
agriculture__pampas__r0c2,agriculture,pampas,"Pampas, Argentina",-34.5,-59.0,-34.53675682889747,-58.95729773795751,30-45,32721,4000.0,-4000.0,12.5,0.001,14,20,cuda:0,0.02925996943736989,bicubic,,0.03327376796008112,-0.13717712628861922,169106,170093,,,,,,0.0,0.7545825666747987,0.0,0.7545825666747987,0.7545825666747987,computed,300,True
agriculture__pampas__r1c0,agriculture,pampas,"Pampas, Argentina",-34.5,-59.0,-34.49927918565872,-59.043544048759365,30-45,32721,-4000.0,0.0,12.5,0.001,14,20,cuda:0,0.03436881467356547,blurred_observation,12.5,0.03436881467356547,0.0,170083,170083,,,,,,0.0,0.0,0.0,0.0,0.0,computed,301,True
agriculture__pampas__r1c0,agriculture,pampas,"Pampas, Argentina",-34.5,-59.0,-34.49927918565872,-59.043544048759365,30-45,32721,-4000.0,0.0,12.5,0.001,14,20,cuda:0,0.03436881467356547,psf_aware_matched,12.5,0.025864034640998654,0.24745630925433715,170083,171420,22.0,65536.0,171420.0,1441792.0,0.00012833975032084936,0.2738838498480618,0.04043770069256425,2.650532309897244,0.31432155054062605,2.96485386043787,computed,301,True
agriculture__pampas__r1c0,agriculture,pampas,"Pampas, Argentina",-34.5,-59.0,-34.49927918565872,-59.043544048759365,30-45,32721,-4000.0,0.0,12.5,0.001,14,20,cuda:0,0.03436881467356547,psf_aware_plus50,18.75,0.05371112877717943,-0.562786767228576,170083,173406,48.0,65536.0,173406.0,3145728.0,0.0002768070308985848,0.42867606366053224,0.07967952731996775,2.694767363835126,0.5083555909805,3.203122954815626,computed,301,True
agriculture__pampas__r1c0,agriculture,pampas,"Pampas, Argentina",-34.5,-59.0,-34.49927918565872,-59.043544048759365,30-45,32721,-4000.0,0.0,12.5,0.001,14,20,cuda:0,0.03436881467356547,psf_aware_minus50,6.25,0.04006106616810994,-0.16562257234092592,169568,169568,9.0,65536.0,169568.0,589824.0,5.307605208529911e-05,0.1724948943592608,0.022405477240681648,2.596048244740814,0.19490037159994245,2.7909486163407564,computed,301,True
agriculture__pampas__r1c0,agriculture,pampas,"Pampas, Argentina",-34.5,-59.0,-34.49927918565872,-59.043544048759365,30-45,32721,-4000.0,0.0,12.5,0.001,14,20,cuda:0,0.03436881467356547,nearest,,0.04206213717915242,-0.22384602374734253,169101,170083,,,,,,0.0,0.12276159692555666,0.0,0.12276159692555666,0.12276159692555666,computed,301,True
agriculture__pampas__r1c0,agriculture,pampas,"Pampas, Argentina",-34.5,-59.0,-34.49927918565872,-59.043544048759365,30-45,32721,-4000.0,0.0,12.5,0.001,14,20,cuda:0,0.03436881467356547,bilinear,,0.04381472069537933,-0.274839447083961,169101,170083,,,,,,0.0,0.10806186497211456,0.0,0.10806186497211456,0.10806186497211456,computed,301,True
agriculture__pampas__r1c0,agriculture,pampas,"Pampas, Argentina",-34.5,-59.0,-34.49927918565872,-59.043544048759365,30-45,32721,-4000.0,0.0,12.5,0.001,14,20,cuda:0,0.03436881467356547,bicubic,,0.039220084475548755,-0.14115324744424784,169101,170083,,,,,,0.0,0.7567507629282773,0.0,0.7567507629282773,0.7567507629282773,computed,301,True
agriculture__pampas__r1c1,agriculture,pampas,"Pampas, Argentina",-34.5,-59.0,-34.499999999999986,-59.00000000000001,30-45,32721,0.0,0.0,12.5,0.001,14,20,cuda:0,0.04480674904110401,blurred_observation,12.5,0.04480674904110401,0.0,170094,170094,,,,,,0.0,0.0,0.0,0.0,0.0,computed,302,True
agriculture__pampas__r1c1,agriculture,pampas,"Pampas, Argentina",-34.5,-59.0,-34.499999999999986,-59.00000000000001,30-45,32721,0.0,0.0,12.5,0.001,14,20,cuda:0,0.04480674904110401,psf_aware_matched,12.5,0.03459787935729245,0.22784223141130655,170094,171425,22.0,65536.0,171425.0,1441792.0,0.00012833600700014582,0.271966096945107,0.04039047099649906,2.728054231032729,0.31235656794160604,3.040410798974335,computed,302,True
agriculture__pampas__r1c1,agriculture,pampas,"Pampas, Argentina",-34.5,-59.0,-34.499999999999986,-59.00000000000001,30-45,32721,0.0,0.0,12.5,0.001,14,20,cuda:0,0.04480674904110401,psf_aware_plus50,18.75,0.07039880569566313,-0.5711652195762282,170094,173405,48.0,65536.0,173405.0,3145728.0,0.00027680862720221445,0.4305701721459627,0.0797887141816318,2.6705859028734267,0.5103588863275945,3.180944789201021,computed,302,True
agriculture__pampas__r1c1,agriculture,pampas,"Pampas, Argentina",-34.5,-59.0,-34.499999999999986,-59.00000000000001,30-45,32721,0.0,0.0,12.5,0.001,14,20,cuda:0,0.04480674904110401,psf_aware_minus50,6.25,0.051807829266454525,-0.15625057329930336,169558,169558,9.0,65536.0,169558.0,589824.0,5.3079182344684414e-05,0.17282366659492254,0.02237472916021943,2.620341867674142,0.19519839575514197,2.815540263429284,computed,302,True
agriculture__pampas__r1c1,agriculture,pampas,"Pampas, Argentina",-34.5,-59.0,-34.499999999999986,-59.00000000000001,30-45,32721,0.0,0.0,12.5,0.001,14,20,cuda:0,0.04480674904110401,nearest,,0.05437406504156226,-0.21352399371089303,169099,170094,,,,,,0.0,0.12375910580158234,0.0,0.12375910580158234,0.12375910580158234,computed,302,True
agriculture__pampas__r1c1,agriculture,pampas,"Pampas, Argentina",-34.5,-59.0,-34.499999999999986,-59.00000000000001,30-45,32721,0.0,0.0,12.5,0.001,14,20,cuda:0,0.04480674904110401,bilinear,,0.05667538374862064,-0.2648849774088451,169099,170094,,,,,,0.0,0.10930782463401556,0.0,0.10930782463401556,0.10930782463401556,computed,302,True
agriculture__pampas__r1c1,agriculture,pampas,"Pampas, Argentina",-34.5,-59.0,-34.499999999999986,-59.00000000000001,30-45,32721,0.0,0.0,12.5,0.001,14,20,cuda:0,0.04480674904110401,bicubic,,0.05111674040020834,-0.14082680609824605,169099,170094,,,,,,0.0,0.7587192519567907,0.0,0.7587192519567907,0.7587192519567907,computed,302,True
agriculture__pampas__r1c2,agriculture,pampas,"Pampas, Argentina",-34.5,-59.0,-34.500705308349865,-58.956454421214055,30-45,32721,4000.0,0.0,12.5,0.001,14,20,cuda:0,0.045140995310031386,blurred_observation,12.5,0.045140995310031386,0.0,170105,170105,,,,,,0.0,0.0,0.0,0.0,0.0,computed,303,True
agriculture__pampas__r1c2,agriculture,pampas,"Pampas, Argentina",-34.5,-59.0,-34.500705308349865,-58.956454421214055,30-45,32721,4000.0,0.0,12.5,0.001,14,20,cuda:0,0.045140995310031386,psf_aware_matched,12.5,0.034771688394732415,0.22970931066277722,170105,171433,22.0,65536.0,171433.0,1441792.0,0.00012833001814119803,0.27708708588033915,0.04041608003899455,2.6776011302135885,0.3175031659193337,2.995104296132922,computed,303,True
agriculture__pampas__r1c2,agriculture,pampas,"Pampas, Argentina",-34.5,-59.0,-34.500705308349865,-58.956454421214055,30-45,32721,4000.0,0.0,12.5,0.001,14,20,cuda:0,0.045140995310031386,psf_aware_plus50,18.75,0.07091615148958007,-0.5709921990537243,170105,173419,48.0,65536.0,173419.0,3145728.0,0.0002767862806266903,0.4323421181179583,0.07981545431539416,2.6961510349065065,0.5121575724333525,3.208308607339859,computed,303,True
agriculture__pampas__r1c2,agriculture,pampas,"Pampas, Argentina",-34.5,-59.0,-34.500705308349865,-58.956454421214055,30-45,32721,4000.0,0.0,12.5,0.001,14,20,cuda:0,0.045140995310031386,psf_aware_minus50,6.25,0.052210399065462126,-0.15660717507174127,169583,169583,9.0,65536.0,169583.0,589824.0,5.307135738841747e-05,0.18061499437317252,0.02239591907709837,2.675210392102599,0.2030109134502709,2.87822130555287,computed,303,True
agriculture__pampas__r1c2,agriculture,pampas,"Pampas, Argentina",-34.5,-59.0,-34.500705308349865,-58.956454421214055,30-45,32721,4000.0,0.0,12.5,0.001,14,20,cuda:0,0.045140995310031386,nearest,,0.054767638410607354,-0.2132572185096837,169113,170105,,,,,,0.0,0.12338424567133188,0.0,0.12338424567133188,0.12338424567133188,computed,303,True
agriculture__pampas__r1c2,agriculture,pampas,"Pampas, Argentina",-34.5,-59.0,-34.500705308349865,-58.956454421214055,30-45,32721,4000.0,0.0,12.5,0.001,14,20,cuda:0,0.045140995310031386,bilinear,,0.0570585374526638,-0.2640070751825905,169113,170105,,,,,,0.0,0.10806406894698739,0.0,0.10806406894698739,0.10806406894698739,computed,303,True
agriculture__pampas__r1c2,agriculture,pampas,"Pampas, Argentina",-34.5,-59.0,-34.500705308349865,-58.956454421214055,30-45,32721,4000.0,0.0,12.5,0.001,14,20,cuda:0,0.045140995310031386,bicubic,,0.05145845195048588,-0.13994943170981888,169113,170105,,,,,,0.0,0.760418860707432,0.0,0.760418860707432,0.760418860707432,computed,303,True
agriculture__pampas__r2c0,agriculture,pampas,"Pampas, Argentina",-34.5,-59.0,-34.4632293442151,-59.04266481822355,30-45,32721,-4000.0,4000.0,12.5,0.001,14,20,cuda:0,0.03493153007159858,blurred_observation,12.5,0.03493153007159858,0.0,170085,170085,,,,,,0.0,0.0,0.0,0.0,0.0,computed,304,True
agriculture__pampas__r2c0,agriculture,pampas,"Pampas, Argentina",-34.5,-59.0,-34.4632293442151,-59.04266481822355,30-45,32721,-4000.0,4000.0,12.5,0.001,14,20,cuda:0,0.03493153007159858,psf_aware_matched,12.5,0.026241435976905134,0.24877507732645843,170085,171420,22.0,65536.0,171420.0,1441792.0,0.00012833975032084936,0.27289785211905837,0.04036780819296837,2.6484876070171595,0.31326566031202674,2.961753267329186,computed,304,True
agriculture__pampas__r2c0,agriculture,pampas,"Pampas, Argentina",-34.5,-59.0,-34.4632293442151,-59.04266481822355,30-45,32721,-4000.0,4000.0,12.5,0.001,14,20,cuda:0,0.03493153007159858,psf_aware_plus50,18.75,0.05481920983197508,-0.5693331989641752,170085,173410,48.0,65536.0,173410.0,3145728.0,0.0002768006458681737,0.43054400105029345,0.07999307103455067,2.7072589830495417,0.5105370720848441,3.217796055134386,computed,304,True
agriculture__pampas__r2c0,agriculture,pampas,"Pampas, Argentina",-34.5,-59.0,-34.4632293442151,-59.04266481822355,30-45,32721,-4000.0,4000.0,12.5,0.001,14,20,cuda:0,0.03493153007159858,psf_aware_minus50,6.25,0.04064848566359469,-0.16366175716546527,169546,169546,9.0,65536.0,169546.0,589824.0,5.308293914335932e-05,0.17057469673454762,0.02231540624052286,2.580483574885875,0.19289010297507048,2.7733736778609455,computed,304,True
agriculture__pampas__r2c0,agriculture,pampas,"Pampas, Argentina",-34.5,-59.0,-34.4632293442151,-59.04266481822355,30-45,32721,-4000.0,4000.0,12.5,0.001,14,20,cuda:0,0.03493153007159858,nearest,,0.04269032307125636,-0.22211431860427266,169095,170085,,,,,,0.0,0.1273019858635962,0.0,0.1273019858635962,0.1273019858635962,computed,304,True
agriculture__pampas__r2c0,agriculture,pampas,"Pampas, Argentina",-34.5,-59.0,-34.4632293442151,-59.04266481822355,30-45,32721,-4000.0,4000.0,12.5,0.001,14,20,cuda:0,0.03493153007159858,bilinear,,0.044498199279994655,-0.2738691717421893,169095,170085,,,,,,0.0,0.1097026732750237,0.0,0.1097026732750237,0.1097026732750237,computed,304,True
agriculture__pampas__r2c0,agriculture,pampas,"Pampas, Argentina",-34.5,-59.0,-34.4632293442151,-59.04266481822355,30-45,32721,-4000.0,4000.0,12.5,0.001,14,20,cuda:0,0.03493153007159858,bicubic,,0.03983685597083333,-0.14042688336813147,169095,170085,,,,,,0.0,0.7632973529398441,0.0,0.7632973529398441,0.7632973529398441,computed,304,True
agriculture__pampas__r2c1,agriculture,pampas,"Pampas, Argentina",-34.5,-59.0,-34.46394919304205,-58.99913947344097,30-45,32721,0.0,4000.0,12.5,0.001,14,20,cuda:0,0.044744156413648394,blurred_observation,12.5,0.044744156413648394,0.0,170088,170088,,,,,,0.0,0.0,0.0,0.0,0.0,computed,305,True
agriculture__pampas__r2c1,agriculture,pampas,"Pampas, Argentina",-34.5,-59.0,-34.46394919304205,-58.99913947344097,30-45,32721,0.0,4000.0,12.5,0.001,14,20,cuda:0,0.044744156413648394,psf_aware_matched,12.5,0.03591182095475102,0.19739640138132608,170088,171424,22.0,65536.0,171424.0,1441792.0,0.00012833675564681725,0.27484714379534125,0.04052197095006704,2.6876191650517285,0.3153691147454083,3.002988279797137,computed,305,True
agriculture__pampas__r2c1,agriculture,pampas,"Pampas, Argentina",-34.5,-59.0,-34.46394919304205,-58.99913947344097,30-45,32721,0.0,4000.0,12.5,0.001,14,20,cuda:0,0.044744156413648394,psf_aware_plus50,18.75,0.06774090327095993,-0.5139608990437194,170088,173410,48.0,65536.0,173410.0,3145728.0,0.0002768006458681737,0.4456341131590307,0.07999392179772258,2.792470849119127,0.5256280349567533,3.31809888407588,computed,305,True
agriculture__pampas__r2c1,agriculture,pampas,"Pampas, Argentina",-34.5,-59.0,-34.46394919304205,-58.99913947344097,30-45,32721,0.0,4000.0,12.5,0.001,14,20,cuda:0,0.044744156413648394,psf_aware_minus50,6.25,0.05101803454714339,-0.14021670395335173,169564,169564,9.0,65536.0,169564.0,589824.0,5.3077304144747704e-05,0.18042145809158683,0.0224535777233541,2.641324359923601,0.20287503581494093,2.844199395738542,computed,305,True
agriculture__pampas__r2c1,agriculture,pampas,"Pampas, Argentina",-34.5,-59.0,-34.46394919304205,-58.99913947344097,30-45,32721,0.0,4000.0,12.5,0.001,14,20,cuda:0,0.044744156413648394,nearest,,0.053258394587695476,-0.19028715382038053,169106,170088,,,,,,0.0,0.1239547859877348,0.0,0.1239547859877348,0.1239547859877348,computed,305,True
agriculture__pampas__r2c1,agriculture,pampas,"Pampas, Argentina",-34.5,-59.0,-34.46394919304205,-58.99913947344097,30-45,32721,0.0,4000.0,12.5,0.001,14,20,cuda:0,0.044744156413648394,bilinear,,0.05526391164566121,-0.23510903043428377,169106,170088,,,,,,0.0,0.10930876573547721,0.0,0.10930876573547721,0.10930876573547721,computed,305,True
agriculture__pampas__r2c1,agriculture,pampas,"Pampas, Argentina",-34.5,-59.0,-34.46394919304205,-58.99913947344097,30-45,32721,0.0,4000.0,12.5,0.001,14,20,cuda:0,0.044744156413648394,bicubic,,0.05058393628605958,-0.13051491726481346,169106,170088,,,,,,0.0,0.7566949077881873,0.0,0.7566949077881873,0.7566949077881873,computed,305,True
agriculture__pampas__r2c2,agriculture,pampas,"Pampas, Argentina",-34.5,-59.0,-34.46465355663164,-58.955612601275895,30-45,32721,4000.0,4000.0,12.5,0.001,14,20,cuda:0,0.06426579602279728,blurred_observation,12.5,0.06426579602279728,0.0,170097,170097,,,,,,0.0,0.0,0.0,0.0,0.0,computed,306,True
agriculture__pampas__r2c2,agriculture,pampas,"Pampas, Argentina",-34.5,-59.0,-34.46465355663164,-58.955612601275895,30-45,32721,4000.0,4000.0,12.5,0.001,14,20,cuda:0,0.06426579602279728,psf_aware_matched,12.5,0.051552687415594746,0.19782075993725745,170097,171431,22.0,65536.0,171431.0,1441792.0,0.0001283315153035332,0.27552615106105804,0.04075755691155791,2.688892446924001,0.31628370797261596,3.005176154896617,computed,306,True
agriculture__pampas__r2c2,agriculture,pampas,"Pampas, Argentina",-34.5,-59.0,-34.46465355663164,-58.955612601275895,30-45,32721,4000.0,4000.0,12.5,0.001,14,20,cuda:0,0.06426579602279728,psf_aware_plus50,18.75,0.10019292276755286,-0.5590396286698294,170097,173414,48.0,65536.0,173414.0,3145728.0,0.0002767942611323192,0.438170847017318,0.08048911998048425,2.7363394228741527,0.5186599669978023,3.254999389871955,computed,306,True
agriculture__pampas__r2c2,agriculture,pampas,"Pampas, Argentina",-34.5,-59.0,-34.46465355663164,-58.955612601275895,30-45,32721,4000.0,4000.0,12.5,0.001,14,20,cuda:0,0.06426579602279728,psf_aware_minus50,6.25,0.0737984323499552,-0.14833141293039254,169577,169577,9.0,65536.0,169577.0,589824.0,5.307323516750503e-05,0.17483631800860167,0.022406077943742275,2.6335442438721657,0.19724239595234394,2.8307866398245096,computed,306,True
agriculture__pampas__r2c2,agriculture,pampas,"Pampas, Argentina",-34.5,-59.0,-34.46465355663164,-58.955612601275895,30-45,32721,4000.0,4000.0,12.5,0.001,14,20,cuda:0,0.06426579602279728,nearest,,0.07719137819138672,-0.2011269286076265,169111,170097,,,,,,0.0,0.13532873895019293,0.0,0.13532873895019293,0.13532873895019293,computed,306,True
agriculture__pampas__r2c2,agriculture,pampas,"Pampas, Argentina",-34.5,-59.0,-34.46465355663164,-58.955612601275895,30-45,32721,4000.0,4000.0,12.5,0.001,14,20,cuda:0,0.06426579602279728,bilinear,,0.08028586555500304,-0.24927831791771315,169111,170097,,,,,,0.0,0.10831144731491804,0.0,0.10831144731491804,0.10831144731491804,computed,306,True
agriculture__pampas__r2c2,agriculture,pampas,"Pampas, Argentina",-34.5,-59.0,-34.46465355663164,-58.955612601275895,30-45,32721,4000.0,4000.0,12.5,0.001,14,20,cuda:0,0.06426579602279728,bicubic,,0.07315373604554555,-0.138299695526924,169111,170097,,,,,,0.0,0.7593594649806619,0.0,0.7593594649806619,0.7593594649806619,computed,306,True
agriculture__canterbury__r0c0,agriculture,canterbury,Canterbury Plains,-43.5,172.0,-43.53643410798007,171.95109473025653,30-45,32759,-4000.0,-4000.0,12.5,0.001,14,20,cuda:0,0.027360754318649882,blurred_observation,12.5,0.027360754318649882,0.0,169878,169878,,,,,,0.0,0.0,0.0,0.0,0.0,computed,307,True
agriculture__canterbury__r0c0,agriculture,canterbury,Canterbury Plains,-43.5,172.0,-43.53643410798007,171.95109473025653,30-45,32759,-4000.0,-4000.0,12.5,0.001,14,20,cuda:0,0.027360754318649882,psf_aware_matched,12.5,0.022202072803365835,0.18854310284010478,169878,171197,22.0,65536.0,171197.0,1441792.0,0.000128506924770878,0.3013499118387699,0.04056620365008712,1.5821074401028454,0.34191611548885703,1.9240235555917025,computed,307,True
agriculture__canterbury__r0c0,agriculture,canterbury,Canterbury Plains,-43.5,172.0,-43.53643410798007,171.95109473025653,30-45,32759,-4000.0,-4000.0,12.5,0.001,14,20,cuda:0,0.027360754318649882,psf_aware_plus50,18.75,0.04301838035118733,-0.5722658757936641,169878,173159,48.0,65536.0,173159.0,3145728.0,0.00027720187804272374,0.5072524817660451,0.08010480180382729,1.5675560692325234,0.5873572835698724,2.154913352802396,computed,307,True
agriculture__canterbury__r0c0,agriculture,canterbury,Canterbury Plains,-43.5,172.0,-43.53643410798007,171.95109473025653,30-45,32759,-4000.0,-4000.0,12.5,0.001,14,20,cuda:0,0.027360754318649882,psf_aware_minus50,6.25,0.031320119785721086,-0.14470966044866618,169317,169317,9.0,65536.0,169317.0,589824.0,5.315473342901185e-05,0.1767230532132089,0.021204302087426186,1.5743020456284285,0.1979273553006351,1.7722294009290636,computed,307,True
agriculture__canterbury__r0c0,agriculture,canterbury,Canterbury Plains,-43.5,172.0,-43.53643410798007,171.95109473025653,30-45,32759,-4000.0,-4000.0,12.5,0.001,14,20,cuda:0,0.027360754318649882,nearest,,0.03278167101964618,-0.1981274579590535,168880,169878,,,,,,0.0,0.1255619702860713,0.0,0.1255619702860713,0.1255619702860713,computed,307,True
agriculture__canterbury__r0c0,agriculture,canterbury,Canterbury Plains,-43.5,172.0,-43.53643410798007,171.95109473025653,30-45,32759,-4000.0,-4000.0,12.5,0.001,14,20,cuda:0,0.027360754318649882,bilinear,,0.03414374096297326,-0.24790934362872807,168880,169878,,,,,,0.0,0.11293605575338006,0.0,0.11293605575338006,0.11293605575338006,computed,307,True
agriculture__canterbury__r0c0,agriculture,canterbury,Canterbury Plains,-43.5,172.0,-43.53643410798007,171.95109473025653,30-45,32759,-4000.0,-4000.0,12.5,0.001,14,20,cuda:0,0.027360754318649882,bicubic,,0.031089247062777617,-0.13627156257114903,168880,169878,,,,,,0.0,0.7787355240434408,0.0,0.7787355240434408,0.7787355240434408,computed,307,True
agriculture__canterbury__r0c1,agriculture,canterbury,Canterbury Plains,-43.5,172.0,-43.53601158936348,172.00059494953987,30-45,32759,0.0,-4000.0,12.5,0.001,14,20,cuda:0,0.024016186316370824,blurred_observation,12.5,0.024016186316370824,0.0,169862,169862,,,,,,0.0,0.0,0.0,0.0,0.0,computed,308,True
agriculture__canterbury__r0c1,agriculture,canterbury,Canterbury Plains,-43.5,172.0,-43.53601158936348,172.00059494953987,30-45,32759,0.0,-4000.0,12.5,0.001,14,20,cuda:0,0.024016186316370824,psf_aware_matched,12.5,0.019372331224810396,0.19336355199721733,169862,171180,22.0,65536.0,171180.0,1441792.0,0.00012851968687930832,0.30245690792798996,0.04074669722467661,1.572541382163763,0.34320360515266657,1.9157449873164296,computed,308,True
agriculture__canterbury__r0c1,agriculture,canterbury,Canterbury Plains,-43.5,172.0,-43.53601158936348,172.00059494953987,30-45,32759,0.0,-4000.0,12.5,0.001,14,20,cuda:0,0.024016186316370824,psf_aware_plus50,18.75,0.03662399244065594,-0.5249711989322348,169862,173158,48.0,65536.0,173158.0,3145728.0,0.0002772034789036602,0.5132042337208986,0.07975879684090614,1.5834163902327418,0.5929630305618048,2.1763794207945466,computed,308,True
agriculture__canterbury__r0c1,agriculture,canterbury,Canterbury Plains,-43.5,172.0,-43.53601158936348,172.00059494953987,30-45,32759,0.0,-4000.0,12.5,0.001,14,20,cuda:0,0.024016186316370824,psf_aware_minus50,6.25,0.027375792951067537,-0.1398892642836722,169328,169328,9.0,65536.0,169328.0,589824.0,5.315128035528678e-05,0.19134589796885848,0.02096276404336095,1.5976416328921914,0.21230866201221943,1.8099502949044108,computed,308,True
agriculture__canterbury__r0c1,agriculture,canterbury,Canterbury Plains,-43.5,172.0,-43.53601158936348,172.00059494953987,30-45,32759,0.0,-4000.0,12.5,0.001,14,20,cuda:0,0.024016186316370824,nearest,,0.0285970972411062,-0.1907426459967443,168894,169862,,,,,,0.0,0.12636477081105113,0.0,0.12636477081105113,0.12636477081105113,computed,308,True
agriculture__canterbury__r0c1,agriculture,canterbury,Canterbury Plains,-43.5,172.0,-43.53601158936348,172.00059494953987,30-45,32759,0.0,-4000.0,12.5,0.001,14,20,cuda:0,0.024016186316370824,bilinear,,0.029783101189205317,-0.2401261714439411,168894,169862,,,,,,0.0,0.11216078791767359,0.0,0.11216078791767359,0.11216078791767359,computed,308,True
agriculture__canterbury__r0c1,agriculture,canterbury,Canterbury Plains,-43.5,172.0,-43.53601158936348,172.00059494953987,30-45,32759,0.0,-4000.0,12.5,0.001,14,20,cuda:0,0.024016186316370824,bicubic,,0.027142845321910018,-0.13018965477494993,168894,169862,,,,,,0.0,0.7559837209992111,0.0,0.7559837209992111,0.7559837209992111,computed,308,True
agriculture__canterbury__r0c2,agriculture,canterbury,Canterbury Plains,-43.5,172.0,-43.535567644236046,172.0500940661603,30-45,32759,4000.0,-4000.0,12.5,0.001,14,20,cuda:0,0.022111657160504426,blurred_observation,12.5,0.022111657160504426,0.0,169868,169868,,,,,,0.0,0.0,0.0,0.0,0.0,computed,309,True
agriculture__canterbury__r0c2,agriculture,canterbury,Canterbury Plains,-43.5,172.0,-43.535567644236046,172.0500940661603,30-45,32759,4000.0,-4000.0,12.5,0.001,14,20,cuda:0,0.022111657160504426,psf_aware_matched,12.5,0.016639075011513706,0.24749760315413083,169868,171189,22.0,65536.0,171189.0,1441792.0,0.00012851293015322246,0.2751641948707402,0.0404140860773623,1.5723170866258442,0.3155782809481025,1.8878953675739467,computed,309,True
agriculture__canterbury__r0c2,agriculture,canterbury,Canterbury Plains,-43.5,172.0,-43.535567644236046,172.0500940661603,30-45,32759,4000.0,-4000.0,12.5,0.001,14,20,cuda:0,0.022111657160504426,psf_aware_plus50,18.75,0.03452043311728276,-0.5611870637603202,169868,173155,48.0,65536.0,173155.0,3145728.0,0.00027720828159741274,0.47399582201614976,0.07982766721397638,1.5968912821263075,0.5538234892301261,2.1507147713564336,computed,309,True
agriculture__canterbury__r0c2,agriculture,canterbury,Canterbury Plains,-43.5,172.0,-43.535567644236046,172.0500940661603,30-45,32759,4000.0,-4000.0,12.5,0.001,14,20,cuda:0,0.022111657160504426,psf_aware_minus50,6.25,0.025398702922918116,-0.1486566899329902,169322,169322,9.0,65536.0,169322.0,589824.0,5.3153163794427183e-05,0.2036199369467795,0.021042124833911657,1.6282352190464735,0.22466206178069115,1.8528972808271646,computed,309,True
agriculture__canterbury__r0c2,agriculture,canterbury,Canterbury Plains,-43.5,172.0,-43.535567644236046,172.0500940661603,30-45,32759,4000.0,-4000.0,12.5,0.001,14,20,cuda:0,0.022111657160504426,nearest,,0.026742671892378073,-0.20943770510993232,168884,169868,,,,,,0.0,0.13849860429763794,0.0,0.13849860429763794,0.13849860429763794,computed,309,True
agriculture__canterbury__r0c2,agriculture,canterbury,Canterbury Plains,-43.5,172.0,-43.535567644236046,172.0500940661603,30-45,32759,4000.0,-4000.0,12.5,0.001,14,20,cuda:0,0.022111657160504426,bilinear,,0.027929539777452397,-0.2631138215791353,168884,169868,,,,,,0.0,0.11544886603951454,0.0,0.11544886603951454,0.11544886603951454,computed,309,True
agriculture__canterbury__r0c2,agriculture,canterbury,Canterbury Plains,-43.5,172.0,-43.535567644236046,172.0500940661603,30-45,32759,4000.0,-4000.0,12.5,0.001,14,20,cuda:0,0.022111657160504426,bicubic,,0.02497690619943818,-0.12958092729710136,168884,169868,,,,,,0.0,0.7623204425908625,0.0,0.7623204425908625,0.7623204425908625,computed,309,True
agriculture__canterbury__r1c0,agriculture,canterbury,Canterbury Plains,-43.5,172.0,-43.50042199067015,171.95052920225245,30-45,32759,-4000.0,0.0,12.5,0.001,14,20,cuda:0,0.022373506822587926,blurred_observation,12.5,0.022373506822587926,0.0,169859,169859,,,,,,0.0,0.0,0.0,0.0,0.0,computed,310,True
agriculture__canterbury__r1c0,agriculture,canterbury,Canterbury Plains,-43.5,172.0,-43.50042199067015,171.95052920225245,30-45,32759,-4000.0,0.0,12.5,0.001,14,20,cuda:0,0.022373506822587926,psf_aware_matched,12.5,0.018400567686111837,0.17757337586725896,169859,171188,22.0,65536.0,171188.0,1441792.0,0.00012851368086548123,0.27477315394207835,0.04030897794291377,1.545998818706721,0.3150821318849921,1.8610809505917132,computed,310,True
agriculture__canterbury__r1c0,agriculture,canterbury,Canterbury Plains,-43.5,172.0,-43.50042199067015,171.95052920225245,30-45,32759,-4000.0,0.0,12.5,0.001,14,20,cuda:0,0.022373506822587926,psf_aware_plus50,18.75,0.03454911891631543,-0.5441977509504772,169859,173158,48.0,65536.0,173158.0,3145728.0,0.0002772034789036602,0.42780565610155463,0.07973850797861814,1.5772495390847325,0.5075441640801728,2.0847937031649053,computed,310,True
agriculture__canterbury__r1c0,agriculture,canterbury,Canterbury Plains,-43.5,172.0,-43.50042199067015,171.95052920225245,30-45,32759,-4000.0,0.0,12.5,0.001,14,20,cuda:0,0.022373506822587926,psf_aware_minus50,6.25,0.025737459559623616,-0.15035429017499835,169338,169338,9.0,65536.0,169338.0,589824.0,5.3148141586649184e-05,0.17448599636554718,0.02091110683977604,1.618721139151603,0.19539710320532322,1.8141182423569262,computed,310,True
agriculture__canterbury__r1c0,agriculture,canterbury,Canterbury Plains,-43.5,172.0,-43.50042199067015,171.95052920225245,30-45,32759,-4000.0,0.0,12.5,0.001,14,20,cuda:0,0.022373506822587926,nearest,,0.026757907712455502,-0.19596395525448673,168904,169859,,,,,,0.0,0.12714414717629552,0.0,0.12714414717629552,0.12714414717629552,computed,310,True
agriculture__canterbury__r1c0,agriculture,canterbury,Canterbury Plains,-43.5,172.0,-43.50042199067015,171.95052920225245,30-45,32759,-4000.0,0.0,12.5,0.001,14,20,cuda:0,0.022373506822587926,bilinear,,0.027828304351710718,-0.24380610390570134,168904,169859,,,,,,0.0,0.11475431034341455,0.0,0.11475431034341455,0.11475431034341455,computed,310,True
agriculture__canterbury__r1c0,agriculture,canterbury,Canterbury Plains,-43.5,172.0,-43.50042199067015,171.95052920225245,30-45,32759,-4000.0,0.0,12.5,0.001,14,20,cuda:0,0.022373506822587926,bicubic,,0.02537867454526195,-0.13431813557452954,168904,169859,,,,,,0.0,0.7586796879768372,0.0,0.7586796879768372,0.7586796879768372,computed,310,True
agriculture__canterbury__r1c1,agriculture,canterbury,Canterbury Plains,-43.5,172.0,-43.50000000000001,172.0,30-45,32759,0.0,0.0,12.5,0.001,14,20,cuda:0,0.019632733384831565,blurred_observation,12.5,0.019632733384831565,0.0,169871,169871,,,,,,0.0,0.0,0.0,0.0,0.0,computed,311,True
agriculture__canterbury__r1c1,agriculture,canterbury,Canterbury Plains,-43.5,172.0,-43.50000000000001,172.0,30-45,32759,0.0,0.0,12.5,0.001,14,20,cuda:0,0.019632733384831565,psf_aware_matched,12.5,0.015035127962268387,0.23418060707304933,169871,171202,22.0,65536.0,171202.0,1441792.0,0.0001285031716919195,0.2763360543176532,0.040497614070773125,1.5438175979070365,0.3168336683884263,1.8606512662954628,computed,311,True
agriculture__canterbury__r1c1,agriculture,canterbury,Canterbury Plains,-43.5,172.0,-43.50000000000001,172.0,30-45,32759,0.0,0.0,12.5,0.001,14,20,cuda:0,0.019632733384831565,psf_aware_plus50,18.75,0.029849726619322194,-0.5204060501521595,169871,173159,48.0,65536.0,173159.0,3145728.0,0.00027720187804272374,0.46902569802477956,0.07978943595662713,1.5804603612050414,0.5488151339814067,2.129275495186448,computed,311,True
agriculture__canterbury__r1c1,agriculture,canterbury,Canterbury Plains,-43.5,172.0,-43.50000000000001,172.0,30-45,32759,0.0,0.0,12.5,0.001,14,20,cuda:0,0.019632733384831565,psf_aware_minus50,6.25,0.02233342772608077,-0.13756079137384858,169327,169327,9.0,65536.0,169327.0,589824.0,5.315159425254094e-05,0.193011533934623,0.021019572857767344,1.5269861072301865,0.21403110679239035,1.7410172140225768,computed,311,True
agriculture__canterbury__r1c1,agriculture,canterbury,Canterbury Plains,-43.5,172.0,-43.50000000000001,172.0,30-45,32759,0.0,0.0,12.5,0.001,14,20,cuda:0,0.019632733384831565,nearest,,0.02334970205869189,-0.18932507262244447,168884,169871,,,,,,0.0,0.12416840065270662,0.0,0.12416840065270662,0.12416840065270662,computed,311,True
agriculture__canterbury__r1c1,agriculture,canterbury,Canterbury Plains,-43.5,172.0,-43.50000000000001,172.0,30-45,32759,0.0,0.0,12.5,0.001,14,20,cuda:0,0.019632733384831565,bilinear,,0.02436548111274031,-0.2410641266877953,168884,169871,,,,,,0.0,0.11347306286916137,0.0,0.11347306286916137,0.11347306286916137,computed,311,True
agriculture__canterbury__r1c1,agriculture,canterbury,Canterbury Plains,-43.5,172.0,-43.50000000000001,172.0,30-45,32759,0.0,0.0,12.5,0.001,14,20,cuda:0,0.019632733384831565,bicubic,,0.022047330880975005,-0.12298835056808644,168884,169871,,,,,,0.0,0.7709009549580514,0.0,0.7709009549580514,0.7709009549580514,computed,311,True
agriculture__canterbury__r1c2,agriculture,canterbury,Canterbury Plains,-43.5,172.0,-43.49955660958402,172.0494696975147,30-45,32759,4000.0,0.0,12.5,0.001,14,20,cuda:0,0.023116512439499016,blurred_observation,12.5,0.023116512439499016,0.0,169868,169868,,,,,,0.0,0.0,0.0,0.0,0.0,computed,312,True
agriculture__canterbury__r1c2,agriculture,canterbury,Canterbury Plains,-43.5,172.0,-43.49955660958402,172.0494696975147,30-45,32759,4000.0,0.0,12.5,0.001,14,20,cuda:0,0.023116512439499016,psf_aware_matched,12.5,0.01852614837213646,0.1985751128928529,169868,171192,22.0,65536.0,171192.0,1441792.0,0.00012851067806906864,0.27188966190442443,0.04040540987625718,1.5812550159171224,0.3122950717806816,1.893550087697804,computed,312,True
agriculture__canterbury__r1c2,agriculture,canterbury,Canterbury Plains,-43.5,172.0,-43.49955660958402,172.0494696975147,30-45,32759,4000.0,0.0,12.5,0.001,14,20,cuda:0,0.023116512439499016,psf_aware_plus50,18.75,0.03620009192504766,-0.5659841431440509,169868,173153,48.0,65536.0,173153.0,3145728.0,0.0002772114834857034,0.4312678328715265,0.08046711841598153,1.6068043881095946,0.511734951287508,2.1185393393971026,computed,312,True
agriculture__canterbury__r1c2,agriculture,canterbury,Canterbury Plains,-43.5,172.0,-43.49955660958402,172.0494696975147,30-45,32759,4000.0,0.0,12.5,0.001,14,20,cuda:0,0.023116512439499016,psf_aware_minus50,6.25,0.026520712285945162,-0.14726269178171592,169321,169321,9.0,65536.0,169321.0,589824.0,5.315347771392798e-05,0.19985735043883324,0.021003111265599728,1.607987378258258,0.22086046170443296,1.828847839962691,computed,312,True
agriculture__canterbury__r1c2,agriculture,canterbury,Canterbury Plains,-43.5,172.0,-43.49955660958402,172.0494696975147,30-45,32759,4000.0,0.0,12.5,0.001,14,20,cuda:0,0.023116512439499016,nearest,,0.027681184049164326,-0.19746367976623014,168887,169868,,,,,,0.0,0.1273145298473537,0.0,0.1273145298473537,0.1273145298473537,computed,312,True
agriculture__canterbury__r1c2,agriculture,canterbury,Canterbury Plains,-43.5,172.0,-43.49955660958402,172.0494696975147,30-45,32759,4000.0,0.0,12.5,0.001,14,20,cuda:0,0.023116512439499016,bilinear,,0.028863133813434253,-0.2485937871889372,168887,169868,,,,,,0.0,0.11282440507784486,0.0,0.11282440507784486,0.11282440507784486,computed,312,True
agriculture__canterbury__r1c2,agriculture,canterbury,Canterbury Plains,-43.5,172.0,-43.49955660958402,172.0494696975147,30-45,32759,4000.0,0.0,12.5,0.001,14,20,cuda:0,0.023116512439499016,bicubic,,0.026233923455208,-0.13485645915956956,168887,169868,,,,,,0.0,0.7587522640824318,0.0,0.7587522640824318,0.7587522640824318,computed,312,True
agriculture__canterbury__r2c0,agriculture,canterbury,Canterbury Plains,-43.5,172.0,-43.464409639779,171.9499647200933,30-45,32759,-4000.0,4000.0,12.5,0.001,14,20,cuda:0,0.022629361184650098,blurred_observation,12.5,0.022629361184650098,0.0,169875,169875,,,,,,0.0,0.0,0.0,0.0,0.0,computed,313,True
agriculture__canterbury__r2c0,agriculture,canterbury,Canterbury Plains,-43.5,172.0,-43.464409639779,171.9499647200933,30-45,32759,-4000.0,4000.0,12.5,0.001,14,20,cuda:0,0.022629361184650098,psf_aware_matched,12.5,0.018571782584477413,0.17930592768677067,169875,171202,22.0,65536.0,171202.0,1441792.0,0.0001285031716919195,0.2730934019200504,0.040306712966412306,1.5750567759387195,0.3134001148864627,1.8884568908251822,computed,313,True
agriculture__canterbury__r2c0,agriculture,canterbury,Canterbury Plains,-43.5,172.0,-43.464409639779,171.9499647200933,30-45,32759,-4000.0,4000.0,12.5,0.001,14,20,cuda:0,0.022629361184650098,psf_aware_plus50,18.75,0.03457316550850675,-0.5278012148199016,169875,173164,48.0,65536.0,173164.0,3145728.0,0.0002771938740153843,0.47156868502497673,0.0796000761911273,1.5557157630100846,0.551168761216104,2.1068845242261887,computed,313,True
agriculture__canterbury__r2c0,agriculture,canterbury,Canterbury Plains,-43.5,172.0,-43.464409639779,171.9499647200933,30-45,32759,-4000.0,4000.0,12.5,0.001,14,20,cuda:0,0.022629361184650098,psf_aware_minus50,6.25,0.026018835841343735,-0.1497821626088489,169325,169325,9.0,65536.0,169325.0,589824.0,5.315222205817215e-05,0.19398859422653913,0.020926556084305048,1.5297592408023775,0.21491515031084418,1.7446743911132216,computed,313,True
agriculture__canterbury__r2c0,agriculture,canterbury,Canterbury Plains,-43.5,172.0,-43.464409639779,171.9499647200933,30-45,32759,-4000.0,4000.0,12.5,0.001,14,20,cuda:0,0.022629361184650098,nearest,,0.02701270006428726,-0.1937013972188688,168887,169875,,,,,,0.0,0.12498252326622605,0.0,0.12498252326622605,0.12498252326622605,computed,313,True
agriculture__canterbury__r2c0,agriculture,canterbury,Canterbury Plains,-43.5,172.0,-43.464409639779,171.9499647200933,30-45,32759,-4000.0,4000.0,12.5,0.001,14,20,cuda:0,0.022629361184650098,bilinear,,0.028012771357462544,-0.23789492460194195,168887,169875,,,,,,0.0,0.11439524125307798,0.0,0.11439524125307798,0.11439524125307798,computed,313,True
agriculture__canterbury__r2c0,agriculture,canterbury,Canterbury Plains,-43.5,172.0,-43.464409639779,171.9499647200933,30-45,32759,-4000.0,4000.0,12.5,0.001,14,20,cuda:0,0.022629361184650098,bicubic,,0.025495952471078675,-0.12667574939645387,168887,169875,,,,,,0.0,0.7682687290944159,0.0,0.7682687290944159,0.7682687290944159,computed,313,True
agriculture__canterbury__r2c1,agriculture,canterbury,Canterbury Plains,-43.5,172.0,-43.463988176434235,171.9994061506943,30-45,32759,0.0,4000.0,12.5,0.001,14,20,cuda:0,0.02215527225651724,blurred_observation,12.5,0.02215527225651724,0.0,169868,169868,,,,,,0.0,0.0,0.0,0.0,0.0,computed,314,True
agriculture__canterbury__r2c1,agriculture,canterbury,Canterbury Plains,-43.5,172.0,-43.463988176434235,171.9994061506943,30-45,32759,0.0,4000.0,12.5,0.001,14,20,cuda:0,0.02215527225651724,psf_aware_matched,12.5,0.01827980866051674,0.17492286039773164,169868,171196,22.0,65536.0,171196.0,1441792.0,0.00012850767541297694,0.27518998412415385,0.04034769115969539,1.6007836339995265,0.31553767528384924,1.9163213092833757,computed,314,True
agriculture__canterbury__r2c1,agriculture,canterbury,Canterbury Plains,-43.5,172.0,-43.463988176434235,171.9994061506943,30-45,32759,0.0,4000.0,12.5,0.001,14,20,cuda:0,0.02215527225651724,psf_aware_plus50,18.75,0.03350710840640336,-0.5123762876146485,169868,173153,48.0,65536.0,173153.0,3145728.0,0.0002772114834857034,0.46983964880928397,0.07980499509721994,1.5919605330564082,0.5496446439065039,2.141605176962912,computed,314,True
agriculture__canterbury__r2c1,agriculture,canterbury,Canterbury Plains,-43.5,172.0,-43.463988176434235,171.9994061506943,30-45,32759,0.0,4000.0,12.5,0.001,14,20,cuda:0,0.02215527225651724,psf_aware_minus50,6.25,0.025238895025761175,-0.13918234601413437,169326,169326,9.0,65536.0,169326.0,589824.0,5.315190815350271e-05,0.19464204227551818,0.02097135130316019,1.6106555722653866,0.21561339357867837,1.826268965844065,computed,314,True
agriculture__canterbury__r2c1,agriculture,canterbury,Canterbury Plains,-43.5,172.0,-43.463988176434235,171.9994061506943,30-45,32759,0.0,4000.0,12.5,0.001,14,20,cuda:0,0.02215527225651724,nearest,,0.02628919430774908,-0.18658863693339622,168891,169868,,,,,,0.0,0.12712625414133072,0.0,0.12712625414133072,0.12712625414133072,computed,314,True
agriculture__canterbury__r2c1,agriculture,canterbury,Canterbury Plains,-43.5,172.0,-43.463988176434235,171.9994061506943,30-45,32759,0.0,4000.0,12.5,0.001,14,20,cuda:0,0.02215527225651724,bilinear,,0.027274572644498927,-0.23106465714840319,168891,169868,,,,,,0.0,0.11452987510710955,0.0,0.11452987510710955,0.11452987510710955,computed,314,True
agriculture__canterbury__r2c1,agriculture,canterbury,Canterbury Plains,-43.5,172.0,-43.463988176434235,171.9994061506943,30-45,32759,0.0,4000.0,12.5,0.001,14,20,cuda:0,0.02215527225651724,bicubic,,0.02490257219484125,-0.12400208431272408,168891,169868,,,,,,0.0,0.7670355229638517,0.0,0.7670355229638517,0.7670355229638517,computed,314,True
agriculture__canterbury__r2c2,agriculture,canterbury,Canterbury Plains,-43.5,172.0,-43.4635453400772,172.0488464834848,30-45,32759,4000.0,4000.0,12.5,0.001,14,20,cuda:0,0.019865632308506884,blurred_observation,12.5,0.019865632308506884,0.0,169869,169869,,,,,,0.0,0.0,0.0,0.0,0.0,computed,315,True
agriculture__canterbury__r2c2,agriculture,canterbury,Canterbury Plains,-43.5,172.0,-43.4635453400772,172.0488464834848,30-45,32759,4000.0,4000.0,12.5,0.001,14,20,cuda:0,0.019865632308506884,psf_aware_matched,12.5,0.01600778977356855,0.1941968156375432,169869,171192,22.0,65536.0,171192.0,1441792.0,0.00012851067806906864,0.28297013882547617,0.040390090085566044,1.5533565450459719,0.3233602289110422,1.876716773957014,computed,315,True
agriculture__canterbury__r2c2,agriculture,canterbury,Canterbury Plains,-43.5,172.0,-43.4635453400772,172.0488464834848,30-45,32759,4000.0,4000.0,12.5,0.001,14,20,cuda:0,0.019865632308506884,psf_aware_plus50,18.75,0.03169748772596383,-0.5955942017707783,169869,173151,48.0,65536.0,173151.0,3145728.0,0.0002772146854479616,0.43125914596021175,0.07964974083006382,1.575451544020325,0.5109088867902756,2.0863604308106005,computed,315,True
agriculture__canterbury__r2c2,agriculture,canterbury,Canterbury Plains,-43.5,172.0,-43.4635453400772,172.0488464834848,30-45,32759,4000.0,4000.0,12.5,0.001,14,20,cuda:0,0.019865632308506884,psf_aware_minus50,6.25,0.022916237655071028,-0.15356195560197738,169326,169326,9.0,65536.0,169326.0,589824.0,5.315190815350271e-05,0.1760247489437461,0.02085621329024434,1.5354765192605555,0.19688096223399043,1.732357481494546,computed,315,True
agriculture__canterbury__r2c2,agriculture,canterbury,Canterbury Plains,-43.5,172.0,-43.4635453400772,172.0488464834848,30-45,32759,4000.0,4000.0,12.5,0.001,14,20,cuda:0,0.019865632308506884,nearest,,0.02398107988340099,-0.20716418742592868,168884,169869,,,,,,0.0,0.12414882378652692,0.0,0.12414882378652692,0.12414882378652692,computed,315,True
agriculture__canterbury__r2c2,agriculture,canterbury,Canterbury Plains,-43.5,172.0,-43.4635453400772,172.0488464834848,30-45,32759,4000.0,4000.0,12.5,0.001,14,20,cuda:0,0.019865632308506884,bilinear,,0.024980312925068717,-0.25746377145879307,168884,169869,,,,,,0.0,0.11239683488383889,0.0,0.11239683488383889,0.11239683488383889,computed,315,True
agriculture__canterbury__r2c2,agriculture,canterbury,Canterbury Plains,-43.5,172.0,-43.4635453400772,172.0488464834848,30-45,32759,4000.0,4000.0,12.5,0.001,14,20,cuda:0,0.019865632308506884,bicubic,,0.02260907607426667,-0.1380999971787953,168884,169869,,,,,,0.0,0.7672407417558134,0.0,0.7672407417558134,0.7672407417558134,computed,315,True
agriculture__nile_delta__r0c0,agriculture,nile_delta,Nile Delta,30.8,31.0,30.76327713680268,30.95897564043118,30-45,32636,-4000.0,-4000.0,12.5,0.001,14,20,cuda:0,0.045332968929227085,blurred_observation,12.5,0.045332968929227085,0.0,170202,170202,,,,,,0.0,0.0,0.0,0.0,0.0,computed,316,True
agriculture__nile_delta__r0c0,agriculture,nile_delta,Nile Delta,30.8,31.0,30.76327713680268,30.95897564043118,30-45,32636,-4000.0,-4000.0,12.5,0.001,14,20,cuda:0,0.045332968929227085,psf_aware_matched,12.5,0.03803689678148142,0.160944061685793,170202,171546,22.0,65536.0,171546.0,1441792.0,0.0001282454851759878,0.2746631563641131,0.04020053194835782,1.6808403651230037,0.3148636883124709,1.9957040534354746,computed,316,True
agriculture__nile_delta__r0c0,agriculture,nile_delta,Nile Delta,30.8,31.0,30.76327713680268,30.95897564043118,30-45,32636,-4000.0,-4000.0,12.5,0.001,14,20,cuda:0,0.045332968929227085,psf_aware_plus50,18.75,0.06956272515176613,-0.5344842130319338,170202,173526,48.0,65536.0,173526.0,3145728.0,0.0002766156080356834,0.42827099561691284,0.07988549722358584,1.6818028376437724,0.5081564928404987,2.189959330484271,computed,316,True
agriculture__nile_delta__r0c0,agriculture,nile_delta,Nile Delta,30.8,31.0,30.76327713680268,30.95897564043118,30-45,32636,-4000.0,-4000.0,12.5,0.001,14,20,cuda:0,0.045332968929227085,psf_aware_minus50,6.25,0.051505907495558674,-0.13616885706225546,169691,169691,9.0,65536.0,169691.0,589824.0,5.303758007201325e-05,0.1745044100098312,0.0222488297149539,1.6512059960514307,0.1967532397247851,1.8479592357762158,computed,316,True
agriculture__nile_delta__r0c0,agriculture,nile_delta,Nile Delta,30.8,31.0,30.76327713680268,30.95897564043118,30-45,32636,-4000.0,-4000.0,12.5,0.001,14,20,cuda:0,0.045332968929227085,nearest,,0.05366845562031597,-0.18387250797762822,169218,170202,,,,,,0.0,0.1298527978360653,0.0,0.1298527978360653,0.1298527978360653,computed,316,True
agriculture__nile_delta__r0c0,agriculture,nile_delta,Nile Delta,30.8,31.0,30.76327713680268,30.95897564043118,30-45,32636,-4000.0,-4000.0,12.5,0.001,14,20,cuda:0,0.045332968929227085,bilinear,,0.05574965589011529,-0.2297817064915939,169218,170202,,,,,,0.0,0.11425295099616051,0.0,0.11425295099616051,0.11425295099616051,computed,316,True
agriculture__nile_delta__r0c0,agriculture,nile_delta,Nile Delta,30.8,31.0,30.76327713680268,30.95897564043118,30-45,32636,-4000.0,-4000.0,12.5,0.001,14,20,cuda:0,0.045332968929227085,bicubic,,0.05147932216388771,-0.13558241120841186,169218,170202,,,,,,0.0,0.7653506733477116,0.0,0.7653506733477116,0.7653506733477116,computed,316,True
agriculture__nile_delta__r0c1,agriculture,nile_delta,Nile Delta,30.8,31.0,30.763927941209495,31.00074652291647,30-45,32636,0.0,-4000.0,12.5,0.001,14,20,cuda:0,0.05989914158912683,blurred_observation,12.5,0.05989914158912683,0.0,170219,170219,,,,,,0.0,0.0,0.0,0.0,0.0,computed,317,True
agriculture__nile_delta__r0c1,agriculture,nile_delta,Nile Delta,30.8,31.0,30.763927941209495,31.00074652291647,30-45,32636,0.0,-4000.0,12.5,0.001,14,20,cuda:0,0.05989914158912683,psf_aware_matched,12.5,0.05073551740295886,0.15298423221195856,170219,171554,22.0,65536.0,171554.0,1441792.0,0.00012823950476234888,0.2697965679690242,0.040310789830982685,1.6561118992976844,0.31010735780000687,1.9662192570976913,computed,317,True
agriculture__nile_delta__r0c1,agriculture,nile_delta,Nile Delta,30.8,31.0,30.763927941209495,31.00074652291647,30-45,32636,0.0,-4000.0,12.5,0.001,14,20,cuda:0,0.05989914158912683,psf_aware_plus50,18.75,0.09101304738843115,-0.5194382586102413,170219,173532,48.0,65536.0,173532.0,3145728.0,0.00027660604384205796,0.42689600167796016,0.07969667902216315,1.6894643097184598,0.5065926807001233,2.196056990418583,computed,317,True
agriculture__nile_delta__r0c1,agriculture,nile_delta,Nile Delta,30.8,31.0,30.763927941209495,31.00074652291647,30-45,32636,0.0,-4000.0,12.5,0.001,14,20,cuda:0,0.05989914158912683,psf_aware_minus50,6.25,0.06791638054772034,-0.13384564028625134,169665,169665,9.0,65536.0,169665.0,589824.0,5.304570771815047e-05,0.17201880225911736,0.022527207620441914,1.6398851741105318,0.19454600987955928,1.834431183990091,computed,317,True
agriculture__nile_delta__r0c1,agriculture,nile_delta,Nile Delta,30.8,31.0,30.763927941209495,31.00074652291647,30-45,32636,0.0,-4000.0,12.5,0.001,14,20,cuda:0,0.05989914158912683,nearest,,0.07068068850330408,-0.179995015423299,169225,170219,,,,,,0.0,0.12745006708428264,0.0,0.12745006708428264,0.12745006708428264,computed,317,True
agriculture__nile_delta__r0c1,agriculture,nile_delta,Nile Delta,30.8,31.0,30.763927941209495,31.00074652291647,30-45,32636,0.0,-4000.0,12.5,0.001,14,20,cuda:0,0.05989914158912683,bilinear,,0.07329520004576894,-0.2236435798785108,169225,170219,,,,,,0.0,0.1159254489466548,0.0,0.1159254489466548,0.1159254489466548,computed,317,True
agriculture__nile_delta__r0c1,agriculture,nile_delta,Nile Delta,30.8,31.0,30.763927941209495,31.00074652291647,30-45,32636,0.0,-4000.0,12.5,0.001,14,20,cuda:0,0.05989914158912683,bicubic,,0.0677177095963845,-0.13052888238179583,169225,170219,,,,,,0.0,0.7756979297846556,0.0,0.7756979297846556,0.7756979297846556,computed,317,True
agriculture__nile_delta__r0c2,agriculture,nile_delta,Nile Delta,30.8,31.0,30.764565305883355,31.04251875051399,30-45,32636,4000.0,-4000.0,12.5,0.001,14,20,cuda:0,0.04065818652538835,blurred_observation,12.5,0.04065818652538835,0.0,170228,170228,,,,,,0.0,0.0,0.0,0.0,0.0,computed,318,True
agriculture__nile_delta__r0c2,agriculture,nile_delta,Nile Delta,30.8,31.0,30.764565305883355,31.04251875051399,30-45,32636,4000.0,-4000.0,12.5,0.001,14,20,cuda:0,0.04065818652538835,psf_aware_matched,12.5,0.033031836848919735,0.1875723028548375,170228,171565,22.0,65536.0,171565.0,1441792.0,0.00012823128260426077,0.27276557218283415,0.04097239300608635,1.68675118079409,0.3137379651889205,2.0004891459830105,computed,318,True
agriculture__nile_delta__r0c2,agriculture,nile_delta,Nile Delta,30.8,31.0,30.764565305883355,31.04251875051399,30-45,32636,4000.0,-4000.0,12.5,0.001,14,20,cuda:0,0.04065818652538835,psf_aware_plus50,18.75,0.06355649256775532,-0.563190540435651,170228,173539,48.0,65536.0,173539.0,3145728.0,0.00027659488645203674,0.4277112768031657,0.07988315308466554,1.7177618560381234,0.5075944298878312,2.2253562859259546,computed,318,True
agriculture__nile_delta__r0c2,agriculture,nile_delta,Nile Delta,30.8,31.0,30.764565305883355,31.04251875051399,30-45,32636,4000.0,-4000.0,12.5,0.001,14,20,cuda:0,0.04065818652538835,psf_aware_minus50,6.25,0.047240126181093606,-0.16188473265021974,169714,169714,9.0,65536.0,169714.0,589824.0,5.3030392307057756e-05,0.17494429368525743,0.022357366047799587,1.7334843459539115,0.19730165973305702,1.9307860056869686,computed,318,True
agriculture__nile_delta__r0c2,agriculture,nile_delta,Nile Delta,30.8,31.0,30.764565305883355,31.04251875051399,30-45,32636,4000.0,-4000.0,12.5,0.001,14,20,cuda:0,0.04065818652538835,nearest,,0.04938131429805697,-0.21454788120521817,169230,170228,,,,,,0.0,0.1307343882508576,0.0,0.1307343882508576,0.1307343882508576,computed,318,True
agriculture__nile_delta__r0c2,agriculture,nile_delta,Nile Delta,30.8,31.0,30.764565305883355,31.04251875051399,30-45,32636,4000.0,-4000.0,12.5,0.001,14,20,cuda:0,0.04065818652538835,bilinear,,0.05143564421136732,-0.2650747268142213,169230,170228,,,,,,0.0,0.11405029706656933,0.0,0.11405029706656933,0.11405029706656933,computed,318,True
agriculture__nile_delta__r0c2,agriculture,nile_delta,Nile Delta,30.8,31.0,30.764565305883355,31.04251875051399,30-45,32636,4000.0,-4000.0,12.5,0.001,14,20,cuda:0,0.04065818652538835,bicubic,,0.04663288258588438,-0.14694939865960888,169230,170228,,,,,,0.0,0.7560455282218754,0.0,0.7560455282218754,0.7560455282218754,computed,318,True
agriculture__nile_delta__r1c0,agriculture,nile_delta,Nile Delta,30.8,31.0,30.799348267874887,30.958213546374623,30-45,32636,-4000.0,0.0,12.5,0.001,14,20,cuda:0,0.06258692913732947,blurred_observation,12.5,0.06258692913732947,0.0,170203,170203,,,,,,0.0,0.0,0.0,0.0,0.0,computed,319,True
agriculture__nile_delta__r1c0,agriculture,nile_delta,Nile Delta,30.8,31.0,30.799348267874887,30.958213546374623,30-45,32636,-4000.0,0.0,12.5,0.001,14,20,cuda:0,0.06258692913732947,psf_aware_matched,12.5,0.05369094456603306,0.14213805812035718,170203,171540,22.0,65536.0,171540.0,1441792.0,0.00012824997085227936,0.2738598440773785,0.04061539703980088,1.7245046482421458,0.3144752411171794,2.038979889359325,computed,319,True
agriculture__nile_delta__r1c0,agriculture,nile_delta,Nile Delta,30.8,31.0,30.799348267874887,30.958213546374623,30-45,32636,-4000.0,0.0,12.5,0.001,14,20,cuda:0,0.06258692913732947,psf_aware_plus50,18.75,0.09357368060955636,-0.49509940652680284,170203,173531,48.0,65536.0,173531.0,3145728.0,0.00027660763782839953,0.43015613686293364,0.08035168005153537,1.7229426195845008,0.510507816914469,2.23345043649897,computed,319,True
agriculture__nile_delta__r1c0,agriculture,nile_delta,Nile Delta,30.8,31.0,30.799348267874887,30.958213546374623,30-45,32636,-4000.0,0.0,12.5,0.001,14,20,cuda:0,0.06258692913732947,psf_aware_minus50,6.25,0.0706870611793273,-0.12942210384255093,169685,169685,9.0,65536.0,169685.0,589824.0,5.3039455461590594e-05,0.1748065920546651,0.022650011349469423,1.6813362250104547,0.1974566034041345,1.8787928284145892,computed,319,True
agriculture__nile_delta__r1c0,agriculture,nile_delta,Nile Delta,30.8,31.0,30.799348267874887,30.958213546374623,30-45,32636,-4000.0,0.0,12.5,0.001,14,20,cuda:0,0.06258692913732947,nearest,,0.07350598757199721,-0.17446228126497365,169213,170203,,,,,,0.0,0.1281527979299426,0.0,0.1281527979299426,0.1281527979299426,computed,319,True
agriculture__nile_delta__r1c0,agriculture,nile_delta,Nile Delta,30.8,31.0,30.799348267874887,30.958213546374623,30-45,32636,-4000.0,0.0,12.5,0.001,14,20,cuda:0,0.06258692913732947,bilinear,,0.07614231029707257,-0.21658485799805915,169213,170203,,,,,,0.0,0.11663748696446419,0.0,0.11663748696446419,0.11663748696446419,computed,319,True
agriculture__nile_delta__r1c0,agriculture,nile_delta,Nile Delta,30.8,31.0,30.799348267874887,30.958213546374623,30-45,32636,-4000.0,0.0,12.5,0.001,14,20,cuda:0,0.06258692913732947,bicubic,,0.07074353138543404,-0.1303243722056917,169213,170203,,,,,,0.0,0.7757881521247327,0.0,0.7757881521247327,0.7757881521247327,computed,319,True
agriculture__nile_delta__r1c1,agriculture,nile_delta,Nile Delta,30.8,31.0,30.799999999999994,31.0,30-45,32636,0.0,0.0,12.5,0.001,14,20,cuda:0,0.09794228571299866,blurred_observation,12.5,0.09794228571299866,0.0,170217,170217,,,,,,0.0,0.0,0.0,0.0,0.0,computed,320,True
agriculture__nile_delta__r1c1,agriculture,nile_delta,Nile Delta,30.8,31.0,30.799999999999994,31.0,30-45,32636,0.0,0.0,12.5,0.001,14,20,cuda:0,0.09794228571299866,psf_aware_matched,12.5,0.08263907799157685,0.15624719813324517,170217,171551,22.0,65536.0,171551.0,1441792.0,0.00012824174735209936,0.27425580518320203,0.04053891310468316,1.6903434051200747,0.3147947182878852,2.00513812340796,computed,320,True
agriculture__nile_delta__r1c1,agriculture,nile_delta,Nile Delta,30.8,31.0,30.799999999999994,31.0,30-45,32636,0.0,0.0,12.5,0.001,14,20,cuda:0,0.09794228571299866,psf_aware_plus50,18.75,0.15014273799531969,-0.5329715546488731,170217,173534,48.0,65536.0,173534.0,3145728.0,0.0002766028559244874,0.44445001101121306,0.07961681764572859,1.791886251885444,0.5240668286569417,2.3159530805423856,computed,320,True
agriculture__nile_delta__r1c1,agriculture,nile_delta,Nile Delta,30.8,31.0,30.799999999999994,31.0,30-45,32636,0.0,0.0,12.5,0.001,14,20,cuda:0,0.09794228571299866,psf_aware_minus50,6.25,0.11094226655568346,-0.1327310338741612,169667,169667,9.0,65536.0,169667.0,589824.0,5.304508242616419e-05,0.1952494322322309,0.02242326969280839,1.740736210718751,0.2176727019250393,1.9584089126437902,computed,320,True
agriculture__nile_delta__r1c1,agriculture,nile_delta,Nile Delta,30.8,31.0,30.799999999999994,31.0,30-45,32636,0.0,0.0,12.5,0.001,14,20,cuda:0,0.09794228571299866,nearest,,0.11560466872374327,-0.18033460095571874,169223,170217,,,,,,0.0,0.13139115134254098,0.0,0.13139115134254098,0.13139115134254098,computed,320,True
agriculture__nile_delta__r1c1,agriculture,nile_delta,Nile Delta,30.8,31.0,30.799999999999994,31.0,30-45,32636,0.0,0.0,12.5,0.001,14,20,cuda:0,0.09794228571299866,bilinear,,0.11999910759795407,-0.22520223746450796,169223,170217,,,,,,0.0,0.11723667196929455,0.0,0.11723667196929455,0.11723667196929455,computed,320,True
agriculture__nile_delta__r1c1,agriculture,nile_delta,Nile Delta,30.8,31.0,30.799999999999994,31.0,30-45,32636,0.0,0.0,12.5,0.001,14,20,cuda:0,0.09794228571299866,bicubic,,0.11094624466160304,-0.13277165071182861,169223,170217,,,,,,0.0,0.7736710207536817,0.0,0.7736710207536817,0.7736710207536817,computed,320,True
agriculture__nile_delta__r1c2,agriculture,nile_delta,Nile Delta,30.8,31.0,30.800638273245827,31.04178780082707,30-45,32636,4000.0,0.0,12.5,0.001,14,20,cuda:0,0.04464024349841179,blurred_observation,12.5,0.04464024349841179,0.0,170222,170222,,,,,,0.0,0.0,0.0,0.0,0.0,computed,321,True
agriculture__nile_delta__r1c2,agriculture,nile_delta,Nile Delta,30.8,31.0,30.800638273245827,31.04178780082707,30-45,32636,4000.0,0.0,12.5,0.001,14,20,cuda:0,0.04464024349841179,psf_aware_matched,12.5,0.036753111877244844,0.17668209227952691,170222,171562,22.0,65536.0,171562.0,1441792.0,0.00012823352490644782,0.2725492618046701,0.040267989970743656,1.6626043249852955,0.31281725177541375,1.9754215767607093,computed,321,True
agriculture__nile_delta__r1c2,agriculture,nile_delta,Nile Delta,30.8,31.0,30.800638273245827,31.04178780082707,30-45,32636,4000.0,0.0,12.5,0.001,14,20,cuda:0,0.04464024349841179,psf_aware_plus50,18.75,0.06930007438958795,-0.5524125533063795,170222,173542,48.0,65536.0,173542.0,3145728.0,0.000276590104988994,0.4702057125978172,0.07964848820120096,1.706677663139999,0.5498542007990181,2.256531863939017,computed,321,True
agriculture__nile_delta__r1c2,agriculture,nile_delta,Nile Delta,30.8,31.0,30.800638273245827,31.04178780082707,30-45,32636,4000.0,0.0,12.5,0.001,14,20,cuda:0,0.04464024349841179,psf_aware_minus50,6.25,0.05152263521021538,-0.15417460059438182,169678,169678,9.0,65536.0,169678.0,589824.0,5.304164358372918e-05,0.17394255567342043,0.022332108113914728,1.6602628198452294,0.19627466378733516,1.8565374836325645,computed,321,True
agriculture__nile_delta__r1c2,agriculture,nile_delta,Nile Delta,30.8,31.0,30.800638273245827,31.04178780082707,30-45,32636,4000.0,0.0,12.5,0.001,14,20,cuda:0,0.04464024349841179,nearest,,0.05379976456105168,-0.2051852845060258,169232,170222,,,,,,0.0,0.12722201505675912,0.0,0.12722201505675912,0.12722201505675912,computed,321,True
agriculture__nile_delta__r1c2,agriculture,nile_delta,Nile Delta,30.8,31.0,30.800638273245827,31.04178780082707,30-45,32636,4000.0,0.0,12.5,0.001,14,20,cuda:0,0.04464024349841179,bilinear,,0.055896817926985976,-0.25216203018638716,169232,170222,,,,,,0.0,0.11722673336043954,0.0,0.11722673336043954,0.11722673336043954,computed,321,True
agriculture__nile_delta__r1c2,agriculture,nile_delta,Nile Delta,30.8,31.0,30.800638273245827,31.04178780082707,30-45,32636,4000.0,0.0,12.5,0.001,14,20,cuda:0,0.04464024349841179,bicubic,,0.05098493386088561,-0.1421293851746026,169232,170222,,,,,,0.0,0.7706644670106471,0.0,0.7706644670106471,0.7706644670106471,computed,321,True
agriculture__nile_delta__r2c0,agriculture,nile_delta,Nile Delta,30.8,31.0,30.835419180952112,30.957450077044548,30-45,32636,-4000.0,4000.0,12.5,0.001,14,20,cuda:0,0.03250617791057691,blurred_observation,12.5,0.03250617791057691,0.0,170202,170202,,,,,,0.0,0.0,0.0,0.0,0.0,computed,322,True
agriculture__nile_delta__r2c0,agriculture,nile_delta,Nile Delta,30.8,31.0,30.835419180952112,30.957450077044548,30-45,32636,-4000.0,4000.0,12.5,0.001,14,20,cuda:0,0.03250617791057691,psf_aware_matched,12.5,0.02691223406479944,0.1720886368482375,170202,171544,22.0,65536.0,171544.0,1441792.0,0.00012824698036655317,0.2780598793178797,0.040398987010121346,1.686272082850337,0.318458866328001,2.004730949178338,computed,322,True
agriculture__nile_delta__r2c0,agriculture,nile_delta,Nile Delta,30.8,31.0,30.835419180952112,30.957450077044548,30-45,32636,-4000.0,4000.0,12.5,0.001,14,20,cuda:0,0.03250617791057691,psf_aware_plus50,18.75,0.050540622761274245,-0.5548005336188497,170202,173523,48.0,65536.0,173523.0,3145728.0,0.0002766203903805259,0.460340338293463,0.07999358139932156,1.6877520959824324,0.5403339196927845,2.228086015675217,computed,322,True
agriculture__nile_delta__r2c0,agriculture,nile_delta,Nile Delta,30.8,31.0,30.835419180952112,30.957450077044548,30-45,32636,-4000.0,4000.0,12.5,0.001,14,20,cuda:0,0.03250617791057691,psf_aware_minus50,6.25,0.03743615104863897,-0.1516626516849875,169679,169679,9.0,65536.0,169679.0,589824.0,5.304133098379882e-05,0.17477805819362402,0.022484115790575743,1.7426477605476975,0.19726217398419976,1.9399099345318973,computed,322,True
agriculture__nile_delta__r2c0,agriculture,nile_delta,Nile Delta,30.8,31.0,30.835419180952112,30.957450077044548,30-45,32636,-4000.0,4000.0,12.5,0.001,14,20,cuda:0,0.03250617791057691,nearest,,0.03908732892335467,-0.20245846899879227,169208,170202,,,,,,0.0,0.13024269696325064,0.0,0.13024269696325064,0.13024269696325064,computed,322,True
agriculture__nile_delta__r2c0,agriculture,nile_delta,Nile Delta,30.8,31.0,30.835419180952112,30.957450077044548,30-45,32636,-4000.0,4000.0,12.5,0.001,14,20,cuda:0,0.03250617791057691,bilinear,,0.040672683097125656,-0.25122932659183883,169208,170202,,,,,,0.0,0.11404862394556403,0.0,0.11404862394556403,0.11404862394556403,computed,322,True
agriculture__nile_delta__r2c0,agriculture,nile_delta,Nile Delta,30.8,31.0,30.835419180952112,30.957450077044548,30-45,32636,-4000.0,4000.0,12.5,0.001,14,20,cuda:0,0.03250617791057691,bicubic,,0.0370987317323282,-0.14128249203536658,169208,170202,,,,,,0.0,0.7740463321097195,0.0,0.7740463321097195,0.7740463321097195,computed,322,True
agriculture__nile_delta__r2c1,agriculture,nile_delta,Nile Delta,30.8,31.0,30.836071841472993,30.999252129880908,30-45,32636,0.0,4000.0,12.5,0.001,14,20,cuda:0,0.0382037382714844,blurred_observation,12.5,0.0382037382714844,0.0,170214,170214,,,,,,0.0,0.0,0.0,0.0,0.0,computed,323,True
agriculture__nile_delta__r2c1,agriculture,nile_delta,Nile Delta,30.8,31.0,30.836071841472993,30.999252129880908,30-45,32636,0.0,4000.0,12.5,0.001,14,20,cuda:0,0.0382037382714844,psf_aware_matched,12.5,0.031593924999529545,0.1730148297264531,170214,171548,22.0,65536.0,171548.0,1441792.0,0.00012824399002028586,0.2758773360401392,0.04056207602843642,1.684660711325705,0.3164394120685756,2.0011001233942807,computed,323,True
agriculture__nile_delta__r2c1,agriculture,nile_delta,Nile Delta,30.8,31.0,30.836071841472993,30.999252129880908,30-45,32636,0.0,4000.0,12.5,0.001,14,20,cuda:0,0.0382037382714844,psf_aware_plus50,18.75,0.05952602015253995,-0.5581203004149646,170214,173529,48.0,65536.0,173529.0,3145728.0,0.00027661082585619696,0.44252411276102066,0.0797575251199305,1.7138133789412677,0.5222816378809512,2.236095016822219,computed,323,True
agriculture__nile_delta__r2c1,agriculture,nile_delta,Nile Delta,30.8,31.0,30.836071841472993,30.999252129880908,30-45,32636,0.0,4000.0,12.5,0.001,14,20,cuda:0,0.0382037382714844,psf_aware_minus50,6.25,0.044470490998778645,-0.16403506596033313,169662,169662,9.0,65536.0,169662.0,589824.0,5.304664568377126e-05,0.17215346731245518,0.02216029306873679,1.6428174679167569,0.19431376038119197,1.8371312282979488,computed,323,True
agriculture__nile_delta__r2c1,agriculture,nile_delta,Nile Delta,30.8,31.0,30.836071841472993,30.999252129880908,30-45,32636,0.0,4000.0,12.5,0.001,14,20,cuda:0,0.0382037382714844,nearest,,0.04635251739356048,-0.2132979517388851,169222,170214,,,,,,0.0,0.12687854375690222,0.0,0.12687854375690222,0.12687854375690222,computed,323,True
agriculture__nile_delta__r2c1,agriculture,nile_delta,Nile Delta,30.8,31.0,30.836071841472993,30.999252129880908,30-45,32636,0.0,4000.0,12.5,0.001,14,20,cuda:0,0.0382037382714844,bilinear,,0.04817987011703693,-0.26112972962645387,169222,170214,,,,,,0.0,0.11641137907281518,0.0,0.11641137907281518,0.11641137907281518,computed,323,True
agriculture__nile_delta__r2c1,agriculture,nile_delta,Nile Delta,30.8,31.0,30.836071841472993,30.999252129880908,30-45,32636,0.0,4000.0,12.5,0.001,14,20,cuda:0,0.0382037382714844,bicubic,,0.04377921559167662,-0.14594062184626067,169222,170214,,,,,,0.0,0.7628242173232138,0.0,0.7628242173232138,0.7628242173232138,computed,323,True
agriculture__nile_delta__r2c2,agriculture,nile_delta,Nile Delta,30.8,31.0,30.836711023954354,31.041055532013978,30-45,32636,4000.0,4000.0,12.5,0.001,14,20,cuda:0,0.04020858422018051,blurred_observation,12.5,0.04020858422018051,0.0,170218,170218,,,,,,0.0,0.0,0.0,0.0,0.0,computed,324,True
agriculture__nile_delta__r2c2,agriculture,nile_delta,Nile Delta,30.8,31.0,30.836711023954354,31.041055532013978,30-45,32636,4000.0,4000.0,12.5,0.001,14,20,cuda:0,0.04020858422018051,psf_aware_matched,12.5,0.033836139733154406,0.15848467710603453,170218,171552,22.0,65536.0,171552.0,1441792.0,0.00012824099981346765,0.27428945805877447,0.040351097006350756,1.6590750911273062,0.3146405550651252,1.9737156461924314,computed,324,True
agriculture__nile_delta__r2c2,agriculture,nile_delta,Nile Delta,30.8,31.0,30.836711023954354,31.041055532013978,30-45,32636,4000.0,4000.0,12.5,0.001,14,20,cuda:0,0.04020858422018051,psf_aware_plus50,18.75,0.06082247783793246,-0.5126739480522651,170218,173539,48.0,65536.0,173539.0,3145728.0,0.00027659488645203674,0.4833355317823589,0.07976053096354008,1.691300727892667,0.563096062745899,2.254396790638566,computed,324,True
agriculture__nile_delta__r2c2,agriculture,nile_delta,Nile Delta,30.8,31.0,30.836711023954354,31.041055532013978,30-45,32636,4000.0,4000.0,12.5,0.001,14,20,cuda:0,0.04020858422018051,psf_aware_minus50,6.25,0.04589404263206765,-0.1413991196694171,169712,169712,9.0,65536.0,169712.0,589824.0,5.3031017252757614e-05,0.17574086179956794,0.02223092596977949,1.7425094302743673,0.19797178776934743,1.9404812180437148,computed,324,True
agriculture__nile_delta__r2c2,agriculture,nile_delta,Nile Delta,30.8,31.0,30.836711023954354,31.041055532013978,30-45,32636,4000.0,4000.0,12.5,0.001,14,20,cuda:0,0.04020858422018051,nearest,,0.047799778434477455,-0.18879536202338998,169229,170218,,,,,,0.0,0.1297833058051765,0.0,0.1297833058051765,0.1297833058051765,computed,324,True
agriculture__nile_delta__r2c2,agriculture,nile_delta,Nile Delta,30.8,31.0,30.836711023954354,31.041055532013978,30-45,32636,4000.0,4000.0,12.5,0.001,14,20,cuda:0,0.04020858422018051,bilinear,,0.04954262634379139,-0.23214053179535132,169229,170218,,,,,,0.0,0.11712280614301562,0.0,0.11712280614301562,0.11712280614301562,computed,324,True
agriculture__nile_delta__r2c2,agriculture,nile_delta,Nile Delta,30.8,31.0,30.836711023954354,31.041055532013978,30-45,32636,4000.0,4000.0,12.5,0.001,14,20,cuda:0,0.04020858422018051,bicubic,,0.045627508873490395,-0.13477034216465023,169229,170218,,,,,,0.0,0.7630060007795691,0.0,0.7630060007795691,0.7630060007795691,computed,324,True
agriculture__ukraine__r0c0,agriculture,ukraine,Central Ukraine,49.0,31.0,48.96307988174321,30.946825298431406,45-60,32636,-4000.0,-4000.0,12.5,0.001,14,20,cuda:0,0.02789117841670565,blurred_observation,12.5,0.02789117841670565,0.0,169588,169588,,,,,,0.0,0.0,0.0,0.0,0.0,computed,325,True
agriculture__ukraine__r0c0,agriculture,ukraine,Central Ukraine,49.0,31.0,48.96307988174321,30.946825298431406,45-60,32636,-4000.0,-4000.0,12.5,0.001,14,20,cuda:0,0.02789117841670565,psf_aware_matched,12.5,0.022757549156847603,0.18405924565679943,169588,170908,22.0,65536.0,170908.0,1441792.0,0.00012872422589931424,0.2770970049314201,0.040412142872810364,1.501371453050524,0.31750914780423045,1.8188806008547544,computed,325,True
agriculture__ukraine__r0c0,agriculture,ukraine,Central Ukraine,49.0,31.0,48.96307988174321,30.946825298431406,45-60,32636,-4000.0,-4000.0,12.5,0.001,14,20,cuda:0,0.02789117841670565,psf_aware_plus50,18.75,0.04334029412568208,-0.5539068833220417,169588,172889,48.0,65536.0,172889.0,3145728.0,0.0002776347830110649,0.4349771882407367,0.08088961895555258,1.5506671010516584,0.5158668071962893,2.0665339082479477,computed,325,True
agriculture__ukraine__r0c0,agriculture,ukraine,Central Ukraine,49.0,31.0,48.96307988174321,30.946825298431406,45-60,32636,-4000.0,-4000.0,12.5,0.001,14,20,cuda:0,0.02789117841670565,psf_aware_minus50,6.25,0.03158270770979667,-0.13235472657117797,169046,169046,9.0,65536.0,169046.0,589824.0,5.3239946523431495e-05,0.1902953488752246,0.02090736897662282,1.503537124954164,0.2112027178518474,1.7147398428060114,computed,325,True
agriculture__ukraine__r0c0,agriculture,ukraine,Central Ukraine,49.0,31.0,48.96307988174321,30.946825298431406,45-60,32636,-4000.0,-4000.0,12.5,0.001,14,20,cuda:0,0.02789117841670565,nearest,,0.03296961223978531,-0.18208028887147676,168596,169588,,,,,,0.0,0.1266420460306108,0.0,0.1266420460306108,0.1266420460306108,computed,325,True
agriculture__ukraine__r0c0,agriculture,ukraine,Central Ukraine,49.0,31.0,48.96307988174321,30.946825298431406,45-60,32636,-4000.0,-4000.0,12.5,0.001,14,20,cuda:0,0.02789117841670565,bilinear,,0.034257587402259176,-0.22825887420161184,168596,169588,,,,,,0.0,0.11447763629257679,0.0,0.11447763629257679,0.11447763629257679,computed,325,True
agriculture__ukraine__r0c0,agriculture,ukraine,Central Ukraine,49.0,31.0,48.96307988174321,30.946825298431406,45-60,32636,-4000.0,-4000.0,12.5,0.001,14,20,cuda:0,0.02789117841670565,bicubic,,0.03147314084039461,-0.12842635654087364,168596,169588,,,,,,0.0,0.7659777398221195,0.0,0.7659777398221195,0.7659777398221195,computed,325,True
agriculture__ukraine__r0c1,agriculture,ukraine,Central Ukraine,49.0,31.0,48.96403935228539,31.001438992156054,45-60,32636,0.0,-4000.0,12.5,0.001,14,20,cuda:0,0.028929140830827156,blurred_observation,12.5,0.028929140830827156,0.0,169585,169585,,,,,,0.0,0.0,0.0,0.0,0.0,computed,326,True
agriculture__ukraine__r0c1,agriculture,ukraine,Central Ukraine,49.0,31.0,48.96403935228539,31.001438992156054,45-60,32636,0.0,-4000.0,12.5,0.001,14,20,cuda:0,0.028929140830827156,psf_aware_matched,12.5,0.02489719650449027,0.13937310996946062,169585,170918,22.0,65536.0,170918.0,1441792.0,0.00012871669455528383,0.2809454440139234,0.040511200204491615,1.530776506755501,0.321456644218415,1.852233150973916,computed,326,True
agriculture__ukraine__r0c1,agriculture,ukraine,Central Ukraine,49.0,31.0,48.96403935228539,31.001438992156054,45-60,32636,0.0,-4000.0,12.5,0.001,14,20,cuda:0,0.028929140830827156,psf_aware_plus50,18.75,0.04291417559707423,-0.48342378531147023,169585,172900,48.0,65536.0,172900.0,3145728.0,0.00027761711972238285,0.4361045639961958,0.07989787077531219,1.5848919046111405,0.516002434771508,2.1008943393826485,computed,326,True
agriculture__ukraine__r0c1,agriculture,ukraine,Central Ukraine,49.0,31.0,48.96403935228539,31.001438992156054,45-60,32636,0.0,-4000.0,12.5,0.001,14,20,cuda:0,0.028929140830827156,psf_aware_minus50,6.25,0.03217517822750307,-0.11220649156703977,169055,169055,9.0,65536.0,169055.0,589824.0,5.3237112182425837e-05,0.17910224804654717,0.02150532230734825,1.495474963914603,0.20060757035389543,1.6960825342684984,computed,326,True
agriculture__ukraine__r0c1,agriculture,ukraine,Central Ukraine,49.0,31.0,48.96403935228539,31.001438992156054,45-60,32636,0.0,-4000.0,12.5,0.001,14,20,cuda:0,0.028929140830827156,nearest,,0.033417451859644336,-0.15514843856110638,168606,169585,,,,,,0.0,0.12611827487125993,0.0,0.12611827487125993,0.12611827487125993,computed,326,True
agriculture__ukraine__r0c1,agriculture,ukraine,Central Ukraine,49.0,31.0,48.96403935228539,31.001438992156054,45-60,32636,0.0,-4000.0,12.5,0.001,14,20,cuda:0,0.028929140830827156,bilinear,,0.034540112102511566,-0.19395568311193356,168606,169585,,,,,,0.0,0.11574971489608288,0.0,0.11574971489608288,0.11574971489608288,computed,326,True
agriculture__ukraine__r0c1,agriculture,ukraine,Central Ukraine,49.0,31.0,48.96403935228539,31.001438992156054,45-60,32636,0.0,-4000.0,12.5,0.001,14,20,cuda:0,0.028929140830827156,bicubic,,0.03227008197612232,-0.11548705040472651,168606,169585,,,,,,0.0,0.7660832898691297,0.0,0.7660832898691297,0.7660832898691297,computed,326,True
agriculture__ukraine__r0c2,agriculture,ukraine,Central Ukraine,49.0,31.0,48.964972980160155,31.056055538437917,45-60,32636,4000.0,-4000.0,12.5,0.001,14,20,cuda:0,0.027623638556624357,blurred_observation,12.5,0.027623638556624357,0.0,169590,169590,,,,,,0.0,0.0,0.0,0.0,0.0,computed,327,True
agriculture__ukraine__r0c2,agriculture,ukraine,Central Ukraine,49.0,31.0,48.964972980160155,31.056055538437917,45-60,32636,4000.0,-4000.0,12.5,0.001,14,20,cuda:0,0.027623638556624357,psf_aware_matched,12.5,0.022253290838290245,0.19441130853655275,169590,170919,22.0,65536.0,170919.0,1441792.0,0.00012871594146935097,0.2891433918848634,0.04041554918512702,1.5476180859841406,0.3295589410699904,1.877177027054131,computed,327,True
agriculture__ukraine__r0c2,agriculture,ukraine,Central Ukraine,49.0,31.0,48.964972980160155,31.056055538437917,45-60,32636,4000.0,-4000.0,12.5,0.001,14,20,cuda:0,0.027623638556624357,psf_aware_plus50,18.75,0.04327801827989198,-0.5667023079229214,169590,172877,48.0,65536.0,172877.0,3145728.0,0.0002776540546168663,0.4577856492251158,0.07996033923700452,1.5661293771117926,0.5377459884621203,2.103875365573913,computed,327,True
agriculture__ukraine__r0c2,agriculture,ukraine,Central Ukraine,49.0,31.0,48.964972980160155,31.056055538437917,45-60,32636,4000.0,-4000.0,12.5,0.001,14,20,cuda:0,0.027623638556624357,psf_aware_minus50,6.25,0.03238899458203983,-0.17251007739792135,169054,169054,9.0,65536.0,169054.0,589824.0,5.323742709430123e-05,0.1870270692743361,0.020993121899664402,1.5503672831691802,0.2080201911740005,1.7583874743431807,computed,327,True
agriculture__ukraine__r0c2,agriculture,ukraine,Central Ukraine,49.0,31.0,48.964972980160155,31.056055538437917,45-60,32636,4000.0,-4000.0,12.5,0.001,14,20,cuda:0,0.027623638556624357,nearest,,0.033918162686049316,-0.2278673070718804,168617,169590,,,,,,0.0,0.12917641690000892,0.0,0.12917641690000892,0.12917641690000892,computed,327,True
agriculture__ukraine__r0c2,agriculture,ukraine,Central Ukraine,49.0,31.0,48.964972980160155,31.056055538437917,45-60,32636,4000.0,-4000.0,12.5,0.001,14,20,cuda:0,0.027623638556624357,bilinear,,0.03521316807336524,-0.2747476405464644,168617,169590,,,,,,0.0,0.12256661709398031,0.0,0.12256661709398031,0.12256661709398031,computed,327,True
agriculture__ukraine__r0c2,agriculture,ukraine,Central Ukraine,49.0,31.0,48.964972980160155,31.056055538437917,45-60,32636,4000.0,-4000.0,12.5,0.001,14,20,cuda:0,0.027623638556624357,bicubic,,0.03168210777918453,-0.14692015370245004,168617,169590,,,,,,0.0,0.7894215239211917,0.0,0.7894215239211917,0.7894215239211917,computed,327,True
agriculture__ukraine__r1c0,agriculture,ukraine,Central Ukraine,49.0,31.0,48.99903932061803,30.945347050167964,45-60,32636,-4000.0,0.0,12.5,0.001,14,20,cuda:0,0.017870924051083273,blurred_observation,12.5,0.017870924051083273,0.0,169583,169583,,,,,,0.0,0.0,0.0,0.0,0.0,computed,328,True
agriculture__ukraine__r1c0,agriculture,ukraine,Central Ukraine,49.0,31.0,48.99903932061803,30.945347050167964,45-60,32636,-4000.0,0.0,12.5,0.001,14,20,cuda:0,0.017870924051083273,psf_aware_matched,12.5,0.014492651240424367,0.18903738838586392,169583,170905,22.0,65536.0,170905.0,1441792.0,0.00012872648547438635,0.27651115600019693,0.04105652263388038,1.5991528150625527,0.3175676786340773,1.91672049369663,computed,328,True
agriculture__ukraine__r1c0,agriculture,ukraine,Central Ukraine,49.0,31.0,48.99903932061803,30.945347050167964,45-60,32636,-4000.0,0.0,12.5,0.001,14,20,cuda:0,0.017870924051083273,psf_aware_plus50,18.75,0.026989836209316574,-0.5102652852290839,169583,172891,48.0,65536.0,172891.0,3145728.0,0.00027763157133685383,0.4647986018098891,0.0799681437201798,1.6029411810450256,0.5447667455300689,2.1477079265750945,computed,328,True
agriculture__ukraine__r1c0,agriculture,ukraine,Central Ukraine,49.0,31.0,48.99903932061803,30.945347050167964,45-60,32636,-4000.0,0.0,12.5,0.001,14,20,cuda:0,0.017870924051083273,psf_aware_minus50,6.25,0.02037666682228838,-0.14021338594705846,169046,169046,9.0,65536.0,169046.0,589824.0,5.3239946523431495e-05,0.19033139664679766,0.020891078282147646,1.627292973920703,0.2112224749289453,1.8385154488496482,computed,328,True
agriculture__ukraine__r1c0,agriculture,ukraine,Central Ukraine,49.0,31.0,48.99903932061803,30.945347050167964,45-60,32636,-4000.0,0.0,12.5,0.001,14,20,cuda:0,0.017870924051083273,nearest,,0.02125791591012834,-0.1895252785677728,168599,169583,,,,,,0.0,0.12885831389576197,0.0,0.12885831389576197,0.12885831389576197,computed,328,True
agriculture__ukraine__r1c0,agriculture,ukraine,Central Ukraine,49.0,31.0,48.99903932061803,30.945347050167964,45-60,32636,-4000.0,0.0,12.5,0.001,14,20,cuda:0,0.017870924051083273,bilinear,,0.022070109292221,-0.2349730338025351,168599,169583,,,,,,0.0,0.11443414399400353,0.0,0.11443414399400353,0.11443414399400353,computed,328,True
agriculture__ukraine__r1c0,agriculture,ukraine,Central Ukraine,49.0,31.0,48.99903932061803,30.945347050167964,45-60,32636,-4000.0,0.0,12.5,0.001,14,20,cuda:0,0.017870924051083273,bicubic,,0.02009152307504736,-0.12425764989077237,168599,169583,,,,,,0.0,0.7625300399959087,0.0,0.7625300399959087,0.7625300399959087,computed,328,True
agriculture__ukraine__r1c1,agriculture,ukraine,Central Ukraine,49.0,31.0,48.99999999999999,31.0,45-60,32636,0.0,0.0,12.5,0.001,14,20,cuda:0,0.03148030466456668,blurred_observation,12.5,0.03148030466456668,0.0,169588,169588,,,,,,0.0,0.0,0.0,0.0,0.0,computed,329,True
agriculture__ukraine__r1c1,agriculture,ukraine,Central Ukraine,49.0,31.0,48.99999999999999,31.0,45-60,32636,0.0,0.0,12.5,0.001,14,20,cuda:0,0.03148030466456668,psf_aware_matched,12.5,0.025946261514939832,0.17579382437984492,169588,170912,22.0,65536.0,170912.0,1441792.0,0.00012872121325594458,0.275730486959219,0.04042877396568656,2.0472713438794017,0.31615926092490554,2.3634306048043072,computed,329,True
agriculture__ukraine__r1c1,agriculture,ukraine,Central Ukraine,49.0,31.0,48.99999999999999,31.0,45-60,32636,0.0,0.0,12.5,0.001,14,20,cuda:0,0.03148030466456668,psf_aware_plus50,18.75,0.04929243555663774,-0.5658182499142035,169588,172896,48.0,65536.0,172896.0,3145728.0,0.000277623542476402,0.4304811120964587,0.0800627232529223,2.0097670587711036,0.510543835349381,2.5203108941204846,computed,329,True
agriculture__ukraine__r1c1,agriculture,ukraine,Central Ukraine,49.0,31.0,48.99999999999999,31.0,45-60,32636,0.0,0.0,12.5,0.001,14,20,cuda:0,0.03148030466456668,psf_aware_minus50,6.25,0.03585677563139959,-0.13902250989835374,169054,169054,9.0,65536.0,169054.0,589824.0,5.323742709430123e-05,0.17707370733842254,0.021208008751273155,1.9672355321235955,0.1982817160896957,2.165517248213291,computed,329,True
agriculture__ukraine__r1c1,agriculture,ukraine,Central Ukraine,49.0,31.0,48.99999999999999,31.0,45-60,32636,0.0,0.0,12.5,0.001,14,20,cuda:0,0.03148030466456668,nearest,,0.037461810781829745,-0.19000788527932122,168598,169588,,,,,,0.0,0.12585349194705486,0.0,0.12585349194705486,0.12585349194705486,computed,329,True
agriculture__ukraine__r1c1,agriculture,ukraine,Central Ukraine,49.0,31.0,48.99999999999999,31.0,45-60,32636,0.0,0.0,12.5,0.001,14,20,cuda:0,0.03148030466456668,bilinear,,0.03892321832615948,-0.23643080144552497,168598,169588,,,,,,0.0,0.11502587469294667,0.0,0.11502587469294667,0.11502587469294667,computed,329,True
agriculture__ukraine__r1c1,agriculture,ukraine,Central Ukraine,49.0,31.0,48.99999999999999,31.0,45-60,32636,0.0,0.0,12.5,0.001,14,20,cuda:0,0.03148030466456668,bicubic,,0.03570649148692309,-0.13424859979558224,168598,169588,,,,,,0.0,0.7598798098042607,0.0,0.7598798098042607,0.7598798098042607,computed,329,True
agriculture__ukraine__r1c2,agriculture,ukraine,Central Ukraine,49.0,31.0,49.00093480419986,31.054655809675374,45-60,32636,4000.0,0.0,12.5,0.001,14,20,cuda:0,0.04115556134168654,blurred_observation,12.5,0.04115556134168654,0.0,169609,169609,,,,,,0.0,0.0,0.0,0.0,0.0,computed,330,True
agriculture__ukraine__r1c2,agriculture,ukraine,Central Ukraine,49.0,31.0,49.00093480419986,31.054655809675374,45-60,32636,4000.0,0.0,12.5,0.001,14,20,cuda:0,0.04115556134168654,psf_aware_matched,12.5,0.03378913762697937,0.17898975192073763,169609,170897,22.0,65536.0,170897.0,1441792.0,0.000128732511395753,0.27658108761534095,0.04033022839576006,2.143262606114149,0.316911316011101,2.46017392212525,computed,330,True
agriculture__ukraine__r1c2,agriculture,ukraine,Central Ukraine,49.0,31.0,49.00093480419986,31.054655809675374,45-60,32636,4000.0,0.0,12.5,0.001,14,20,cuda:0,0.04115556134168654,psf_aware_plus50,18.75,0.06433338379462782,-0.5631759523460664,169609,172920,48.0,65536.0,172920.0,3145728.0,0.0002775850104094379,0.5075503662228584,0.07975910697132349,2.1917056497186422,0.5873094731941819,2.779015122912824,computed,330,True
agriculture__ukraine__r1c2,agriculture,ukraine,Central Ukraine,49.0,31.0,49.00093480419986,31.054655809675374,45-60,32636,4000.0,0.0,12.5,0.001,14,20,cuda:0,0.04115556134168654,psf_aware_minus50,6.25,0.04695671679967905,-0.14095678126777256,169058,169058,9.0,65536.0,169058.0,589824.0,5.3236167469152596e-05,0.1857320060953498,0.020903291646391153,2.1975898249074817,0.20663529774174094,2.4042251226492226,computed,330,True
agriculture__ukraine__r1c2,agriculture,ukraine,Central Ukraine,49.0,31.0,49.00093480419986,31.054655809675374,45-60,32636,4000.0,0.0,12.5,0.001,14,20,cuda:0,0.04115556134168654,nearest,,0.049047705385494016,-0.1917637322033927,168591,169609,,,,,,0.0,0.12266815965995193,0.0,0.12266815965995193,0.12266815965995193,computed,330,True
agriculture__ukraine__r1c2,agriculture,ukraine,Central Ukraine,49.0,31.0,49.00093480419986,31.054655809675374,45-60,32636,4000.0,0.0,12.5,0.001,14,20,cuda:0,0.04115556134168654,bilinear,,0.05102369652877663,-0.23977646921546514,168591,169609,,,,,,0.0,0.10856229206547141,0.0,0.10856229206547141,0.10856229206547141,computed,330,True
agriculture__ukraine__r1c2,agriculture,ukraine,Central Ukraine,49.0,31.0,49.00093480419986,31.054655809675374,45-60,32636,4000.0,0.0,12.5,0.001,14,20,cuda:0,0.04115556134168654,bicubic,,0.04677351145586092,-0.13650524816153942,168591,169609,,,,,,0.0,0.7562362891621888,0.0,0.7562362891621888,0.7562362891621888,computed,330,True
agriculture__ukraine__r2c0,agriculture,ukraine,Central Ukraine,49.0,31.0,49.034998500941064,30.943865864183454,45-60,32636,-4000.0,4000.0,12.5,0.001,14,20,cuda:0,0.029546809688739,blurred_observation,12.5,0.029546809688739,0.0,169582,169582,,,,,,0.0,0.0,0.0,0.0,0.0,computed,331,True
agriculture__ukraine__r2c0,agriculture,ukraine,Central Ukraine,49.0,31.0,49.034998500941064,30.943865864183454,45-60,32636,-4000.0,4000.0,12.5,0.001,14,20,cuda:0,0.029546809688739,psf_aware_matched,12.5,0.024124726260229077,0.18350825302727725,169582,170908,22.0,65536.0,170908.0,1441792.0,0.00012872422589931424,0.28536816127598286,0.040402824990451336,2.146721248049289,0.3257709862664342,2.472492234315723,computed,331,True
agriculture__ukraine__r2c0,agriculture,ukraine,Central Ukraine,49.0,31.0,49.034998500941064,30.943865864183454,45-60,32636,-4000.0,4000.0,12.5,0.001,14,20,cuda:0,0.029546809688739,psf_aware_plus50,18.75,0.045486727125688575,-0.5394801538598823,169582,172892,48.0,65536.0,172892.0,3145728.0,0.0002776299655276126,0.4292191928252578,0.07979508582502604,2.2048821970820427,0.5090142786502838,2.7138964757323265,computed,331,True
agriculture__ukraine__r2c0,agriculture,ukraine,Central Ukraine,49.0,31.0,49.034998500941064,30.943865864183454,45-60,32636,-4000.0,4000.0,12.5,0.001,14,20,cuda:0,0.029546809688739,psf_aware_minus50,6.25,0.03357254182117282,-0.13624929983449707,169048,169048,9.0,65536.0,169048.0,589824.0,5.323931664379348e-05,0.1736317677423358,0.021297458093613386,2.1953833349980414,0.19492922583594918,2.3903125608339906,computed,331,True
agriculture__ukraine__r2c0,agriculture,ukraine,Central Ukraine,49.0,31.0,49.034998500941064,30.943865864183454,45-60,32636,-4000.0,4000.0,12.5,0.001,14,20,cuda:0,0.029546809688739,nearest,,0.03504111181670707,-0.18595246613248007,168597,169582,,,,,,0.0,0.12929425993934274,0.0,0.12929425993934274,0.12929425993934274,computed,331,True
agriculture__ukraine__r2c0,agriculture,ukraine,Central Ukraine,49.0,31.0,49.034998500941064,30.943865864183454,45-60,32636,-4000.0,4000.0,12.5,0.001,14,20,cuda:0,0.029546809688739,bilinear,,0.03638439279420628,-0.2314152755406702,168597,169582,,,,,,0.0,0.1083547999151051,0.0,0.1083547999151051,0.1083547999151051,computed,331,True
agriculture__ukraine__r2c0,agriculture,ukraine,Central Ukraine,49.0,31.0,49.034998500941064,30.943865864183454,45-60,32636,-4000.0,4000.0,12.5,0.001,14,20,cuda:0,0.029546809688739,bicubic,,0.03338855176634156,-0.1300222297457292,168597,169582,,,,,,0.0,0.7603277680464089,0.0,0.7603277680464089,0.7603277680464089,computed,331,True
agriculture__ukraine__r2c1,agriculture,ukraine,Central Ukraine,49.0,31.0,49.03596039089362,30.998558147996302,45-60,32636,0.0,4000.0,12.5,0.001,14,20,cuda:0,0.01864485128288263,blurred_observation,12.5,0.01864485128288263,0.0,169585,169585,,,,,,0.0,0.0,0.0,0.0,0.0,computed,332,True
agriculture__ukraine__r2c1,agriculture,ukraine,Central Ukraine,49.0,31.0,49.03596039089362,30.998558147996302,45-60,32636,0.0,4000.0,12.5,0.001,14,20,cuda:0,0.01864485128288263,psf_aware_matched,12.5,0.01553632934778602,0.16672280663082928,169585,170910,22.0,65536.0,170910.0,1441792.0,0.00012872271956000235,0.28195483703166246,0.04054638696834445,2.157466799020767,0.3225012240000069,2.479968023020774,computed,332,True
agriculture__ukraine__r2c1,agriculture,ukraine,Central Ukraine,49.0,31.0,49.03596039089362,30.998558147996302,45-60,32636,0.0,4000.0,12.5,0.001,14,20,cuda:0,0.01864485128288263,psf_aware_plus50,18.75,0.028270134025849884,-0.5162434710221573,169585,172885,48.0,65536.0,172885.0,3145728.0,0.00027764120658241027,0.45023346366360784,0.0796876922249794,2.182405173778534,0.5299211558885872,2.712326329667121,computed,332,True
agriculture__ukraine__r2c1,agriculture,ukraine,Central Ukraine,49.0,31.0,49.03596039089362,30.998558147996302,45-60,32636,0.0,4000.0,12.5,0.001,14,20,cuda:0,0.01864485128288263,psf_aware_minus50,6.25,0.021254327912043836,-0.1399569559214935,169050,169050,9.0,65536.0,169050.0,589824.0,5.323868677905945e-05,0.17520136013627052,0.020965659990906715,2.1399000477977097,0.19616702012717724,2.336067067924887,computed,332,True
agriculture__ukraine__r2c1,agriculture,ukraine,Central Ukraine,49.0,31.0,49.03596039089362,30.998558147996302,45-60,32636,0.0,4000.0,12.5,0.001,14,20,cuda:0,0.01864485128288263,nearest,,0.022087408244676872,-0.18463847791345844,168599,169585,,,,,,0.0,0.12281184224411845,0.0,0.12281184224411845,0.12281184224411845,computed,332,True
agriculture__ukraine__r2c1,agriculture,ukraine,Central Ukraine,49.0,31.0,49.03596039089362,30.998558147996302,45-60,32636,0.0,4000.0,12.5,0.001,14,20,cuda:0,0.01864485128288263,bilinear,,0.022923965761865995,-0.22950649560352954,168599,169585,,,,,,0.0,0.1077993968501687,0.0,0.1077993968501687,0.1077993968501687,computed,332,True
agriculture__ukraine__r2c1,agriculture,ukraine,Central Ukraine,49.0,31.0,49.03596039089362,30.998558147996302,45-60,32636,0.0,4000.0,12.5,0.001,14,20,cuda:0,0.01864485128288263,bicubic,,0.02100506766819875,-0.1265881046465076,168599,169585,,,,,,0.0,0.7629122943617404,0.0,0.7629122943617404,0.7629122943617404,computed,332,True
agriculture__ukraine__r2c2,agriculture,ukraine,Central Ukraine,49.0,31.0,49.036896373102984,31.053253298964414,45-60,32636,4000.0,4000.0,12.5,0.001,14,20,cuda:0,0.036038244943534865,blurred_observation,12.5,0.036038244943534865,0.0,169567,169567,,,,,,0.0,0.0,0.0,0.0,0.0,computed,333,True
agriculture__ukraine__r2c2,agriculture,ukraine,Central Ukraine,49.0,31.0,49.036896373102984,31.053253298964414,45-60,32636,4000.0,4000.0,12.5,0.001,14,20,cuda:0,0.036038244943534865,psf_aware_matched,12.5,0.028639374951640272,0.20530605759207277,169567,170915,22.0,65536.0,170915.0,1441792.0,0.00012871895386595676,0.27469139033928514,0.040454793721437454,2.15365948760882,0.3151461840607226,2.468805671669543,computed,333,True
agriculture__ukraine__r2c2,agriculture,ukraine,Central Ukraine,49.0,31.0,49.036896373102984,31.053253298964414,45-60,32636,4000.0,4000.0,12.5,0.001,14,20,cuda:0,0.036038244943534865,psf_aware_plus50,18.75,0.055538761189802804,-0.5411061575507234,169567,172914,48.0,65536.0,172914.0,3145728.0,0.00027759464242340125,0.48600908601656556,0.07982731703668833,2.220150555949658,0.5658364030532539,2.785986959002912,computed,333,True
agriculture__ukraine__r2c2,agriculture,ukraine,Central Ukraine,49.0,31.0,49.036896373102984,31.053253298964414,45-60,32636,4000.0,4000.0,12.5,0.001,14,20,cuda:0,0.036038244943534865,psf_aware_minus50,6.25,0.041476173914030176,-0.15089327959825782,169056,169056,9.0,65536.0,169056.0,589824.0,5.323679727427598e-05,0.17335108574479818,0.022155424114316702,2.1040868959389627,0.19550650985911489,2.2995934057980776,computed,333,True
agriculture__ukraine__r2c2,agriculture,ukraine,Central Ukraine,49.0,31.0,49.036896373102984,31.053253298964414,45-60,32636,4000.0,4000.0,12.5,0.001,14,20,cuda:0,0.036038244943534865,nearest,,0.04341604948724213,-0.20472152723493853,168609,169567,,,,,,0.0,0.1473078979179263,0.0,0.1473078979179263,0.1473078979179263,computed,333,True
agriculture__ukraine__r2c2,agriculture,ukraine,Central Ukraine,49.0,31.0,49.036896373102984,31.053253298964414,45-60,32636,4000.0,4000.0,12.5,0.001,14,20,cuda:0,0.036038244943534865,bilinear,,0.04511598099464625,-0.2518917351645309,168609,169567,,,,,,0.0,0.10748293763026595,0.0,0.10748293763026595,0.10748293763026595,computed,333,True
agriculture__ukraine__r2c2,agriculture,ukraine,Central Ukraine,49.0,31.0,49.036896373102984,31.053253298964414,45-60,32636,4000.0,4000.0,12.5,0.001,14,20,cuda:0,0.036038244943534865,bicubic,,0.040942391575306734,-0.13608172760509674,168609,169567,,,,,,0.0,0.7654211563058197,0.0,0.7654211563058197,0.7654211563058197,computed,333,True
agriculture__po_valley__r0c0,agriculture,po_valley,"Po Valley, Italy",45.0,10.0,44.96443021657764,9.948661611790412,45-60,32632,-4000.0,-4000.0,12.5,0.001,14,20,cuda:0,0.029233817699197275,blurred_observation,12.5,0.029233817699197275,0.0,169808,169808,,,,,,0.0,0.0,0.0,0.0,0.0,computed,334,True
agriculture__po_valley__r0c0,agriculture,po_valley,"Po Valley, Italy",45.0,10.0,44.96443021657764,9.948661611790412,45-60,32632,-4000.0,-4000.0,12.5,0.001,14,20,cuda:0,0.029233817699197275,psf_aware_matched,12.5,0.02245193058967949,0.2319877334975653,169808,171141,22.0,65536.0,171141.0,1441792.0,0.00012854897423761693,0.27141621615737677,0.040304859168827534,1.5212726858444512,0.3117210753262043,1.8329937611706555,computed,334,True
agriculture__po_valley__r0c0,agriculture,po_valley,"Po Valley, Italy",45.0,10.0,44.96443021657764,9.948661611790412,45-60,32632,-4000.0,-4000.0,12.5,0.001,14,20,cuda:0,0.029233817699197275,psf_aware_plus50,18.75,0.04855040911323919,-0.6607618482403113,169808,173099,48.0,65536.0,173099.0,3145728.0,0.0002772979624376802,0.5148135330528021,0.08065422298386693,1.6232635919004679,0.595467756036669,2.218731347937137,computed,334,True
agriculture__po_valley__r0c0,agriculture,po_valley,"Po Valley, Italy",45.0,10.0,44.96443021657764,9.948661611790412,45-60,32632,-4000.0,-4000.0,12.5,0.001,14,20,cuda:0,0.029233817699197275,psf_aware_minus50,6.25,0.034090883159903336,-0.16614543850150065,169279,169279,9.0,65536.0,169279.0,589824.0,5.3166665682098785e-05,0.20289743784815073,0.021110675297677517,1.6234959429129958,0.22400811314582825,1.847504056058824,computed,334,True
agriculture__po_valley__r0c0,agriculture,po_valley,"Po Valley, Italy",45.0,10.0,44.96443021657764,9.948661611790412,45-60,32632,-4000.0,-4000.0,12.5,0.001,14,20,cuda:0,0.029233817699197275,nearest,,0.03606251319991776,-0.2335889062107681,168822,169808,,,,,,0.0,0.13027710188180208,0.0,0.13027710188180208,0.13027710188180208,computed,334,True
agriculture__po_valley__r0c0,agriculture,po_valley,"Po Valley, Italy",45.0,10.0,44.96443021657764,9.948661611790412,45-60,32632,-4000.0,-4000.0,12.5,0.001,14,20,cuda:0,0.029233817699197275,bilinear,,0.03773110281352867,-0.29066628251447013,168822,169808,,,,,,0.0,0.11755920294672251,0.0,0.11755920294672251,0.11755920294672251,computed,334,True
agriculture__po_valley__r0c0,agriculture,po_valley,"Po Valley, Italy",45.0,10.0,44.96443021657764,9.948661611790412,45-60,32632,-4000.0,-4000.0,12.5,0.001,14,20,cuda:0,0.029233817699197275,bicubic,,0.033677522660096416,-0.15200563288116697,168822,169808,,,,,,0.0,0.7612533122301102,0.0,0.7612533122301102,0.7612533122301102,computed,334,True
agriculture__po_valley__r0c1,agriculture,po_valley,"Po Valley, Italy",45.0,10.0,44.96399766755218,9.999374277733768,45-60,32632,0.0,-4000.0,12.5,0.001,14,20,cuda:0,0.029957706854552665,blurred_observation,12.5,0.029957706854552665,0.0,169806,169806,,,,,,0.0,0.0,0.0,0.0,0.0,computed,335,True
agriculture__po_valley__r0c1,agriculture,po_valley,"Po Valley, Italy",45.0,10.0,44.96399766755218,9.999374277733768,45-60,32632,0.0,-4000.0,12.5,0.001,14,20,cuda:0,0.029957706854552665,psf_aware_matched,12.5,0.022792703060475653,0.23917063575205355,169806,171133,22.0,65536.0,171133.0,1441792.0,0.00012855498355080551,0.27450412418693304,0.04222022695466876,1.4943985557183623,0.3167243511416018,1.8111229068599641,computed,335,True
agriculture__po_valley__r0c1,agriculture,po_valley,"Po Valley, Italy",45.0,10.0,44.96399766755218,9.999374277733768,45-60,32632,0.0,-4000.0,12.5,0.001,14,20,cuda:0,0.029957706854552665,psf_aware_plus50,18.75,0.048594847936316826,-0.6221150761721896,169806,173096,48.0,65536.0,173096.0,3145728.0,0.0002773027684059712,0.4328527939505875,0.0798024102114141,1.5956276580691338,0.5126552041620016,2.1082828622311354,computed,335,True
agriculture__po_valley__r0c1,agriculture,po_valley,"Po Valley, Italy",45.0,10.0,44.96399766755218,9.999374277733768,45-60,32632,0.0,-4000.0,12.5,0.001,14,20,cuda:0,0.029957706854552665,psf_aware_minus50,6.25,0.03469270325491648,-0.15805603624311582,169273,169273,9.0,65536.0,169273.0,589824.0,5.316855021178806e-05,0.195568417198956,0.0209942739456892,1.542416665237397,0.21656269114464521,1.7589793563820422,computed,335,True
agriculture__po_valley__r0c1,agriculture,po_valley,"Po Valley, Italy",45.0,10.0,44.96399766755218,9.999374277733768,45-60,32632,0.0,-4000.0,12.5,0.001,14,20,cuda:0,0.029957706854552665,nearest,,0.03669337987309731,-0.22483940614169629,168819,169806,,,,,,0.0,0.12670876318588853,0.0,0.12670876318588853,0.12670876318588853,computed,335,True
agriculture__po_valley__r0c1,agriculture,po_valley,"Po Valley, Italy",45.0,10.0,44.96399766755218,9.999374277733768,45-60,32632,0.0,-4000.0,12.5,0.001,14,20,cuda:0,0.029957706854552665,bilinear,,0.03843366978627773,-0.2829309657403558,168819,169806,,,,,,0.0,0.11380409123376012,0.0,0.11380409123376012,0.11380409123376012,computed,335,True
agriculture__po_valley__r0c1,agriculture,po_valley,"Po Valley, Italy",45.0,10.0,44.96399766755218,9.999374277733768,45-60,32632,0.0,-4000.0,12.5,0.001,14,20,cuda:0,0.029957706854552665,bicubic,,0.0343159118985705,-0.14547859304376365,168819,169806,,,,,,0.0,0.7602884150110185,0.0,0.7602884150110185,0.7602884150110185,computed,335,True
agriculture__po_valley__r0c2,agriculture,po_valley,"Po Valley, Italy",45.0,10.0,44.96354260375915,10.050085768378684,45-60,32632,4000.0,-4000.0,12.5,0.001,14,20,cuda:0,0.024780002099954256,blurred_observation,12.5,0.024780002099954256,0.0,169800,169800,,,,,,0.0,0.0,0.0,0.0,0.0,computed,336,True
agriculture__po_valley__r0c2,agriculture,po_valley,"Po Valley, Italy",45.0,10.0,44.96354260375915,10.050085768378684,45-60,32632,4000.0,-4000.0,12.5,0.001,14,20,cuda:0,0.024780002099954256,psf_aware_matched,12.5,0.01911510215831096,0.2286077264559131,169800,171135,22.0,65536.0,171135.0,1441792.0,0.00012855348116983667,0.27381962817162275,0.040411101188510656,1.4919863468967378,0.3142307293601334,1.8062170762568712,computed,336,True
agriculture__po_valley__r0c2,agriculture,po_valley,"Po Valley, Italy",45.0,10.0,44.96354260375915,10.050085768378684,45-60,32632,4000.0,-4000.0,12.5,0.001,14,20,cuda:0,0.024780002099954256,psf_aware_plus50,18.75,0.04029534224897034,-0.626123439636219,169800,173099,48.0,65536.0,173099.0,3145728.0,0.0002772979624376802,0.4259733250364661,0.07972019398584962,1.5199794271029532,0.5056935190223157,2.025672946125269,computed,336,True
agriculture__po_valley__r0c2,agriculture,po_valley,"Po Valley, Italy",45.0,10.0,44.96354260375915,10.050085768378684,45-60,32632,4000.0,-4000.0,12.5,0.001,14,20,cuda:0,0.024780002099954256,psf_aware_minus50,6.25,0.028649635736616188,-0.15615953626852508,169269,169269,9.0,65536.0,169269.0,589824.0,5.316980663913652e-05,0.18034144584089518,0.02097461698576808,1.499253401067108,0.20131606282666326,1.7005694638937712,computed,336,True
agriculture__po_valley__r0c2,agriculture,po_valley,"Po Valley, Italy",45.0,10.0,44.96354260375915,10.050085768378684,45-60,32632,4000.0,-4000.0,12.5,0.001,14,20,cuda:0,0.024780002099954256,nearest,,0.030189612566253365,-0.21830548861451038,168821,169800,,,,,,0.0,0.1255092197097838,0.0,0.1255092197097838,0.1255092197097838,computed,336,True
agriculture__po_valley__r0c2,agriculture,po_valley,"Po Valley, Italy",45.0,10.0,44.96354260375915,10.050085768378684,45-60,32632,4000.0,-4000.0,12.5,0.001,14,20,cuda:0,0.024780002099954256,bilinear,,0.03156355184733596,-0.27375097548495475,168821,169800,,,,,,0.0,0.11437237728387117,0.0,0.11437237728387117,0.11437237728387117,computed,336,True
agriculture__po_valley__r0c2,agriculture,po_valley,"Po Valley, Italy",45.0,10.0,44.96354260375915,10.050085768378684,45-60,32632,4000.0,-4000.0,12.5,0.001,14,20,cuda:0,0.024780002099954256,bicubic,,0.028327169896485597,-0.14314638805207736,168821,169800,,,,,,0.0,0.7653591982088983,0.0,0.7653591982088983,0.7653591982088983,computed,336,True
agriculture__po_valley__r1c0,agriculture,po_valley,"Po Valley, Italy",45.0,10.0,45.00043308930792,9.949255594072975,45-60,32632,-4000.0,0.0,12.5,0.001,14,20,cuda:0,0.03693108260534187,blurred_observation,12.5,0.03693108260534187,0.0,169810,169810,,,,,,0.0,0.0,0.0,0.0,0.0,computed,337,True
agriculture__po_valley__r1c0,agriculture,po_valley,"Po Valley, Italy",45.0,10.0,45.00043308930792,9.949255594072975,45-60,32632,-4000.0,0.0,12.5,0.001,14,20,cuda:0,0.03693108260534187,psf_aware_matched,12.5,0.02882880049074505,0.21938923917234077,169810,171129,22.0,65536.0,171129.0,1441792.0,0.00012855798841809396,0.2743615950457752,0.04046352906152606,1.5061018620617688,0.31482512410730124,1.82092698616907,computed,337,True
agriculture__po_valley__r1c0,agriculture,po_valley,"Po Valley, Italy",45.0,10.0,45.00043308930792,9.949255594072975,45-60,32632,-4000.0,0.0,12.5,0.001,14,20,cuda:0,0.03693108260534187,psf_aware_plus50,18.75,0.061067792566031426,-0.6535608560036721,169810,173106,48.0,65536.0,173106.0,3145728.0,0.00027728674915947454,0.44677755888551474,0.08025289280340075,1.5597378322854638,0.5270304516889155,2.0867682839743793,computed,337,True
agriculture__po_valley__r1c0,agriculture,po_valley,"Po Valley, Italy",45.0,10.0,45.00043308930792,9.949255594072975,45-60,32632,-4000.0,0.0,12.5,0.001,14,20,cuda:0,0.03693108260534187,psf_aware_minus50,6.25,0.04274088129218656,-0.15731460539432818,169271,169271,9.0,65536.0,169271.0,589824.0,5.316917841803971e-05,0.25279586808755994,0.021228088065981865,2.1309368908405304,0.2740239561535418,2.404960846994072,computed,337,True
agriculture__po_valley__r1c0,agriculture,po_valley,"Po Valley, Italy",45.0,10.0,45.00043308930792,9.949255594072975,45-60,32632,-4000.0,0.0,12.5,0.001,14,20,cuda:0,0.03693108260534187,nearest,,0.045290624835269945,-0.22635519026780204,168829,169810,,,,,,0.0,0.1439456599764526,0.0,0.1439456599764526,0.1439456599764526,computed,337,True
agriculture__po_valley__r1c0,agriculture,po_valley,"Po Valley, Italy",45.0,10.0,45.00043308930792,9.949255594072975,45-60,32632,-4000.0,0.0,12.5,0.001,14,20,cuda:0,0.03693108260534187,bilinear,,0.04733675365414435,-0.28175916639111365,168829,169810,,,,,,0.0,0.1229864121414721,0.0,0.1229864121414721,0.1229864121414721,computed,337,True
agriculture__po_valley__r1c0,agriculture,po_valley,"Po Valley, Italy",45.0,10.0,45.00043308930792,9.949255594072975,45-60,32632,-4000.0,0.0,12.5,0.001,14,20,cuda:0,0.03693108260534187,bicubic,,0.04256070458447587,-0.15243587736904596,168829,169810,,,,,,0.0,0.7695641829632223,0.0,0.7695641829632223,0.7695641829632223,computed,337,True
agriculture__po_valley__r1c1,agriculture,po_valley,"Po Valley, Italy",45.0,10.0,45.0,10.0,45-60,32632,0.0,0.0,12.5,0.001,14,20,cuda:0,0.027837946111172955,blurred_observation,12.5,0.027837946111172955,0.0,169802,169802,,,,,,0.0,0.0,0.0,0.0,0.0,computed,338,True
agriculture__po_valley__r1c1,agriculture,po_valley,"Po Valley, Italy",45.0,10.0,45.0,10.0,45-60,32632,0.0,0.0,12.5,0.001,14,20,cuda:0,0.027837946111172955,psf_aware_matched,12.5,0.02073268564067877,0.2552365193221794,169802,171130,22.0,65536.0,171130.0,1441792.0,0.0001285572371881026,0.29427110543474555,0.0414733630605042,1.588711969088763,0.33574446849524975,1.9244564375840127,computed,338,True
agriculture__po_valley__r1c1,agriculture,po_valley,"Po Valley, Italy",45.0,10.0,45.0,10.0,45-60,32632,0.0,0.0,12.5,0.001,14,20,cuda:0,0.027837946111172955,psf_aware_plus50,18.75,0.04549486296412085,-0.6342751287193982,169802,173097,48.0,65536.0,173097.0,3145728.0,0.0002773011663980312,0.47620986588299274,0.08004115195944905,1.5343457167036831,0.5562510178424418,2.090596734546125,computed,338,True
agriculture__po_valley__r1c1,agriculture,po_valley,"Po Valley, Italy",45.0,10.0,45.0,10.0,45-60,32632,0.0,0.0,12.5,0.001,14,20,cuda:0,0.027837946111172955,psf_aware_minus50,6.25,0.032378982520294176,-0.1631239744119859,169269,169269,9.0,65536.0,169269.0,589824.0,5.316980663913652e-05,0.19669670285657048,0.021370286121964455,1.626810250338167,0.21806698897853494,1.844877239316702,computed,338,True
agriculture__po_valley__r1c1,agriculture,po_valley,"Po Valley, Italy",45.0,10.0,45.0,10.0,45-60,32632,0.0,0.0,12.5,0.001,14,20,cuda:0,0.027837946111172955,nearest,,0.03427807424852324,-0.23134350902294099,168817,169802,,,,,,0.0,0.1281738872639835,0.0,0.1281738872639835,0.1281738872639835,computed,338,True
agriculture__po_valley__r1c1,agriculture,po_valley,"Po Valley, Italy",45.0,10.0,45.0,10.0,45-60,32632,0.0,0.0,12.5,0.001,14,20,cuda:0,0.027837946111172955,bilinear,,0.035771094789386434,-0.2849760771334151,168817,169802,,,,,,0.0,0.11459407676011324,0.0,0.11459407676011324,0.11459407676011324,computed,338,True
agriculture__po_valley__r1c1,agriculture,po_valley,"Po Valley, Italy",45.0,10.0,45.0,10.0,45-60,32632,0.0,0.0,12.5,0.001,14,20,cuda:0,0.027837946111172955,bicubic,,0.03185173395148591,-0.1441840509455543,168817,169802,,,,,,0.0,0.7710498468950391,0.0,0.7710498468950391,0.7710498468950391,computed,338,True
agriculture__po_valley__r1c2,agriculture,po_valley,"Po Valley, Italy",45.0,10.0,44.99954436781082,10.050743227930447,45-60,32632,4000.0,0.0,12.5,0.001,14,20,cuda:0,0.021381498609941527,blurred_observation,12.5,0.021381498609941527,0.0,169800,169800,,,,,,0.0,0.0,0.0,0.0,0.0,computed,339,True
agriculture__po_valley__r1c2,agriculture,po_valley,"Po Valley, Italy",45.0,10.0,44.99954436781082,10.050743227930447,45-60,32632,4000.0,0.0,12.5,0.001,14,20,cuda:0,0.021381498609941527,psf_aware_matched,12.5,0.016757405757617826,0.21626607828946498,169800,171136,22.0,65536.0,171136.0,1441792.0,0.00012855272999252057,0.2799695860594511,0.04043068690225482,1.5307865063659847,0.3204002729617059,1.8511867793276906,computed,339,True
agriculture__po_valley__r1c2,agriculture,po_valley,"Po Valley, Italy",45.0,10.0,44.99954436781082,10.050743227930447,45-60,32632,4000.0,0.0,12.5,0.001,14,20,cuda:0,0.021381498609941527,psf_aware_plus50,18.75,0.03494083596910304,-0.6341621607784298,169800,173096,48.0,65536.0,173096.0,3145728.0,0.0002773027684059712,0.4341313559561968,0.07998665887862444,1.5904384702444077,0.5141180148348212,2.104556485079229,computed,339,True
agriculture__po_valley__r1c2,agriculture,po_valley,"Po Valley, Italy",45.0,10.0,44.99954436781082,10.050743227930447,45-60,32632,4000.0,0.0,12.5,0.001,14,20,cuda:0,0.021381498609941527,psf_aware_minus50,6.25,0.02447679098403746,-0.14476498727066534,169270,169270,9.0,65536.0,169270.0,589824.0,5.316949252673244e-05,0.19423592183738947,0.02103609312325716,1.489689527079463,0.21527201496064663,1.7049615420401096,computed,339,True
agriculture__po_valley__r1c2,agriculture,po_valley,"Po Valley, Italy",45.0,10.0,44.99954436781082,10.050743227930447,45-60,32632,4000.0,0.0,12.5,0.001,14,20,cuda:0,0.021381498609941527,nearest,,0.02586284333583293,-0.20958983313769042,168819,169800,,,,,,0.0,0.1262675472535193,0.0,0.1262675472535193,0.1262675472535193,computed,339,True
agriculture__po_valley__r1c2,agriculture,po_valley,"Po Valley, Italy",45.0,10.0,44.99954436781082,10.050743227930447,45-60,32632,4000.0,0.0,12.5,0.001,14,20,cuda:0,0.021381498609941527,bilinear,,0.027037842353126795,-0.26454383981089613,168819,169800,,,,,,0.0,0.11315006203949451,0.0,0.11315006203949451,0.11315006203949451,computed,339,True
agriculture__po_valley__r1c2,agriculture,po_valley,"Po Valley, Italy",45.0,10.0,44.99954436781082,10.050743227930447,45-60,32632,4000.0,0.0,12.5,0.001,14,20,cuda:0,0.021381498609941527,bicubic,,0.024377983356523376,-0.14014381317447056,168819,169800,,,,,,0.0,0.7682169009931386,0.0,0.7682169009931386,0.7682169009931386,computed,339,True
agriculture__po_valley__r2c0,agriculture,po_valley,"Po Valley, Italy",45.0,10.0,45.03643572792597,9.949850694621672,45-60,32632,-4000.0,4000.0,12.5,0.001,14,20,cuda:0,0.02863934677239849,blurred_observation,12.5,0.02863934677239849,0.0,169811,169811,,,,,,0.0,0.0,0.0,0.0,0.0,computed,340,True
agriculture__po_valley__r2c0,agriculture,po_valley,"Po Valley, Italy",45.0,10.0,45.03643572792597,9.949850694621672,45-60,32632,-4000.0,4000.0,12.5,0.001,14,20,cuda:0,0.02863934677239849,psf_aware_matched,12.5,0.02238696968797617,0.21831423510148362,169811,171132,22.0,65536.0,171132.0,1441792.0,0.00012855573475445853,0.27495936723425984,0.040449272841215134,1.513743104878813,0.315408640075475,1.829151744954288,computed,340,True
agriculture__po_valley__r2c0,agriculture,po_valley,"Po Valley, Italy",45.0,10.0,45.03643572792597,9.949850694621672,45-60,32632,-4000.0,4000.0,12.5,0.001,14,20,cuda:0,0.02863934677239849,psf_aware_plus50,18.75,0.04730487080911892,-0.6517440563522052,169811,173099,48.0,65536.0,173099.0,3145728.0,0.0002772979624376802,0.43268499709665775,0.08005518792197108,1.5491998218931258,0.5127401850186288,2.0619400069117546,computed,340,True
agriculture__po_valley__r2c0,agriculture,po_valley,"Po Valley, Italy",45.0,10.0,45.03643572792597,9.949850694621672,45-60,32632,-4000.0,4000.0,12.5,0.001,14,20,cuda:0,0.02863934677239849,psf_aware_minus50,6.25,0.033363509866752995,-0.16495359101232987,169272,169272,9.0,65536.0,169272.0,589824.0,5.3168864313058275e-05,0.19630618300288916,0.020958927925676107,1.5540592251345515,0.21726511092856526,1.7713243360631168,computed,340,True
agriculture__po_valley__r2c0,agriculture,po_valley,"Po Valley, Italy",45.0,10.0,45.03643572792597,9.949850694621672,45-60,32632,-4000.0,4000.0,12.5,0.001,14,20,cuda:0,0.02863934677239849,nearest,,0.03510314980211559,-0.2256965943073348,168826,169811,,,,,,0.0,0.1296107186935842,0.0,0.1296107186935842,0.1296107186935842,computed,340,True
agriculture__po_valley__r2c0,agriculture,po_valley,"Po Valley, Italy",45.0,10.0,45.03643572792597,9.949850694621672,45-60,32632,-4000.0,4000.0,12.5,0.001,14,20,cuda:0,0.02863934677239849,bilinear,,0.036669003188821124,-0.280371493115245,168826,169811,,,,,,0.0,0.11626690486446023,0.0,0.11626690486446023,0.11626690486446023,computed,340,True
agriculture__po_valley__r2c0,agriculture,po_valley,"Po Valley, Italy",45.0,10.0,45.03643572792597,9.949850694621672,45-60,32632,-4000.0,4000.0,12.5,0.001,14,20,cuda:0,0.02863934677239849,bicubic,,0.03295067958261482,-0.15053879700815775,168826,169811,,,,,,0.0,0.7661947319284081,0.0,0.7661947319284081,0.7661947319284081,computed,340,True
agriculture__po_valley__r2c1,agriculture,po_valley,"Po Valley, Italy",45.0,10.0,45.03600209766428,10.000626900264272,45-60,32632,0.0,4000.0,12.5,0.001,14,20,cuda:0,0.03352323367892804,blurred_observation,12.5,0.03352323367892804,0.0,169801,169801,,,,,,0.0,0.0,0.0,0.0,0.0,computed,341,True
agriculture__po_valley__r2c1,agriculture,po_valley,"Po Valley, Italy",45.0,10.0,45.03600209766428,10.000626900264272,45-60,32632,0.0,4000.0,12.5,0.001,14,20,cuda:0,0.03352323367892804,psf_aware_matched,12.5,0.026509063807943944,0.20923309302923976,169801,171133,22.0,65536.0,171133.0,1441792.0,0.00012855498355080551,0.27495466684922576,0.0406481996178627,1.5890879519283772,0.31560286646708846,1.9046908183954656,computed,341,True
agriculture__po_valley__r2c1,agriculture,po_valley,"Po Valley, Italy",45.0,10.0,45.03600209766428,10.000626900264272,45-60,32632,0.0,4000.0,12.5,0.001,14,20,cuda:0,0.03352323367892804,psf_aware_plus50,18.75,0.05457180156652561,-0.6278799977708664,169801,173098,48.0,65536.0,173098.0,3145728.0,0.0002772995644086009,0.43099883385002613,0.0798104153946042,1.5295633301138878,0.5108092492446303,2.040372579358518,computed,341,True
agriculture__po_valley__r2c1,agriculture,po_valley,"Po Valley, Italy",45.0,10.0,45.03600209766428,10.000626900264272,45-60,32632,0.0,4000.0,12.5,0.001,14,20,cuda:0,0.03352323367892804,psf_aware_minus50,6.25,0.03872868314903383,-0.1552788588344871,169261,169261,9.0,65536.0,169261.0,589824.0,5.317231967198587e-05,0.19395467964932323,0.02104255510494113,1.5591647359542549,0.21499723475426435,1.7741619707085192,computed,341,True
agriculture__po_valley__r2c1,agriculture,po_valley,"Po Valley, Italy",45.0,10.0,45.03600209766428,10.000626900264272,45-60,32632,0.0,4000.0,12.5,0.001,14,20,cuda:0,0.03352323367892804,nearest,,0.04074316954714047,-0.21537110463036035,168822,169801,,,,,,0.0,0.12803486408665776,0.0,0.12803486408665776,0.12803486408665776,computed,341,True
agriculture__po_valley__r2c1,agriculture,po_valley,"Po Valley, Italy",45.0,10.0,45.03600209766428,10.000626900264272,45-60,32632,0.0,4000.0,12.5,0.001,14,20,cuda:0,0.03352323367892804,bilinear,,0.04248787457800636,-0.2674157566342801,168822,169801,,,,,,0.0,0.11339450487866998,0.0,0.11339450487866998,0.11339450487866998,computed,341,True
agriculture__po_valley__r2c1,agriculture,po_valley,"Po Valley, Italy",45.0,10.0,45.03600209766428,10.000626900264272,45-60,32632,0.0,4000.0,12.5,0.001,14,20,cuda:0,0.03352323367892804,bicubic,,0.038442113255943926,-0.1467304623452177,168822,169801,,,,,,0.0,0.7628982472233474,0.0,0.7628982472233474,0.7628982472233474,computed,341,True
agriculture__po_valley__r2c2,agriculture,po_valley,"Po Valley, Italy",45.0,10.0,45.03554589637275,10.051401925203386,45-60,32632,4000.0,4000.0,12.5,0.001,14,20,cuda:0,0.021716335541213386,blurred_observation,12.5,0.021716335541213386,0.0,169803,169803,,,,,,0.0,0.0,0.0,0.0,0.0,computed,342,True
agriculture__po_valley__r2c2,agriculture,po_valley,"Po Valley, Italy",45.0,10.0,45.03554589637275,10.051401925203386,45-60,32632,4000.0,4000.0,12.5,0.001,14,20,cuda:0,0.021716335541213386,psf_aware_matched,12.5,0.016069296372928418,0.2600364669061217,169803,171129,22.0,65536.0,171129.0,1441792.0,0.00012855798841809396,0.2740616570226848,0.04041263414546847,1.4956288863904774,0.3144742911681533,1.8101031775586307,computed,342,True
agriculture__po_valley__r2c2,agriculture,po_valley,"Po Valley, Italy",45.0,10.0,45.03554589637275,10.051401925203386,45-60,32632,4000.0,4000.0,12.5,0.001,14,20,cuda:0,0.021716335541213386,psf_aware_plus50,18.75,0.03599524264547348,-0.657519178461831,169803,173097,48.0,65536.0,173097.0,3145728.0,0.0002773011663980312,0.4264460997655988,0.07987971603870392,1.5181874637492,0.5063258158043027,2.024513279553503,computed,342,True
agriculture__po_valley__r2c2,agriculture,po_valley,"Po Valley, Italy",45.0,10.0,45.03554589637275,10.051401925203386,45-60,32632,4000.0,4000.0,12.5,0.001,14,20,cuda:0,0.021716335541213386,psf_aware_minus50,6.25,0.025374691024106305,-0.16846099453335817,169270,169270,9.0,65536.0,169270.0,589824.0,5.316949252673244e-05,0.173922308254987,0.021001457702368498,1.485256148967892,0.1949237659573555,1.6801799149252474,computed,342,True
agriculture__po_valley__r2c2,agriculture,po_valley,"Po Valley, Italy",45.0,10.0,45.03554589637275,10.051401925203386,45-60,32632,4000.0,4000.0,12.5,0.001,14,20,cuda:0,0.021716335541213386,nearest,,0.02678614063308104,-0.2334558278603749,168818,169803,,,,,,0.0,0.13001703890040517,0.0,0.13001703890040517,0.13001703890040517,computed,342,True
agriculture__po_valley__r2c2,agriculture,po_valley,"Po Valley, Italy",45.0,10.0,45.03554589637275,10.051401925203386,45-60,32632,4000.0,4000.0,12.5,0.001,14,20,cuda:0,0.021716335541213386,bilinear,,0.028053054684301162,-0.2917950466855659,168818,169803,,,,,,0.0,0.11501414189115167,0.0,0.11501414189115167,0.11501414189115167,computed,342,True
agriculture__po_valley__r2c2,agriculture,po_valley,"Po Valley, Italy",45.0,10.0,45.03554589637275,10.051401925203386,45-60,32632,4000.0,4000.0,12.5,0.001,14,20,cuda:0,0.021716335541213386,bicubic,,0.0248929093370071,-0.1462757742790073,168818,169803,,,,,,0.0,0.7754160473123193,0.0,0.7754160473123193,0.7754160473123193,computed,342,True
agriculture__western_australia__r0c0,agriculture,western_australia,Western Australian wheat belt,-31.5,117.0,-31.536083047998233,116.95786272830834,30-45,32750,-4000.0,-4000.0,12.5,0.001,14,20,cuda:0,0.03427968364186043,blurred_observation,12.5,0.03427968364186043,0.0,170515,170515,,,,,,0.0,0.0,0.0,0.0,0.0,computed,343,True
agriculture__western_australia__r0c0,agriculture,western_australia,Western Australian wheat belt,-31.5,117.0,-31.536083047998233,116.95786272830834,30-45,32750,-4000.0,-4000.0,12.5,0.001,14,20,cuda:0,0.03427968364186043,psf_aware_matched,12.5,0.031429050236218815,0.08315810132391599,170515,171897,22.0,65536.0,171897.0,1441792.0,0.0001279836180968836,0.2797826319001615,0.040279270615428686,2.3033505408093333,0.3200619025155902,2.6234124433249235,computed,343,True
agriculture__western_australia__r0c0,agriculture,western_australia,Western Australian wheat belt,-31.5,117.0,-31.536083047998233,116.95786272830834,30-45,32750,-4000.0,-4000.0,12.5,0.001,14,20,cuda:0,0.03427968364186043,psf_aware_plus50,18.75,0.04675291134028713,-0.36386647638705427,170515,173518,48.0,65536.0,173518.0,3145728.0,0.00027662836132274463,0.4347564401105046,0.08023386728018522,2.2770755039528012,0.5149903073906898,2.792065811343491,computed,343,True
agriculture__western_australia__r0c0,agriculture,western_australia,Western Australian wheat belt,-31.5,117.0,-31.536083047998233,116.95786272830834,30-45,32750,-4000.0,-4000.0,12.5,0.001,14,20,cuda:0,0.03427968364186043,psf_aware_minus50,6.25,0.037854629323961234,-0.10428759260004594,169679,169679,9.0,65536.0,169679.0,589824.0,5.304133098379882e-05,0.17392947105690837,0.02223016507923603,2.2311929711140692,0.1961596361361444,2.4273526072502136,computed,343,True
agriculture__western_australia__r0c0,agriculture,western_australia,Western Australian wheat belt,-31.5,117.0,-31.536083047998233,116.95786272830834,30-45,32750,-4000.0,-4000.0,12.5,0.001,14,20,cuda:0,0.03427968364186043,nearest,,0.03899993193380005,-0.1376981287591441,169415,170515,,,,,,0.0,0.1252051037736237,0.0,0.1252051037736237,0.1252051037736237,computed,343,True
agriculture__western_australia__r0c0,agriculture,western_australia,Western Australian wheat belt,-31.5,117.0,-31.536083047998233,116.95786272830834,30-45,32750,-4000.0,-4000.0,12.5,0.001,14,20,cuda:0,0.03427968364186043,bilinear,,0.040018739024636554,-0.1674185632147407,169415,170515,,,,,,0.0,0.11076708789914846,0.0,0.11076708789914846,0.11076708789914846,computed,343,True
agriculture__western_australia__r0c0,agriculture,western_australia,Western Australian wheat belt,-31.5,117.0,-31.536083047998233,116.95786272830834,30-45,32750,-4000.0,-4000.0,12.5,0.001,14,20,cuda:0,0.03427968364186043,bicubic,,0.03792616737363296,-0.10637448612039258,169415,170515,,,,,,0.0,0.7600370179861784,0.0,0.7600370179861784,0.7600370179861784,computed,343,True
agriculture__western_australia__r0c1,agriculture,western_australia,Western Australian wheat belt,-31.5,117.0,-31.53608998913279,117.0,30-45,32750,0.0,-4000.0,12.5,0.001,14,20,cuda:0,0.039421331679672295,blurred_observation,12.5,0.039421331679672295,0.0,170414,170414,,,,,,0.0,0.0,0.0,0.0,0.0,computed,344,True
agriculture__western_australia__r0c1,agriculture,western_australia,Western Australian wheat belt,-31.5,117.0,-31.53608998913279,117.0,30-45,32750,0.0,-4000.0,12.5,0.001,14,20,cuda:0,0.039421331679672295,psf_aware_matched,12.5,0.035179768246181936,0.10759564055208037,170414,171585,22.0,65536.0,171585.0,1441792.0,0.00012821633592680014,0.27228881837800145,0.04032139107584953,2.2449308605864644,0.312610209453851,2.5575410700403154,computed,344,True
agriculture__western_australia__r0c1,agriculture,western_australia,Western Australian wheat belt,-31.5,117.0,-31.53608998913279,117.0,30-45,32750,0.0,-4000.0,12.5,0.001,14,20,cuda:0,0.039421331679672295,psf_aware_plus50,18.75,0.052981680860063066,-0.3439850609456503,170414,173822,48.0,65536.0,173822.0,3145728.0,0.0002761445616780385,0.4322891980409622,0.07962230779230595,2.284649008885026,0.5119115058332682,2.796560514718294,computed,344,True
agriculture__western_australia__r0c1,agriculture,western_australia,Western Australian wheat belt,-31.5,117.0,-31.53608998913279,117.0,30-45,32750,0.0,-4000.0,12.5,0.001,14,20,cuda:0,0.039421331679672295,psf_aware_minus50,6.25,0.043400919320685724,-0.10095010674298233,169704,169704,9.0,65536.0,169704.0,589824.0,5.3033517182859566e-05,0.1735891872085631,0.02229944569990039,2.2159200133755803,0.19588863290846348,2.411808646284044,computed,344,True
agriculture__western_australia__r0c1,agriculture,western_australia,Western Australian wheat belt,-31.5,117.0,-31.53608998913279,117.0,30-45,32750,0.0,-4000.0,12.5,0.001,14,20,cuda:0,0.039421331679672295,nearest,,0.044783763875886756,-0.1360286922772731,169558,170414,,,,,,0.0,0.12226970493793488,0.0,0.12226970493793488,0.12226970493793488,computed,344,True
agriculture__western_australia__r0c1,agriculture,western_australia,Western Australian wheat belt,-31.5,117.0,-31.53608998913279,117.0,30-45,32750,0.0,-4000.0,12.5,0.001,14,20,cuda:0,0.039421331679672295,bilinear,,0.046032986875299414,-0.1677177029267236,169558,170414,,,,,,0.0,0.10843398002907634,0.0,0.10843398002907634,0.10843398002907634,computed,344,True
agriculture__western_australia__r0c1,agriculture,western_australia,Western Australian wheat belt,-31.5,117.0,-31.53608998913279,117.0,30-45,32750,0.0,-4000.0,12.5,0.001,14,20,cuda:0,0.039421331679672295,bicubic,,0.043061978050076964,-0.09235219144770745,169558,170414,,,,,,0.0,0.778069943189621,0.0,0.778069943189621,0.778069943189621,computed,344,True
agriculture__western_australia__r0c2,agriculture,western_australia,Western Australian wheat belt,-31.5,117.0,-31.536083047998233,117.04213727169166,30-45,32750,4000.0,-4000.0,12.5,0.001,14,20,cuda:0,0.035137384891644544,blurred_observation,12.5,0.035137384891644544,0.0,170684,170684,,,,,,0.0,0.0,0.0,0.0,0.0,computed,345,True
agriculture__western_australia__r0c2,agriculture,western_australia,Western Australian wheat belt,-31.5,117.0,-31.536083047998233,117.04213727169166,30-45,32750,4000.0,-4000.0,12.5,0.001,14,20,cuda:0,0.035137384891644544,psf_aware_matched,12.5,0.030175605237357392,0.14121084052180088,170684,171898,22.0,65536.0,171898.0,1441792.0,0.00012798287356455572,0.27307951590046287,0.04067448014393449,2.351480280980468,0.31375399604439735,2.665234277024865,computed,345,True
agriculture__western_australia__r0c2,agriculture,western_australia,Western Australian wheat belt,-31.5,117.0,-31.536083047998233,117.04213727169166,30-45,32750,4000.0,-4000.0,12.5,0.001,14,20,cuda:0,0.035137384891644544,psf_aware_plus50,18.75,0.048641077484462725,-0.3843112580648902,170684,173614,48.0,65536.0,173614.0,3145728.0,0.00027647539944935314,0.5070571708492935,0.07972402079030871,2.3361816848628223,0.5867811916396022,2.9229628765024245,computed,345,True
agriculture__western_australia__r0c2,agriculture,western_australia,Western Australian wheat belt,-31.5,117.0,-31.536083047998233,117.04213727169166,30-45,32750,4000.0,-4000.0,12.5,0.001,14,20,cuda:0,0.035137384891644544,psf_aware_minus50,6.25,0.03947636560112222,-0.1234861593387806,169565,169565,9.0,65536.0,169565.0,589824.0,5.30769911243476e-05,0.18952898774296045,0.023092287126928568,2.3839580859057605,0.21262127486988902,2.5965793607756495,computed,345,True
agriculture__western_australia__r0c2,agriculture,western_australia,Western Australian wheat belt,-31.5,117.0,-31.536083047998233,117.04213727169166,30-45,32750,4000.0,-4000.0,12.5,0.001,14,20,cuda:0,0.035137384891644544,nearest,,0.040912789522909394,-0.16436637641289598,169558,170684,,,,,,0.0,0.14256535610184073,0.0,0.14256535610184073,0.14256535610184073,computed,345,True
agriculture__western_australia__r0c2,agriculture,western_australia,Western Australian wheat belt,-31.5,117.0,-31.536083047998233,117.04213727169166,30-45,32750,4000.0,-4000.0,12.5,0.001,14,20,cuda:0,0.035137384891644544,bilinear,,0.042116230050959325,-0.19861595223537276,169558,170684,,,,,,0.0,0.10985610261559486,0.0,0.10985610261559486,0.10985610261559486,computed,345,True
agriculture__western_australia__r0c2,agriculture,western_australia,Western Australian wheat belt,-31.5,117.0,-31.536083047998233,117.04213727169166,30-45,32750,4000.0,-4000.0,12.5,0.001,14,20,cuda:0,0.035137384891644544,bicubic,,0.03875896700663051,-0.10306919897863986,169558,170684,,,,,,0.0,0.7621891549788415,0.0,0.7621891549788415,0.7621891549788415,computed,345,True
agriculture__western_australia__r1c0,agriculture,western_australia,Western Australian wheat belt,-31.5,117.0,-31.499993068617112,116.95787892220514,30-45,32750,-4000.0,0.0,12.5,0.001,14,20,cuda:0,0.03186925548640877,blurred_observation,12.5,0.03186925548640877,0.0,170145,170145,,,,,,0.0,0.0,0.0,0.0,0.0,computed,346,True
agriculture__western_australia__r1c0,agriculture,western_australia,Western Australian wheat belt,-31.5,117.0,-31.499993068617112,116.95787892220514,30-45,32750,-4000.0,0.0,12.5,0.001,14,20,cuda:0,0.03186925548640877,psf_aware_matched,12.5,0.028811956821831797,0.09593254118787964,170145,171327,22.0,65536.0,171327.0,1441792.0,0.00012840941591226135,0.2739335638470948,0.040660842787474394,2.3217836250551045,0.31459440663456917,2.6363780316896737,computed,346,True
agriculture__western_australia__r1c0,agriculture,western_australia,Western Australian wheat belt,-31.5,117.0,-31.499993068617112,116.95787892220514,30-45,32750,-4000.0,0.0,12.5,0.001,14,20,cuda:0,0.03186925548640877,psf_aware_plus50,18.75,0.04328413500324573,-0.3581784181216612,170145,173657,48.0,65536.0,173657.0,3145728.0,0.00027640694011758814,0.5047758109867573,0.07978578796610236,2.35774500714615,0.5845615989528596,2.9423066060990095,computed,346,True
agriculture__western_australia__r1c0,agriculture,western_australia,Western Australian wheat belt,-31.5,117.0,-31.499993068617112,116.95787892220514,30-45,32750,-4000.0,0.0,12.5,0.001,14,20,cuda:0,0.03186925548640877,psf_aware_minus50,6.25,0.035777447849146875,-0.12263205723161086,169968,169968,9.0,65536.0,169968.0,589824.0,5.295114374470489e-05,0.19082062365487218,0.02259198110550642,2.3016323070041835,0.2134126047603786,2.515044911764562,computed,346,True
agriculture__western_australia__r1c0,agriculture,western_australia,Western Australian wheat belt,-31.5,117.0,-31.499993068617112,116.95787892220514,30-45,32750,-4000.0,0.0,12.5,0.001,14,20,cuda:0,0.03186925548640877,nearest,,0.036860044649595525,-0.1566020004864932,169321,170145,,,,,,0.0,0.1464996268041432,0.0,0.1464996268041432,0.1464996268041432,computed,346,True
agriculture__western_australia__r1c0,agriculture,western_australia,Western Australian wheat belt,-31.5,117.0,-31.499993068617112,116.95787892220514,30-45,32750,-4000.0,0.0,12.5,0.001,14,20,cuda:0,0.03186925548640877,bilinear,,0.03788232864891478,-0.18867943636368922,169321,170145,,,,,,0.0,0.10907888133078814,0.0,0.10907888133078814,0.10907888133078814,computed,346,True
agriculture__western_australia__r1c0,agriculture,western_australia,Western Australian wheat belt,-31.5,117.0,-31.499993068617112,116.95787892220514,30-45,32750,-4000.0,0.0,12.5,0.001,14,20,cuda:0,0.03186925548640877,bicubic,,0.03557267959930008,-0.11620679731507089,169321,170145,,,,,,0.0,0.7630263702012599,0.0,0.7630263702012599,0.7630263702012599,computed,346,True
agriculture__western_australia__r1c1,agriculture,western_australia,Western Australian wheat belt,-31.5,117.0,-31.5,117.0,30-45,32750,0.0,0.0,12.5,0.001,14,20,cuda:0,0.023191803202940734,blurred_observation,12.5,0.023191803202940734,0.0,170144,170144,,,,,,0.0,0.0,0.0,0.0,0.0,computed,347,True
agriculture__western_australia__r1c1,agriculture,western_australia,Western Australian wheat belt,-31.5,117.0,-31.5,117.0,30-45,32750,0.0,0.0,12.5,0.001,14,20,cuda:0,0.023191803202940734,psf_aware_matched,12.5,0.01790288206277353,0.2280513116589643,170144,171584,22.0,65536.0,171584.0,1441792.0,0.00012821708317791868,0.2792856711894274,0.04073288105428219,2.3508069957606494,0.32001855224370956,2.670825548004359,computed,347,True
agriculture__western_australia__r1c1,agriculture,western_australia,Western Australian wheat belt,-31.5,117.0,-31.5,117.0,30-45,32750,0.0,0.0,12.5,0.001,14,20,cuda:0,0.023191803202940734,psf_aware_plus50,18.75,0.03547840575565054,-0.5297821150514013,170144,173926,48.0,65536.0,173926.0,3145728.0,0.0002759794395317549,0.44737694365903735,0.0797238708473742,2.290970431640744,0.5271008145064116,2.8180712461471558,computed,347,True
agriculture__western_australia__r1c1,agriculture,western_australia,Western Australian wheat belt,-31.5,117.0,-31.5,117.0,30-45,32750,0.0,0.0,12.5,0.001,14,20,cuda:0,0.023191803202940734,psf_aware_minus50,6.25,0.02732626732180453,-0.17827264584323244,169834,169834,9.0,65536.0,169834.0,589824.0,5.299292250079489e-05,0.1728668687865138,0.022255653981119394,2.2300087776966393,0.1951225227676332,2.4251313004642725,computed,347,True
agriculture__western_australia__r1c1,agriculture,western_australia,Western Australian wheat belt,-31.5,117.0,-31.5,117.0,30-45,32750,0.0,0.0,12.5,0.001,14,20,cuda:0,0.023191803202940734,nearest,,0.028576694873164565,-0.23218943447834284,169427,170144,,,,,,0.0,0.12141229072585702,0.0,0.12141229072585702,0.12141229072585702,computed,347,True
agriculture__western_australia__r1c1,agriculture,western_australia,Western Australian wheat belt,-31.5,117.0,-31.5,117.0,30-45,32750,0.0,0.0,12.5,0.001,14,20,cuda:0,0.023191803202940734,bilinear,,0.029667174937769283,-0.27920949820786123,169427,170144,,,,,,0.0,0.10800320422276855,0.0,0.10800320422276855,0.10800320422276855,computed,347,True
agriculture__western_australia__r1c1,agriculture,western_australia,Western Australian wheat belt,-31.5,117.0,-31.5,117.0,30-45,32750,0.0,0.0,12.5,0.001,14,20,cuda:0,0.023191803202940734,bicubic,,0.026499964176496246,-0.14264354283310032,169427,170144,,,,,,0.0,0.7563800220377743,0.0,0.7563800220377743,0.7563800220377743,computed,347,True
agriculture__western_australia__r1c2,agriculture,western_australia,Western Australian wheat belt,-31.5,117.0,-31.499993068617112,117.04212107779485,30-45,32750,4000.0,0.0,12.5,0.001,14,20,cuda:0,0.03298722232429266,blurred_observation,12.5,0.03298722232429266,0.0,170144,170144,,,,,,0.0,0.0,0.0,0.0,0.0,computed,348,True
agriculture__western_australia__r1c2,agriculture,western_australia,Western Australian wheat belt,-31.5,117.0,-31.499993068617112,117.04212107779485,30-45,32750,4000.0,0.0,12.5,0.001,14,20,cuda:0,0.03298722232429266,psf_aware_matched,12.5,0.026495994802854996,0.19678005797588338,170144,171377,22.0,65536.0,171377.0,1441792.0,0.00012837195189552858,0.2719998420216143,0.040425758343189955,2.2522403760813177,0.31242560036480427,2.564665976446122,computed,348,True
agriculture__western_australia__r1c2,agriculture,western_australia,Western Australian wheat belt,-31.5,117.0,-31.499993068617112,117.04212107779485,30-45,32750,4000.0,0.0,12.5,0.001,14,20,cuda:0,0.03298722232429266,psf_aware_plus50,18.75,0.050880033721988786,-0.5424164308772186,170144,173660,48.0,65536.0,173660.0,3145728.0,0.0002764021651502937,0.48121608700603247,0.07968359487131238,2.295496293809265,0.5608996818773448,2.8563959756866097,computed,348,True
agriculture__western_australia__r1c2,agriculture,western_australia,Western Australian wheat belt,-31.5,117.0,-31.499993068617112,117.04212107779485,30-45,32750,4000.0,0.0,12.5,0.001,14,20,cuda:0,0.03298722232429266,psf_aware_minus50,6.25,0.0380895010657144,-0.1546743975974081,169980,169980,9.0,65536.0,169980.0,589824.0,5.294740557712672e-05,0.17641211301088333,0.022344541735947132,2.2477355641312897,0.19875665474683046,2.44649221887812,computed,348,True
agriculture__western_australia__r1c2,agriculture,western_australia,Western Australian wheat belt,-31.5,117.0,-31.499993068617112,117.04212107779485,30-45,32750,4000.0,0.0,12.5,0.001,14,20,cuda:0,0.03298722232429266,nearest,,0.03983281585564926,-0.2075225814425523,169320,170144,,,,,,0.0,0.15465708822011948,0.0,0.15465708822011948,0.15465708822011948,computed,348,True
agriculture__western_australia__r1c2,agriculture,western_australia,Western Australian wheat belt,-31.5,117.0,-31.499993068617112,117.04212107779485,30-45,32750,4000.0,0.0,12.5,0.001,14,20,cuda:0,0.03298722232429266,bilinear,,0.04140646217874839,-0.25522730503609514,169320,170144,,,,,,0.0,0.10969806369394064,0.0,0.10969806369394064,0.10969806369394064,computed,348,True
agriculture__western_australia__r1c2,agriculture,western_australia,Western Australian wheat belt,-31.5,117.0,-31.499993068617112,117.04212107779485,30-45,32750,4000.0,0.0,12.5,0.001,14,20,cuda:0,0.03298722232429266,bicubic,,0.03759714862988128,-0.1397488476073887,169320,170144,,,,,,0.0,0.7770557031035423,0.0,0.7770557031035423,0.7770557031035423,computed,348,True
agriculture__western_australia__r2c0,agriculture,western_australia,Western Australian wheat belt,-31.5,117.0,-31.463902885463376,116.95789508704188,30-45,32750,-4000.0,4000.0,12.5,0.001,14,20,cuda:0,0.03353358884739338,blurred_observation,12.5,0.03353358884739338,0.0,170097,170097,,,,,,0.0,0.0,0.0,0.0,0.0,computed,349,True
agriculture__western_australia__r2c0,agriculture,western_australia,Western Australian wheat belt,-31.5,117.0,-31.463902885463376,116.95789508704188,30-45,32750,-4000.0,4000.0,12.5,0.001,14,20,cuda:0,0.03353358884739338,psf_aware_matched,12.5,0.026581163277051602,0.2073272145722691,170097,171757,22.0,65536.0,171757.0,1441792.0,0.00012808793819174763,0.28008003579452634,0.0405471776612103,2.290409028995782,0.32062721345573664,2.6110362424515188,computed,349,True
agriculture__western_australia__r2c0,agriculture,western_australia,Western Australian wheat belt,-31.5,117.0,-31.463902885463376,116.95789508704188,30-45,32750,-4000.0,4000.0,12.5,0.001,14,20,cuda:0,0.03353358884739338,psf_aware_plus50,18.75,0.0514384487023296,-0.5339380743414821,170097,173724,48.0,65536.0,173724.0,3145728.0,0.0002763003384679146,0.43776874570176005,0.07971843099221587,2.3695156509056687,0.5174871766939759,2.8870028275996447,computed,349,True
agriculture__western_australia__r2c0,agriculture,western_australia,Western Australian wheat belt,-31.5,117.0,-31.463902885463376,116.95789508704188,30-45,32750,-4000.0,4000.0,12.5,0.001,14,20,cuda:0,0.03353358884739338,psf_aware_minus50,6.25,0.03932287602323038,-0.17264144324615027,169874,169874,9.0,65536.0,169874.0,589824.0,5.298044432932644e-05,0.17566087003797293,0.022342958953231573,2.226656327955425,0.1980038289912045,2.4246601569466293,computed,349,True
agriculture__western_australia__r2c0,agriculture,western_australia,Western Australian wheat belt,-31.5,117.0,-31.463902885463376,116.95789508704188,30-45,32750,-4000.0,4000.0,12.5,0.001,14,20,cuda:0,0.03353358884739338,nearest,,0.04103589069109389,-0.22372499042206373,169409,170097,,,,,,0.0,0.1254468923434615,0.0,0.1254468923434615,0.1254468923434615,computed,349,True
agriculture__western_australia__r2c0,agriculture,western_australia,Western Australian wheat belt,-31.5,117.0,-31.463902885463376,116.95789508704188,30-45,32750,-4000.0,4000.0,12.5,0.001,14,20,cuda:0,0.03353358884739338,bilinear,,0.042593318957480475,-0.2701688194280858,169409,170097,,,,,,0.0,0.11225020699203014,0.0,0.11225020699203014,0.11225020699203014,computed,349,True
agriculture__western_australia__r2c0,agriculture,western_australia,Western Australian wheat belt,-31.5,117.0,-31.463902885463376,116.95789508704188,30-45,32750,-4000.0,4000.0,12.5,0.001,14,20,cuda:0,0.03353358884739338,bicubic,,0.038272843798908204,-0.1413285936403199,169409,170097,,,,,,0.0,0.7578135561197996,0.0,0.7578135561197996,0.7578135561197996,computed,349,True
agriculture__western_australia__r2c1,agriculture,western_australia,Western Australian wheat belt,-31.5,117.0,-31.463909807101928,117.0,30-45,32750,0.0,4000.0,12.5,0.001,14,20,cuda:0,0.02601676013062678,blurred_observation,12.5,0.02601676013062678,0.0,170322,170322,,,,,,0.0,0.0,0.0,0.0,0.0,computed,350,True
agriculture__western_australia__r2c1,agriculture,western_australia,Western Australian wheat belt,-31.5,117.0,-31.463909807101928,117.0,30-45,32750,0.0,4000.0,12.5,0.001,14,20,cuda:0,0.02601676013062678,psf_aware_matched,12.5,0.020481347295968632,0.2127633420481858,170322,171898,22.0,65536.0,171898.0,1441792.0,0.00012798287356455572,0.2727347230538726,0.04036024399101734,2.28524844488129,0.3130949670448899,2.59834341192618,computed,350,True
agriculture__western_australia__r2c1,agriculture,western_australia,Western Australian wheat belt,-31.5,117.0,-31.463909807101928,117.0,30-45,32750,0.0,4000.0,12.5,0.001,14,20,cuda:0,0.02601676013062678,psf_aware_plus50,18.75,0.040734384219269865,-0.5656978045977978,170322,173659,48.0,65536.0,173659.0,3145728.0,0.0002764037567877277,0.49659001594409347,0.07970772124826908,2.3307407493703067,0.5762977371923625,2.9070384865626693,computed,350,True
agriculture__western_australia__r2c1,agriculture,western_australia,Western Australian wheat belt,-31.5,117.0,-31.463909807101928,117.0,30-45,32750,0.0,4000.0,12.5,0.001,14,20,cuda:0,0.02601676013062678,psf_aware_minus50,6.25,0.030912833456505983,-0.18818920193354804,169843,169843,9.0,65536.0,169843.0,589824.0,5.29901143997692e-05,0.17663315217942,0.022278846707195044,2.2403000597842038,0.19891199888661504,2.439212058670819,computed,350,True
agriculture__western_australia__r2c1,agriculture,western_australia,Western Australian wheat belt,-31.5,117.0,-31.463909807101928,117.0,30-45,32750,0.0,4000.0,12.5,0.001,14,20,cuda:0,0.02601676013062678,nearest,,0.03233106662939865,-0.24270149192553392,169289,170322,,,,,,0.0,0.12259998125955462,0.0,0.12259998125955462,0.12259998125955462,computed,350,True
agriculture__western_australia__r2c1,agriculture,western_australia,Western Australian wheat belt,-31.5,117.0,-31.463909807101928,117.0,30-45,32750,0.0,4000.0,12.5,0.001,14,20,cuda:0,0.02601676013062678,bilinear,,0.03352884991994707,-0.2887404024022615,169289,170322,,,,,,0.0,0.10753297293558717,0.0,0.10753297293558717,0.10753297293558717,computed,350,True
agriculture__western_australia__r2c1,agriculture,western_australia,Western Australian wheat belt,-31.5,117.0,-31.463909807101928,117.0,30-45,32750,0.0,4000.0,12.5,0.001,14,20,cuda:0,0.02601676013062678,bicubic,,0.029919089240094992,-0.14999289265362492,169289,170322,,,,,,0.0,0.757769713178277,0.0,0.757769713178277,0.757769713178277,computed,350,True
agriculture__western_australia__r2c2,agriculture,western_australia,Western Australian wheat belt,-31.5,117.0,-31.463902885463376,117.04210491295811,30-45,32750,4000.0,4000.0,12.5,0.001,14,20,cuda:0,0.014597543208935857,blurred_observation,12.5,0.014597543208935857,0.0,170268,170268,,,,,,0.0,0.0,0.0,0.0,0.0,computed,351,True
agriculture__western_australia__r2c2,agriculture,western_australia,Western Australian wheat belt,-31.5,117.0,-31.463902885463376,117.04210491295811,30-45,32750,4000.0,4000.0,12.5,0.001,14,20,cuda:0,0.014597543208935857,psf_aware_matched,12.5,0.012009554868953224,0.17728930840899315,170268,171594,22.0,65536.0,171594.0,1441792.0,0.00012820961105866174,0.2726359460502863,0.04039215389639139,2.265671313740313,0.3130280999466777,2.5786994136869907,computed,351,True
agriculture__western_australia__r2c2,agriculture,western_australia,Western Australian wheat belt,-31.5,117.0,-31.463902885463376,117.04210491295811,30-45,32750,4000.0,4000.0,12.5,0.001,14,20,cuda:0,0.014597543208935857,psf_aware_plus50,18.75,0.02284410920848871,-0.5649283500325406,170268,173657,48.0,65536.0,173657.0,3145728.0,0.00027640694011758814,0.442464851308614,0.07987715117633343,2.526788332965225,0.5223420024849474,3.0491303354501724,computed,351,True
agriculture__western_australia__r2c2,agriculture,western_australia,Western Australian wheat belt,-31.5,117.0,-31.463902885463376,117.04210491295811,30-45,32750,4000.0,4000.0,12.5,0.001,14,20,cuda:0,0.014597543208935857,psf_aware_minus50,6.25,0.01698640073063002,-0.16364791578296733,169863,169863,9.0,65536.0,169863.0,589824.0,5.29838752406351e-05,0.175066736061126,0.02256490895524621,2.233365084975958,0.1976316450163722,2.43099672999233,computed,351,True
agriculture__western_australia__r2c2,agriculture,western_australia,Western Australian wheat belt,-31.5,117.0,-31.463902885463376,117.04210491295811,30-45,32750,4000.0,4000.0,12.5,0.001,14,20,cuda:0,0.014597543208935857,nearest,,0.017704349498233705,-0.2128307650698389,169472,170268,,,,,,0.0,0.12428905861452222,0.0,0.12428905861452222,0.12428905861452222,computed,351,True
agriculture__western_australia__r2c2,agriculture,western_australia,Western Australian wheat belt,-31.5,117.0,-31.463902885463376,117.04210491295811,30-45,32750,4000.0,4000.0,12.5,0.001,14,20,cuda:0,0.014597543208935857,bilinear,,0.018415738532002304,-0.26156424190127736,169472,170268,,,,,,0.0,0.10948474891483784,0.0,0.10948474891483784,0.10948474891483784,computed,351,True
agriculture__western_australia__r2c2,agriculture,western_australia,Western Australian wheat belt,-31.5,117.0,-31.463902885463376,117.04210491295811,30-45,32750,4000.0,4000.0,12.5,0.001,14,20,cuda:0,0.014597543208935857,bicubic,,0.016761257050857122,-0.14822452045195877,169472,170268,,,,,,0.0,0.760067184921354,0.0,0.760067184921354,0.760067184921354,computed,351,True
agriculture__mato_grosso__r0c0,agriculture,mato_grosso,"Mato Grosso, Brazil",-13.0,-56.0,-13.036305061804198,-56.03674117298044,00-15,32721,-4000.0,-4000.0,12.5,0.001,14,20,cuda:0,0.014577907181587338,blurred_observation,12.5,0.014577907181587338,0.0,170804,170804,,,,,,0.0,0.0,0.0,0.0,0.0,computed,352,True
agriculture__mato_grosso__r0c0,agriculture,mato_grosso,"Mato Grosso, Brazil",-13.0,-56.0,-13.036305061804198,-56.03674117298044,00-15,32721,-4000.0,-4000.0,12.5,0.001,14,20,cuda:0,0.014577907181587338,psf_aware_matched,12.5,0.011812912935922095,0.18967017770270733,170804,172117,22.0,65536.0,172117.0,1441792.0,0.00012782002939860676,0.2684637140482664,0.040223315358161926,2.85698158480227,0.30868702940642834,3.1656686142086983,computed,352,True
agriculture__mato_grosso__r0c0,agriculture,mato_grosso,"Mato Grosso, Brazil",-13.0,-56.0,-13.036305061804198,-56.03674117298044,00-15,32721,-4000.0,-4000.0,12.5,0.001,14,20,cuda:0,0.014577907181587338,psf_aware_plus50,18.75,0.021634989831985415,-0.48409436021869734,170804,174124,48.0,65536.0,174124.0,3145728.0,0.0002756656176058441,0.49466118309646845,0.07974138390272856,2.761278259102255,0.574402566999197,3.335680826101452,computed,352,True
agriculture__mato_grosso__r0c0,agriculture,mato_grosso,"Mato Grosso, Brazil",-13.0,-56.0,-13.036305061804198,-56.03674117298044,00-15,32721,-4000.0,-4000.0,12.5,0.001,14,20,cuda:0,0.014577907181587338,psf_aware_minus50,6.25,0.017024196018317176,-0.16780795804624327,170257,170257,9.0,65536.0,170257.0,589824.0,5.28612626793612e-05,0.17136075627058744,0.02226249733939767,2.6692873840220273,0.1936232536099851,2.8629106376320124,computed,352,True
agriculture__mato_grosso__r0c0,agriculture,mato_grosso,"Mato Grosso, Brazil",-13.0,-56.0,-13.036305061804198,-56.03674117298044,00-15,32721,-4000.0,-4000.0,12.5,0.001,14,20,cuda:0,0.014577907181587338,nearest,,0.01767930541503315,-0.2127464659236573,169803,170804,,,,,,0.0,0.12940658256411552,0.0,0.12940658256411552,0.12940658256411552,computed,352,True
agriculture__mato_grosso__r0c0,agriculture,mato_grosso,"Mato Grosso, Brazil",-13.0,-56.0,-13.036305061804198,-56.03674117298044,00-15,32721,-4000.0,-4000.0,12.5,0.001,14,20,cuda:0,0.014577907181587338,bilinear,,0.01825414221470722,-0.2521785183104446,169803,170804,,,,,,0.0,0.11675827577710152,0.0,0.11675827577710152,0.11675827577710152,computed,352,True
agriculture__mato_grosso__r0c0,agriculture,mato_grosso,"Mato Grosso, Brazil",-13.0,-56.0,-13.036305061804198,-56.03674117298044,00-15,32721,-4000.0,-4000.0,12.5,0.001,14,20,cuda:0,0.014577907181587338,bicubic,,0.016514161434515815,-0.132821140154745,169803,170804,,,,,,0.0,0.7709025582298636,0.0,0.7709025582298636,0.7709025582298636,computed,352,True
agriculture__mato_grosso__r0c1,agriculture,mato_grosso,"Mato Grosso, Brazil",-13.0,-56.0,-13.036165273811926,-55.99985496760605,00-15,32721,0.0,-4000.0,12.5,0.001,14,20,cuda:0,0.022556291733581788,blurred_observation,12.5,0.022556291733581788,0.0,170803,170803,,,,,,0.0,0.0,0.0,0.0,0.0,computed,353,True
agriculture__mato_grosso__r0c1,agriculture,mato_grosso,"Mato Grosso, Brazil",-13.0,-56.0,-13.036165273811926,-55.99985496760605,00-15,32721,0.0,-4000.0,12.5,0.001,14,20,cuda:0,0.022556291733581788,psf_aware_matched,12.5,0.018578267791208712,0.17635983739519545,170803,172125,22.0,65536.0,172125.0,1441792.0,0.00012781408859840232,0.2661985629238188,0.0404690601862967,2.7547946092672646,0.30666762311011553,3.06146223237738,computed,353,True
agriculture__mato_grosso__r0c1,agriculture,mato_grosso,"Mato Grosso, Brazil",-13.0,-56.0,-13.036165273811926,-55.99985496760605,00-15,32721,0.0,-4000.0,12.5,0.001,14,20,cuda:0,0.022556291733581788,psf_aware_plus50,18.75,0.03365795806660416,-0.49217603957898026,170803,174120,48.0,65536.0,174120.0,3145728.0,0.0002756719503790489,0.42498370027169585,0.08013512007892132,3.0892055686563253,0.5051188203506172,3.5943243890069425,computed,353,True
agriculture__mato_grosso__r0c1,agriculture,mato_grosso,"Mato Grosso, Brazil",-13.0,-56.0,-13.036165273811926,-55.99985496760605,00-15,32721,0.0,-4000.0,12.5,0.001,14,20,cuda:0,0.022556291733581788,psf_aware_minus50,6.25,0.026120371094502527,-0.15800821354046146,170271,170271,9.0,65536.0,170271.0,589824.0,5.2856916327501456e-05,0.16802859492599964,0.022464008070528507,2.803843829780817,0.19049260299652815,2.994336432777345,computed,353,True
agriculture__mato_grosso__r0c1,agriculture,mato_grosso,"Mato Grosso, Brazil",-13.0,-56.0,-13.036165273811926,-55.99985496760605,00-15,32721,0.0,-4000.0,12.5,0.001,14,20,cuda:0,0.022556291733581788,nearest,,0.027217826572091722,-0.20666228711565404,169790,170803,,,,,,0.0,0.13267344003543258,0.0,0.13267344003543258,0.13267344003543258,computed,353,True
agriculture__mato_grosso__r0c1,agriculture,mato_grosso,"Mato Grosso, Brazil",-13.0,-56.0,-13.036165273811926,-55.99985496760605,00-15,32721,0.0,-4000.0,12.5,0.001,14,20,cuda:0,0.022556291733581788,bilinear,,0.02812086891586732,-0.2466973405030488,169790,170803,,,,,,0.0,0.11906007630750537,0.0,0.11906007630750537,0.11906007630750537,computed,353,True
agriculture__mato_grosso__r0c1,agriculture,mato_grosso,"Mato Grosso, Brazil",-13.0,-56.0,-13.036165273811926,-55.99985496760605,00-15,32721,0.0,-4000.0,12.5,0.001,14,20,cuda:0,0.022556291733581788,bicubic,,0.025607310114310878,-0.13526241000805705,169790,170803,,,,,,0.0,0.7674508700147271,0.0,0.7674508700147271,0.7674508700147271,computed,353,True
agriculture__mato_grosso__r0c2,agriculture,mato_grosso,"Mato Grosso, Brazil",-13.0,-56.0,-13.036020235583045,-55.962969200399336,00-15,32721,4000.0,-4000.0,12.5,0.001,14,20,cuda:0,0.01775936260262064,blurred_observation,12.5,0.01775936260262064,0.0,170788,170788,,,,,,0.0,0.0,0.0,0.0,0.0,computed,354,True
agriculture__mato_grosso__r0c2,agriculture,mato_grosso,"Mato Grosso, Brazil",-13.0,-56.0,-13.036020235583045,-55.962969200399336,00-15,32721,4000.0,-4000.0,12.5,0.001,14,20,cuda:0,0.01775936260262064,psf_aware_matched,12.5,0.013869970513993168,0.21900516227162004,170788,172129,22.0,65536.0,172129.0,1441792.0,0.00012781111840538202,0.26706721913069487,0.040427401661872864,2.8847820311784744,0.30749462079256773,3.192276651971042,computed,354,True
agriculture__mato_grosso__r0c2,agriculture,mato_grosso,"Mato Grosso, Brazil",-13.0,-56.0,-13.036020235583045,-55.962969200399336,00-15,32721,4000.0,-4000.0,12.5,0.001,14,20,cuda:0,0.01775936260262064,psf_aware_plus50,18.75,0.02627825504397978,-0.47968458282968185,170788,174108,48.0,65536.0,174108.0,3145728.0,0.00027569095044455166,0.502645465079695,0.07993677398189902,2.92359780985862,0.582582239061594,3.506180048920214,computed,354,True
agriculture__mato_grosso__r0c2,agriculture,mato_grosso,"Mato Grosso, Brazil",-13.0,-56.0,-13.036020235583045,-55.962969200399336,00-15,32721,4000.0,-4000.0,12.5,0.001,14,20,cuda:0,0.01775936260262064,psf_aware_minus50,6.25,0.020735342688136517,-0.16757246034701323,170260,170260,9.0,65536.0,170260.0,589824.0,5.2860331258075886e-05,0.1809543571434915,0.022233582101762295,2.7057725992053747,0.2031879392452538,2.9089605384506285,computed,354,True
agriculture__mato_grosso__r0c2,agriculture,mato_grosso,"Mato Grosso, Brazil",-13.0,-56.0,-13.036020235583045,-55.962969200399336,00-15,32721,4000.0,-4000.0,12.5,0.001,14,20,cuda:0,0.01775936260262064,nearest,,0.021559086163296857,-0.21395607746167156,169810,170788,,,,,,0.0,0.12913620984181762,0.0,0.12913620984181762,0.12913620984181762,computed,354,True
agriculture__mato_grosso__r0c2,agriculture,mato_grosso,"Mato Grosso, Brazil",-13.0,-56.0,-13.036020235583045,-55.962969200399336,00-15,32721,4000.0,-4000.0,12.5,0.001,14,20,cuda:0,0.01775936260262064,bilinear,,0.022306911818013753,-0.25606488910373715,169810,170788,,,,,,0.0,0.11691468162462115,0.0,0.11691468162462115,0.11691468162462115,computed,354,True
agriculture__mato_grosso__r0c2,agriculture,mato_grosso,"Mato Grosso, Brazil",-13.0,-56.0,-13.036020235583045,-55.962969200399336,00-15,32721,4000.0,-4000.0,12.5,0.001,14,20,cuda:0,0.01775936260262064,bicubic,,0.020082837443609877,-0.13083098154921258,169810,170788,,,,,,0.0,0.7684142347425222,0.0,0.7684142347425222,0.7684142347425222,computed,354,True
agriculture__mato_grosso__r1c0,agriculture,mato_grosso,"Mato Grosso, Brazil",-13.0,-56.0,-13.000139387050169,-56.036880858509534,00-15,32721,-4000.0,0.0,12.5,0.001,14,20,cuda:0,0.015268557941566296,blurred_observation,12.5,0.015268557941566296,0.0,170804,170804,,,,,,0.0,0.0,0.0,0.0,0.0,computed,355,True
agriculture__mato_grosso__r1c0,agriculture,mato_grosso,"Mato Grosso, Brazil",-13.0,-56.0,-13.000139387050169,-56.036880858509534,00-15,32721,-4000.0,0.0,12.5,0.001,14,20,cuda:0,0.015268557941566296,psf_aware_matched,12.5,0.012149555974862258,0.20427613260143163,170804,172152,22.0,65536.0,172152.0,1441792.0,0.00012779404247409266,0.2982543888501823,0.04032701114192605,2.8010231368243694,0.33858139999210835,3.1396045368164778,computed,355,True
agriculture__mato_grosso__r1c0,agriculture,mato_grosso,"Mato Grosso, Brazil",-13.0,-56.0,-13.000139387050169,-56.036880858509534,00-15,32721,-4000.0,0.0,12.5,0.001,14,20,cuda:0,0.015268557941566296,psf_aware_plus50,18.75,0.023110239034993714,-0.5135836091029691,170804,174134,48.0,65536.0,174134.0,3145728.0,0.0002756497869456855,0.43285091081634164,0.0799105241894722,3.088619608897716,0.5127614350058138,3.6013810439035296,computed,355,True
agriculture__mato_grosso__r1c0,agriculture,mato_grosso,"Mato Grosso, Brazil",-13.0,-56.0,-13.000139387050169,-56.036880858509534,00-15,32721,-4000.0,0.0,12.5,0.001,14,20,cuda:0,0.015268557941566296,psf_aware_minus50,6.25,0.017405238429878744,-0.13993990110196752,170268,170268,9.0,65536.0,170268.0,589824.0,5.285784762844457e-05,0.1638238108716905,0.022353649139404297,2.9240092001855373,0.1861774600110948,3.110186660196632,computed,355,True
agriculture__mato_grosso__r1c0,agriculture,mato_grosso,"Mato Grosso, Brazil",-13.0,-56.0,-13.000139387050169,-56.036880858509534,00-15,32721,-4000.0,0.0,12.5,0.001,14,20,cuda:0,0.015268557941566296,nearest,,0.0182148230599962,-0.192962893398672,169812,170804,,,,,,0.0,0.1485143331810832,0.0,0.1485143331810832,0.1485143331810832,computed,355,True
agriculture__mato_grosso__r1c0,agriculture,mato_grosso,"Mato Grosso, Brazil",-13.0,-56.0,-13.000139387050169,-56.036880858509534,00-15,32721,-4000.0,0.0,12.5,0.001,14,20,cuda:0,0.015268557941566296,bilinear,,0.018912804786371445,-0.23867655732466053,169812,170804,,,,,,0.0,0.10969418613240123,0.0,0.10969418613240123,0.10969418613240123,computed,355,True
agriculture__mato_grosso__r1c0,agriculture,mato_grosso,"Mato Grosso, Brazil",-13.0,-56.0,-13.000139387050169,-56.036880858509534,00-15,32721,-4000.0,0.0,12.5,0.001,14,20,cuda:0,0.015268557941566296,bicubic,,0.017274169664911087,-0.13135567425688732,169812,170804,,,,,,0.0,0.7689871299080551,0.0,0.7689871299080551,0.7689871299080551,computed,355,True
agriculture__mato_grosso__r1c1,agriculture,mato_grosso,"Mato Grosso, Brazil",-13.0,-56.0,-13.000000000000002,-56.0,00-15,32721,0.0,0.0,12.5,0.001,14,20,cuda:0,0.01260818009333684,blurred_observation,12.5,0.01260818009333684,0.0,170798,170798,,,,,,0.0,0.0,0.0,0.0,0.0,computed,356,True
agriculture__mato_grosso__r1c1,agriculture,mato_grosso,"Mato Grosso, Brazil",-13.0,-56.0,-13.000000000000002,-56.0,00-15,32721,0.0,0.0,12.5,0.001,14,20,cuda:0,0.01260818009333684,psf_aware_matched,12.5,0.009980661837731431,0.20839790010566217,170798,172116,22.0,65536.0,172116.0,1441792.0,0.0001278207720374631,0.2665554089471698,0.04040453815832734,2.943389837164432,0.3069599471054971,3.250349784269929,computed,356,True
agriculture__mato_grosso__r1c1,agriculture,mato_grosso,"Mato Grosso, Brazil",-13.0,-56.0,-13.000000000000002,-56.0,00-15,32721,0.0,0.0,12.5,0.001,14,20,cuda:0,0.01260818009333684,psf_aware_plus50,18.75,0.018494530494191776,-0.46686756988550226,170798,174113,48.0,65536.0,174113.0,3145728.0,0.0002756830334323112,0.49567787861451507,0.07966556120663881,2.7638128688558936,0.5753434398211539,3.3391563086770475,computed,356,True
agriculture__mato_grosso__r1c1,agriculture,mato_grosso,"Mato Grosso, Brazil",-13.0,-56.0,-13.000000000000002,-56.0,00-15,32721,0.0,0.0,12.5,0.001,14,20,cuda:0,0.01260818009333684,psf_aware_minus50,6.25,0.014573751662743847,-0.15589653342957654,170268,170268,9.0,65536.0,170268.0,589824.0,5.285784762844457e-05,0.17778601590543985,0.022231929004192352,2.737994046881795,0.2000179449096322,2.938011991791427,computed,356,True
agriculture__mato_grosso__r1c1,agriculture,mato_grosso,"Mato Grosso, Brazil",-13.0,-56.0,-13.000000000000002,-56.0,00-15,32721,0.0,0.0,12.5,0.001,14,20,cuda:0,0.01260818009333684,nearest,,0.015163233634209098,-0.20265046358455407,169809,170798,,,,,,0.0,0.1337903249077499,0.0,0.1337903249077499,0.1337903249077499,computed,356,True
agriculture__mato_grosso__r1c1,agriculture,mato_grosso,"Mato Grosso, Brazil",-13.0,-56.0,-13.000000000000002,-56.0,00-15,32721,0.0,0.0,12.5,0.001,14,20,cuda:0,0.01260818009333684,bilinear,,0.01565347586279007,-0.24153333366982954,169809,170798,,,,,,0.0,0.1172166639007628,0.0,0.1172166639007628,0.1172166639007628,computed,356,True
agriculture__mato_grosso__r1c1,agriculture,mato_grosso,"Mato Grosso, Brazil",-13.0,-56.0,-13.000000000000002,-56.0,00-15,32721,0.0,0.0,12.5,0.001,14,20,cuda:0,0.01260818009333684,bicubic,,0.014110399487784907,-0.11914640997569181,169809,170798,,,,,,0.0,0.7619978319853544,0.0,0.7619978319853544,0.7619978319853544,computed,356,True
agriculture__mato_grosso__r1c2,agriculture,mato_grosso,"Mato Grosso, Brazil",-13.0,-56.0,-12.999855377771578,-55.96311957935426,00-15,32721,4000.0,0.0,12.5,0.001,14,20,cuda:0,0.02753229341378361,blurred_observation,12.5,0.02753229341378361,0.0,170798,170798,,,,,,0.0,0.0,0.0,0.0,0.0,computed,357,True
agriculture__mato_grosso__r1c2,agriculture,mato_grosso,"Mato Grosso, Brazil",-13.0,-56.0,-12.999855377771578,-55.96311957935426,00-15,32721,4000.0,0.0,12.5,0.001,14,20,cuda:0,0.02753229341378361,psf_aware_matched,12.5,0.02102707912249759,0.23627578689210427,170798,172110,22.0,65536.0,172110.0,1441792.0,0.00012782522805182732,0.26642498187720776,0.04036403214558959,2.823560174088925,0.30678901402279735,3.1303491881117225,computed,357,True
agriculture__mato_grosso__r1c2,agriculture,mato_grosso,"Mato Grosso, Brazil",-13.0,-56.0,-12.999855377771578,-55.96311957935426,00-15,32721,4000.0,0.0,12.5,0.001,14,20,cuda:0,0.02753229341378361,psf_aware_plus50,18.75,0.0409167308407853,-0.4861359431939287,170798,174112,48.0,65536.0,174112.0,3145728.0,0.00027568461679838266,0.46564694913104177,0.07973002269864082,2.8942275820299983,0.5453769718296826,3.439604553859681,computed,357,True
agriculture__mato_grosso__r1c2,agriculture,mato_grosso,"Mato Grosso, Brazil",-13.0,-56.0,-12.999855377771578,-55.96311957935426,00-15,32721,4000.0,0.0,12.5,0.001,14,20,cuda:0,0.02753229341378361,psf_aware_minus50,6.25,0.031955993345917005,-0.1606731362930609,170274,170274,9.0,65536.0,170274.0,589824.0,5.285598505937489e-05,0.16702817007899284,0.022583344019949436,2.896836172323674,0.18961151409894228,3.0864476864226162,computed,357,True
agriculture__mato_grosso__r1c2,agriculture,mato_grosso,"Mato Grosso, Brazil",-13.0,-56.0,-12.999855377771578,-55.96311957935426,00-15,32721,4000.0,0.0,12.5,0.001,14,20,cuda:0,0.02753229341378361,nearest,,0.033483681165565556,-0.2161602617819871,169780,170798,,,,,,0.0,0.1340572708286345,0.0,0.1340572708286345,0.1340572708286345,computed,357,True
agriculture__mato_grosso__r1c2,agriculture,mato_grosso,"Mato Grosso, Brazil",-13.0,-56.0,-12.999855377771578,-55.96311957935426,00-15,32721,4000.0,0.0,12.5,0.001,14,20,cuda:0,0.02753229341378361,bilinear,,0.034750697608465234,-0.26217954625849815,169780,170798,,,,,,0.0,0.11891707498580217,0.0,0.11891707498580217,0.11891707498580217,computed,357,True
agriculture__mato_grosso__r1c2,agriculture,mato_grosso,"Mato Grosso, Brazil",-13.0,-56.0,-12.999855377771578,-55.96311957935426,00-15,32721,4000.0,0.0,12.5,0.001,14,20,cuda:0,0.02753229341378361,bicubic,,0.031211922197449664,-0.13364773970569055,169780,170798,,,,,,0.0,0.7690566116943955,0.0,0.7690566116943955,0.7690566116943955,computed,357,True
agriculture__mato_grosso__r2c0,agriculture,mato_grosso,"Mato Grosso, Brazil",-13.0,-56.0,-12.963973610301924,-56.03702012231636,00-15,32721,-4000.0,4000.0,12.5,0.001,14,20,cuda:0,0.01485697357320578,blurred_observation,12.5,0.01485697357320578,0.0,170803,170803,,,,,,0.0,0.0,0.0,0.0,0.0,computed,358,True
agriculture__mato_grosso__r2c0,agriculture,mato_grosso,"Mato Grosso, Brazil",-13.0,-56.0,-12.963973610301924,-56.03702012231636,00-15,32721,-4000.0,4000.0,12.5,0.001,14,20,cuda:0,0.01485697357320578,psf_aware_matched,12.5,0.012382659305279882,0.1665422810193503,170803,172135,22.0,65536.0,172135.0,1441792.0,0.00012780666337467686,0.2688252991065383,0.040584157686680555,2.7677039788104594,0.30940945679321885,3.0771134356036782,computed,358,True
agriculture__mato_grosso__r2c0,agriculture,mato_grosso,"Mato Grosso, Brazil",-13.0,-56.0,-12.963973610301924,-56.03702012231636,00-15,32721,-4000.0,4000.0,12.5,0.001,14,20,cuda:0,0.01485697357320578,psf_aware_plus50,18.75,0.022173685098280282,-0.4924765793667445,170803,174115,48.0,65536.0,174115.0,3145728.0,0.00027567986675473106,0.4597667120397091,0.07962225889787078,2.9077884261496365,0.5393889709375799,3.4471773970872164,computed,358,True
agriculture__mato_grosso__r2c0,agriculture,mato_grosso,"Mato Grosso, Brazil",-13.0,-56.0,-12.963973610301924,-56.03702012231636,00-15,32721,-4000.0,4000.0,12.5,0.001,14,20,cuda:0,0.01485697357320578,psf_aware_minus50,6.25,0.01722129107852008,-0.15913856840792207,170273,170273,9.0,65536.0,170273.0,589824.0,5.2856295478437565e-05,0.18215530226007104,0.02249926421791315,2.8227293100208044,0.2046545664779842,3.0273838764987886,computed,358,True
agriculture__mato_grosso__r2c0,agriculture,mato_grosso,"Mato Grosso, Brazil",-13.0,-56.0,-12.963973610301924,-56.03702012231636,00-15,32721,-4000.0,4000.0,12.5,0.001,14,20,cuda:0,0.01485697357320578,nearest,,0.017899138668559033,-0.20476344528469315,169797,170803,,,,,,0.0,0.14617830934002995,0.0,0.14617830934002995,0.14617830934002995,computed,358,True
agriculture__mato_grosso__r2c0,agriculture,mato_grosso,"Mato Grosso, Brazil",-13.0,-56.0,-12.963973610301924,-56.03702012231636,00-15,32721,-4000.0,4000.0,12.5,0.001,14,20,cuda:0,0.01485697357320578,bilinear,,0.01845566180673877,-0.24222216024016796,169797,170803,,,,,,0.0,0.1177880261093378,0.0,0.1177880261093378,0.1177880261093378,computed,358,True
agriculture__mato_grosso__r2c0,agriculture,mato_grosso,"Mato Grosso, Brazil",-13.0,-56.0,-12.963973610301924,-56.03702012231636,00-15,32721,-4000.0,4000.0,12.5,0.001,14,20,cuda:0,0.01485697357320578,bicubic,,0.016799779681705512,-0.1307672857413935,169797,170803,,,,,,0.0,0.7704573539085686,0.0,0.7704573539085686,0.7704573539085686,computed,358,True
agriculture__mato_grosso__r2c1,agriculture,mato_grosso,"Mato Grosso, Brazil",-13.0,-56.0,-12.963834624082315,-56.00014459453,00-15,32721,0.0,4000.0,12.5,0.001,14,20,cuda:0,0.012293814967838941,blurred_observation,12.5,0.012293814967838941,0.0,170807,170807,,,,,,0.0,0.0,0.0,0.0,0.0,computed,359,True
agriculture__mato_grosso__r2c1,agriculture,mato_grosso,"Mato Grosso, Brazil",-13.0,-56.0,-12.963834624082315,-56.00014459453,00-15,32721,0.0,4000.0,12.5,0.001,14,20,cuda:0,0.012293814967838941,psf_aware_matched,12.5,0.010056638118077447,0.1819758029231796,170807,172156,22.0,65536.0,172156.0,1441792.0,0.00012779107321266757,0.2627203748561442,0.04020794481039047,2.8121773949824274,0.30292831966653466,3.115105714648962,computed,359,True
agriculture__mato_grosso__r2c1,agriculture,mato_grosso,"Mato Grosso, Brazil",-13.0,-56.0,-12.963834624082315,-56.00014459453,00-15,32721,0.0,4000.0,12.5,0.001,14,20,cuda:0,0.012293814967838941,psf_aware_plus50,18.75,0.018340412510748954,-0.4918406173126997,170807,174149,48.0,65536.0,174149.0,3145728.0,0.00027562604436430873,0.4864612719975412,0.0799655788578093,2.934501653071493,0.5664268508553505,3.5009285039268434,computed,359,True
agriculture__mato_grosso__r2c1,agriculture,mato_grosso,"Mato Grosso, Brazil",-13.0,-56.0,-12.963834624082315,-56.00014459453,00-15,32721,0.0,4000.0,12.5,0.001,14,20,cuda:0,0.012293814967838941,psf_aware_minus50,6.25,0.014229214061724916,-0.15742868254883025,170260,170260,9.0,65536.0,170260.0,589824.0,5.2860331258075886e-05,0.17241890029981732,0.022440553177148104,2.9507115646265447,0.19485945347696543,3.14557101810351,computed,359,True
agriculture__mato_grosso__r2c1,agriculture,mato_grosso,"Mato Grosso, Brazil",-13.0,-56.0,-12.963834624082315,-56.00014459453,00-15,32721,0.0,4000.0,12.5,0.001,14,20,cuda:0,0.012293814967838941,nearest,,0.014803432510153376,-0.2041365962380013,169818,170807,,,,,,0.0,0.1270420141518116,0.0,0.1270420141518116,0.1270420141518116,computed,359,True
agriculture__mato_grosso__r2c1,agriculture,mato_grosso,"Mato Grosso, Brazil",-13.0,-56.0,-12.963834624082315,-56.00014459453,00-15,32721,0.0,4000.0,12.5,0.001,14,20,cuda:0,0.012293814967838941,bilinear,,0.015312970317518751,-0.24558327562095483,169818,170807,,,,,,0.0,0.10938046220690012,0.0,0.10938046220690012,0.10938046220690012,computed,359,True
agriculture__mato_grosso__r2c1,agriculture,mato_grosso,"Mato Grosso, Brazil",-13.0,-56.0,-12.963834624082315,-56.00014459453,00-15,32721,0.0,4000.0,12.5,0.001,14,20,cuda:0,0.012293814967838941,bicubic,,0.013882369850364553,-0.12921577937209316,169818,170807,,,,,,0.0,0.7643365110270679,0.0,0.7643365110270679,0.7643365110270679,computed,359,True
agriculture__mato_grosso__r2c2,agriculture,mato_grosso,"Mato Grosso, Brazil",-13.0,-56.0,-12.963690417738613,-55.96326950430455,00-15,32721,4000.0,4000.0,12.5,0.001,14,20,cuda:0,0.015364118192626067,blurred_observation,12.5,0.015364118192626067,0.0,170803,170803,,,,,,0.0,0.0,0.0,0.0,0.0,computed,360,True
agriculture__mato_grosso__r2c2,agriculture,mato_grosso,"Mato Grosso, Brazil",-13.0,-56.0,-12.963690417738613,-55.96326950430455,00-15,32721,4000.0,4000.0,12.5,0.001,14,20,cuda:0,0.015364118192626067,psf_aware_matched,12.5,0.012350107908714703,0.19617203188126497,170803,172145,22.0,65536.0,172145.0,1441792.0,0.00012779923901362224,0.27013920713216066,0.04059067089110613,2.939546317793429,0.3107298780232668,3.2502761958166957,computed,360,True
agriculture__mato_grosso__r2c2,agriculture,mato_grosso,"Mato Grosso, Brazil",-13.0,-56.0,-12.963690417738613,-55.96326950430455,00-15,32721,4000.0,4000.0,12.5,0.001,14,20,cuda:0,0.015364118192626067,psf_aware_plus50,18.75,0.022870900860687843,-0.4885918328631851,170803,174124,48.0,65536.0,174124.0,3145728.0,0.0002756656176058441,0.4763778131455183,0.07965922774747014,2.860501992981881,0.5560370408929884,3.4165390338748693,computed,360,True
agriculture__mato_grosso__r2c2,agriculture,mato_grosso,"Mato Grosso, Brazil",-13.0,-56.0,-12.963690417738613,-55.96326950430455,00-15,32721,4000.0,4000.0,12.5,0.001,14,20,cuda:0,0.015364118192626067,psf_aware_minus50,6.25,0.017681994333095828,-0.15086294647109755,170260,170260,9.0,65536.0,170260.0,589824.0,5.2860331258075886e-05,0.1631009508855641,0.022387311793863773,2.703164256643504,0.18548826267942786,2.8886525193229318,computed,360,True
agriculture__mato_grosso__r2c2,agriculture,mato_grosso,"Mato Grosso, Brazil",-13.0,-56.0,-12.963690417738613,-55.96326950430455,00-15,32721,4000.0,4000.0,12.5,0.001,14,20,cuda:0,0.015364118192626067,nearest,,0.018391359166833997,-0.19703317406532572,169815,170803,,,,,,0.0,0.1471199318766594,0.0,0.1471199318766594,0.1471199318766594,computed,360,True
agriculture__mato_grosso__r2c2,agriculture,mato_grosso,"Mato Grosso, Brazil",-13.0,-56.0,-12.963690417738613,-55.96326950430455,00-15,32721,4000.0,4000.0,12.5,0.001,14,20,cuda:0,0.015364118192626067,bilinear,,0.019039782009198244,-0.23923688756418793,169815,170803,,,,,,0.0,0.11045202100649476,0.0,0.11045202100649476,0.11045202100649476,computed,360,True
agriculture__mato_grosso__r2c2,agriculture,mato_grosso,"Mato Grosso, Brazil",-13.0,-56.0,-12.963690417738613,-55.96326950430455,00-15,32721,4000.0,4000.0,12.5,0.001,14,20,cuda:0,0.015364118192626067,bicubic,,0.01733298486741646,-0.12814706643791252,169815,170803,,,,,,0.0,0.758101241197437,0.0,0.758101241197437,0.758101241197437,computed,360,True
