scene,snr,noise_std,lam,rmse_vs_no_psf,noise_model,realization,seed,n_cells,rmse_clean,noise_penalty,noise_penalty_lam0,rmse_noisy_lam0,regularization_noise_gain,regularization_noise_gain_pct
urban,inf,0.0,0.0,0.06831428863119249,none,0,1234,169675,0.06831428863119249,0.0,0.0,0.06831428863119249,0.0,0.0
urban,inf,0.0,0.001,0.06839533343459926,none,0,1234,169675,0.06839533343459926,0.0,0.0,0.06831428863119249,0.0,0.0
urban,inf,0.0,0.01,0.06926453603527458,none,0,1234,169675,0.06926453603527458,0.0,0.0,0.06831428863119249,0.0,0.0
urban,inf,0.0,0.1,0.07773709302854438,none,0,1234,169675,0.07773709302854438,0.0,0.0,0.06831428863119249,0.0,0.0
urban,inf,0.0,1.0,0.09939127560378015,none,0,1234,169675,0.09939127560378015,0.0,0.0,0.06831428863119249,0.0,0.0
urban,100.0,0.0013009534832244293,0.0,0.06842138364123576,white,0,2234,169675,0.06831428863119249,0.00010709501004327326,0.00010709501004327326,0.06842138364123576,0.0,0.0
urban,100.0,0.0013009534832244293,0.001,0.0684985900176381,white,0,2234,169675,0.06839533343459926,0.00010325658303883545,0.00010709501004327326,0.06842138364123576,3.838427004437817e-06,0.005609981558637318
urban,100.0,0.0013009534832244293,0.01,0.06934364856810124,white,0,2234,169675,0.06926453603527458,7.911253282666397e-05,0.00010709501004327326,0.06842138364123576,2.798247721660929e-05,0.040897268847023126
urban,100.0,0.0013009534832244293,0.1,0.07776546720223018,white,0,2234,169675,0.07773709302854438,2.837417368579953e-05,0.00010709501004327326,0.06842138364123576,7.872083635747373e-05,0.11505297345380014
urban,100.0,0.0013009534832244293,1.0,0.09940015985773241,white,0,2234,169675,0.09939127560378015,8.884253952262666e-06,0.00010709501004327326,0.06842138364123576,9.82107560910106e-05,0.14353810295034952
urban,100.0,0.0013009534832244293,0.0,0.06842148733036861,white,1,2235,169675,0.06831428863119249,0.00010719869917612257,0.00010719869917612257,0.06842148733036861,0.0,0.0
urban,100.0,0.0013009534832244293,0.001,0.06849887354867254,white,1,2235,169675,0.06839533343459926,0.00010354011407327779,0.00010719869917612257,0.06842148733036861,3.6585851028447802e-06,0.005347128870758896
urban,100.0,0.0013009534832244293,0.01,0.06934436985156817,white,1,2235,169675,0.06926453603527458,7.983381629358965e-05,0.00010719869917612257,0.06842148733036861,2.7364882882532915e-05,0.039994574731185534
urban,100.0,0.0013009534832244293,0.1,0.07776255079489024,white,1,2235,169675,0.07773709302854438,2.5457766345854393e-05,0.00010719869917612257,0.06842148733036861,8.174093283026818e-05,0.11946675820650829
urban,100.0,0.0013009534832244293,1.0,0.09939367893565529,white,1,2235,169675,0.09939127560378015,2.4033318751365274e-06,0.00010719869917612257,0.06842148733036861,0.00010479536730098604,0.1531614868220981
urban,100.0,0.0013009534832244293,0.0,0.06841885409303863,white,2,2236,169675,0.06831428863119249,0.00010456546184614557,0.00010456546184614557,0.06841885409303863,0.0,0.0
urban,100.0,0.0013009534832244293,0.001,0.06849583322601459,white,2,2236,169675,0.06839533343459926,0.00010049979141532606,0.00010456546184614557,0.06841885409303863,4.065670430819512e-06,0.005942324648248062
urban,100.0,0.0013009534832244293,0.01,0.06933981066451482,white,2,2236,169675,0.06926453603527458,7.527462924024342e-05,0.00010456546184614557,0.06841885409303863,2.929083260590215e-05,0.04281105404962107
urban,100.0,0.0013009534832244293,0.1,0.07776133685523429,white,2,2236,169675,0.07773709302854438,2.4243826689904213e-05,0.00010456546184614557,0.06841885409303863,8.032163515624136e-05,0.11739693132980107
urban,100.0,0.0013009534832244293,1.0,0.09939663622857306,white,2,2236,169675,0.09939127560378015,5.3606247929077755e-06,0.00010456546184614557,0.06841885409303863,9.920483705323779e-05,0.1449963440170091
urban,100.0,0.0013009534832244293,0.0,0.06842231158947339,white,3,2237,169675,0.06831428863119249,0.00010802295828089836,0.00010802295828089836,0.06842231158947339,0.0,0.0
urban,100.0,0.0013009534832244293,0.001,0.06849913286140195,white,3,2237,169675,0.06839533343459926,0.00010379942680269205,0.00010802295828089836,0.06842231158947339,4.2235314782063105e-06,0.00617274011954909
urban,100.0,0.0013009534832244293,0.01,0.06934222224163368,white,3,2237,169675,0.06926453603527458,7.768620635910384e-05,0.00010802295828089836,0.06842231158947339,3.0336751921794525e-05,0.04433751391477654
urban,100.0,0.0013009534832244293,0.1,0.07776290739474832,white,3,2237,169675,0.07773709302854438,2.5814366203941175e-05,0.00010802295828089836,0.06842231158947339,8.220859207695719e-05,0.1201488084328399
urban,100.0,0.0013009534832244293,1.0,0.09939831255217307,white,3,2237,169675,0.09939127560378015,7.0369483929216825e-06,0.00010802295828089836,0.06842231158947339,0.00010098600988797668,0.14759222180899417
urban,100.0,0.0013009534832244293,0.0,0.0684316064696626,white,4,2238,169675,0.06831428863119249,0.00011731783847011845,0.00011731783847011845,0.0684316064696626,0.0,0.0
urban,100.0,0.0013009534832244293,0.001,0.06850867910507434,white,4,2238,169675,0.06839533343459926,0.00011334567047507904,0.00011731783847011845,0.0684316064696626,3.972167995039411e-06,0.0058045809531015015
urban,100.0,0.0013009534832244293,0.01,0.06935244941150556,white,4,2238,169675,0.06926453603527458,8.791337623098583e-05,0.00011731783847011845,0.0684316064696626,2.9404462239132623e-05,0.04296912458451247
urban,100.0,0.0013009534832244293,0.1,0.07776740064735133,white,4,2238,169675,0.07773709302854438,3.0307618806943437e-05,0.00011731783847011845,0.0684316064696626,8.701021966317501e-05,0.12714917002825113
urban,100.0,0.0013009534832244293,1.0,0.09939942047898363,white,4,2238,169675,0.09939127560378015,8.144875203480728e-06,0.00011731783847011845,0.0684316064696626,0.00010917296326663772,0.1595358766201649
urban,100.0,0.0013009534832244293,0.0,0.06841989389462744,white,5,2239,169675,0.06831428863119249,0.00010560526343494914,0.00010560526343494914,0.06841989389462744,0.0,0.0
urban,100.0,0.0013009534832244293,0.001,0.06849660052113499,white,5,2239,169675,0.06839533343459926,0.00010126708653572514,0.00010560526343494914,0.06841989389462744,4.338176899224e-06,0.006340519770324649
urban,100.0,0.0013009534832244293,0.01,0.06933877193529515,white,5,2239,169675,0.06926453603527458,7.423590002057778e-05,0.00010560526343494914,0.06841989389462744,3.1369363414371354e-05,0.04584830760287774
urban,100.0,0.0013009534832244293,0.1,0.07775726632448239,white,5,2239,169675,0.07773709302854438,2.017329593800854e-05,0.00010560526343494914,0.06841989389462744,8.54319674969406e-05,0.12486422096548883
urban,100.0,0.0013009534832244293,1.0,0.09939318787179463,white,5,2239,169675,0.09939127560378015,1.9122680144784132e-06,0.00010560526343494914,0.06841989389462744,0.00010369299542047072,0.15155386762242998
urban,100.0,0.0013009534832244293,0.0,0.0684274305570154,white,6,2240,169675,0.06831428863119249,0.00011314192582291549,0.00011314192582291549,0.0684274305570154,0.0,0.0
urban,100.0,0.0013009534832244293,0.001,0.06850432504205542,white,6,2240,169675,0.06839533343459926,0.00010899160745615755,0.00011314192582291549,0.0684274305570154,4.1503183667579435e-06,0.006065284540093606
urban,100.0,0.0013009534832244293,0.01,0.06934735104293417,white,6,2240,169675,0.06926453603527458,8.281500765959515e-05,0.00011314192582291549,0.0684274305570154,3.0326918163320338e-05,0.04431982600610907
urban,100.0,0.0013009534832244293,0.1,0.07776411010618123,white,6,2240,169675,0.07773709302854438,2.7017077636845577e-05,0.00011314192582291549,0.0684274305570154,8.612484818606991e-05,0.1258630456894163
urban,100.0,0.0013009534832244293,1.0,0.09939703309603733,white,6,2240,169675,0.09939127560378015,5.75749225717459e-06,0.00011314192582291549,0.0684274305570154,0.0001073844335657409,0.15693185129356213
urban,100.0,0.0013009534832244293,0.0,0.06842599074708247,white,7,2241,169675,0.06831428863119249,0.00011170211588998336,0.00011170211588998336,0.06842599074708247,0.0,0.0
urban,100.0,0.0013009534832244293,0.001,0.06850295302417192,white,7,2241,169675,0.06839533343459926,0.00010761958957265783,0.00011170211588998336,0.06842599074708247,4.08252631732553e-06,0.005966338627694038
urban,100.0,0.0013009534832244293,0.01,0.06934686911716849,white,7,2241,169675,0.06926453603527458,8.23330818939122e-05,0.00011170211588998336,0.06842599074708247,2.936903399607116e-05,0.04292087505846364
urban,100.0,0.0013009534832244293,0.1,0.07776689961059553,white,7,2241,169675,0.07773709302854438,2.980658205115061e-05,0.00011170211588998336,0.06842599074708247,8.189553383883275e-05,0.11968483458505799
urban,100.0,0.0013009534832244293,1.0,0.09939771805019162,white,7,2241,169675,0.09939127560378015,6.442446411472624e-06,0.00011170211588998336,0.06842599074708247,0.00010525966947851073,0.15382995310593842
urban,100.0,0.0013009534832244293,0.0,0.06842599500807671,white,8,2242,169675,0.06831428863119249,0.00011170637688422136,0.00011170637688422136,0.06842599500807671,0.0,0.0
urban,100.0,0.0013009534832244293,0.001,0.06850249325013903,white,8,2242,169675,0.06839533343459926,0.00010715981553977016,0.00011170637688422136,0.06842599500807671,4.546561344451194e-06,0.00664449430938423
urban,100.0,0.0013009534832244293,0.01,0.06934332579069617,white,8,2242,169675,0.06926453603527458,7.878975542159605e-05,0.00011170637688422136,0.06842599500807671,3.2916621462625306e-05,0.04810543340837056
urban,100.0,0.0013009534832244293,0.1,0.07775871524600632,white,8,2242,169675,0.07773709302854438,2.1622217461936266e-05,0.00011170637688422136,0.06842599500807671,9.008415942228509e-05,0.13165195392723475
urban,100.0,0.0013009534832244293,1.0,0.0993936763285395,white,8,2242,169675,0.09939127560378015,2.400724759349382e-06,0.00011170637688422136,0.06842599500807671,0.00010930565212487198,0.1597428756600032
urban,100.0,0.0013009534832244293,0.0,0.06842127238349105,white,9,2243,169675,0.06831428863119249,0.00010698375229856172,0.00010698375229856172,0.06842127238349105,0.0,0.0
urban,100.0,0.0013009534832244293,0.001,0.06849854499579011,white,9,2243,169675,0.06839533343459926,0.00010321156119084962,0.00010698375229856172,0.06842127238349105,3.7721911077120973e-06,0.005513184681175655
urban,100.0,0.0013009534832244293,0.01,0.0693438130933457,white,9,2243,169675,0.06926453603527458,7.927705807111995e-05,0.00010698375229856172,0.06842127238349105,2.7706694227441764e-05,0.04049426919766979
urban,100.0,0.0013009534832244293,0.1,0.07776260266419048,white,9,2243,169675,0.07773709302854438,2.5509635646098205e-05,0.00010698375229856172,0.06842127238349105,8.147411665246351e-05,0.11907717266029959
urban,100.0,0.0013009534832244293,1.0,0.09939524890192053,white,9,2243,169675,0.09939127560378015,3.9732981403778345e-06,0.00010698375229856172,0.06842127238349105,0.00010301045415818388,0.15055325715199452
urban,100.0,0.0013009534832244293,0.0,0.06832894000622737,correlated,0,2334,169675,0.06831428863119249,1.4651375034882563e-05,1.4651375034882563e-05,0.06832894000622737,0.0,0.0
urban,100.0,0.0013009534832244293,0.001,0.06840994548178599,correlated,0,2334,169675,0.06839533343459926,1.4612047186723931e-05,1.4651375034882563e-05,0.06832894000622737,3.932784815863233e-08,5.755664899096644e-05
urban,100.0,0.0013009534832244293,0.01,0.0692788288851131,correlated,0,2334,169675,0.06926453603527458,1.4292849838518085e-05,1.4651375034882563e-05,0.06832894000622737,3.5852519636447866e-07,0.000524704753698511
urban,100.0,0.0013009534832244293,0.1,0.07774909747578987,correlated,0,2334,169675,0.07773709302854438,1.200444724548666e-05,1.4651375034882563e-05,0.06832894000622737,2.646927789395903e-06,0.0038738019192960803
urban,100.0,0.0013009534832244293,1.0,0.09939872358945583,correlated,0,2334,169675,0.09939127560378015,7.4479856756737295e-06,1.4651375034882563e-05,0.06832894000622737,7.203389359208834e-06,0.010542223190572443
urban,100.0,0.0013009534832244293,0.0,0.06832820083011823,correlated,1,2335,169675,0.06831428863119249,1.3912198925741803e-05,1.3912198925741803e-05,0.06832820083011823,0.0,0.0
urban,100.0,0.0013009534832244293,0.001,0.06840927399523805,correlated,1,2335,169675,0.06839533343459926,1.3940560638789345e-05,1.3912198925741803e-05,0.06832820083011823,-2.8361713047542203e-08,-4.1508063585717464e-05
urban,100.0,0.0013009534832244293,0.01,0.06927851399237477,correlated,1,2335,169675,0.06926453603527458,1.397795710018912e-05,1.3912198925741803e-05,0.06832820083011823,-6.57581744473168e-08,-9.62387032710093e-05
urban,100.0,0.0013009534832244293,0.1,0.07774975829119599,correlated,1,2335,169675,0.07773709302854438,1.2665262651603837e-05,1.3912198925741803e-05,0.06832820083011823,1.2469362741379664e-06,0.0018249218609431499
urban,100.0,0.0013009534832244293,1.0,0.09940104964000786,correlated,1,2335,169675,0.09939127560378015,9.774036227705452e-06,1.3912198925741803e-05,0.06832820083011823,4.138162698036352e-06,0.006056302738491397
urban,100.0,0.0013009534832244293,0.0,0.06832668340099418,correlated,2,2336,169675,0.06831428863119249,1.2394769801693517e-05,1.2394769801693517e-05,0.06832668340099418,0.0,0.0
urban,100.0,0.0013009534832244293,0.001,0.06840775177062122,correlated,2,2336,169675,0.06839533343459926,1.2418336021960408e-05,1.2394769801693517e-05,0.06832668340099418,-2.3566220266890703e-08,-3.449050809123249e-05
urban,100.0,0.0013009534832244293,0.01,0.06927696119693245,correlated,2,2336,169675,0.06926453603527458,1.2425161657877992e-05,1.2394769801693517e-05,0.06832668340099418,-3.039185618447515e-08,-4.4480215739599235e-05
urban,100.0,0.0013009534832244293,0.1,0.07774795839251189,correlated,2,2336,169675,0.07773709302854438,1.0865363967507702e-05,1.2394769801693517e-05,0.06832668340099418,1.5294058341858152e-06,0.002238372708960672
urban,100.0,0.0013009534832244293,1.0,0.09939863513661434,correlated,2,2336,169675,0.09939127560378015,7.359532834191884e-06,1.2394769801693517e-05,0.06832668340099418,5.035236967501633e-06,0.0073693566215572645
urban,100.0,0.0013009534832244293,0.0,0.06832822748995102,correlated,3,2337,169675,0.06831428863119249,1.3938858758527628e-05,1.3938858758527628e-05,0.06832822748995102,0.0,0.0
urban,100.0,0.0013009534832244293,0.001,0.06840927745716546,correlated,3,2337,169675,0.06839533343459926,1.3944022566200753e-05,1.3938858758527628e-05,0.06832822748995102,-5.163807673125298e-09,-7.557356399863784e-06
urban,100.0,0.0013009534832244293,0.01,0.0692783841314996,correlated,3,2337,169675,0.06926453603527458,1.3848096225024809e-05,1.3938858758527628e-05,0.06832822748995102,9.076253350281949e-08,0.00013283314500755615
urban,100.0,0.0013009534832244293,0.1,0.07774929673576535,correlated,3,2337,169675,0.07773709302854438,1.2203707220964644e-05,1.3938858758527628e-05,0.06832822748995102,1.7351515375629845e-06,0.002539435898316215
urban,100.0,0.0013009534832244293,1.0,0.09940048093787815,correlated,3,2337,169675,0.09939127560378015,9.205334097997508e-06,1.3938858758527628e-05,0.06832822748995102,4.7335246605301196e-06,0.006927626889232969
urban,100.0,0.0013009534832244293,0.0,0.06832913655828426,correlated,4,2338,169675,0.06831428863119249,1.4847927091776736e-05,1.4847927091776736e-05,0.06832913655828426,0.0,0.0
urban,100.0,0.0013009534832244293,0.001,0.0684101865993007,correlated,4,2338,169675,0.06839533343459926,1.4853164701442156e-05,1.4847927091776736e-05,0.06832913655828426,-5.2376096654205284e-09,-7.665265403950897e-06
urban,100.0,0.0013009534832244293,0.01,0.06927931793500704,correlated,4,2338,169675,0.06926453603527458,1.478189973246058e-05,1.4847927091776736e-05,0.06832913655828426,6.602735931615644e-08,9.663133860887526e-05
urban,100.0,0.0013009534832244293,0.1,0.07775025649439397,correlated,4,2338,169675,0.07773709302854438,1.3163465849591605e-05,1.4847927091776736e-05,0.06832913655828426,1.6844612421851313e-06,0.002465216636753924
urban,100.0,0.0013009534832244293,1.0,0.09940110239103139,correlated,4,2338,169675,0.09939127560378015,9.826787251240865e-06,1.4847927091776736e-05,0.06832913655828426,5.021139840535871e-06,0.007348460837424566
urban,100.0,0.0013009534832244293,0.0,0.06832842689866032,correlated,5,2339,169675,0.06831428863119249,1.4138267467836418e-05,1.4138267467836418e-05,0.06832842689866032,0.0,0.0
urban,100.0,0.0013009534832244293,0.001,0.06840943777067326,correlated,5,2339,169675,0.06839533343459926,1.4104336074002854e-05,1.4138267467836418e-05,0.06832842689866032,3.3931393833563916e-08,4.965926390181418e-05
urban,100.0,0.0013009534832244293,0.01,0.06927833388893205,correlated,5,2339,169675,0.06926453603527458,1.379785365747399e-05,1.4138267467836418e-05,0.06832842689866032,3.404138103624277e-07,0.0004982023234155592
urban,100.0,0.0013009534832244293,0.1,0.07774873908390756,correlated,5,2339,169675,0.07773709302854438,1.1646055363176422e-05,1.4138267467836418e-05,0.06832842689866032,2.4922121046599965e-06,0.003647401554196852
urban,100.0,0.0013009534832244293,1.0,0.09939821957567371,correlated,5,2339,169675,0.09939127560378015,6.943971893560996e-06,1.4138267467836418e-05,0.06832842689866032,7.194295574275422e-06,0.010528993423111394
urban,100.0,0.0013009534832244293,0.0,0.06832892945436286,correlated,6,2340,169675,0.06831428863119249,1.4640823170375405e-05,1.4640823170375405e-05,0.06832892945436286,0.0,0.0
urban,100.0,0.0013009534832244293,0.001,0.0684099985866357,correlated,6,2340,169675,0.06839533343459926,1.4665152036436035e-05,1.4640823170375405e-05,0.06832892945436286,-2.4328866060630006e-08,-3.560551329415946e-05
urban,100.0,0.0013009534832244293,0.01,0.06927916795794771,correlated,6,2340,169675,0.06926453603527458,1.4631922673133402e-05,1.4640823170375405e-05,0.06832892945436286,8.900497242003702e-09,1.3025957399125324e-05
urban,100.0,0.0013009534832244293,0.1,0.07774981327307738,correlated,6,2340,169675,0.07773709302854438,1.2720244532998803e-05,1.4640823170375405e-05,0.06832892945436286,1.920578637376602e-06,0.0028107840305903863
urban,100.0,0.0013009534832244293,1.0,0.09940023871400001,correlated,6,2340,169675,0.09939127560378015,8.963110219861736e-06,1.4640823170375405e-05,0.06832892945436286,5.677712950513669e-06,0.008309383735194964
urban,100.0,0.0013009534832244293,0.0,0.0683279838113527,correlated,7,2341,169675,0.06831428863119249,1.3695180160214204e-05,1.3695180160214204e-05,0.0683279838113527,0.0,0.0
urban,100.0,0.0013009534832244293,0.001,0.06840911138023185,correlated,7,2341,169675,0.06839533343459926,1.3777945632592603e-05,1.3695180160214204e-05,0.0683279838113527,-8.276547237839882e-08,-0.00012112968620134717
urban,100.0,0.0013009534832244293,0.01,0.06927860947440521,correlated,7,2341,169675,0.06926453603527458,1.4073439130637966e-05,1.3695180160214204e-05,0.0683279838113527,-3.7825897042376155e-07,-0.0005535930512278833
urban,100.0,0.0013009534832244293,0.1,0.077749961494878,correlated,7,2341,169675,0.07773709302854438,1.2868466333623707e-05,1.3695180160214204e-05,0.0683279838113527,8.267138265904972e-07,0.0012099198314895084
urban,100.0,0.0013009534832244293,1.0,0.09940081819408467,correlated,7,2341,169675,0.09939127560378015,9.542590304514875e-06,1.3695180160214204e-05,0.0683279838113527,4.152589855699329e-06,0.006077436540736002
urban,100.0,0.0013009534832244293,0.0,0.06833066439364234,correlated,8,2342,169675,0.06831428863119249,1.6375762449852282e-05,1.6375762449852282e-05,0.06833066439364234,0.0,0.0
urban,100.0,0.0013009534832244293,0.001,0.06841148789775783,correlated,8,2342,169675,0.06839533343459926,1.6154463158571386e-05,1.6375762449852282e-05,0.06833066439364234,2.2129929128089643e-07,0.0003238652708043721
urban,100.0,0.0013009534832244293,0.01,0.0692794869606583,correlated,8,2342,169675,0.06926453603527458,1.4950925383727665e-05,1.6375762449852282e-05,0.06833066439364234,1.424837066124618e-06,0.002085208857206997
urban,100.0,0.0013009534832244293,0.1,0.0777489964025861,correlated,8,2342,169675,0.07773709302854438,1.1903374041721815e-05,1.6375762449852282e-05,0.06833066439364234,4.472388408130468e-06,0.0065452142867596505
urban,100.0,0.0013009534832244293,1.0,0.09939844344538921,correlated,8,2342,169675,0.09939127560378015,7.167841609062586e-06,1.6375762449852282e-05,0.06833066439364234,9.207920840789696e-06,0.013475532431156083
urban,100.0,0.0013009534832244293,0.0,0.06832907694157946,correlated,9,2343,169675,0.06831428863119249,1.4788310386967818e-05,1.4788310386967818e-05,0.06832907694157946,0.0,0.0
urban,100.0,0.0013009534832244293,0.001,0.06841010021620052,correlated,9,2343,169675,0.06839533343459926,1.476678160125533e-05,1.4788310386967818e-05,0.06832907694157946,2.1528785712487952e-08,3.1507502627168234e-05
urban,100.0,0.0013009534832244293,0.01,0.069279062105514,correlated,9,2343,169675,0.06926453603527458,1.4526070239426203e-05,1.4788310386967818e-05,0.06832907694157946,2.6224014754161473e-07,0.000383789975336308
urban,100.0,0.0013009534832244293,0.1,0.07774964443280717,correlated,9,2343,169675,0.07773709302854438,1.2551404262789445e-05,1.4788310386967818e-05,0.06832907694157946,2.2369061241783728e-06,0.0032737250732816146
urban,100.0,0.0013009534832244293,1.0,0.09940029745069785,correlated,9,2343,169675,0.09939127560378015,9.021846917700582e-06,1.4788310386967818e-05,0.06832907694157946,5.766463469267236e-06,0.008439252697936332
urban,50.0,0.0026019069664488586,0.0,0.0687422225021757,white,0,3234,169675,0.06831428863119249,0.00042793387098320756,0.00042793387098320756,0.0687422225021757,0.0,0.0
urban,50.0,0.0026019069664488586,0.001,0.06880647150237708,white,0,3234,169675,0.06839533343459926,0.0004111380677778165,0.00042793387098320756,0.0687422225021757,1.679580320539109e-05,0.024433023248352937
urban,50.0,0.0026019069664488586,0.01,0.0695704456732999,white,0,3234,169675,0.06926453603527458,0.0003059096380253201,0.00042793387098320756,0.0687422225021757,0.00012202423295788745,0.17750987459566844
urban,50.0,0.0026019069664488586,0.1,0.07782663752255467,white,0,3234,169675,0.07773709302854438,8.954449401028797e-05,0.00042793387098320756,0.0687422225021757,0.0003383893769729196,0.49225841797915326
urban,50.0,0.0026019069664488586,1.0,0.0994056954370974,white,0,3234,169675,0.09939127560378015,1.4419833317250164e-05,0.00042793387098320756,0.0687422225021757,0.0004135140376659574,0.6015430147794096
urban,50.0,0.0026019069664488586,0.0,0.06874906501910184,white,1,3235,169675,0.06831428863119249,0.00043477638790935524,0.00043477638790935524,0.06874906501910184,0.0,0.0
urban,50.0,0.0026019069664488586,0.001,0.06881438188219288,white,1,3235,169675,0.06839533343459926,0.00041904844759362014,0.00043477638790935524,0.06874906501910184,1.57279403157351e-05,0.022877315220745348
urban,50.0,0.0026019069664488586,0.01,0.06958482936631927,white,1,3235,169675,0.06926453603527458,0.00032029333104469093,0.00043477638790935524,0.06874906501910184,0.00011448305686466431,0.16652307465251395
urban,50.0,0.0026019069664488586,0.1,0.07784691627995206,white,1,3235,169675,0.07773709302854438,0.00010982325140768134,0.00043477638790935524,0.06874906501910184,0.0003249531365016739,0.47266553575875697
urban,50.0,0.0026019069664488586,1.0,0.09941240055976815,white,1,3235,169675,0.09939127560378015,2.1124955987994465e-05,0.00043477638790935524,0.06874906501910184,0.0004136514319213608,0.6016829927889612
urban,50.0,0.0026019069664488586,0.0,0.06874839683968571,white,2,3236,169675,0.06831428863119249,0.0004341082084932252,0.0004341082084932252,0.06874839683968571,0.0,0.0
urban,50.0,0.0026019069664488586,0.001,0.06881361433003418,white,2,3236,169675,0.06839533343459926,0.00041828089543491376,0.0004341082084932252,0.06874839683968571,1.582731305831142e-05,0.0230220831115802
urban,50.0,0.0026019069664488586,0.01,0.06958208929984994,white,2,3236,169675,0.06926453603527458,0.0003175532645753598,0.0004341082084932252,0.06874839683968571,0.00011655494391786536,0.1695384172952566
urban,50.0,0.0026019069664488586,0.1,0.0778372790998426,white,2,3236,169675,0.07773709302854438,0.00010018607129821944,0.0004341082084932252,0.06874839683968571,0.00033392213719500574,0.4857162530984952
urban,50.0,0.0026019069664488586,1.0,0.0994098227149413,white,2,3236,169675,0.09939127560378015,1.8547111161143492e-05,0.0004341082084932252,0.06874839683968571,0.0004155610973320817,0.6044666005828878
urban,50.0,0.0026019069664488586,0.0,0.0687550407094528,white,3,3237,169675,0.06831428863119249,0.0004407520782603175,0.0004407520782603175,0.0687550407094528,0.0,0.0
urban,50.0,0.0026019069664488586,0.001,0.06882023264060749,white,3,3237,169675,0.06839533343459926,0.0004248992060082307,0.0004407520782603175,0.0687550407094528,1.5852872252086758e-05,0.023057032747720013
urban,50.0,0.0026019069664488586,0.01,0.06958835827120946,white,3,3237,169675,0.06926453603527458,0.00032382223593488413,0.0004407520782603175,0.0687550407094528,0.00011692984232543335,0.17006730142093746
urban,50.0,0.0026019069664488586,0.1,0.07784052150059627,white,3,3237,169675,0.07773709302854438,0.00010342847205188632,0.0004407520782603175,0.0687550407094528,0.00033732360620843116,0.4906165464055265
urban,50.0,0.0026019069664488586,1.0,0.09940821624678287,white,3,3237,169675,0.09939127560378015,1.6940643002713585e-05,0.0004407520782603175,0.0687550407094528,0.0004238114352576039,0.6164078020818277
urban,50.0,0.0026019069664488586,0.0,0.0687419441466,white,4,3238,169675,0.06831428863119249,0.00042765551540750735,0.00042765551540750735,0.0687419441466,0.0,0.0
urban,50.0,0.0026019069664488586,0.001,0.06880624122146949,white,4,3238,169675,0.06839533343459926,0.0004109077868702238,0.00042765551540750735,0.0687419441466,1.6747728537283568e-05,0.024363187199895216
urban,50.0,0.0026019069664488586,0.01,0.06957064766162199,white,4,3238,169675,0.06926453603527458,0.0003061116263474162,0.00042765551540750735,0.0687419441466,0.00012154388906009117,0.17681182947180696
urban,50.0,0.0026019069664488586,0.1,0.07782790102114835,white,4,3238,169675,0.07773709302854438,9.080799260396955e-05,0.00042765551540750735,0.0687419441466,0.0003368475228035378,0.49001745147791026
urban,50.0,0.0026019069664488586,1.0,0.09940607852277564,white,4,3238,169675,0.09939127560378015,1.4802918995485137e-05,0.00042765551540750735,0.0687419441466,0.0004128525964120222,0.6005832414800012
urban,50.0,0.0026019069664488586,0.0,0.06873637362744131,white,5,3239,169675,0.06831428863119249,0.0004220849962488227,0.0004220849962488227,0.06873637362744131,0.0,0.0
urban,50.0,0.0026019069664488586,0.001,0.06880047552845055,white,5,3239,169675,0.06839533343459926,0.0004051420938512851,0.0004220849962488227,0.06873637362744131,1.6942902397537596e-05,0.02464910716612719
urban,50.0,0.0026019069664488586,0.01,0.06956319676164434,white,5,3239,169675,0.06926453603527458,0.00029866072636976215,0.0004220849962488227,0.06873637362744131,0.00012342426987906052,0.17956180020207876
urban,50.0,0.0026019069664488586,0.1,0.0778178803330708,white,5,3239,169675,0.07773709302854438,8.07873045264168e-05,0.0004220849962488227,0.06873637362744131,0.00034129769172240587,0.4965314195541895
urban,50.0,0.0026019069664488586,1.0,0.0994025507537607,white,5,3239,169675,0.09939127560378015,1.1275149980546906e-05,0.0004220849962488227,0.06873637362744131,0.00041080984626827577,0.5976600518597478
urban,50.0,0.0026019069664488586,0.0,0.0687395403050478,white,6,3240,169675,0.06831428863119249,0.0004252516738553064,0.0004252516738553064,0.0687395403050478,0.0,0.0
urban,50.0,0.0026019069664488586,0.001,0.06880507815659026,white,6,3240,169675,0.06839533343459926,0.0004097447219909983,0.0004252516738553064,0.0687395403050478,1.550695186430806e-05,0.022558998497069275
urban,50.0,0.0026019069664488586,0.01,0.06957624441496095,white,6,3240,169675,0.06926453603527458,0.00031170837968637344,0.0004252516738553064,0.0687395403050478,0.00011354329416893294,0.16517901293063353
urban,50.0,0.0026019069664488586,0.1,0.07783925553523793,white,6,3240,169675,0.07773709302854438,0.00010216250669355109,0.0004252516738553064,0.0687395403050478,0.0003230891671617553,0.4700193887360484
urban,50.0,0.0026019069664488586,1.0,0.09941338626223986,white,6,3240,169675,0.09939127560378015,2.2110658459709165e-05,0.0004252516738553064,0.0687395403050478,0.0004031410153955972,0.5864761585640006
urban,50.0,0.0026019069664488586,0.0,0.06874627775046036,white,7,3241,169675,0.06831428863119249,0.0004319891192678671,0.0004319891192678671,0.06874627775046036,0.0,0.0
urban,50.0,0.0026019069664488586,0.001,0.06881124853551812,white,7,3241,169675,0.06839533343459926,0.0004159151009188594,0.0004319891192678671,0.06874627775046036,1.607401834900768e-05,0.02338165625105432
urban,50.0,0.0026019069664488586,0.01,0.06957829063274373,white,7,3241,169675,0.06926453603527458,0.0003137545974691569,0.0004319891192678671,0.06874627775046036,0.00011823452179871019,0.1719867979294609
urban,50.0,0.0026019069664488586,0.1,0.07783264248525011,white,7,3241,169675,0.07773709302854438,9.554945670572912e-05,0.0004319891192678671,0.06874627775046036,0.000336439662562138,0.48939327854719383
urban,50.0,0.0026019069664488586,1.0,0.09940971039492684,white,7,3241,169675,0.09939127560378015,1.8434791146687557e-05,0.0004319891192678671,0.06874627775046036,0.00041355432812117954,0.601566138056704
urban,50.0,0.0026019069664488586,0.0,0.06875286652022976,white,8,3242,169675,0.06831428863119249,0.0004385778890372699,0.0004385778890372699,0.06875286652022976,0.0,0.0
urban,50.0,0.0026019069664488586,0.001,0.06881695236632611,white,8,3242,169675,0.06839533343459926,0.00042161893172684706,0.0004385778890372699,0.06875286652022976,1.695895731042285e-05,0.02466654580203266
urban,50.0,0.0026019069664488586,0.01,0.06958062806407868,white,8,3242,169675,0.06926453603527458,0.0003160920288041019,0.0004385778890372699,0.06875286652022976,0.000122485860233168,0.17815382315314504
urban,50.0,0.0026019069664488586,0.1,0.07783575404415813,white,8,3242,169675,0.07773709302854438,9.86610156137463e-05,0.0004385778890372699,0.06875286652022976,0.0003399168734235236,0.49440392906891656
urban,50.0,0.0026019069664488586,1.0,0.0994075084629151,white,8,3242,169675,0.09939127560378015,1.6232859134948652e-05,0.0004385778890372699,0.06875286652022976,0.00042234502990232126,0.6142944305864702
urban,50.0,0.0026019069664488586,0.0,0.06874983906153061,white,9,3243,169675,0.06831428863119249,0.00043555043033811913,0.00043555043033811913,0.06874983906153061,0.0,0.0
urban,50.0,0.0026019069664488586,0.001,0.06881488486351765,white,9,3243,169675,0.06839533343459926,0.00041955142891839103,0.00043555043033811913,0.06874983906153061,1.5999001419728098e-05,0.023271329268726153
urban,50.0,0.0026019069664488586,0.01,0.06958364572321092,white,9,3243,169675,0.06926453603527458,0.00031910968793634475,0.00043555043033811913,0.06874983906153061,0.00011644074240177438,0.16936874906363164
urban,50.0,0.0026019069664488586,0.1,0.0778468707006795,white,9,3243,169675,0.07773709302854438,0.0001097776721351168,0.00043555043033811913,0.06874983906153061,0.00032577275820300233,0.47385239391097056
urban,50.0,0.0026019069664488586,1.0,0.0994194806106295,white,9,3243,169675,0.09939127560378015,2.8205006849343905e-05,0.00043555043033811913,0.06874983906153061,0.0004073454234887752,0.5925038211714271
urban,50.0,0.0026019069664488586,0.0,0.06837164360237863,correlated,0,3334,169675,0.06831428863119249,5.735497118614097e-05,5.735497118614097e-05,0.06837164360237863,0.0,0.0
urban,50.0,0.0026019069664488586,0.001,0.06845260770033443,correlated,0,3334,169675,0.06839533343459926,5.727426573516603e-05,5.735497118614097e-05,0.06837164360237863,8.070545097493831e-08,0.00011803936065116122
urban,50.0,0.0026019069664488586,0.01,0.0693209452375239,correlated,0,3334,169675,0.06926453603527458,5.640920224932178e-05,5.735497118614097e-05,0.06837164360237863,9.457689368191913e-07,0.0013832765851284703
urban,50.0,0.0026019069664488586,0.1,0.07778576059989549,correlated,0,3334,169675,0.07773709302854438,4.866757135110755e-05,5.735497118614097e-05,0.06837164360237863,8.687399835033416e-06,0.01270614450276457
urban,50.0,0.0026019069664488586,1.0,0.09942448243087564,correlated,0,3334,169675,0.09939127560378015,3.320682709548328e-05,5.735497118614097e-05,0.06837164360237863,2.4148144090657686e-05,0.035318946303373025
urban,50.0,0.0026019069664488586,0.0,0.06836965601766126,correlated,1,3335,169675,0.06831428863119249,5.536738646877426e-05,5.536738646877426e-05,0.06836965601766126,0.0,0.0
urban,50.0,0.0026019069664488586,0.001,0.06845072832870347,correlated,1,3335,169675,0.06839533343459926,5.5394894104207615e-05,5.536738646877426e-05,0.06836965601766126,-2.750763543335477e-08,-4.023368996656791e-05
urban,50.0,0.0026019069664488586,0.01,0.06931957567591644,correlated,1,3335,169675,0.06926453603527458,5.503964064186573e-05,5.536738646877426e-05,0.06836965601766126,3.2774582690853205e-07,0.00047937322783058714
urban,50.0,0.0026019069664488586,0.1,0.07778449117367905,correlated,1,3335,169675,0.07773709302854438,4.739814513467222e-05,5.536738646877426e-05,0.06836965601766126,7.96924133410204e-06,0.011656108569631276
urban,50.0,0.0026019069664488586,1.0,0.09942247836411523,correlated,1,3335,169675,0.09939127560378015,3.1202760335080626e-05,5.536738646877426e-05,0.06836965601766126,2.4164626133693634e-05,0.03534408031459369
urban,50.0,0.0026019069664488586,0.0,0.06836974931628913,correlated,2,3336,169675,0.06831428863119249,5.546068509663937e-05,5.546068509663937e-05,0.06836974931628913,0.0,0.0
urban,50.0,0.0026019069664488586,0.001,0.0684508335777568,correlated,2,3336,169675,0.06839533343459926,5.550014315754137e-05,5.546068509663937e-05,0.06836974931628913,-3.945806090199788e-08,-5.771274766484624e-05
urban,50.0,0.0026019069664488586,0.01,0.06931973080939025,correlated,2,3336,169675,0.06926453603527458,5.5194774115668865e-05,5.546068509663937e-05,0.06836974931628913,2.6591098097050736e-07,0.00038893075319080324
urban,50.0,0.0026019069664488586,0.1,0.07778557590295877,correlated,2,3336,169675,0.07773709302854438,4.8482874414390587e-05,5.546068509663937e-05,0.06836974931628913,6.977810682248786e-06,0.010205991322226948
urban,50.0,0.0026019069664488586,1.0,0.09942617230457046,correlated,2,3336,169675,0.09939127560378015,3.489670079030727e-05,5.546068509663937e-05,0.06836974931628913,2.0563984306332106e-05,0.030077606707609686
urban,50.0,0.0026019069664488586,0.0,0.06836868811746151,correlated,3,3337,169675,0.06831428863119249,5.439948626902169e-05,5.439948626902169e-05,0.06836868811746151,0.0,0.0
urban,50.0,0.0026019069664488586,0.001,0.06844963404067893,correlated,3,3337,169675,0.06839533343459926,5.43006060796658e-05,5.439948626902169e-05,0.06836868811746151,9.888018935588772e-08,0.00014462788752945735
urban,50.0,0.0026019069664488586,0.01,0.069317796782003,correlated,3,3337,169675,0.06926453603527458,5.326074672842851e-05,5.439948626902169e-05,0.06836868811746151,1.138739540593181e-06,0.001665586355316279
urban,50.0,0.0026019069664488586,0.1,0.07778172222846401,correlated,3,3337,169675,0.07773709302854438,4.462919991962688e-05,5.439948626902169e-05,0.06836868811746151,9.770286349394808e-06,0.014290586258740067
urban,50.0,0.0026019069664488586,1.0,0.09941852522979829,correlated,3,3337,169675,0.09939127560378015,2.724962601813319e-05,5.439948626902169e-05,0.06836868811746151,2.7149860250888502e-05,0.039710956869968624
urban,50.0,0.0026019069664488586,0.0,0.06837498135801615,correlated,4,3338,169675,0.06831428863119249,6.0692726823657894e-05,6.0692726823657894e-05,0.06837498135801615,0.0,0.0
urban,50.0,0.0026019069664488586,0.001,0.06845578624670334,correlated,4,3338,169675,0.06839533343459926,6.045281210408093e-05,6.0692726823657894e-05,0.06837498135801615,2.399147195769613e-07,0.00035088085555848444
urban,50.0,0.0026019069664488586,0.01,0.06932342403198621,correlated,4,3338,169675,0.06926453603527458,5.888799671163736e-05,6.0692726823657894e-05,0.06837498135801615,1.8047301120205361e-06,0.0026394597500083313
urban,50.0,0.0026019069664488586,0.1,0.07778863763461268,correlated,4,3338,169675,0.07773709302854438,5.1544606068293364e-05,6.0692726823657894e-05,0.06837498135801615,9.14812075536453e-06,0.013379339304627135
urban,50.0,0.0026019069664488586,1.0,0.09943028737640257,correlated,4,3338,169675,0.09939127560378015,3.901177262241595e-05,6.0692726823657894e-05,0.06837498135801615,2.1680954201241942e-05,0.03170889961595596
urban,50.0,0.0026019069664488586,0.0,0.06836899034695731,correlated,5,3339,169675,0.06831428863119249,5.470171576482663e-05,5.470171576482663e-05,0.06836899034695731,0.0,0.0
urban,50.0,0.0026019069664488586,0.001,0.06844996259403623,correlated,5,3339,169675,0.06839533343459926,5.4629159436964114e-05,5.470171576482663e-05,0.06836899034695731,7.255632786251631e-08,0.0001061246151132395
urban,50.0,0.0026019069664488586,0.01,0.0693183529876629,correlated,5,3339,169675,0.06926453603527458,5.3816952388319184e-05,5.470171576482663e-05,0.06836899034695731,8.84763376507447e-07,0.001294100398466426
urban,50.0,0.0026019069664488586,0.1,0.07778356137129773,correlated,5,3339,169675,0.07773709302854438,4.6468342753347436e-05,5.470171576482663e-05,0.06836899034695731,8.233373011479195e-06,0.012042554628489716
urban,50.0,0.0026019069664488586,1.0,0.09942210383021517,correlated,5,3339,169675,0.09939127560378015,3.0828226435020145e-05,5.470171576482663e-05,0.06836899034695731,2.3873489329806485e-05,0.034918592784029534
urban,50.0,0.0026019069664488586,0.0,0.06836586567455456,correlated,6,3340,169675,0.06831428863119249,5.1577043362074915e-05,5.1577043362074915e-05,0.06836586567455456,0.0,0.0
urban,50.0,0.0026019069664488586,0.001,0.06844689635997103,correlated,6,3340,169675,0.06839533343459926,5.156292537177032e-05,5.1577043362074915e-05,0.06836586567455456,1.4117990304596262e-08,2.0650642195921038e-05
urban,50.0,0.0026019069664488586,0.01,0.06931560398532881,correlated,6,3340,169675,0.06926453603527458,5.106795005423159e-05,5.1577043362074915e-05,0.06836586567455456,5.090933078433224e-07,0.0007446600768090682
urban,50.0,0.0026019069664488586,0.1,0.07778151941503998,correlated,6,3340,169675,0.07773709302854438,4.44263864955996e-05,5.1577043362074915e-05,0.06836586567455456,7.150656866475313e-06,0.010459396360919266
urban,50.0,0.0026019069664488586,1.0,0.09942126844812708,correlated,6,3340,169675,0.09939127560378015,2.9992844346932168e-05,5.1577043362074915e-05,0.06836586567455456,2.1584199015142747e-05,0.03157160200075734
urban,50.0,0.0026019069664488586,0.0,0.06837210286154459,correlated,7,3341,169675,0.06831428863119249,5.781423035210176e-05,5.781423035210176e-05,0.06837210286154459,0.0,0.0
urban,50.0,0.0026019069664488586,0.001,0.06845298790626146,correlated,7,3341,169675,0.06839533343459926,5.7654471662199613e-05,5.781423035210176e-05,0.06837210286154459,1.5975868990214526e-07,0.0002336606352822891
urban,50.0,0.0026019069664488586,0.01,0.06932100135365928,correlated,7,3341,169675,0.06926453603527458,5.646531838469915e-05,5.781423035210176e-05,0.06837210286154459,1.3489119674026107e-06,0.0019728981718380007
urban,50.0,0.0026019069664488586,0.1,0.07778602873473617,correlated,7,3341,169675,0.07773709302854438,4.8935706191785555e-05,5.781423035210176e-05,0.06837210286154459,8.878524160316204e-06,0.01298559469246611
urban,50.0,0.0026019069664488586,1.0,0.09942580271087713,correlated,7,3341,169675,0.09939127560378015,3.4527107096976595e-05,5.781423035210176e-05,0.06837210286154459,2.3287123255125164e-05,0.034059393057256464
urban,50.0,0.0026019069664488586,0.0,0.06836966182620254,correlated,8,3342,169675,0.06831428863119249,5.537319501004723e-05,5.537319501004723e-05,0.06836966182620254,0.0,0.0
urban,50.0,0.0026019069664488586,0.001,0.06845073387531497,correlated,8,3342,169675,0.06839533343459926,5.540044071571104e-05,5.537319501004723e-05,0.06836966182620254,-2.7245705663814235e-08,-3.9850578364821414e-05
urban,50.0,0.0026019069664488586,0.01,0.06931955198121874,correlated,8,3342,169675,0.06926453603527458,5.5015945944161815e-05,5.537319501004723e-05,0.06836966182620254,3.5724906588541216e-07,0.0005225257173182289
urban,50.0,0.0026019069664488586,0.1,0.0777850447123884,correlated,8,3342,169675,0.07773709302854438,4.7951683844013604e-05,5.537319501004723e-05,0.06836966182620254,7.421511166033623e-06,0.010854977146002708
urban,50.0,0.0026019069664488586,1.0,0.09942584353006029,correlated,8,3342,169675,0.09939127560378015,3.4567926280135164e-05,5.537319501004723e-05,0.06836966182620254,2.0805268729912063e-05,0.030430556732604
urban,50.0,0.0026019069664488586,0.0,0.06837103552758449,correlated,9,3343,169675,0.06831428863119249,5.67468963919987e-05,5.67468963919987e-05,0.06837103552758449,0.0,0.0
urban,50.0,0.0026019069664488586,0.001,0.06845182874138347,correlated,9,3343,169675,0.06839533343459926,5.649530678421277e-05,5.67468963919987e-05,0.06837103552758449,2.515896077859292e-07,0.00036797688647618136
urban,50.0,0.0026019069664488586,0.01,0.06931939479452062,correlated,9,3343,169675,0.06926453603527458,5.4858759246045885e-05,5.67468963919987e-05,0.06837103552758449,1.8881371459528173e-06,0.00276160384493671
urban,50.0,0.0026019069664488586,0.1,0.07778465915317731,correlated,9,3343,169675,0.07773709302854438,4.7566124632927864e-05,5.67468963919987e-05,0.06837103552758449,9.180771759070838e-06,0.013427867061289176
urban,50.0,0.0026019069664488586,1.0,0.09942570010349777,correlated,9,3343,169675,0.09939127560378015,3.442449971761963e-05,5.67468963919987e-05,0.06837103552758449,2.2322396674379075e-05,0.03264890827252871
urban,20.0,0.006504767416122147,0.0,0.07104867049403125,white,0,4234,169675,0.06831428863119249,0.0027343818628387667,0.0027343818628387667,0.07104867049403125,0.0,0.0
urban,20.0,0.006504767416122147,0.001,0.0710236717076499,white,0,4234,169675,0.06839533343459926,0.0026283382730506316,0.0027343818628387667,0.07104867049403125,0.0001060435897881351,0.14925485452545342
urban,20.0,0.006504767416122147,0.01,0.0712278549397703,white,0,4234,169675,0.06926453603527458,0.00196331890449572,0.0027343818628387667,0.07104867049403125,0.0007710629583430467,1.0852602208901616
urban,20.0,0.006504767416122147,0.1,0.07833993097793412,white,0,4234,169675,0.07773709302854438,0.0006028379493897423,0.0027343818628387667,0.07104867049403125,0.0021315439134490244,3.00011794538519
urban,20.0,0.006504767416122147,1.0,0.09951134369194219,white,0,4234,169675,0.09939127560378015,0.00012006808816203418,0.0027343818628387667,0.07104867049403125,0.0026143137746767325,3.67960970486613
urban,20.0,0.006504767416122147,0.0,0.07097538447362503,white,1,4235,169675,0.06831428863119249,0.0026610958424325426,0.0026610958424325426,0.07097538447362503,0.0,0.0
urban,20.0,0.006504767416122147,0.001,0.07095719986100892,white,1,4235,169675,0.06839533343459926,0.0025618664264096536,0.0026610958424325426,0.07097538447362503,9.922941602288904e-05,0.13980821204253344
urban,20.0,0.006504767416122147,0.01,0.07120059455028042,white,1,4235,169675,0.06926453603527458,0.001936058515005848,0.0026610958424325426,0.07097538447362503,0.0007250373274266947,1.021533497569321
urban,20.0,0.006504767416122147,0.1,0.07835703622043785,white,1,4235,169675,0.07773709302854438,0.0006199431918934711,0.0026610958424325426,0.07097538447362503,0.0020411526505390715,2.87585994169229
urban,20.0,0.006504767416122147,1.0,0.09951348200947899,white,1,4235,169675,0.09939127560378015,0.00012220640569883534,0.0026610958424325426,0.07097538447362503,0.0025388894367337073,3.5771408010860117
urban,20.0,0.006504767416122147,0.0,0.0710117971208645,white,2,4236,169675,0.06831428863119249,0.0026975084896720125,0.0026975084896720125,0.0710117971208645,0.0,0.0
urban,20.0,0.006504767416122147,0.001,0.0709874262445692,white,2,4236,169675,0.06839533343459926,0.0025920928099699425,0.0026975084896720125,0.0710117971208645,0.00010541567970207,0.1484481226727003
urban,20.0,0.006504767416122147,0.01,0.07120168158777357,white,2,4236,169675,0.06926453603527458,0.0019371455524989922,0.0026975084896720125,0.0710117971208645,0.0007603629371730203,1.070755801150697
urban,20.0,0.006504767416122147,0.1,0.07834080472235612,white,2,4236,169675,0.07773709302854438,0.0006037116938117371,0.0026975084896720125,0.0710117971208645,0.0020937967958602755,2.948519655539152
urban,20.0,0.006504767416122147,1.0,0.09950033351158799,white,2,4236,169675,0.09939127560378015,0.00010905790780783853,0.0026975084896720125,0.0710117971208645,0.002588450581864174,3.645099387441981
urban,20.0,0.006504767416122147,0.0,0.07092252230879781,white,3,4237,169675,0.06831428863119249,0.0026082336776053205,0.0026082336776053205,0.07092252230879781,0.0,0.0
urban,20.0,0.006504767416122147,0.001,0.07090667886829106,white,3,4237,169675,0.06839533343459926,0.002511345433691803,0.0026082336776053205,0.07092252230879781,9.688824391351769e-05,0.13661139051381269
urban,20.0,0.006504767416122147,0.01,0.07116557639774904,white,3,4237,169675,0.06926453603527458,0.0019010403624744598,0.0026082336776053205,0.07092252230879781,0.0007071933151308607,0.9971350314526739
urban,20.0,0.006504767416122147,0.1,0.07834156580813656,white,3,4237,169675,0.07773709302854438,0.0006044727795921773,0.0026082336776053205,0.07092252230879781,0.0020037608980131433,2.8252814942039652
urban,20.0,0.006504767416122147,1.0,0.09950217683669554,white,3,4237,169675,0.09939127560378015,0.00011090123291539189,0.0026082336776053205,0.07092252230879781,0.0024973324446899287,3.52121211061347
urban,20.0,0.006504767416122147,0.0,0.07095576743235472,white,4,4238,169675,0.06831428863119249,0.0026414788011622364,0.0026414788011622364,0.07095576743235472,0.0,0.0
urban,20.0,0.006504767416122147,0.001,0.07093748524033155,white,4,4238,169675,0.06839533343459926,0.002542151805732293,0.0026414788011622364,0.07095576743235472,9.932699542994361e-05,0.13998438608198613
urban,20.0,0.006504767416122147,0.01,0.0711822887784611,white,4,4238,169675,0.06926453603527458,0.001917752743186521,0.0026414788011622364,0.07095576743235472,0.0007237260579757154,1.0199679098188537
urban,20.0,0.006504767416122147,0.1,0.0783426145598867,white,4,4238,169675,0.07773709302854438,0.0006055215313423151,0.0026414788011622364,0.07095576743235472,0.0020359572698199213,2.8693330274538846
urban,20.0,0.006504767416122147,1.0,0.09950137796460759,white,4,4238,169675,0.09939127560378015,0.00011010236082743818,0.0026414788011622364,0.07095576743235472,0.0025313764403347983,3.567541486670652
urban,20.0,0.006504767416122147,0.0,0.0710266322210468,white,5,4239,169675,0.06831428863119249,0.0027123435898543102,0.0027123435898543102,0.0710266322210468,0.0,0.0
urban,20.0,0.006504767416122147,0.001,0.07100440623709284,white,5,4239,169675,0.06839533343459926,0.0026090728024935755,0.0027123435898543102,0.0710266322210468,0.0001032707873607347,0.1453972744186134
urban,20.0,0.006504767416122147,0.01,0.07122569472876354,white,5,4239,169675,0.06926453603527458,0.001961158693488965,0.0027123435898543102,0.0710266322210468,0.000751184896365345,1.057610184905757
urban,20.0,0.006504767416122147,0.1,0.07834875803957192,white,5,4239,169675,0.07773709302854438,0.0006116650110275373,0.0027123435898543102,0.0710266322210468,0.002100678578826773,2.957592825588448
urban,20.0,0.006504767416122147,1.0,0.09950529297287646,white,5,4239,169675,0.09939127560378015,0.00011401736909630311,0.0027123435898543102,0.0710266322210468,0.002598326220758007,3.6582421825542566
urban,20.0,0.006504767416122147,0.0,0.07095417925679191,white,6,4240,169675,0.06831428863119249,0.0026398906255994253,0.0026398906255994253,0.07095417925679191,0.0,0.0
urban,20.0,0.006504767416122147,0.001,0.07093731009641273,white,6,4240,169675,0.06839533343459926,0.0025419766618134665,0.0026398906255994253,0.07095417925679191,9.791396378595885e-05,0.13799604873392468
urban,20.0,0.006504767416122147,0.01,0.07118994997846267,white,6,4240,169675,0.06926453603527458,0.0019254139431880979,0.0026398906255994253,0.07095417925679191,0.0007144766824113274,1.0069550375962328
urban,20.0,0.006504767416122147,0.1,0.0783540186399714,white,6,4240,169675,0.07773709302854438,0.0006169256114270244,0.0026398906255994253,0.07095417925679191,0.002022965014172401,2.8510864833642025
urban,20.0,0.006504767416122147,1.0,0.09951367178718176,white,6,4240,169675,0.09939127560378015,0.00012239618340161018,0.0026398906255994253,0.07095417925679191,0.002517494442197815,3.5480566029615996
urban,20.0,0.006504767416122147,0.0,0.07100055212377832,white,7,4241,169675,0.06831428863119249,0.0026862634925858275,0.0026862634925858275,0.07100055212377832,0.0,0.0
urban,20.0,0.006504767416122147,0.001,0.07098068770038321,white,7,4241,169675,0.06839533343459926,0.0025853542657839484,0.0026862634925858275,0.07100055212377832,0.00010090922680187908,0.14212456633570916
urban,20.0,0.006504767416122147,0.01,0.0712180628275171,white,7,4241,169675,0.06926453603527458,0.0019535267922425187,0.0026862634925858275,0.07100055212377832,0.0007327367003433088,1.0320154962540256
urban,20.0,0.006504767416122147,0.1,0.07837100476650523,white,7,4241,169675,0.07773709302854438,0.0006339117379608461,0.0026862634925858275,0.07100055212377832,0.0020523517546249814,2.8906137955758826
urban,20.0,0.006504767416122147,1.0,0.09952261463567835,white,7,4241,169675,0.09939127560378015,0.0001313390318982005,0.0026862634925858275,0.07100055212377832,0.002554924460687627,3.5984571728872154
urban,20.0,0.006504767416122147,0.0,0.0709675356682943,white,8,4242,169675,0.06831428863119249,0.002653247037101805,0.002653247037101805,0.0709675356682943,0.0,0.0
urban,20.0,0.006504767416122147,0.001,0.07094559479570527,white,8,4242,169675,0.06839533343459926,0.0025502613611060043,0.002653247037101805,0.0709675356682943,0.00010298567599580088,0.14511660159253795
urban,20.0,0.006504767416122147,0.01,0.07117171227348545,white,8,4242,169675,0.06926453603527458,0.0019071762382108781,0.002653247037101805,0.0709675356682943,0.0007460707988909271,1.0512846358060088
urban,20.0,0.006504767416122147,0.1,0.07831781376607413,white,8,4242,169675,0.07773709302854438,0.0005807207375297524,0.002653247037101805,0.0709675356682943,0.002072526299572053,2.920386455659305
urban,20.0,0.006504767416122147,1.0,0.09948862649993176,white,8,4242,169675,0.09939127560378015,9.73508961516073e-05,0.002653247037101805,0.0709675356682943,0.002555896140950198,3.601500484526588
urban,20.0,0.006504767416122147,0.0,0.07103002971964785,white,9,4243,169675,0.06831428863119249,0.0027157410884553618,0.0027157410884553618,0.07103002971964785,0.0,0.0
urban,20.0,0.006504767416122147,0.001,0.0710134482002538,white,9,4243,169675,0.06839533343459926,0.0026181147656545445,0.0027157410884553618,0.07103002971964785,9.762632280081729e-05,0.13744373075182953
urban,20.0,0.006504767416122147,0.01,0.07126491651542823,white,9,4243,169675,0.06926453603527458,0.002000380480153649,0.0027157410884553618,0.07103002971964785,0.0007153606083017128,1.0071241855384365
urban,20.0,0.006504767416122147,0.1,0.07840388240964638,white,9,4243,169675,0.07773709302854438,0.0006667893811019981,0.0027157410884553618,0.07103002971964785,0.0020489517073533636,2.8846274110266865
urban,20.0,0.006504767416122147,1.0,0.09953035895173791,white,9,4243,169675,0.09939127560378015,0.000139083347957758,0.0027157410884553618,0.07103002971964785,0.0025766577404976038,3.627561118399569
urban,20.0,0.006504767416122147,0.0,0.06867139316336816,correlated,0,4334,169675,0.06831428863119249,0.0003571045321756755,0.0003571045321756755,0.06867139316336816,0.0,0.0
urban,20.0,0.006504767416122147,0.001,0.06875149763974905,correlated,0,4334,169675,0.06839533343459926,0.0003561642051497921,0.0003571045321756755,0.06867139316336816,9.403270258834251e-07,0.001369314036845593
urban,20.0,0.006504767416122147,0.01,0.06961347471042222,correlated,0,4334,169675,0.06926453603527458,0.0003489386751476392,0.0003571045321756755,0.06867139316336816,8.165857028036294e-06,0.011891206296936263
urban,20.0,0.006504767416122147,0.1,0.07803888005666534,correlated,0,4334,169675,0.07773709302854438,0.0003017870281209617,0.0003571045321756755,0.06867139316336816,5.5317504054713806e-05,0.08055392719806097
urban,20.0,0.006504767416122147,1.0,0.0996002406418013,correlated,0,4334,169675,0.09939127560378015,0.0002089650380211472,0.0003571045321756755,0.06867139316336816,0.00014813949415452832,0.21572227871088445
urban,20.0,0.006504767416122147,0.0,0.06866234910890849,correlated,1,4335,169675,0.06831428863119249,0.0003480604777160029,0.0003480604777160029,0.06866234910890849,0.0,0.0
urban,20.0,0.006504767416122147,0.001,0.06874309120252117,correlated,1,4335,169675,0.06839533343459926,0.0003477577679219107,0.0003480604777160029,0.06866234910890849,3.02709794092193e-07,0.00044086722639222724
urban,20.0,0.006504767416122147,0.01,0.06960802073487085,correlated,1,4335,169675,0.06926453603527458,0.0003434846995962748,0.0003480604777160029,0.06866234910890849,4.575778119728091e-06,0.006664173566899438
urban,20.0,0.006504767416122147,0.1,0.07803724392792834,correlated,1,4335,169675,0.07773709302854438,0.00030015089938395523,0.0003480604777160029,0.06866234910890849,4.7909578332047675e-05,0.06977561786599538
urban,20.0,0.006504767416122147,1.0,0.09960488608574199,correlated,1,4335,169675,0.09939127560378015,0.00021361048196183452,0.0003480604777160029,0.06866234910890849,0.00013444999575416838,0.19581327685266214
urban,20.0,0.006504767416122147,0.0,0.06866378234477208,correlated,2,4336,169675,0.06831428863119249,0.0003494937135795906,0.0003494937135795906,0.06866378234477208,0.0,0.0
urban,20.0,0.006504767416122147,0.001,0.06874414790468661,correlated,2,4336,169675,0.06839533343459926,0.0003488144700873469,0.0003494937135795906,0.06866378234477208,6.792434922436863e-07,0.000989231104154871
urban,20.0,0.006504767416122147,0.01,0.06960716661950245,correlated,2,4336,169675,0.06926453603527458,0.00034263058422787096,0.0003494937135795906,0.06866378234477208,6.863129351719621e-06,0.009995268418594721
urban,20.0,0.006504767416122147,0.1,0.07803285720805232,correlated,2,4336,169675,0.07773709302854438,0.0002957641795079402,0.0003494937135795906,0.06866378234477208,5.3729534071650376e-05,0.07825018115353098
urban,20.0,0.006504767416122147,1.0,0.09959441391745309,correlated,2,4336,169675,0.09939127560378015,0.00020313831367294033,0.0003494937135795906,0.06866378234477208,0.00014635539990665025,0.213147885113255
urban,20.0,0.006504767416122147,0.0,0.06865757283885258,correlated,3,4337,169675,0.06831428863119249,0.0003432842076600967,0.0003432842076600967,0.06865757283885258,0.0,0.0
urban,20.0,0.006504767416122147,0.001,0.06873831630035437,correlated,3,4337,169675,0.06839533343459926,0.00034298286575511205,0.0003432842076600967,0.06865757283885258,3.013419049846533e-07,0.00043890556063194697
urban,20.0,0.006504767416122147,0.01,0.0696032864812787,correlated,3,4337,169675,0.06926453603527458,0.0003387504460041213,0.0003432842076600967,0.06865757283885258,4.53376165597541e-06,0.006603440040935736
urban,20.0,0.006504767416122147,0.1,0.0780326751359351,correlated,3,4337,169675,0.07773709302854438,0.0002955821073907239,0.0003432842076600967,0.06865757283885258,4.770210026937283e-05,0.06947827937543799
urban,20.0,0.006504767416122147,1.0,0.09960102173669476,correlated,3,4337,169675,0.09939127560378015,0.00020974613291460664,0.0003432842076600967,0.06865757283885258,0.00013353807474549007,0.19449868270018758
urban,20.0,0.006504767416122147,0.0,0.06867046152546893,correlated,4,4338,169675,0.06831428863119249,0.0003561728942764464,0.0003561728942764464,0.06867046152546893,0.0,0.0
urban,20.0,0.006504767416122147,0.001,0.06875075324562137,correlated,4,4338,169675,0.06839533343459926,0.0003554198110221063,0.0003561728942764464,0.06867046152546893,7.530832543400923e-07,0.0010966625789471125
urban,20.0,0.006504767416122147,0.01,0.06961353049508825,correlated,4,4338,169675,0.06926453603527458,0.0003489944598136785,0.0003561728942764464,0.06867046152546893,7.178434462767891e-06,0.010453453061627534
urban,20.0,0.006504767416122147,0.1,0.07804059692288062,correlated,4,4338,169675,0.07773709302854438,0.0003035038943362406,0.0003561728942764464,0.06867046152546893,5.2668999940205796e-05,0.07669818837706746
urban,20.0,0.006504767416122147,1.0,0.09960955297224522,correlated,4,4338,169675,0.09939127560378015,0.00021827736846506685,0.0003561728942764464,0.06867046152546893,0.00013789552581137954,0.2008076292893939
urban,20.0,0.006504767416122147,0.0,0.06866778254478555,correlated,5,4339,169675,0.06831428863119249,0.0003534939135930587,0.0003534939135930587,0.06866778254478555,0.0,0.0
urban,20.0,0.006504767416122147,0.001,0.0687484599699261,correlated,5,4339,169675,0.06839533343459926,0.0003531265353268337,0.0003534939135930587,0.06866778254478555,3.673782662250158e-07,0.0005350081983285385
urban,20.0,0.006504767416122147,0.01,0.06961315432516169,correlated,5,4339,169675,0.06926453603527458,0.0003486182898871093,0.0003534939135930587,0.06866778254478555,4.875623705949406e-06,0.007100307488114232
urban,20.0,0.006504767416122147,0.1,0.0780417427779678,correlated,5,4339,169675,0.07773709302854438,0.00030464974942341627,0.0003534939135930587,0.06866778254478555,4.8844164169642434e-05,0.07113112198982977
urban,20.0,0.006504767416122147,1.0,0.09960865887491746,correlated,5,4339,169675,0.09939127560378015,0.0002173832711373086,0.0003534939135930587,0.06866778254478555,0.0001361106424557501,0.19821616107521445
urban,20.0,0.006504767416122147,0.0,0.06867422785334706,correlated,6,4340,169675,0.06831428863119249,0.0003599392221545761,0.0003599392221545761,0.06867422785334706,0.0,0.0
urban,20.0,0.006504767416122147,0.001,0.06875446589928666,correlated,6,4340,169675,0.06839533343459926,0.0003591324646873978,0.0003599392221545761,0.06867422785334706,8.067574671782873e-07,0.0011747601573345791
urban,20.0,0.006504767416122147,0.01,0.06961702018796903,correlated,6,4340,169675,0.06926453603527458,0.00035248415269445443,0.0003599392221545761,0.06867422785334706,7.455069460121644e-06,0.010855701903255249
urban,20.0,0.006504767416122147,0.1,0.07804420655031938,correlated,6,4340,169675,0.07773709302854438,0.00030711352177499596,0.0003599392221545761,0.06867422785334706,5.282570037958012e-05,0.07692216138547452
urban,20.0,0.006504767416122147,1.0,0.099612004697538,correlated,6,4340,169675,0.09939127560378015,0.00022072909375785155,0.0003599392221545761,0.06867422785334706,0.00013921012839672453,0.2027108753141076
urban,20.0,0.006504767416122147,0.0,0.06866814596214212,correlated,7,4341,169675,0.06831428863119249,0.0003538573309496279,0.0003538573309496279,0.06866814596214212,0.0,0.0
urban,20.0,0.006504767416122147,0.001,0.06874835894025247,correlated,7,4341,169675,0.06839533343459926,0.00035302550565320667,0.0003538573309496279,0.06866814596214212,8.318252964212292e-07,0.0012113699660390252
urban,20.0,0.006504767416122147,0.01,0.06961086838906581,correlated,7,4341,169675,0.06926453603527458,0.00034633235379123717,0.0003538573309496279,0.06866814596214212,7.524977158390733e-06,0.010958468519798653
urban,20.0,0.006504767416122147,0.1,0.07803772860198817,correlated,7,4341,169675,0.07773709302854438,0.000300635573443786,0.0003538573309496279,0.06866814596214212,5.3221757505841905e-05,0.0775057441265182
urban,20.0,0.006504767416122147,1.0,0.09960320229633524,correlated,7,4341,169675,0.09939127560378015,0.0002119266925550839,0.0003538573309496279,0.06866814596214212,0.000141930638394544,0.20669065169284273
urban,20.0,0.006504767416122147,0.0,0.06866487843677367,correlated,8,4342,169675,0.06831428863119249,0.00035058980558118347,0.00035058980558118347,0.06866487843677367,0.0,0.0
urban,20.0,0.006504767416122147,0.001,0.06874529968100332,correlated,8,4342,169675,0.06839533343459926,0.00034996624640405705,0.00035058980558118347,0.06866487843677367,6.235591771264204e-07,0.0009081195384341808
urban,20.0,0.006504767416122147,0.01,0.06960858517520592,correlated,8,4342,169675,0.06926453603527458,0.00034404913993134334,0.00035058980558118347,0.06866487843677367,6.540665649840127e-06,0.009525489302165945
urban,20.0,0.006504767416122147,0.1,0.07803583101835836,correlated,8,4342,169675,0.07773709302854438,0.00029873798981397415,0.00035058980558118347,0.06866487843677367,5.185181576720932e-05,0.07551431961676631
urban,20.0,0.006504767416122147,1.0,0.09960125571604679,correlated,8,4342,169675,0.09939127560378015,0.00020998011226663893,0.00035058980558118347,0.06866487843677367,0.00014060969331454454,0.2047767308639705
urban,20.0,0.006504767416122147,0.0,0.06864813223610891,correlated,9,4343,169675,0.06831428863119249,0.00033384360491642284,0.00033384360491642284,0.06864813223610891,0.0,0.0
urban,20.0,0.006504767416122147,0.001,0.06872949228275592,correlated,9,4343,169675,0.06839533343459926,0.0003341588481566571,0.00033384360491642284,0.06864813223610891,-3.15243240234242e-07,-0.00045921604851533615
urban,20.0,0.006504767416122147,0.01,0.06959760150098357,correlated,9,4343,169675,0.06926453603527458,0.00033306546570899265,0.00033384360491642284,0.06864813223610891,7.781392074301952e-07,0.0011335183960342245
urban,20.0,0.006504767416122147,0.1,0.07803123352723076,correlated,9,4343,169675,0.07773709302854438,0.00029414049868638215,0.00033384360491642284,0.06864813223610891,3.97031062300407e-05,0.057835668556116764
urban,20.0,0.006504767416122147,1.0,0.09960190465729775,correlated,9,4343,169675,0.09939127560378015,0.00021062905351759698,0.00033384360491642284,0.06864813223610891,0.00012321455139882587,0.17948711404855242
urban,10.0,0.013009534832244294,0.0,0.07877538347595198,white,0,5234,169675,0.06831428863119249,0.010461094844759489,0.010461094844759489,0.07877538347595198,0.0,0.0
urban,10.0,0.013009534832244294,0.001,0.07847414939830623,white,0,5234,169675,0.06839533343459926,0.010078815963706966,0.010461094844759489,0.07877538347595198,0.0003822788810525224,0.4852770804590522
urban,10.0,0.013009534832244294,0.01,0.07693178437776907,white,0,5234,169675,0.06926453603527458,0.007667248342494493,0.010461094844759489,0.07877538347595198,0.002793846502264996,3.5465984156305415
urban,10.0,0.013009534832244294,0.1,0.08023061619868134,white,0,5234,169675,0.07773709302854438,0.0024935231701369576,0.010461094844759489,0.07877538347595198,0.007967571674622531,10.114291194856346
urban,10.0,0.013009534832244294,1.0,0.0998560158609185,white,0,5234,169675,0.09939127560378015,0.00046474025713834355,0.010461094844759489,0.07877538347595198,0.009996354587621145,12.689693336336175
urban,10.0,0.013009534832244294,0.0,0.0786825873486263,white,1,5235,169675,0.06831428863119249,0.010368298717433819,0.010368298717433819,0.0786825873486263,0.0,0.0
urban,10.0,0.013009534832244294,0.001,0.0783749166489383,white,1,5235,169675,0.06839533343459926,0.009979583214339033,0.010368298717433819,0.0786825873486263,0.00038871550309478586,0.49402989427948996
urban,10.0,0.013009534832244294,0.01,0.07681203395005165,white,1,5235,169675,0.06926453603527458,0.007547497914777074,0.010368298717433819,0.0786825873486263,0.002820800802656745,3.585038186604564
urban,10.0,0.013009534832244294,0.1,0.0801652676122161,white,1,5235,169675,0.07773709302854438,0.0024281745836717133,0.010368298717433819,0.0786825873486263,0.007940124133762105,10.091335835946845
urban,10.0,0.013009534832244294,1.0,0.09984135177487453,white,1,5235,169675,0.09939127560378015,0.00045007617109438236,0.010368298717433819,0.0786825873486263,0.009918222546339436,12.605358924451531
urban,10.0,0.013009534832244294,0.0,0.07868050355971577,white,2,5236,169675,0.06831428863119249,0.010366214928523285,0.010366214928523285,0.07868050355971577,0.0,0.0
urban,10.0,0.013009534832244294,0.001,0.07838422212361154,white,2,5236,169675,0.06839533343459926,0.009988888689012279,0.010366214928523285,0.07868050355971577,0.0003773262395110055,0.4795676469261893
urban,10.0,0.013009534832244294,0.01,0.076872267582026,white,2,5236,169675,0.06926453603527458,0.007607731546751428,0.010366214928523285,0.07868050355971577,0.0027584833817718563,3.5059300042205033
urban,10.0,0.013009534832244294,0.1,0.08020978347228347,white,2,5236,169675,0.07773709302854438,0.0024726904437390868,0.010366214928523285,0.07868050355971577,0.007893524484784198,10.03237667231411
urban,10.0,0.013009534832244294,1.0,0.09984564120416656,white,2,5236,169675,0.09939127560378015,0.0004543656003864055,0.010366214928523285,0.07868050355971577,0.00991184932813688,12.597592643283134
urban,10.0,0.013009534832244294,0.0,0.0787291962206242,white,3,5237,169675,0.06831428863119249,0.010414907589431713,0.010414907589431713,0.0787291962206242,0.0,0.0
urban,10.0,0.013009534832244294,0.001,0.07842610631698227,white,3,5237,169675,0.06839533343459926,0.010030772882383007,0.010414907589431713,0.0787291962206242,0.00038413470704870556,0.4879190001790926
urban,10.0,0.013009534832244294,0.01,0.07688039877830276,white,3,5237,169675,0.06926453603527458,0.007615862743028182,0.010414907589431713,0.0787291962206242,0.002799044846403531,3.5552818786053892
urban,10.0,0.013009534832244294,0.1,0.08020910393151578,white,3,5237,169675,0.07773709302854438,0.0024720109029714027,0.010414907589431713,0.0787291962206242,0.00794289668646031,10.088883245043926
urban,10.0,0.013009534832244294,1.0,0.09987028329274966,white,3,5237,169675,0.09939127560378015,0.00047900768896950996,0.010414907589431713,0.0787291962206242,0.009935899900462203,12.620349727207499
urban,10.0,0.013009534832244294,0.0,0.07873122694151571,white,4,5238,169675,0.06831428863119249,0.010416938310323226,0.010416938310323226,0.07873122694151571,0.0,0.0
urban,10.0,0.013009534832244294,0.001,0.07842629429974951,white,4,5238,169675,0.06839533343459926,0.010030960865150249,0.010416938310323226,0.07873122694151571,0.0003859774451729775,0.4902469581220866
urban,10.0,0.013009534832244294,0.01,0.07686384375026536,white,4,5238,169675,0.06926453603527458,0.007599307714990788,0.010416938310323226,0.07873122694151571,0.0028176305953324376,3.5787967554798445
urban,10.0,0.013009534832244294,0.1,0.08018560149929033,white,4,5238,169675,0.07773709302854438,0.0024485084707459442,0.010416938310323226,0.07873122694151571,0.007968429839577282,10.121053804352
urban,10.0,0.013009534832244294,1.0,0.09986713295915295,white,4,5238,169675,0.09939127560378015,0.00047585735537279683,0.010416938310323226,0.07873122694151571,0.00994108095495043,12.626604895075507
urban,10.0,0.013009534832244294,0.0,0.07886449755861114,white,5,5239,169675,0.06831428863119249,0.010550208927418647,0.010550208927418647,0.07886449755861114,0.0,0.0
urban,10.0,0.013009534832244294,0.001,0.07855465797941859,white,5,5239,169675,0.06839533343459926,0.010159324544819326,0.010550208927418647,0.07886449755861114,0.00039088438259932134,0.49564049058807585
urban,10.0,0.013009534832244294,0.01,0.0769812929325685,white,5,5239,169675,0.06926453603527458,0.007716756897293925,0.010550208927418647,0.07886449755861114,0.0028334520301247224,3.592810602792385
urban,10.0,0.013009534832244294,0.1,0.08031145006122621,white,5,5239,169675,0.07773709302854438,0.002574357032681829,0.010550208927418647,0.07886449755861114,0.007975851894736818,10.11336170475094
urban,10.0,0.013009534832244294,1.0,0.099941644797975,white,5,5239,169675,0.09939127560378015,0.0005503691941948496,0.010550208927418647,0.07886449755861114,0.009999839733223798,12.67977358987425
urban,10.0,0.013009534832244294,0.0,0.07882819006872711,white,6,5240,169675,0.06831428863119249,0.010513901437534626,0.010513901437534626,0.07882819006872711,0.0,0.0
urban,10.0,0.013009534832244294,0.001,0.07852309395602765,white,6,5240,169675,0.06839533343459926,0.010127760521428386,0.010513901437534626,0.07882819006872711,0.0003861409161062396,0.4898513029026531
urban,10.0,0.013009534832244294,0.01,0.0769613797788514,white,6,5240,169675,0.06926453603527458,0.00769684374357682,0.010513901437534626,0.07882819006872711,0.0028170576939578057,3.5736678610808226
urban,10.0,0.013009534832244294,0.1,0.08023787036674027,white,6,5240,169675,0.07773709302854438,0.0025007773381958837,0.010513901437534626,0.07882819006872711,0.008013124099338742,10.165302656768375
urban,10.0,0.013009534832244294,1.0,0.09986060797795371,white,6,5240,169675,0.09939127560378015,0.0004693323741735561,0.010513901437534626,0.07882819006872711,0.01004456906336107,12.742356579040587
urban,10.0,0.013009534832244294,0.0,0.07884018662256656,white,7,5241,169675,0.06831428863119249,0.010525897991374072,0.010525897991374072,0.07884018662256656,0.0,0.0
urban,10.0,0.013009534832244294,0.001,0.07852156746484848,white,7,5241,169675,0.06839533343459926,0.010126234030249218,0.010525897991374072,0.07884018662256656,0.0003996639611248548,0.5069292428722617
urban,10.0,0.013009534832244294,0.01,0.07689711288364715,white,7,5241,169675,0.06926453603527458,0.007632576848372569,0.010525897991374072,0.07884018662256656,0.0028933211430015038,3.66985577653788
urban,10.0,0.013009534832244294,0.1,0.08015707345935286,white,7,5241,169675,0.07773709302854438,0.0024199804308084744,0.010525897991374072,0.07884018662256656,0.008105917560565598,10.281454050040805
urban,10.0,0.013009534832244294,1.0,0.09981551861137317,white,7,5241,169675,0.09939127560378015,0.00042424300759301425,0.010525897991374072,0.07884018662256656,0.010101654983781058,12.812824799795242
urban,10.0,0.013009534832244294,0.0,0.07876813496103989,white,8,5242,169675,0.06831428863119249,0.010453846329847402,0.010453846329847402,0.07876813496103989,0.0,0.0
urban,10.0,0.013009534832244294,0.001,0.07845292311394321,white,8,5242,169675,0.06839533343459926,0.010057589679343948,0.010453846329847402,0.07876813496103989,0.00039625665050345427,0.5030671993179092
urban,10.0,0.013009534832244294,0.01,0.07684720186644323,white,8,5242,169675,0.06926453603527458,0.00758266583116865,0.010453846329847402,0.07876813496103989,0.002871180498678752,3.645104076793095
urban,10.0,0.013009534832244294,0.1,0.08015026457578224,white,8,5242,169675,0.07773709302854438,0.002413171547237858,0.010453846329847402,0.07876813496103989,0.008040674782609544,10.208029917918717
urban,10.0,0.013009534832244294,1.0,0.09985863636070086,white,8,5242,169675,0.09939127560378015,0.00046736075692070667,0.010453846329847402,0.07876813496103989,0.009986485572926695,12.678331888734178
urban,10.0,0.013009534832244294,0.0,0.07878858606049113,white,9,5243,169675,0.06831428863119249,0.010474297429298646,0.010474297429298646,0.07878858606049113,0.0,0.0
urban,10.0,0.013009534832244294,0.001,0.07848011161665572,white,9,5243,169675,0.06839533343459926,0.010084778182056456,0.010474297429298646,0.07878858606049113,0.0003895192472421899,0.49438537574862756
urban,10.0,0.013009534832244294,0.01,0.07690443444280008,white,9,5243,169675,0.06926453603527458,0.0076398984075255055,0.010474297429298646,0.07878858606049113,0.00283439902177314,3.5974741564685364
urban,10.0,0.013009534832244294,0.1,0.08022049705420009,white,9,5243,169675,0.07773709302854438,0.0024834040256557083,0.010474297429298646,0.07878858606049113,0.007990893403642937,10.142196735841672
urban,10.0,0.013009534832244294,1.0,0.09988971544059393,white,9,5243,169675,0.09939127560378015,0.0004984398368137744,0.010474297429298646,0.07878858606049113,0.009975857592484871,12.66155174408861
urban,10.0,0.013009534832244294,0.0,0.06969121250011735,correlated,0,5334,169675,0.06831428863119249,0.0013769238689248647,0.0013769238689248647,0.06969121250011735,0.0,0.0
urban,10.0,0.013009534832244294,0.001,0.06977046223215201,correlated,0,5334,169675,0.06839533343459926,0.0013751287975527493,0.0013769238689248647,0.06969121250011735,1.795071372115431e-06,0.002575749951419497
urban,10.0,0.013009534832244294,0.01,0.07062020714913152,correlated,0,5334,169675,0.06926453603527458,0.0013556711138569405,0.0013769238689248647,0.06969121250011735,2.1252755067924234e-05,0.030495602394474693
urban,10.0,0.013009534832244294,0.1,0.07892031296049497,correlated,0,5334,169675,0.07773709302854438,0.0011832199319505854,0.0013769238689248647,0.06969121250011735,0.00019370393697427934,0.2779459992519906
urban,10.0,0.013009534832244294,1.0,0.10022708837243752,correlated,0,5334,169675,0.09939127560378015,0.0008358127686573652,0.0013769238689248647,0.06969121250011735,0.0005411111002674995,0.7764409325875746
urban,10.0,0.013009534832244294,0.0,0.0697176344357819,correlated,1,5335,169675,0.06831428863119249,0.0014033458045894093,0.0014033458045894093,0.0697176344357819,0.0,0.0
urban,10.0,0.013009534832244294,0.001,0.06979629337727496,correlated,1,5335,169675,0.06839533343459926,0.0014009599426756947,0.0014033458045894093,0.0697176344357819,2.385861913714593e-06,0.003422178524878453
urban,10.0,0.013009534832244294,0.01,0.07064261230302982,correlated,1,5335,169675,0.06926453603527458,0.0013780762677552405,0.0014033458045894093,0.0697176344357819,2.526953683416877e-05,0.03624554538987546
urban,10.0,0.013009534832244294,0.1,0.07893299754382663,correlated,1,5335,169675,0.07773709302854438,0.001195904515282245,0.0014033458045894093,0.0697176344357819,0.0002074412893071642,0.2975449339122972
urban,10.0,0.013009534832244294,1.0,0.1002267959483504,correlated,1,5335,169675,0.09939127560378015,0.0008355203445702536,0.0014033458045894093,0.0697176344357819,0.0005678254600191557,0.814464610875731
urban,10.0,0.013009534832244294,0.0,0.06972919504734024,correlated,2,5336,169675,0.06831428863119249,0.0014149064161477487,0.0014149064161477487,0.06972919504734024,0.0,0.0
urban,10.0,0.013009534832244294,0.001,0.0698074776916672,correlated,2,5336,169675,0.06839533343459926,0.0014121442570679404,0.0014149064161477487,0.06972919504734024,2.7621590798082574e-06,0.003961266264343055
urban,10.0,0.013009534832244294,0.01,0.07065208882998424,correlated,2,5336,169675,0.06926453603527458,0.0013875527947096594,0.0014149064161477487,0.06972919504734024,2.7353621438089282e-05,0.039228362552469566
urban,10.0,0.013009534832244294,0.1,0.07894294455954048,correlated,2,5336,169675,0.07773709302854438,0.001205851530996102,0.0014149064161477487,0.06972919504734024,0.0002090548851516466,0.29980969235298927
urban,10.0,0.013009534832244294,1.0,0.10024264964183646,correlated,2,5336,169675,0.09939127560378015,0.0008513740380563101,0.0014149064161477487,0.06972919504734024,0.0005635323780914386,0.8081727857446909
urban,10.0,0.013009534832244294,0.0,0.06971894400861949,correlated,3,5337,169675,0.06831428863119249,0.001404655377426997,0.001404655377426997,0.06971894400861949,0.0,0.0
urban,10.0,0.013009534832244294,0.001,0.06979762725464696,correlated,3,5337,169675,0.06839533343459926,0.0014022938200476953,0.001404655377426997,0.06971894400861949,2.3615573793017708e-06,0.0033872535117712155
urban,10.0,0.013009534832244294,0.01,0.07064459107260344,correlated,3,5337,169675,0.06926453603527458,0.0013800550373288673,0.001404655377426997,0.06971894400861949,2.4600340098129836e-05,0.03528501535405994
urban,10.0,0.013009534832244294,0.1,0.0789414017605892,correlated,3,5337,169675,0.07773709302854438,0.0012043087320448148,0.001404655377426997,0.06971894400861949,0.00020034664538218228,0.2873632815743925
urban,10.0,0.013009534832244294,1.0,0.10024383495560951,correlated,3,5337,169675,0.09939127560378015,0.00085255935182936,0.001404655377426997,0.06971894400861949,0.000552096025597637,0.7918881065229277
urban,10.0,0.013009534832244294,0.0,0.06970849629922887,correlated,4,5338,169675,0.06831428863119249,0.0013942076680363846,0.0013942076680363846,0.06970849629922887,0.0,0.0
urban,10.0,0.013009534832244294,0.001,0.06978760381871243,correlated,4,5338,169675,0.06839533343459926,0.0013922703841131728,0.0013942076680363846,0.06970849629922887,1.9372839232117967e-06,0.0027791216653072852
urban,10.0,0.013009534832244294,0.01,0.07063648649914979,correlated,4,5338,169675,0.06926453603527458,0.0013719504638752128,0.0013942076680363846,0.06970849629922887,2.225720416117183e-05,0.03192896898196044
urban,10.0,0.013009534832244294,0.1,0.07893194832558913,correlated,4,5338,169675,0.07773709302854438,0.0011948552970447446,0.0013942076680363846,0.06970849629922887,0.00019935237099164005,0.28598001904374076
urban,10.0,0.013009534832244294,1.0,0.10022947445824298,correlated,4,5338,169675,0.09939127560378015,0.0008381988544628322,0.0013942076680363846,0.06970849629922887,0.0005560088135735525,0.7976198642800205
urban,10.0,0.013009534832244294,0.0,0.06969924345847432,correlated,5,5339,169675,0.06831428863119249,0.001384954827281834,0.001384954827281834,0.06969924345847432,0.0,0.0
urban,10.0,0.013009534832244294,0.001,0.06977864447937907,correlated,5,5339,169675,0.06839533343459926,0.001383311044779803,0.001384954827281834,0.06969924345847432,1.6437825020310104e-06,0.002358393607256798
urban,10.0,0.013009534832244294,0.01,0.07062879586362916,correlated,5,5339,169675,0.06926453603527458,0.001364259828354586,0.001384954827281834,0.06969924345847432,2.069499892724813e-05,0.029691855894501747
urban,10.0,0.013009534832244294,0.1,0.07892604788761305,correlated,5,5339,169675,0.07773709302854438,0.0011889548590686694,0.001384954827281834,0.06969924345847432,0.00019599996821316468,0.2812081716926214
urban,10.0,0.013009534832244294,1.0,0.10022741116548667,correlated,5,5339,169675,0.09939127560378015,0.0008361355617065164,0.001384954827281834,0.06969924345847432,0.0005488192655753177,0.7874106494459948
urban,10.0,0.013009534832244294,0.0,0.06969358722172869,correlated,6,5340,169675,0.06831428863119249,0.0013792985905362043,0.0013792985905362043,0.06969358722172869,0.0,0.0
urban,10.0,0.013009534832244294,0.001,0.06977290890367871,correlated,6,5340,169675,0.06839533343459926,0.0013775754690794478,0.0013792985905362043,0.06969358722172869,1.7231214567564601e-06,0.002472424688478705
urban,10.0,0.013009534832244294,0.01,0.07062266993147884,correlated,6,5340,169675,0.06926453603527458,0.001358133896204261,0.0013792985905362043,0.06969358722172869,2.1164694331943235e-05,0.030368209150446225
urban,10.0,0.013009534832244294,0.1,0.07891885148591063,correlated,6,5340,169675,0.07773709302854438,0.001181758457366247,0.0013792985905362043,0.06969358722172869,0.00019754013316995722,0.28344090330934957
urban,10.0,0.013009534832244294,1.0,0.10022030959220274,correlated,6,5340,169675,0.09939127560378015,0.0008290339884225867,0.0013792985905362043,0.06969358722172869,0.0005502646021136176,0.789548398998264
urban,10.0,0.013009534832244294,0.0,0.06970612262744712,correlated,7,5341,169675,0.06831428863119249,0.0013918339962546294,0.0013918339962546294,0.06970612262744712,0.0,0.0
urban,10.0,0.013009534832244294,0.001,0.06978403960383046,correlated,7,5341,169675,0.06839533343459926,0.001388706169231202,0.0013918339962546294,0.06970612262744712,3.1278270234275096e-06,0.004487162541150887
urban,10.0,0.013009534832244294,0.01,0.07062686041436902,correlated,7,5341,169675,0.06926453603527458,0.0013623243790944484,0.0013918339962546294,0.06970612262744712,2.950961716018108e-05,0.04233432594995827
urban,10.0,0.013009534832244294,0.1,0.07891444684058385,correlated,7,5341,169675,0.07773709302854438,0.0011773538120394694,0.0013918339962546294,0.06970612262744712,0.00021448018421516002,0.30769203067207673
urban,10.0,0.013009534832244294,1.0,0.10020197123637564,correlated,7,5341,169675,0.09939127560378015,0.00081069563259549,0.0013918339962546294,0.06970612262744712,0.0005811383636591394,0.8336977323571766
urban,10.0,0.013009534832244294,0.0,0.06971981498710032,correlated,8,5342,169675,0.06831428863119249,0.0014055263559078351,0.0014055263559078351,0.06971981498710032,0.0,0.0
urban,10.0,0.013009534832244294,0.001,0.06979848928658929,correlated,8,5342,169675,0.06839533343459926,0.0014031558519900234,0.0014055263559078351,0.06971981498710032,2.370503917811795e-06,0.003400043328070204
urban,10.0,0.013009534832244294,0.01,0.07064502649487675,correlated,8,5342,169675,0.06926453603527458,0.0013804904596021739,0.0014055263559078351,0.06971981498710032,2.5035896305661276e-05,0.03590929825372236
urban,10.0,0.013009534832244294,0.1,0.07893843784787787,correlated,8,5342,169675,0.07773709302854438,0.001201344819333483,0.0014055263559078351,0.06971981498710032,0.00020418153657435212,0.2928601239290869
urban,10.0,0.013009534832244294,1.0,0.10024363304446945,correlated,8,5342,169675,0.09939127560378015,0.0008523574406893025,0.0014055263559078351,0.06971981498710032,0.0005531689152185326,0.7934170727803579
urban,10.0,0.013009534832244294,0.0,0.06972124488516969,correlated,9,5343,169675,0.06831428863119249,0.0014069562539772013,0.0014069562539772013,0.06972124488516969,0.0,0.0
urban,10.0,0.013009534832244294,0.001,0.06979954186327805,correlated,9,5343,169675,0.06839533343459926,0.001404208428678791,0.0014069562539772013,0.06972124488516969,2.7478252984103335e-06,0.0039411592591841686
urban,10.0,0.013009534832244294,0.01,0.07064433019470405,correlated,9,5343,169675,0.06926453603527458,0.0013797941594294733,0.0014069562539772013,0.06972124488516969,2.7162094547728e-05,0.0389581319043625
urban,10.0,0.013009534832244294,0.1,0.07893179712480705,correlated,9,5343,169675,0.07773709302854438,0.0011947040962626693,0.0014069562539772013,0.06972124488516969,0.00021225215771453199,0.30442967285525313
urban,10.0,0.013009534832244294,1.0,0.10022063625333158,correlated,9,5343,169675,0.09939127560378015,0.0008293606495514277,0.0014069562539772013,0.06972124488516969,0.0005775956044257735,0.8284355871400011
urban,5.0,0.026019069664488588,0.0,0.10408297692646057,white,0,6234,169675,0.06831428863119249,0.03576868829526808,0.03576868829526808,0.10408297692646057,0.0,0.0
urban,5.0,0.026019069664488588,0.001,0.10296504091687321,white,0,6234,169675,0.06839533343459926,0.03456970748227395,0.03576868829526808,0.10408297692646057,0.0011989808129941326,1.1519470795318123
urban,5.0,0.026019069664488588,0.01,0.0961838866776605,white,0,6234,169675,0.06926453603527458,0.026919350642385917,0.03576868829526808,0.10408297692646057,0.008849337652882164,8.502194993072335
urban,5.0,0.026019069664488588,0.1,0.08725785811250558,white,0,6234,169675,0.07773709302854438,0.0095207650839612,0.03576868829526808,0.10408297692646057,0.02624792321130688,25.218267181051374
urban,5.0,0.026019069664488588,1.0,0.1013684712617595,white,0,6234,169675,0.09939127560378015,0.0019771956579793526,0.03576868829526808,0.10408297692646057,0.03379149263728873,32.46591674752345
urban,5.0,0.026019069664488588,0.0,0.10400494302547504,white,1,6235,169675,0.06831428863119249,0.03569065439428255,0.03569065439428255,0.10400494302547504,0.0,0.0
urban,5.0,0.026019069664488588,0.001,0.10289986311962464,white,1,6235,169675,0.06839533343459926,0.034504529685025376,0.03569065439428255,0.10400494302547504,0.0011861247092571775,1.1404503235645707
urban,5.0,0.026019069664488588,0.01,0.09618171968072077,white,1,6235,169675,0.06926453603527458,0.026917183645446194,0.03569065439428255,0.10400494302547504,0.00877347074883636,8.435628628427189
urban,5.0,0.026019069664488588,0.1,0.0872550380473848,white,1,6235,169675,0.07773709302854438,0.009517945018840415,0.03569065439428255,0.10400494302547504,0.026172709375442138,25.164870643726402
urban,5.0,0.026019069664488588,1.0,0.10134752097042779,white,1,6235,169675,0.09939127560378015,0.001956245366647638,0.03569065439428255,0.10400494302547504,0.033734409027634915,32.435390132728585
urban,5.0,0.026019069664488588,0.0,0.10413414616871766,white,2,6236,169675,0.06831428863119249,0.035819857537525174,0.035819857537525174,0.10413414616871766,0.0,0.0
urban,5.0,0.026019069664488588,0.001,0.10301241377871943,white,2,6236,169675,0.06839533343459926,0.03461708034412017,0.035819857537525174,0.10413414616871766,0.0012027771934050024,1.1550267012861164
urban,5.0,0.026019069664488588,0.01,0.09618945580406513,white,2,6236,169675,0.06926453603527458,0.02692491976879055,0.035819857537525174,0.10413414616871766,0.008894937768734623,8.541806982623246
urban,5.0,0.026019069664488588,0.1,0.08710386929804634,white,2,6236,169675,0.07773709302854438,0.009366776269501956,0.035819857537525174,0.10413414616871766,0.026453081268023218,25.402888717370438
urban,5.0,0.026019069664488588,1.0,0.10126269391799961,white,2,6236,169675,0.09939127560378015,0.0018714183142194557,0.035819857537525174,0.10413414616871766,0.03394843922330572,32.60067948154356
urban,5.0,0.026019069664488588,0.0,0.1042791727359306,white,3,6237,169675,0.06831428863119249,0.03596488410473811,0.03596488410473811,0.1042791727359306,0.0,0.0
urban,5.0,0.026019069664488588,0.001,0.10313164460959061,white,3,6237,169675,0.06839533343459926,0.03473631117499135,0.03596488410473811,0.1042791727359306,0.001228572929746763,1.1781575337751446
urban,5.0,0.026019069664488588,0.01,0.09620920590243584,white,3,6237,169675,0.06926453603527458,0.026944669867161264,0.03596488410473811,0.1042791727359306,0.009020214237576846,8.65006309593481
urban,5.0,0.026019069664488588,0.1,0.08716180624115816,white,3,6237,169675,0.07773709302854438,0.009424713212613775,0.03596488410473811,0.1042791727359306,0.026540170892124335,25.451075412089082
urban,5.0,0.026019069664488588,1.0,0.10126709060393667,white,3,6237,169675,0.09939127560378015,0.0018758150001565166,0.03596488410473811,0.1042791727359306,0.03408906910458159,32.69019902076363
urban,5.0,0.026019069664488588,0.0,0.10438619462929319,white,4,6238,169675,0.06831428863119249,0.0360719059981007,0.0360719059981007,0.10438619462929319,0.0,0.0
urban,5.0,0.026019069664488588,0.001,0.1032476378839021,white,4,6238,169675,0.06839533343459926,0.03485230444930283,0.0360719059981007,0.10438619462929319,0.001219601548797869,1.1683552151019982
urban,5.0,0.026019069664488588,0.01,0.09633088648442945,white,4,6238,169675,0.06926453603527458,0.02706635044915487,0.0360719059981007,0.10438619462929319,0.009005555548945832,8.62715187667035
urban,5.0,0.026019069664488588,0.1,0.08714233676432491,white,4,6238,169675,0.07773709302854438,0.009405243735780527,0.0360719059981007,0.10438619462929319,0.026666662262320173,25.546158049942832
urban,5.0,0.026019069664488588,1.0,0.10128770659199827,white,4,6238,169675,0.09939127560378015,0.001896430988218123,0.0360719059981007,0.10438619462929319,0.03417547500988258,32.73945863363444
urban,5.0,0.026019069664488588,0.0,0.10379520812989781,white,5,6239,169675,0.06831428863119249,0.03548091949870533,0.03548091949870533,0.10379520812989781,0.0,0.0
urban,5.0,0.026019069664488588,0.001,0.10269441014861097,white,5,6239,169675,0.06839533343459926,0.03429907671401171,0.03548091949870533,0.10379520812989781,0.001181842784693618,1.1386294280700928
urban,5.0,0.026019069664488588,0.01,0.09600712853584498,white,5,6239,169675,0.06926453603527458,0.0267425925005704,0.03548091949870533,0.10379520812989781,0.008738326998134927,8.418815430476394
urban,5.0,0.026019069664488588,0.1,0.0871864739524495,white,5,6239,169675,0.07773709302854438,0.009449380923905112,0.03548091949870533,0.10379520812989781,0.026031538574800214,25.079711331396165
urban,5.0,0.026019069664488588,1.0,0.10130887511515058,white,5,6239,169675,0.09939127560378015,0.0019175995113704242,0.03548091949870533,0.10379520812989781,0.0335633199873349,32.336097775661294
urban,5.0,0.026019069664488588,0.0,0.10410047301030431,white,6,6240,169675,0.06831428863119249,0.035786184379111824,0.035786184379111824,0.10410047301030431,0.0,0.0
urban,5.0,0.026019069664488588,0.001,0.10298373204862385,white,6,6240,169675,0.06839533343459926,0.03458839861402459,0.035786184379111824,0.10410047301030431,0.0011977857650872364,1.1506054972187056
urban,5.0,0.026019069664488588,0.01,0.09620914437782666,white,6,6240,169675,0.06926453603527458,0.02694460834255208,0.035786184379111824,0.10410047301030431,0.008841576036559745,8.493310146328122
urban,5.0,0.026019069664488588,0.1,0.08720785576562709,white,6,6240,169675,0.07773709302854438,0.009470762737082708,0.035786184379111824,0.10410047301030431,0.026315421642029116,25.278868463377975
urban,5.0,0.026019069664488588,1.0,0.1012622866559962,white,6,6240,169675,0.09939127560378015,0.0018710110522160428,0.035786184379111824,0.10410047301030431,0.03391517332689578,32.57926918693128
urban,5.0,0.026019069664488588,0.0,0.10390946534334816,white,7,6241,169675,0.06831428863119249,0.035595176712155674,0.035595176712155674,0.10390946534334816,0.0,0.0
urban,5.0,0.026019069664488588,0.001,0.10279997254618115,white,7,6241,169675,0.06839533343459926,0.03440463911158188,0.035595176712155674,0.10390946534334816,0.0011905376005737905,1.1457450932308195
urban,5.0,0.026019069664488588,0.01,0.09606543452586995,white,7,6241,169675,0.06926453603527458,0.026800898490595373,0.035595176712155674,0.10390946534334816,0.0087942782215603,8.46340436119208
urban,5.0,0.026019069664488588,0.1,0.0871213443211584,white,7,6241,169675,0.07773709302854438,0.009384251292614013,0.035595176712155674,0.10390946534334816,0.02621092541954166,25.2247717115403
urban,5.0,0.026019069664488588,1.0,0.10124700620798571,white,7,6241,169675,0.09939127560378015,0.0018557306042055605,0.035595176712155674,0.10390946534334816,0.03373944610795011,32.47004110401764
urban,5.0,0.026019069664488588,0.0,0.10416923326995496,white,8,6242,169675,0.06831428863119249,0.03585494463876247,0.03585494463876247,0.10416923326995496,0.0,0.0
urban,5.0,0.026019069664488588,0.001,0.10304368116245836,white,8,6242,169675,0.06839533343459926,0.0346483477278591,0.03585494463876247,0.10416923326995496,0.0012065969109033708,1.1583044945492402
urban,5.0,0.026019069664488588,0.01,0.09622412276183075,white,8,6242,169675,0.06926453603527458,0.02695958672655617,0.03585494463876247,0.10416923326995496,0.008895357912206303,8.539333191743813
urban,5.0,0.026019069664488588,0.1,0.08720990336809187,white,8,6242,169675,0.07773709302854438,0.009472810339547486,0.03585494463876247,0.10416923326995496,0.026382134299214988,25.32622490447404
urban,5.0,0.026019069664488588,1.0,0.10127895857742003,white,8,6242,169675,0.09939127560378015,0.0018876829736398787,0.03585494463876247,0.10416923326995496,0.033967261665122594,32.60776776295963
urban,5.0,0.026019069664488588,0.0,0.1040263897091651,white,9,6243,169675,0.06831428863119249,0.03571210107797261,0.03571210107797261,0.1040263897091651,0.0,0.0
urban,5.0,0.026019069664488588,0.001,0.10290319552203074,white,9,6243,169675,0.06839533343459926,0.03450786208743148,0.03571210107797261,0.1040263897091651,0.0012042389905411316,1.1576283613301577
urban,5.0,0.026019069664488588,0.01,0.09609869791887173,white,9,6243,169675,0.06926453603527458,0.02683416188359715,0.03571210107797261,0.1040263897091651,0.008877939194375462,8.534314436169732
urban,5.0,0.026019069664488588,0.1,0.08711786294884197,white,9,6243,169675,0.07773709302854438,0.009380769920297585,0.03571210107797261,0.1040263897091651,0.026331331157675025,25.312164760587805
urban,5.0,0.026019069664488588,1.0,0.10127108561180008,white,9,6243,169675,0.09939127560378015,0.0018798100080199276,0.03571210107797261,0.1040263897091651,0.03383229106995268,32.522796537052116
urban,5.0,0.026019069664488588,0.0,0.0737356858353212,correlated,0,6334,169675,0.06831428863119249,0.005421397204128708,0.005421397204128708,0.0737356858353212,0.0,0.0
urban,5.0,0.026019069664488588,0.001,0.07380924939983427,correlated,0,6334,169675,0.06839533343459926,0.005413915965235008,0.005421397204128708,0.0737356858353212,7.481238893700115e-06,0.010146021982366128
urban,5.0,0.026019069664488588,0.01,0.07460164457335342,correlated,0,6334,169675,0.06926453603527458,0.0053371085380788386,0.005421397204128708,0.0737356858353212,8.428866604986984e-05,0.1143119035172702
urban,5.0,0.026019069664488588,0.1,0.08241638306820365,correlated,0,6334,169675,0.07773709302854438,0.004679290039659265,0.005421397204128708,0.0737356858353212,0.0007421071644694438,1.00644234343577
urban,5.0,0.026019069664488588,1.0,0.10272777770517115,correlated,0,6334,169675,0.09939127560378015,0.003336502101390998,0.005421397204128708,0.0737356858353212,0.0020848951027377105,2.827525205901041
urban,5.0,0.026019069664488588,0.0,0.07372226341699212,correlated,1,6335,169675,0.06831428863119249,0.00540797478579963,0.00540797478579963,0.07372226341699212,0.0,0.0
urban,5.0,0.026019069664488588,0.001,0.07379700092153424,correlated,1,6335,169675,0.06839533343459926,0.005401667486934977,0.00540797478579963,0.07372226341699212,6.307298864652311e-06,0.00855548727387357
urban,5.0,0.026019069664488588,0.01,0.07459553748831045,correlated,1,6335,169675,0.06926453603527458,0.005331001453035875,0.00540797478579963,0.07372226341699212,7.697333276375506e-05,0.10440988813429948
urban,5.0,0.026019069664488588,0.1,0.0824229538561808,correlated,1,6335,169675,0.07773709302854438,0.004685860827636418,0.00540797478579963,0.07372226341699212,0.0007221139581632119,0.9795059520605727
urban,5.0,0.026019069664488588,1.0,0.10276055564179691,correlated,1,6335,169675,0.09939127560378015,0.0033692800380167587,0.00540797478579963,0.07372226341699212,0.002038694747782871,2.76537188807062
urban,5.0,0.026019069664488588,0.0,0.0737340688893411,correlated,2,6336,169675,0.06831428863119249,0.005419780258148613,0.005419780258148613,0.0737340688893411,0.0,0.0
urban,5.0,0.026019069664488588,0.001,0.07380727316033815,correlated,2,6336,169675,0.06839533343459926,0.00541193972573889,0.005419780258148613,0.0737340688893411,7.84053240972249e-06,0.010633527388118827
urban,5.0,0.026019069664488588,0.01,0.07459827208898598,correlated,2,6336,169675,0.06926453603527458,0.005333736053711402,0.005419780258148613,0.0737340688893411,8.604420443721061e-05,0.11669531565705993
urban,5.0,0.026019069664488588,0.1,0.08241916960896292,correlated,2,6336,169675,0.07773709302854438,0.00468207658041854,0.005419780258148613,0.0737340688893411,0.0007377036777300727,1.0004922945961472
urban,5.0,0.026019069664488588,1.0,0.1027424282164443,correlated,2,6336,169675,0.09939127560378015,0.0033511526126641517,0.005419780258148613,0.0737340688893411,0.002068627645484461,2.8055248769588776
urban,5.0,0.026019069664488588,0.0,0.07371290269345619,correlated,3,6337,169675,0.06831428863119249,0.005398614062263704,0.005398614062263704,0.07371290269345619,0.0,0.0
urban,5.0,0.026019069664488588,0.001,0.0737867928902249,correlated,3,6337,169675,0.06839533343459926,0.005391459455625636,0.005398614062263704,0.07371290269345619,7.154606638068439e-06,0.009706043822235187
urban,5.0,0.026019069664488588,0.01,0.07458047038414031,correlated,3,6337,169675,0.06926453603527458,0.005315934348865736,0.005398614062263704,0.07371290269345619,8.267971339796787e-05,0.11216450631689437
urban,5.0,0.026019069664488588,0.1,0.08239854351096065,correlated,3,6337,169675,0.07773709302854438,0.004661450482416271,0.005398614062263704,0.07371290269345619,0.000737163579847433,1.0000468749860723
urban,5.0,0.026019069664488588,1.0,0.10271768443358208,correlated,3,6337,169675,0.09939127560378015,0.0033264088298019245,0.005398614062263704,0.07371290269345619,0.0020722052324617796,2.8111838724887686
urban,5.0,0.026019069664488588,0.0,0.07378880972387737,correlated,4,6338,169675,0.06831428863119249,0.005474521092684884,0.005474521092684884,0.07378880972387737,0.0,0.0
urban,5.0,0.026019069664488588,0.001,0.07386129377657527,correlated,4,6338,169675,0.06839533343459926,0.005465960341976009,0.005474521092684884,0.07378880972387737,8.560750708874743e-06,0.011601692371661287
urban,5.0,0.026019069664488588,0.01,0.07464862030988088,correlated,4,6338,169675,0.06926453603527458,0.005384084274606307,0.005474521092684884,0.07378880972387737,9.04368180785764e-05,0.1225616979281777
urban,5.0,0.026019069664488588,0.1,0.08245543693176131,correlated,4,6338,169675,0.07773709302854438,0.004718343903216932,0.005474521092684884,0.07378880972387737,0.000756177189467952,1.0247857260438504
urban,5.0,0.026019069664488588,1.0,0.10276418578688815,correlated,4,6338,169675,0.09939127560378015,0.003372910183107994,0.005474521092684884,0.07378880972387737,0.00210161090957689,2.8481431228410616
urban,5.0,0.026019069664488588,0.0,0.07374260227973449,correlated,5,6339,169675,0.06831428863119249,0.005428313648542002,0.005428313648542002,0.07374260227973449,0.0,0.0
urban,5.0,0.026019069664488588,0.001,0.0738159394614928,correlated,5,6339,169675,0.06839533343459926,0.005420606026893537,0.005428313648542002,0.07374260227973449,7.707621648464502e-06,0.010452060830761686
urban,5.0,0.026019069664488588,0.01,0.07460734279108801,correlated,5,6339,169675,0.06926453603527458,0.005342806755813431,0.005428313648542002,0.07374260227973449,8.55068927285707e-05,0.11595318050237727
urban,5.0,0.026019069664488588,0.1,0.08242631532088196,correlated,5,6339,169675,0.07773709302854438,0.004689222292337578,0.005428313648542002,0.07374260227973449,0.0007390913562044243,1.0022583057223315
urban,5.0,0.026019069664488588,1.0,0.1027595304374909,correlated,5,6339,169675,0.09939127560378015,0.0033682548337107543,0.005428313648542002,0.07374260227973449,0.0020600588148312476,2.7935803065596194
urban,5.0,0.026019069664488588,0.0,0.07381469999055391,correlated,6,6340,169675,0.06831428863119249,0.005500411359361426,0.005500411359361426,0.07381469999055391,0.0,0.0
urban,5.0,0.026019069664488588,0.001,0.07388585854212482,correlated,6,6340,169675,0.06839533343459926,0.005490525107525554,0.005500411359361426,0.07381469999055391,9.886251835872217e-06,0.013393337420781177
urban,5.0,0.026019069664488588,0.01,0.07466547683442172,correlated,6,6340,169675,0.06926453603527458,0.005400940799147144,0.005500411359361426,0.07381469999055391,9.947056021428202e-05,0.13475711508278337
urban,5.0,0.026019069664488588,0.1,0.08244879268767348,correlated,6,6340,169675,0.07773709302854438,0.004711699659129098,0.005500411359361426,0.07381469999055391,0.000788711700232328,1.0685022093610888
urban,5.0,0.026019069664488588,1.0,0.10271711051579563,correlated,6,6340,169675,0.09939127560378015,0.0033258349120154768,0.005500411359361426,0.07381469999055391,0.0021745764473459495,2.9459937487034837
urban,5.0,0.026019069664488588,0.0,0.07371599142469425,correlated,7,6341,169675,0.06831428863119249,0.005401702793501759,0.005401702793501759,0.07371599142469425,0.0,0.0
urban,5.0,0.026019069664488588,0.001,0.0737903458145337,correlated,7,6341,169675,0.06839533343459926,0.005395012379934436,0.005401702793501759,0.07371599142469425,6.690413567322917e-06,0.009075932423913224
urban,5.0,0.026019069664488588,0.01,0.07458623502068815,correlated,7,6341,169675,0.06926453603527458,0.00532169898541357,0.005401702793501759,0.07371599142469425,8.000380808818874e-05,0.10852978647098292
urban,5.0,0.026019069664488588,0.1,0.08240361490280644,correlated,7,6341,169675,0.07773709302854438,0.0046665218742620584,0.005401702793501759,0.07371599142469425,0.0007351809192397002,0.9973153789713811
urban,5.0,0.026019069664488588,1.0,0.10272452695238556,correlated,7,6341,169675,0.09939127560378015,0.003333251348605404,0.005401702793501759,0.07371599142469425,0.002068451444896355,2.805973853053872
urban,5.0,0.026019069664488588,0.0,0.07373262272771497,correlated,8,6342,169675,0.06831428863119249,0.005418334096522481,0.005418334096522481,0.07373262272771497,0.0,0.0
urban,5.0,0.026019069664488588,0.001,0.07380527343419473,correlated,8,6342,169675,0.06839533343459926,0.0054099399995954645,0.005418334096522481,0.07373262272771497,8.39409692701687e-06,0.011384508805573325
urban,5.0,0.026019069664488588,0.01,0.07459361397754768,correlated,8,6342,169675,0.06926453603527458,0.005329077942273108,0.005418334096522481,0.07373262272771497,8.925615424937305e-05,0.12105381708580268
urban,5.0,0.026019069664488588,0.1,0.08240473312753177,correlated,8,6342,169675,0.07773709302854438,0.004667640098987388,0.005418334096522481,0.07373262272771497,0.0007506939975350929,1.0181300620585663
urban,5.0,0.026019069664488588,1.0,0.10271127736262754,correlated,8,6342,169675,0.09939127560378015,0.0033200017588473907,0.005418334096522481,0.07373262272771497,0.0020983323376750906,2.8458669447090745
urban,5.0,0.026019069664488588,0.0,0.07374040968871974,correlated,9,6343,169675,0.06831428863119249,0.005426121057527253,0.005426121057527253,0.07374040968871974,0.0,0.0
urban,5.0,0.026019069664488588,0.001,0.07381276348471094,correlated,9,6343,169675,0.06839533343459926,0.0054174300501116796,0.005426121057527253,0.07374040968871974,8.69100741557327e-06,0.011785949457374328
urban,5.0,0.026019069664488588,0.01,0.07459921200883297,correlated,9,6343,169675,0.06926453603527458,0.005334675973558398,0.005426121057527253,0.07374040968871974,9.14450839688552e-05,0.12400946015200101
urban,5.0,0.026019069664488588,0.1,0.08241040623848113,correlated,9,6343,169675,0.07773709302854438,0.004673313209936747,0.005426121057527253,0.07374040968871974,0.0007528078475905059,1.020889158018422
urban,5.0,0.026019069664488588,1.0,0.10271533550702729,correlated,9,6343,169675,0.09939127560378015,0.003324059903247134,0.005426121057527253,0.07374040968871974,0.0021020611542801187,2.8506231022495614
water,inf,0.0,0.0,0.02123684002664164,none,0,101234,169644,0.02123684002664164,0.0,0.0,0.02123684002664164,0.0,0.0
water,inf,0.0,0.001,0.021266777844560204,none,0,101234,169644,0.021266777844560204,0.0,0.0,0.02123684002664164,0.0,0.0
water,inf,0.0,0.01,0.021578320584141282,none,0,101234,169644,0.021578320584141282,0.0,0.0,0.02123684002664164,0.0,0.0
water,inf,0.0,0.1,0.0244013925238205,none,0,101234,169644,0.0244013925238205,0.0,0.0,0.02123684002664164,0.0,0.0
water,inf,0.0,1.0,0.031777158226008254,none,0,101234,169644,0.031777158226008254,0.0,0.0,0.02123684002664164,0.0,0.0
water,100.0,0.0011841702442525579,0.0,0.02153539733327849,white,0,102234,169644,0.02123684002664164,0.00029855730663684923,0.00029855730663684923,0.02153539733327849,0.0,0.0
water,100.0,0.0011841702442525579,0.001,0.021553331617529533,white,0,102234,169644,0.021266777844560204,0.0002865537729693293,0.00029855730663684923,0.02153539733327849,1.2003533667519911e-05,0.055738621775837584
water,100.0,0.0011841702442525579,0.01,0.021791247630850448,white,0,102234,169644,0.021578320584141282,0.00021292704670916596,0.00029855730663684923,0.02153539733327849,8.563025992768328e-05,0.3976256328243337
water,100.0,0.0011841702442525579,0.1,0.024468258528595604,white,0,102234,169644,0.0244013925238205,6.686600477510615e-05,0.00029855730663684923,0.02153539733327849,0.00023169130186174308,1.0758626751859937
water,100.0,0.0011841702442525579,1.0,0.031790991783074964,white,0,102234,169644,0.031777158226008254,1.3833557066710023e-05,0.00029855730663684923,0.02153539733327849,0.0002847237495701392,1.3221197880113302
water,100.0,0.0011841702442525579,0.0,0.02153136857814872,white,1,102235,169644,0.02123684002664164,0.00029452855150707835,0.00029452855150707835,0.02153136857814872,0.0,0.0
water,100.0,0.0011841702442525579,0.001,0.021549084414763733,white,1,102235,169644,0.021266777844560204,0.00028230657020352976,0.00029452855150707835,0.02153136857814872,1.2221981303548596e-05,0.05676360635966341
water,100.0,0.0011841702442525579,0.01,0.021785588837228136,white,1,102235,169644,0.021578320584141282,0.0002072682530868536,0.00029452855150707835,0.02153136857814872,8.726029842022476e-05,0.4052705618944333
water,100.0,0.0011841702442525579,0.1,0.02446070123793062,white,1,102235,169644,0.0244013925238205,5.93087141101227e-05,0.00029452855150707835,0.02153136857814872,0.00023521983739695565,1.0924518640940937
water,100.0,0.0011841702442525579,1.0,0.03178537580108471,white,1,102235,169644,0.031777158226008254,8.21757507645654e-06,0.00029452855150707835,0.02153136857814872,0.0002863109764306218,1.3297388663031238
water,100.0,0.0011841702442525579,0.0,0.021524885410732338,white,2,102236,169644,0.02123684002664164,0.0002880453840906974,0.0002880453840906974,0.021524885410732338,0.0,0.0
water,100.0,0.0011841702442525579,0.001,0.021542968618758606,white,2,102236,169644,0.021266777844560204,0.0002761907741984024,0.0002880453840906974,0.021524885410732338,1.1854609892295032e-05,0.05507397445370049
water,100.0,0.0011841702442525579,0.01,0.02178150227236764,white,2,102236,169644,0.021578320584141282,0.00020318168822635804,0.0002880453840906974,0.021524885410732338,8.486369586433937e-05,0.3942585256320399
water,100.0,0.0011841702442525579,0.1,0.024460651879464577,white,2,102236,169644,0.0244013925238205,5.9259355644079165e-05,0.0002880453840906974,0.021524885410732338,0.00022878602844661824,1.062890807922932
water,100.0,0.0011841702442525579,1.0,0.03178524701402423,white,2,102236,169644,0.031777158226008254,8.088788015975235e-06,0.0002880453840906974,0.021524885410732338,0.0002799565960747222,1.3006182877755783
water,100.0,0.0011841702442525579,0.0,0.02154257792423961,white,3,102237,169644,0.02123684002664164,0.00030573789759796854,0.00030573789759796854,0.02154257792423961,0.0,0.0
water,100.0,0.0011841702442525579,0.001,0.02156080943014207,white,3,102237,169644,0.021266777844560204,0.00029403158558186787,0.00030573789759796854,0.02154257792423961,1.1706312016100673e-05,0.05434034894648697
water,100.0,0.0011841702442525579,0.01,0.021799715873418637,white,3,102237,169644,0.021578320584141282,0.00022139528927735477,0.00030573789759796854,0.02154257792423961,8.434260832061377e-05,0.391515855796032
water,100.0,0.0011841702442525579,0.1,0.024473389251059758,white,3,102237,169644,0.0244013925238205,7.199672723925965e-05,0.00030573789759796854,0.02154257792423961,0.0002337411703587089,1.0850194957201682
water,100.0,0.0011841702442525579,1.0,0.03179212845016338,white,3,102237,169644,0.031777158226008254,1.4970224155128053e-05,0.00030573789759796854,0.02154257792423961,0.0002907676734428405,1.3497348110583833
water,100.0,0.0011841702442525579,0.0,0.021533676463581484,white,4,102238,169644,0.02123684002664164,0.00029683643693984366,0.00029683643693984366,0.021533676463581484,0.0,0.0
water,100.0,0.0011841702442525579,0.001,0.021551655744285844,white,4,102238,169644,0.021266777844560204,0.00028487789972564057,0.00029683643693984366,0.021533676463581484,1.1958537214203091e-05,0.05553411761539091
water,100.0,0.0011841702442525579,0.01,0.02178963659509112,white,4,102238,169644,0.021578320584141282,0.00021131601094983785,0.00029683643693984366,0.021533676463581484,8.552042599000581e-05,0.39714735258812395
water,100.0,0.0011841702442525579,0.1,0.02446871948507374,white,4,102238,169644,0.0244013925238205,6.732696125324317e-05,0.00029683643693984366,0.021533676463581484,0.0002295094756866005,1.0658164948041038
water,100.0,0.0011841702442525579,1.0,0.03179107263011093,white,4,102238,169644,0.031777158226008254,1.391440410267869e-05,0.00029683643693984366,0.021533676463581484,0.00028292203283716497,1.313858473334327
water,100.0,0.0011841702442525579,0.0,0.0215353068012392,white,5,102239,169644,0.02123684002664164,0.0002984667745975604,0.0002984667745975604,0.0215353068012392,0.0,0.0
water,100.0,0.0011841702442525579,0.001,0.021553090363289253,white,5,102239,169644,0.021266777844560204,0.00028631251872904967,0.0002984667745975604,0.0215353068012392,1.2154255868510738e-05,0.056438740254266304
water,100.0,0.0011841702442525579,0.01,0.021790364333973154,white,5,102239,169644,0.021578320584141282,0.00021204374983187224,0.0002984667745975604,0.0215353068012392,8.642302476568817e-05,0.4013085374790906
water,100.0,0.0011841702442525579,0.1,0.02446583546867918,white,5,102239,169644,0.0244013925238205,6.444294485868224e-05,0.0002984667745975604,0.0215353068012392,0.00023402382973887817,1.0866983781508597
water,100.0,0.0011841702442525579,1.0,0.031788239518149165,white,5,102239,169644,0.031777158226008254,1.1081292140911747e-05,0.0002984667745975604,0.0215353068012392,0.00028738548245664866,1.334485201948048
water,100.0,0.0011841702442525579,0.0,0.02153203515575933,white,6,102240,169644,0.02123684002664164,0.00029519512911769033,0.00029519512911769033,0.02153203515575933,0.0,0.0
water,100.0,0.0011841702442525579,0.001,0.021549731639749006,white,6,102240,169644,0.021266777844560204,0.0002829537951888027,0.00029519512911769033,0.02153203515575933,1.2241333928887654e-05,0.0568517273928627
water,100.0,0.0011841702442525579,0.01,0.021786841746040977,white,6,102240,169644,0.021578320584141282,0.00020852116189969475,0.00029519512911769033,0.02153203515575933,8.667396721799558e-05,0.4025349512529115
water,100.0,0.0011841702442525579,0.1,0.024465347857423336,white,6,102240,169644,0.0244013925238205,6.395533360283728e-05,0.00029519512911769033,0.02153203515575933,0.00023123979551485305,1.0739337635393078
water,100.0,0.0011841702442525579,1.0,0.031788315587057796,white,6,102240,169644,0.031777158226008254,1.115736104954218e-05,0.00029519512911769033,0.02153203515575933,0.00028403776806814815,1.319140369284482
water,100.0,0.0011841702442525579,0.0,0.021529127787885054,white,7,102241,169644,0.02123684002664164,0.00029228776124341424,0.00029228776124341424,0.021529127787885054,0.0,0.0
water,100.0,0.0011841702442525579,0.001,0.021547162527200358,white,7,102241,169644,0.021266777844560204,0.0002803846826401543,0.00029228776124341424,0.021529127787885054,1.1903078603259926e-05,0.05528825282907219
water,100.0,0.0011841702442525579,0.01,0.02178573100959853,white,7,102241,169644,0.021578320584141282,0.00020741042545724744,0.00029228776124341424,0.021529127787885054,8.48773357861668e-05,0.3942441915084422
water,100.0,0.0011841702442525579,0.1,0.02446552120201318,white,7,102241,169644,0.0244013925238205,6.412867819268267e-05,0.00029228776124341424,0.021529127787885054,0.00022815908305073157,1.059769282335358
water,100.0,0.0011841702442525579,1.0,0.03179098753330818,white,7,102241,169644,0.031777158226008254,1.3829307299928484e-05,0.00029228776124341424,0.021529127787885054,0.00027845845394348576,1.2934033217090237
water,100.0,0.0011841702442525579,0.0,0.021542155986795136,white,8,102242,169644,0.02123684002664164,0.00030531596015349535,0.00030531596015349535,0.021542155986795136,0.0,0.0
water,100.0,0.0011841702442525579,0.001,0.021560216211063445,white,8,102242,169644,0.021266777844560204,0.000293438366503241,0.00030531596015349535,0.021542155986795136,1.187759365025437e-05,0.055136513065521725
water,100.0,0.0011841702442525579,0.01,0.02179840938225441,white,8,102242,169644,0.021578320584141282,0.0002200887981131279,0.00030531596015349535,0.021542155986795136,8.522716204036745e-05,0.39562967649389325
water,100.0,0.0011841702442525579,0.1,0.024471109060459163,white,8,102242,169644,0.0244013925238205,6.971653663866498e-05,0.00030531596015349535,0.021542155986795136,0.00023559942351483038,1.0936668718732128
water,100.0,0.0011841702442525579,1.0,0.03179134706781209,white,8,102242,169644,0.031777158226008254,1.4188841803833285e-05,0.00030531596015349535,0.021542155986795136,0.00029112711834966207,1.351429812912489
water,100.0,0.0011841702442525579,0.0,0.021532806412965535,white,9,102243,169644,0.02123684002664164,0.0002959663863238947,0.0002959663863238947,0.021532806412965535,0.0,0.0
water,100.0,0.0011841702442525579,0.001,0.021550765167547403,white,9,102243,169644,0.021266777844560204,0.0002839873229871989,0.0002959663863238947,0.021532806412965535,1.1979063336695767e-05,0.055631686399608464
water,100.0,0.0011841702442525579,0.01,0.02178937176110215,white,9,102243,169644,0.021578320584141282,0.0002110511769608664,0.0002959663863238947,0.021532806412965535,8.49152093630283e-05,0.3943527273430478
water,100.0,0.0011841702442525579,0.1,0.024468015372883227,white,9,102243,169644,0.0244013925238205,6.662284906272867e-05,0.0002959663863238947,0.021532806412965535,0.00022934353726116602,1.0650889292492387
water,100.0,0.0011841702442525579,1.0,0.031788413878657266,white,9,102243,169644,0.031777158226008254,1.1255652649012904e-05,0.0002959663863238947,0.021532806412965535,0.0002847107336748818,1.3222184243640862
water,100.0,0.0011841702442525579,0.0,0.02127475312801174,correlated,0,102334,169644,0.02123684002664164,3.7913101370100344e-05,3.7913101370100344e-05,0.02127475312801174,0.0,0.0
water,100.0,0.0011841702442525579,0.001,0.021304606764131644,correlated,0,102334,169644,0.021266777844560204,3.7828919571439995e-05,3.7913101370100344e-05,0.02127475312801174,8.41817986603488e-08,0.00039568872152744044
water,100.0,0.0011841702442525579,0.01,0.021615364049230392,correlated,0,102334,169644,0.021578320584141282,3.704346508911008e-05,3.7913101370100344e-05,0.02127475312801174,8.696362809902658e-07,0.004087644522865205
water,100.0,0.0011841702442525579,0.1,0.02443296745768836,correlated,0,102334,169644,0.0244013925238205,3.1574933867861005e-05,3.7913101370100344e-05,0.02127475312801174,6.338167502239339e-06,0.029791967333778792
water,100.0,0.0011841702442525579,1.0,0.031798171549379604,correlated,0,102334,169644,0.031777158226008254,2.101332337135081e-05,3.7913101370100344e-05,0.02127475312801174,1.6899777998749532e-05,0.0794358359745109
water,100.0,0.0011841702442525579,0.0,0.02127375304744409,correlated,1,102335,169644,0.02123684002664164,3.691302080244957e-05,3.691302080244957e-05,0.02127375304744409,0.0,0.0
water,100.0,0.0011841702442525579,0.001,0.021303741400559087,correlated,1,102335,169644,0.021266777844560204,3.696355599888332e-05,3.691302080244957e-05,0.02127375304744409,-5.05351964337486e-08,-0.00023754716114757234
water,100.0,0.0011841702442525579,0.01,0.021615134680067673,correlated,1,102335,169644,0.021578320584141282,3.681409592639143e-05,3.691302080244957e-05,0.02127375304744409,9.892487605814293e-08,0.0004650090458299653
water,100.0,0.0011841702442525579,0.1,0.02443392211006757,correlated,1,102335,169644,0.0244013925238205,3.252958624707161e-05,3.691302080244957e-05,0.02127375304744409,4.3834345553779575e-06,0.020604895363794777
water,100.0,0.0011841702442525579,1.0,0.031801007380055,correlated,1,102335,169644,0.031777158226008254,2.384915404674698e-05,3.691302080244957e-05,0.02127375304744409,1.3063866755702591e-05,0.06140837832688922
water,100.0,0.0011841702442525579,0.0,0.021275331737948405,correlated,2,102336,169644,0.02123684002664164,3.84917113067651e-05,3.84917113067651e-05,0.021275331737948405,0.0,0.0
water,100.0,0.0011841702442525579,0.001,0.021305121028324454,correlated,2,102336,169644,0.021266777844560204,3.8343183764250055e-05,3.84917113067651e-05,0.021275331737948405,1.485275425150423e-07,0.0006981209240094552
water,100.0,0.0011841702442525579,0.01,0.021615672204871046,correlated,2,102336,169644,0.021578320584141282,3.735162072976417e-05,3.84917113067651e-05,0.021275331737948405,1.1400905770009295e-06,0.005358744065867474
water,100.0,0.0011841702442525579,0.1,0.02443334043022901,correlated,2,102336,169644,0.0244013925238205,3.194790640851167e-05,3.84917113067651e-05,0.021275331737948405,6.54380489825343e-06,0.030757710285576275
water,100.0,0.0011841702442525579,1.0,0.03179879140023225,correlated,2,102336,169644,0.031777158226008254,2.163317422399641e-05,3.84917113067651e-05,0.021275331737948405,1.6858537082768688e-05,0.0792398317940135
water,100.0,0.0011841702442525579,0.0,0.021273908651956344,correlated,3,102337,169644,0.02123684002664164,3.706862531470401e-05,3.706862531470401e-05,0.021273908651956344,0.0,0.0
water,100.0,0.0011841702442525579,0.001,0.021303829859390215,correlated,3,102337,169644,0.021266777844560204,3.705201483001144e-05,3.706862531470401e-05,0.021273908651956344,1.6610484692564098e-08,7.807913893170073e-05
water,100.0,0.0011841702442525579,0.01,0.0216150028684208,correlated,3,102337,169644,0.021578320584141282,3.668228427951628e-05,3.706862531470401e-05,0.021273908651956344,3.863410351877261e-07,0.0018160322181894782
water,100.0,0.0011841702442525579,0.1,0.024433430555230274,correlated,3,102337,169644,0.0244013925238205,3.203803140977568e-05,3.706862531470401e-05,0.021273908651956344,5.030593904928327e-06,0.0236467777841366
water,100.0,0.0011841702442525579,1.0,0.0317992647939603,correlated,3,102337,169644,0.031777158226008254,2.2106567952047407e-05,3.706862531470401e-05,0.021273908651956344,1.49620573626566e-05,0.07033055188605734
water,100.0,0.0011841702442525579,0.0,0.02127351606522228,correlated,4,102338,169644,0.02123684002664164,3.667603858064153e-05,3.667603858064153e-05,0.02127351606522228,0.0,0.0
water,100.0,0.0011841702442525579,0.001,0.021303435026831102,correlated,4,102338,169644,0.021266777844560204,3.665718227089873e-05,3.667603858064153e-05,0.02127351606522228,1.8856309742798505e-08,8.86374856182077e-05
water,100.0,0.0011841702442525579,0.01,0.02161449733543807,correlated,4,102338,169644,0.021578320584141282,3.6176751296787546e-05,3.667603858064153e-05,0.02127351606522228,4.99287283853983e-07,0.002346989949020287
water,100.0,0.0011841702442525579,0.1,0.024432361780991275,correlated,4,102338,169644,0.0244013925238205,3.0969257170776476e-05,3.667603858064153e-05,0.02127351606522228,5.706781409865053e-06,0.026825755518592613
water,100.0,0.0011841702442525579,1.0,0.03179779752032569,correlated,4,102338,169644,0.031777158226008254,2.0639294317434387e-05,3.667603858064153e-05,0.02127351606522228,1.6036744263207142e-05,0.07538360943268725
water,100.0,0.0011841702442525579,0.0,0.02127336761144622,correlated,5,102339,169644,0.02123684002664164,3.652758480458124e-05,3.652758480458124e-05,0.02127336761144622,0.0,0.0
water,100.0,0.0011841702442525579,0.001,0.02130332420377213,correlated,5,102339,169644,0.021266777844560204,3.654635921192598e-05,3.652758480458124e-05,0.02127336761144622,-1.877440734474045e-08,-8.825310448092292e-05
water,100.0,0.0011841702442525579,0.01,0.021614484140852867,correlated,5,102339,169644,0.021578320584141282,3.616355671158533e-05,3.652758480458124e-05,0.02127336761144622,3.64028092995905e-07,0.001711191662950619
water,100.0,0.0011841702442525579,0.1,0.024432197235586074,correlated,5,102339,169644,0.0244013925238205,3.080471176557589e-05,3.652758480458124e-05,0.02127336761144622,5.722873039005344e-06,0.026901584852631086
water,100.0,0.0011841702442525579,1.0,0.03179744385490774,correlated,5,102339,169644,0.031777158226008254,2.028562889948987e-05,3.652758480458124e-05,0.02127336761144622,1.6241955905091365e-05,0.0763487765630126
water,100.0,0.0011841702442525579,0.0,0.021274859737655527,correlated,6,102340,169644,0.02123684002664164,3.80197110138869e-05,3.80197110138869e-05,0.021274859737655527,0.0,0.0
water,100.0,0.0011841702442525579,0.001,0.021304752770011766,correlated,6,102340,169644,0.021266777844560204,3.797492545156225e-05,3.80197110138869e-05,0.021274859737655527,4.4785562324650696e-08,0.00021050931887171178
water,100.0,0.0011841702442525579,0.01,0.02161563035292327,correlated,6,102340,169644,0.021578320584141282,3.730976878198872e-05,3.80197110138869e-05,0.021274859737655527,7.099422318981863e-07,0.0033370007635896235
water,100.0,0.0011841702442525579,0.1,0.024433623441241507,correlated,6,102340,169644,0.0244013925238205,3.2230917421008365e-05,3.80197110138869e-05,0.021274859737655527,5.788793592878538e-06,0.02720954997711519
water,100.0,0.0011841702442525579,1.0,0.031800072505734404,correlated,6,102340,169644,0.031777158226008254,2.2914279726150844e-05,3.80197110138869e-05,0.021274859737655527,1.510543128773606e-05,0.07100132021552245
water,100.0,0.0011841702442525579,0.0,0.02127476487033359,correlated,7,102341,169644,0.02123684002664164,3.7924843691951315e-05,3.7924843691951315e-05,0.02127476487033359,0.0,0.0
water,100.0,0.0011841702442525579,0.001,0.021304632905167323,correlated,7,102341,169644,0.021266777844560204,3.785506060711985e-05,3.7924843691951315e-05,0.02127476487033359,6.978308483146511e-08,0.00032800872421755184
water,100.0,0.0011841702442525579,0.01,0.021615473974507485,correlated,7,102341,169644,0.021578320584141282,3.715339036620274e-05,3.7924843691951315e-05,0.02127476487033359,7.714533257485723e-07,0.00362614266456274
water,100.0,0.0011841702442525579,0.1,0.02443373243417041,correlated,7,102341,169644,0.0244013925238205,3.233991034991279e-05,3.7924843691951315e-05,0.02127476487033359,5.584933342038523e-06,0.02625144567320875
water,100.0,0.0011841702442525579,1.0,0.031800830556248036,correlated,7,102341,169644,0.031777158226008254,2.3672330239782324e-05,3.7924843691951315e-05,0.02127476487033359,1.4252513452168991e-05,0.0669925780098434
water,100.0,0.0011841702442525579,0.0,0.02127368781114983,correlated,8,102342,169644,0.02123684002664164,3.684778450819062e-05,3.684778450819062e-05,0.02127368781114983,0.0,0.0
water,100.0,0.0011841702442525579,0.001,0.02130356066560377,correlated,8,102342,169644,0.021266777844560204,3.678282104356556e-05,3.684778450819062e-05,0.02127368781114983,6.496346462506186e-08,0.00030537001953659214
water,100.0,0.0011841702442525579,0.01,0.02161434875936659,correlated,8,102342,169644,0.021578320584141282,3.6028175225306935e-05,3.684778450819062e-05,0.02127368781114983,8.196092828836876e-07,0.003852690187801474
water,100.0,0.0011841702442525579,0.1,0.024432136919169838,correlated,8,102342,169644,0.0244013925238205,3.074439534933929e-05,3.684778450819062e-05,0.02127368781114983,6.103389158851336e-06,0.028689850170934943
water,100.0,0.0011841702442525579,1.0,0.03179805869023718,correlated,8,102342,169644,0.031777158226008254,2.0900464228923443e-05,3.684778450819062e-05,0.02127368781114983,1.594732027926718e-05,0.07496265067361274
water,100.0,0.0011841702442525579,0.0,0.02127550678592145,correlated,9,102343,169644,0.02123684002664164,3.8666759279808866e-05,3.8666759279808866e-05,0.02127550678592145,0.0,0.0
water,100.0,0.0011841702442525579,0.001,0.021305293095747233,correlated,9,102343,169644,0.021266777844560204,3.851525118702889e-05,3.8666759279808866e-05,0.02127550678592145,1.515080927799728e-07,0.0007121244833529869
water,100.0,0.0011841702442525579,0.01,0.021615838437189488,correlated,9,102343,169644,0.021578320584141282,3.751785304820579e-05,3.8666759279808866e-05,0.02127550678592145,1.1489062316030751e-06,0.005400135673211489
water,100.0,0.0011841702442525579,0.1,0.024433672774014124,correlated,9,102343,169644,0.0244013925238205,3.228025019362535e-05,3.8666759279808866e-05,0.02127550678592145,6.386509086183517e-06,0.03001812906477807
water,100.0,0.0011841702442525579,1.0,0.03179955066308571,correlated,9,102343,169644,0.031777158226008254,2.2392437077453642e-05,3.8666759279808866e-05,0.02127550678592145,1.6274322202355224e-05,0.07649322935576022
water,50.0,0.0023683404885051157,0.0,0.022425953935815146,white,0,103234,169644,0.02123684002664164,0.001189113909173506,0.001189113909173506,0.022425953935815146,0.0,0.0
water,50.0,0.0023683404885051157,0.001,0.022407365622980017,white,0,103234,169644,0.021266777844560204,0.0011405877784198132,0.001189113909173506,0.022425953935815146,4.852613075369272e-05,0.2163837975079158
water,50.0,0.0023683404885051157,0.01,0.022422972437271958,white,0,103234,169644,0.021578320584141282,0.0008446518531306756,0.001189113909173506,0.022425953935815146,0.00034446205604283034,1.5359973405310114
water,50.0,0.0023683404885051157,0.1,0.024665060221083508,white,0,103234,169644,0.0244013925238205,0.0002636676972630099,0.001189113909173506,0.022425953935815146,0.000925446211910496,4.126674898910416
water,50.0,0.0023683404885051157,1.0,0.03182874082962803,white,0,103234,169644,0.031777158226008254,5.1582603619773626e-05,0.001189113909173506,0.022425953935815146,0.0011375313055537323,5.07238759523647
water,50.0,0.0023683404885051157,0.0,0.022415860434773758,white,1,103235,169644,0.02123684002664164,0.0011790204081321178,0.0011790204081321178,0.022415860434773758,0.0,0.0
water,50.0,0.0023683404885051157,0.001,0.022398363404619464,white,1,103235,169644,0.021266777844560204,0.0011315855600592603,0.0011790204081321178,0.022415860434773758,4.7434848072857444e-05,0.21161288102629197
water,50.0,0.0023683404885051157,0.01,0.02241818792522546,white,1,103235,169644,0.021578320584141282,0.0008398673410841793,0.0011790204081321178,0.022415860434773758,0.0003391530670479384,1.5130049013055495
water,50.0,0.0023683404885051157,0.1,0.0246578185622368,white,1,103235,169644,0.0244013925238205,0.00025642603841630196,0.0011790204081321178,0.022415860434773758,0.0009225943697158158,4.115810643987566
water,50.0,0.0023683404885051157,1.0,0.03182167138895611,white,1,103235,169644,0.031777158226008254,4.4513162947859564e-05,0.0011790204081321178,0.022415860434773758,0.0011345072451842582,5.061180892366261
water,50.0,0.0023683404885051157,0.0,0.02241435018273714,white,2,103236,169644,0.02123684002664164,0.0011775101560955008,0.0011775101560955008,0.02241435018273714,0.0,0.0
water,50.0,0.0023683404885051157,0.001,0.02239746667953987,white,2,103236,169644,0.021266777844560204,0.0011306888349796665,0.0011775101560955008,0.02241435018273714,4.6821321115834286e-05,0.2088899331638651
water,50.0,0.0023683404885051157,0.01,0.02242230689924039,white,2,103236,169644,0.021578320584141282,0.000843986315099108,0.0011775101560955008,0.02241435018273714,0.0003335238409963928,1.4879924614243907
water,50.0,0.0023683404885051157,0.1,0.024671807843702036,white,2,103236,169644,0.0244013925238205,0.00027041531988153747,0.0011775101560955008,0.02241435018273714,0.0009070948362139633,4.046937916195226
water,50.0,0.0023683404885051157,1.0,0.03183136041267944,white,2,103236,169644,0.031777158226008254,5.4202186671188646e-05,0.0011775101560955008,0.02241435018273714,0.0011233079694243121,5.011557150960594
water,50.0,0.0023683404885051157,0.0,0.022402356663501873,white,3,103237,169644,0.02123684002664164,0.001165516636860233,0.001165516636860233,0.022402356663501873,0.0,0.0
water,50.0,0.0023683404885051157,0.001,0.02238644614054992,white,3,103237,169644,0.021266777844560204,0.0011196682959897161,0.001165516636860233,0.022402356663501873,4.584834087051695e-05,0.2046585614147171
water,50.0,0.0023683404885051157,0.01,0.02241472908984766,white,3,103237,169644,0.021578320584141282,0.0008364085057063764,0.001165516636860233,0.022402356663501873,0.0003291081311538567,1.4690781693072619
water,50.0,0.0023683404885051157,0.1,0.02466670549087138,white,3,103237,169644,0.0244013925238205,0.00026531296705088053,0.001165516636860233,0.022402356663501873,0.0009002036698093525,4.018343620410136
water,50.0,0.0023683404885051157,1.0,0.03182719130141117,white,3,103237,169644,0.031777158226008254,5.003307540291796e-05,0.001165516636860233,0.022402356663501873,0.0011154835614573151,4.979313463367322
water,50.0,0.0023683404885051157,0.0,0.02241509553504793,white,4,103238,169644,0.02123684002664164,0.0011782555084062889,0.0011782555084062889,0.02241509553504793,0.0,0.0
water,50.0,0.0023683404885051157,0.001,0.022398233412939148,white,4,103238,169644,0.021266777844560204,0.0011314555683789446,0.0011782555084062889,0.02241509553504793,4.6799940027344306e-05,0.20878760009819533
water,50.0,0.0023683404885051157,0.01,0.022424139134305125,white,4,103238,169644,0.021578320584141282,0.0008458185501638432,0.0011782555084062889,0.02241509553504793,0.00033243695824244565,1.4830940948819598
water,50.0,0.0023683404885051157,0.1,0.02467543845696,white,4,103238,169644,0.0244013925238205,0.00027404593313950024,0.0011782555084062889,0.02241509553504793,0.0009042095752667886,4.033931391695294
water,50.0,0.0023683404885051157,1.0,0.03183075123982546,white,4,103238,169644,0.031777158226008254,5.359301381720888e-05,0.0011782555084062889,0.02241509553504793,0.00112466249458908,5.017433420395525
water,50.0,0.0023683404885051157,0.0,0.022418775170470723,white,5,103239,169644,0.02123684002664164,0.0011819351438290826,0.0011819351438290826,0.022418775170470723,0.0,0.0
water,50.0,0.0023683404885051157,0.001,0.022401236042070786,white,5,103239,169644,0.021266777844560204,0.0011344581975105822,0.0011819351438290826,0.022418775170470723,4.747694631850041e-05,0.21177314977062392
water,50.0,0.0023683404885051157,0.01,0.022421664740057638,white,5,103239,169644,0.021578320584141282,0.0008433441559163556,0.0011819351438290826,0.022418775170470723,0.00033859098791272704,1.5103010103723598
water,50.0,0.0023683404885051157,0.1,0.02466245371822712,white,5,103239,169644,0.0244013925238205,0.0002610611944066227,0.0011819351438290826,0.022418775170470723,0.0009208739494224599,4.107601518906372
water,50.0,0.0023683404885051157,1.0,0.03182210762710189,white,5,103239,169644,0.031777158226008254,4.494940109363299e-05,0.0011819351438290826,0.022418775170470723,0.0011369857427354496,5.071578327049062
water,50.0,0.0023683404885051157,0.0,0.022413026262746914,white,6,103240,169644,0.02123684002664164,0.0011761862361052734,0.0011761862361052734,0.022413026262746914,0.0,0.0
water,50.0,0.0023683404885051157,0.001,0.02239486065969169,white,6,103240,169644,0.021266777844560204,0.0011280828151314856,0.0011761862361052734,0.022413026262746914,4.810342097378781e-05,0.21462260566633679
water,50.0,0.0023683404885051157,0.01,0.02241288952809764,white,6,103240,169644,0.021578320584141282,0.0008345689439563583,0.0011761862361052734,0.022413026262746914,0.0003416172921489151,1.524190835026697
water,50.0,0.0023683404885051157,0.1,0.024655688050746933,white,6,103240,169644,0.0244013925238205,0.00025429552692643465,0.0011761862361052734,0.022413026262746914,0.0009218907091788388,4.113191580519091
water,50.0,0.0023683404885051157,1.0,0.03182335634977846,white,6,103240,169644,0.031777158226008254,4.6198123770206656e-05,0.0011761862361052734,0.022413026262746914,0.0011299881123350668,5.0416579139660405
water,50.0,0.0023683404885051157,0.0,0.02242152027745393,white,7,103241,169644,0.02123684002664164,0.0011846802508122915,0.0011846802508122915,0.02242152027745393,0.0,0.0
water,50.0,0.0023683404885051157,0.001,0.022405301252067935,white,7,103241,169644,0.021266777844560204,0.0011385234075077313,0.0011846802508122915,0.02242152027745393,4.6156843304560186e-05,0.2058595614097293
water,50.0,0.0023683404885051157,0.01,0.02243060688397377,white,7,103241,169644,0.021578320584141282,0.0008522862998324894,0.0011846802508122915,0.02242152027745393,0.0003323939509798021,1.4824773113803638
water,50.0,0.0023683404885051157,0.1,0.024672638549628468,white,7,103241,169644,0.0244013925238205,0.00027124602580796964,0.0011846802508122915,0.02242152027745393,0.0009134342250043219,4.073917440481635
water,50.0,0.0023683404885051157,1.0,0.031829129890555204,white,7,103241,169644,0.031777158226008254,5.197166454695007e-05,0.0011846802508122915,0.02242152027745393,0.0011327085862653415,5.051881283020501
water,50.0,0.0023683404885051157,0.0,0.022428133564942925,white,8,103242,169644,0.02123684002664164,0.001191293538301285,0.001191293538301285,0.022428133564942925,0.0,0.0
water,50.0,0.0023683404885051157,0.001,0.022410277001649007,white,8,103242,169644,0.021266777844560204,0.001143499157088803,0.001191293538301285,0.022428133564942925,4.779438121248203e-05,0.2131001274541574
water,50.0,0.0023683404885051157,0.01,0.02242796143668701,white,8,103242,169644,0.021578320584141282,0.0008496408525457272,0.001191293538301285,0.022428133564942925,0.0003416526857555578,1.5233219686616721
water,50.0,0.0023683404885051157,0.1,0.02466605683782854,white,8,103242,169644,0.0244013925238205,0.00026466431400804305,0.001191293538301285,0.022428133564942925,0.000926629224293242,4.131548537510237
water,50.0,0.0023683404885051157,1.0,0.031829756026969566,white,8,103242,169644,0.031777158226008254,5.259780096131261e-05,0.001191293538301285,0.022428133564942925,0.0011386957373399724,5.077086481774169
water,50.0,0.0023683404885051157,0.0,0.02241997321109042,white,9,103243,169644,0.02123684002664164,0.0011831331844487786,0.0011831331844487786,0.02241997321109042,0.0,0.0
water,50.0,0.0023683404885051157,0.001,0.022402735196415967,white,9,103243,169644,0.021266777844560204,0.0011359573518557632,0.0011831331844487786,0.02241997321109042,4.717583259301536e-05,0.21041877324670058
water,50.0,0.0023683404885051157,0.01,0.022424196006624608,white,9,103243,169644,0.021578320584141282,0.0008458754224833255,0.0011831331844487786,0.02241997321109042,0.00033725776196545307,1.5042737062621592
water,50.0,0.0023683404885051157,0.1,0.024665051742714533,white,9,103243,169644,0.0244013925238205,0.00026365921889403426,0.0011831331844487786,0.02241997321109042,0.0009194739655547443,4.101137663714562
water,50.0,0.0023683404885051157,1.0,0.031825410407129266,white,9,103243,169644,0.031777158226008254,4.825218112101265e-05,0.0011831331844487786,0.02241997321109042,0.001134881003327766,5.061919533277488
water,50.0,0.0023683404885051157,0.0,0.021384929747929115,correlated,0,103334,169644,0.02123684002664164,0.00014808972128747475,0.00014808972128747475,0.021384929747929115,0.0,0.0
water,50.0,0.0023683404885051157,0.001,0.021414789424185274,correlated,0,103334,169644,0.021266777844560204,0.00014801157962507014,0.00014808972128747475,0.021384929747929115,7.814166240460718e-08,0.0003654052799129457
water,50.0,0.0023683404885051157,0.01,0.021724601142421338,correlated,0,103334,169644,0.021578320584141282,0.00014628055828005623,0.00014808972128747475,0.021384929747929115,1.8091630074185128e-06,0.008459990417287714
water,50.0,0.0023683404885051157,0.1,0.024528997213378933,correlated,0,103334,169644,0.0244013925238205,0.00012760468955843457,0.00014808972128747475,0.021384929747929115,2.0485031729040176e-05,0.0957919056574124
water,50.0,0.0023683404885051157,1.0,0.0318679464176706,correlated,0,103334,169644,0.031777158226008254,9.078819166234708e-05,0.00014808972128747475,0.021384929747929115,5.730152962512766e-05,0.2679528541854418
water,50.0,0.0023683404885051157,0.0,0.02138995481197319,correlated,1,103335,169644,0.02123684002664164,0.00015311478533154912,0.00015311478533154912,0.02138995481197319,0.0,0.0
water,50.0,0.0023683404885051157,0.001,0.021419396262386505,correlated,1,103335,169644,0.021266777844560204,0.00015261841782630153,0.00015311478533154912,0.02138995481197319,4.963675052475913e-07,0.002320563599179489
water,50.0,0.0023683404885051157,0.01,0.021727284356331394,correlated,1,103335,169644,0.021578320584141282,0.00014896377219011242,0.00015311478533154912,0.02138995481197319,4.151013141436705e-06,0.019406367044371424
water,50.0,0.0023683404885051157,0.1,0.02452828273932063,correlated,1,103335,169644,0.0244013925238205,0.00012689021550013266,0.00015311478533154912,0.02138995481197319,2.6224569831416467e-05,0.12260226850379817
water,50.0,0.0023683404885051157,1.0,0.03186148955233004,correlated,1,103335,169644,0.031777158226008254,8.433132632178902e-05,0.00015311478533154912,0.02138995481197319,6.87834590097601e-05,0.32156897765514697
water,50.0,0.0023683404885051157,0.0,0.021386599680999083,correlated,2,103336,169644,0.02123684002664164,0.00014975965435744254,0.00014975965435744254,0.021386599680999083,0.0,0.0
water,50.0,0.0023683404885051157,0.001,0.021416322915263183,correlated,2,103336,169644,0.021266777844560204,0.00014954507070297912,0.00014975965435744254,0.021386599680999083,2.1458365446341832e-07,0.001003355641682792
water,50.0,0.0023683404885051157,0.01,0.021725487368295878,correlated,2,103336,169644,0.021578320584141282,0.00014716678415459608,0.00014975965435744254,0.021386599680999083,2.592870202846459e-06,0.012123807624968515
water,50.0,0.0023683404885051157,0.1,0.024528511978366273,correlated,2,103336,169644,0.0244013925238205,0.00012711945454577447,0.00014975965435744254,0.021386599680999083,2.2640199811668066e-05,0.10586161498025674
water,50.0,0.0023683404885051157,1.0,0.031864934400131356,correlated,2,103336,169644,0.031777158226008254,8.777617412310257e-05,0.00014975965435744254,0.021386599680999083,6.198348023433997e-05,0.28982391384736667
water,50.0,0.0023683404885051157,0.0,0.02138834103937197,correlated,3,103337,169644,0.02123684002664164,0.000151501012730329,0.000151501012730329,0.02138834103937197,0.0,0.0
water,50.0,0.0023683404885051157,0.001,0.021417967272107815,correlated,3,103337,169644,0.021266777844560204,0.0001511894275476114,0.000151501012730329,0.02138834103937197,3.115851827176219e-07,0.0014567992073066882
water,50.0,0.0023683404885051157,0.01,0.021726514441084144,correlated,3,103337,169644,0.021578320584141282,0.00014819385694286175,0.000151501012730329,0.02138834103937197,3.307155787467264e-06,0.015462423108830198
water,50.0,0.0023683404885051157,0.1,0.02452875846543029,correlated,3,103337,169644,0.0244013925238205,0.00012736594160979095,0.000151501012730329,0.02138834103937197,2.413507112053806e-05,0.11284218386133768
water,50.0,0.0023683404885051157,1.0,0.03186551814398481,correlated,3,103337,169644,0.031777158226008254,8.835991797655901e-05,0.000151501012730329,0.02138834103937197,6.314109475377e-05,0.2952126798312172
water,50.0,0.0023683404885051157,0.0,0.021384036419333546,correlated,4,103338,169644,0.02123684002664164,0.00014719639269190551,0.00014719639269190551,0.021384036419333546,0.0,0.0
water,50.0,0.0023683404885051157,0.001,0.021413829709771754,correlated,4,103338,169644,0.021266777844560204,0.00014705186521155045,0.00014719639269190551,0.021384036419333546,1.4452748035506668e-07,0.0006758662280634622
water,50.0,0.0023683404885051157,0.01,0.021723137638129,correlated,4,103338,169644,0.021578320584141282,0.00014481705398771902,0.00014719639269190551,0.021384036419333546,2.3793387041864955e-06,0.011126705255866983
water,50.0,0.0023683404885051157,0.1,0.024525648388079937,correlated,4,103338,169644,0.0244013925238205,0.00012425586425943852,0.00014719639269190551,0.021384036419333546,2.2940528432466994e-05,0.10727875683809726
water,50.0,0.0023683404885051157,1.0,0.03186028198878694,correlated,4,103338,169644,0.031777158226008254,8.312376277868488e-05,0.00014719639269190551,0.021384036419333546,6.407262991322063e-05,0.2996283239365036
water,50.0,0.0023683404885051157,0.0,0.02138837786244375,correlated,5,103339,169644,0.02123684002664164,0.00015153783580210828,0.00015153783580210828,0.02138837786244375,0.0,0.0
water,50.0,0.0023683404885051157,0.001,0.02141808299644732,correlated,5,103339,169644,0.021266777844560204,0.00015130515188711488,0.00015153783580210828,0.02138837786244375,2.326839149933979e-07,0.0010878988415571802
water,50.0,0.0023683404885051157,0.01,0.02172715413532226,correlated,5,103339,169644,0.021578320584141282,0.00014883355118097685,0.00015153783580210828,0.02138837786244375,2.7042846211314253e-06,0.012643710703652422
water,50.0,0.0023683404885051157,0.1,0.024530541514586997,correlated,5,103339,169644,0.0244013925238205,0.00012914899076649916,0.00015153783580210828,0.02138837786244375,2.2388845035609117e-05,0.10467762061994476
water,50.0,0.0023683404885051157,1.0,0.03186774109120625,correlated,5,103339,169644,0.031777158226008254,9.058286519799535e-05,0.00015153783580210828,0.02138837786244375,6.0954970604112924e-05,0.28499108719761723
water,50.0,0.0023683404885051157,0.0,0.021388357897075196,correlated,6,103340,169644,0.02123684002664164,0.0001515178704335554,0.0001515178704335554,0.021388357897075196,0.0,0.0
water,50.0,0.0023683404885051157,0.001,0.021417871059367505,correlated,6,103340,169644,0.021266777844560204,0.00015109321480730187,0.0001515178704335554,0.021388357897075196,4.2465562625354503e-07,0.0019854522179639403
water,50.0,0.0023683404885051157,0.01,0.021726108142931595,correlated,6,103340,169644,0.021578320584141282,0.00014778755879031255,0.0001515178704335554,0.021388357897075196,3.730311643242862e-06,0.01744085105174424
water,50.0,0.0023683404885051157,0.1,0.024527733035269502,correlated,6,103340,169644,0.0244013925238205,0.00012634051144900377,0.0001515178704335554,0.021388357897075196,2.5177358984551645e-05,0.11771525007066852
water,50.0,0.0023683404885051157,1.0,0.0318619878061242,correlated,6,103340,169644,0.031777158226008254,8.482958011594988e-05,0.0001515178704335554,0.021388357897075196,6.668829031760554e-05,0.3117971498257236
water,50.0,0.0023683404885051157,0.0,0.02138437988306483,correlated,7,103341,169644,0.02123684002664164,0.0001475398564231914,0.0001475398564231914,0.02138437988306483,0.0,0.0
water,50.0,0.0023683404885051157,0.001,0.02141442680115926,correlated,7,103341,169644,0.021266777844560204,0.00014764895659905714,0.0001475398564231914,0.02138437988306483,-1.091001758657395e-07,-0.0005101862970183223
water,50.0,0.0023683404885051157,0.01,0.021724871635708493,correlated,7,103341,169644,0.021578320584141282,0.00014655105156721054,0.0001475398564231914,0.02138437988306483,9.888048559808515e-07,0.004623958522004777
water,50.0,0.0023683404885051157,0.1,0.024528799495193664,correlated,7,103341,169644,0.0244013925238205,0.00012740697137316598,0.0001475398564231914,0.02138437988306483,2.0132885050025418e-05,0.09414762158228154
water,50.0,0.0023683404885051157,1.0,0.0318642130403542,correlated,7,103341,169644,0.031777158226008254,8.705481434594792e-05,0.0001475398564231914,0.02138437988306483,6.048504207724348e-05,0.2828468368406795
water,50.0,0.0023683404885051157,0.0,0.021385154718329413,correlated,8,103342,169644,0.02123684002664164,0.00014831469168777311,0.00014831469168777311,0.021385154718329413,0.0,0.0
water,50.0,0.0023683404885051157,0.001,0.021414918765902288,correlated,8,103342,169644,0.021266777844560204,0.00014814092134208395,0.00014831469168777311,0.021385154718329413,1.737703456891615e-07,0.0008125746480581753
water,50.0,0.0023683404885051157,0.01,0.021724274078335052,correlated,8,103342,169644,0.021578320584141282,0.00014595349419377,0.00014831469168777311,0.021385154718329413,2.3611974940031255e-06,0.011041292546643683
water,50.0,0.0023683404885051157,0.1,0.024528003075055215,correlated,8,103342,169644,0.0244013925238205,0.00012661055123471682,0.00014831469168777311,0.021385154718329413,2.1704140453056298e-05,0.10149162229092258
water,50.0,0.0023683404885051157,1.0,0.03186490005652529,correlated,8,103342,169644,0.031777158226008254,8.774183051703938e-05,0.00014831469168777311,0.021385154718329413,6.057286117073374e-05,0.28324724309249993
water,50.0,0.0023683404885051157,0.0,0.0213903216839422,correlated,9,103343,169644,0.02123684002664164,0.00015348165730055818,0.00015348165730055818,0.0213903216839422,0.0,0.0
water,50.0,0.0023683404885051157,0.001,0.021419911751793187,correlated,9,103343,169644,0.021266777844560204,0.00015313390723298292,0.00015348165730055818,0.0213903216839422,3.477500675752587e-07,0.0016257355672977846
water,50.0,0.0023683404885051157,0.01,0.021728536139512065,correlated,9,103343,169644,0.021578320584141282,0.00015021555537078277,0.00015348165730055818,0.0213903216839422,3.266101929775417e-06,0.015269064103076546
water,50.0,0.0023683404885051157,0.1,0.024532271789648095,correlated,9,103343,169644,0.0244013925238205,0.00013087926582759646,0.00015348165730055818,0.0213903216839422,2.2602391472961725e-05,0.1056664402103379
water,50.0,0.0023683404885051157,1.0,0.03187174879675503,correlated,9,103343,169644,0.031777158226008254,9.45905707467748e-05,0.00015348165730055818,0.0213903216839422,5.889108655378339e-05,0.2753165072687671
water,20.0,0.005920851221262789,0.0,0.02777279212668462,white,0,104234,169644,0.02123684002664164,0.0065359521000429785,0.0065359521000429785,0.02777279212668462,0.0,0.0
water,20.0,0.005920851221262789,0.001,0.027563957428536175,white,0,104234,169644,0.021266777844560204,0.006297179583975972,0.0065359521000429785,0.02777279212668462,0.00023877251606700678,0.8597353661016663
water,20.0,0.005920851221262789,0.01,0.026381123611762623,white,0,104234,169644,0.021578320584141282,0.0048028030276213406,0.0065359521000429785,0.02777279212668462,0.001733149072421638,6.240456719353024
water,20.0,0.005920851221262789,0.1,0.026005420764246872,white,0,104234,169644,0.0244013925238205,0.0016040282404263737,0.0065359521000429785,0.02777279212668462,0.004931923859616605,17.75811318185009
water,20.0,0.005920851221262789,1.0,0.032087514312150026,white,0,104234,169644,0.031777158226008254,0.000310356086141772,0.0065359521000429785,0.02777279212668462,0.0062255960139012065,22.416168981150214
water,20.0,0.005920851221262789,0.0,0.027786016859083662,white,1,104235,169644,0.02123684002664164,0.006549176832442022,0.006549176832442022,0.027786016859083662,0.0,0.0
water,20.0,0.005920851221262789,0.001,0.02757745646476392,white,1,104235,169644,0.021266777844560204,0.006310678620203715,0.006549176832442022,0.027786016859083662,0.00023849821223830697,0.8583389747722634
water,20.0,0.005920851221262789,0.01,0.026385807526873254,white,1,104235,169644,0.021578320584141282,0.004807486942731972,0.006549176832442022,0.027786016859083662,0.0017416898897100498,6.268224404177835
water,20.0,0.005920851221262789,0.1,0.02595811325235204,white,1,104235,169644,0.0244013925238205,0.0015567207285315417,0.006549176832442022,0.027786016859083662,0.00499245610391048,17.96751268535408
water,20.0,0.005920851221262789,1.0,0.032049516074132055,white,1,104235,169644,0.031777158226008254,0.0002723578481238012,0.006549176832442022,0.027786016859083662,0.006276818984318221,22.58984803813734
water,20.0,0.005920851221262789,0.0,0.02781596666582476,white,2,104236,169644,0.02123684002664164,0.006579126639183121,0.006579126639183121,0.02781596666582476,0.0,0.0
water,20.0,0.005920851221262789,0.001,0.02760501606502761,white,2,104236,169644,0.021266777844560204,0.006338238220467408,0.006579126639183121,0.02781596666582476,0.000240888418715713,0.866007719989373
water,20.0,0.005920851221262789,0.01,0.02640574479635176,white,2,104236,169644,0.021578320584141282,0.004827424212210479,0.006579126639183121,0.02781596666582476,0.001751702426972642,6.297470974197053
water,20.0,0.005920851221262789,0.1,0.025987124354253016,white,2,104236,169644,0.0244013925238205,0.0015857318304325178,0.006579126639183121,0.02781596666582476,0.004993394808750603,17.951541532747036
water,20.0,0.005920851221262789,1.0,0.032082076449030654,white,2,104236,169644,0.031777158226008254,0.0003049182230224004,0.006579126639183121,0.02781596666582476,0.00627420841616072,22.556140117428797
water,20.0,0.005920851221262789,0.0,0.02778355205309513,white,3,104237,169644,0.02123684002664164,0.006546712026453488,0.006546712026453488,0.02778355205309513,0.0,0.0
water,20.0,0.005920851221262789,0.001,0.02757814515288363,white,3,104237,169644,0.021266777844560204,0.006311367308323428,0.006546712026453488,0.02778355205309513,0.0002353447181300608,0.8470649025736904
water,20.0,0.005920851221262789,0.01,0.026408612028850018,white,3,104237,169644,0.021578320584141282,0.0048302914447087356,0.006546712026453488,0.02778355205309513,0.0017164205817447528,6.177829884618879
water,20.0,0.005920851221262789,0.1,0.026024233197344208,white,3,104237,169644,0.0244013925238205,0.0016228406735237094,0.006546712026453488,0.02778355205309513,0.004923871352929779,17.722252876522504
water,20.0,0.005920851221262789,1.0,0.032099750193439365,white,3,104237,169644,0.031777158226008254,0.00032259196743111146,0.006546712026453488,0.02778355205309513,0.006224120059022377,22.402175384658925
water,20.0,0.005920851221262789,0.0,0.027740728593376996,white,4,104238,169644,0.02123684002664164,0.006503888566735356,0.006503888566735356,0.027740728593376996,0.0,0.0
water,20.0,0.005920851221262789,0.001,0.027535280244847783,white,4,104238,169644,0.021266777844560204,0.00626850240028758,0.006503888566735356,0.027740728593376996,0.00023538616644777632,0.8485219328520952
water,20.0,0.005920851221262789,0.01,0.02636533849689819,white,4,104238,169644,0.021578320584141282,0.004787017912756909,0.006503888566735356,0.027740728593376996,0.0017168706539784466,6.188989046193775
water,20.0,0.005920851221262789,0.1,0.02597505322229049,white,4,104238,169644,0.0244013925238205,0.0015736606984699912,0.006503888566735356,0.027740728593376996,0.004930227868265365,17.772524797500953
water,20.0,0.005920851221262789,1.0,0.032063730363817454,white,4,104238,169644,0.031777158226008254,0.0002865721378092004,0.006503888566735356,0.027740728593376996,0.0062173164289261555,22.412231921012047
water,20.0,0.005920851221262789,0.0,0.02772437761334302,white,5,104239,169644,0.02123684002664164,0.00648753758670138,0.00648753758670138,0.02772437761334302,0.0,0.0
water,20.0,0.005920851221262789,0.001,0.02751995850952422,white,5,104239,169644,0.021266777844560204,0.006253180664964015,0.00648753758670138,0.02772437761334302,0.00023435692173736505,0.8453099471007608
water,20.0,0.005920851221262789,0.01,0.026356495132405316,white,5,104239,169644,0.021578320584141282,0.0047781745482640345,0.00648753758670138,0.02772437761334302,0.0017093630384373455,6.165559646737294
water,20.0,0.005920851221262789,0.1,0.025988920677202217,white,5,104239,169644,0.0244013925238205,0.0015875281533817183,0.00648753758670138,0.02772437761334302,0.004900009433319662,17.674010582518598
water,20.0,0.005920851221262789,1.0,0.032082297941963926,white,5,104239,169644,0.031777158226008254,0.00030513971595567263,0.00648753758670138,0.02772437761334302,0.006182397870745707,22.299501027465013
water,20.0,0.005920851221262789,0.0,0.027815871289070804,white,6,104240,169644,0.02123684002664164,0.006579031262429164,0.006579031262429164,0.027815871289070804,0.0,0.0
water,20.0,0.005920851221262789,0.001,0.027603519205694305,white,6,104240,169644,0.021266777844560204,0.006336741361134102,0.006579031262429164,0.027815871289070804,0.0002422899012950626,0.8710491171644918
water,20.0,0.005920851221262789,0.01,0.026396680159730585,white,6,104240,169644,0.021578320584141282,0.004818359575589303,0.006579031262429164,0.027815871289070804,0.0017606716868398611,6.329737683002763
water,20.0,0.005920851221262789,0.1,0.025978187322873197,white,6,104240,169644,0.0244013925238205,0.0015767947990526984,0.006579031262429164,0.027815871289070804,0.005002236463376466,17.983389451984937
water,20.0,0.005920851221262789,1.0,0.032076129336462464,white,6,104240,169644,0.031777158226008254,0.0002989711104542103,0.006579031262429164,0.027815871289070804,0.006280060151974954,22.577254858245144
water,20.0,0.005920851221262789,0.0,0.0278291769906569,white,7,104241,169644,0.02123684002664164,0.006592336964015261,0.006592336964015261,0.0278291769906569,0.0,0.0
water,20.0,0.005920851221262789,0.001,0.027618053720855663,white,7,104241,169644,0.021266777844560204,0.00635127587629546,0.006592336964015261,0.0278291769906569,0.00024106108771980092,0.8662170922292544
water,20.0,0.005920851221262789,0.01,0.02642367657870615,white,7,104241,169644,0.021578320584141282,0.004845355994564867,0.006592336964015261,0.0278291769906569,0.0017469809694503936,6.277515752754413
water,20.0,0.005920851221262789,0.1,0.026023819297504115,white,7,104241,169644,0.0244013925238205,0.001622426773683617,0.006592336964015261,0.0278291769906569,0.004969910190331644,17.85863157936792
water,20.0,0.005920851221262789,1.0,0.03208732901869369,white,7,104241,169644,0.031777158226008254,0.0003101707926854366,0.006592336964015261,0.0278291769906569,0.006282166171329824,22.574027875272552
water,20.0,0.005920851221262789,0.0,0.027814757999864506,white,8,104242,169644,0.02123684002664164,0.006577917973222866,0.006577917973222866,0.027814757999864506,0.0,0.0
water,20.0,0.005920851221262789,0.001,0.027608646040068525,white,8,104242,169644,0.021266777844560204,0.006341868195508322,0.006577917973222866,0.027814757999864506,0.00023604977771454413,0.848649403010064
water,20.0,0.005920851221262789,0.01,0.02643453121631484,white,8,104242,169644,0.021578320584141282,0.00485621063217356,0.006577917973222866,0.027814757999864506,0.0017217073410493063,6.189905880388005
water,20.0,0.005920851221262789,0.1,0.02601838285593342,white,8,104242,169644,0.0244013925238205,0.0016169903321129227,0.006577917973222866,0.027814757999864506,0.004960927641109943,17.83559519422786
water,20.0,0.005920851221262789,1.0,0.03207613883236075,white,8,104242,169644,0.031777158226008254,0.0002989806063524933,0.006577917973222866,0.027814757999864506,0.006278937366870373,22.57412186329631
water,20.0,0.005920851221262789,0.0,0.027778809855235242,white,9,104243,169644,0.02123684002664164,0.006541969828593602,0.006541969828593602,0.027778809855235242,0.0,0.0
water,20.0,0.005920851221262789,0.001,0.027570561456495706,white,9,104243,169644,0.021266777844560204,0.006303783611935503,0.006541969828593602,0.027778809855235242,0.00023818621665809905,0.8574385220222459
water,20.0,0.005920851221262789,0.01,0.026387658351952056,white,9,104243,169644,0.021578320584141282,0.004809337767810774,0.006541969828593602,0.027778809855235242,0.001732632060782828,6.237243675348796
water,20.0,0.005920851221262789,0.1,0.025992043039976327,white,9,104243,169644,0.0244013925238205,0.001590650516155829,0.006541969828593602,0.027778809855235242,0.004951319312437773,17.824087274583647
water,20.0,0.005920851221262789,1.0,0.03207477606528247,white,9,104243,169644,0.031777158226008254,0.0002976178392742196,0.006541969828593602,0.027778809855235242,0.006244351989319382,22.47883196530308
water,20.0,0.005920851221262789,0.0,0.022157010078413104,correlated,0,104334,169644,0.02123684002664164,0.0009201700517714635,0.0009201700517714635,0.022157010078413104,0.0,0.0
water,20.0,0.005920851221262789,0.001,0.022185555694087634,correlated,0,104334,169644,0.021266777844560204,0.0009187778495274301,0.0009201700517714635,0.022157010078413104,1.3922022440333859e-06,0.00628334887742713
water,20.0,0.005920851221262789,0.01,0.022482410840313636,correlated,0,104334,169644,0.021578320584141282,0.0009040902561723539,0.0009201700517714635,0.022157010078413104,1.6079795599109603e-05,0.07257204623820457
water,20.0,0.005920851221262789,0.1,0.025185597326037337,correlated,0,104334,169644,0.0244013925238205,0.0007842048022168382,0.0009201700517714635,0.022157010078413104,0.00013596524955462527,0.6136443909780591
water,20.0,0.005920851221262789,1.0,0.03232248082595539,correlated,0,104334,169644,0.031777158226008254,0.0005453225999471345,0.0009201700517714635,0.022157010078413104,0.000374847451824329,1.6917781347652652
water,20.0,0.005920851221262789,0.0,0.02215544996133846,correlated,1,104335,169644,0.02123684002664164,0.0009186099346968207,0.0009186099346968207,0.02215544996133846,0.0,0.0
water,20.0,0.005920851221262789,0.001,0.02218368808580613,correlated,1,104335,169644,0.021266777844560204,0.000916910241245926,0.0009186099346968207,0.02215544996133846,1.699693450894768e-06,0.0076716719988118255
water,20.0,0.005920851221262789,0.01,0.022478769713616717,correlated,1,104335,169644,0.021578320584141282,0.0009004491294754349,0.0009186099346968207,0.02215544996133846,1.81608052213858e-05,0.0819699227642708
water,20.0,0.005920851221262789,0.1,0.025177092996673173,correlated,1,104335,169644,0.0244013925238205,0.0007757004728526744,0.0009186099346968207,0.02215544996133846,0.00014290946184414635,0.6450307355234273
water,20.0,0.005920851221262789,1.0,0.03230342657576589,correlated,1,104335,169644,0.031777158226008254,0.0005262683497576359,0.0009186099346968207,0.02215544996133846,0.0003923415849391848,1.7708581212470331
water,20.0,0.005920851221262789,0.0,0.022160846786618147,correlated,2,104336,169644,0.02123684002664164,0.0009240067599765069,0.0009240067599765069,0.022160846786618147,0.0,0.0
water,20.0,0.005920851221262789,0.001,0.02218893703934994,correlated,2,104336,169644,0.021266777844560204,0.0009221591947897352,0.0009240067599765069,0.022160846786618147,1.8475651867716492e-06,0.008337069447577714
water,20.0,0.005920851221262789,0.01,0.022483877523541588,correlated,2,104336,169644,0.021578320584141282,0.0009055569394003059,0.0009240067599765069,0.022160846786618147,1.844982057620098e-05,0.0832541317299388
water,20.0,0.005920851221262789,0.1,0.025185100174675994,correlated,2,104336,169644,0.0244013925238205,0.000783707650855496,0.0009240067599765069,0.022160846786618147,0.00014029910912101082,0.6330945314135316
water,20.0,0.005920851221262789,1.0,0.032320608837131566,correlated,2,104336,169644,0.031777158226008254,0.0005434506111233126,0.0009240067599765069,0.022160846786618147,0.0003805561488531943,1.717245520974377
water,20.0,0.005920851221262789,0.0,0.022158412823935717,correlated,3,104337,169644,0.02123684002664164,0.000921572797294077,0.000921572797294077,0.022158412823935717,0.0,0.0
water,20.0,0.005920851221262789,0.001,0.022186672809861707,correlated,3,104337,169644,0.021266777844560204,0.0009198949653015029,0.000921572797294077,0.022158412823935717,1.6778319925740692e-06,0.007571986341736806
water,20.0,0.005920851221262789,0.01,0.022481614923647194,correlated,3,104337,169644,0.021578320584141282,0.0009032943395059119,0.000921572797294077,0.022158412823935717,1.827845778816506e-05,0.08248992350399982
water,20.0,0.005920851221262789,0.1,0.025182271432996672,correlated,3,104337,169644,0.0244013925238205,0.0007808789091761741,0.000921572797294077,0.022158412823935717,0.0001406938881179029,0.6349456941515418
water,20.0,0.005920851221262789,1.0,0.03231954775180427,correlated,3,104337,169644,0.031777158226008254,0.0005423895257960151,0.000921572797294077,0.022158412823935717,0.00037918327149806183,1.7112384109409888
water,20.0,0.005920851221262789,0.0,0.02215741155844906,correlated,4,104338,169644,0.02123684002664164,0.0009205715318074195,0.0009205715318074195,0.02215741155844906,0.0,0.0
water,20.0,0.005920851221262789,0.001,0.022186100933874804,correlated,4,104338,169644,0.021266777844560204,0.0009193230893146005,0.0009205715318074195,0.02215741155844906,1.2484424928189963e-06,0.0056344239015722955
water,20.0,0.005920851221262789,0.01,0.02248281412334019,correlated,4,104338,169644,0.021578320584141282,0.000904493539198907,0.0009205715318074195,0.02215741155844906,1.6077992608512504e-05,0.07256259408324997
water,20.0,0.005920851221262789,0.1,0.025185622790413986,correlated,4,104338,169644,0.0244013925238205,0.0007842302665934872,0.0009205715318074195,0.02215741155844906,0.0001363412652139323,0.6153302918722141
water,20.0,0.005920851221262789,1.0,0.03232813274803855,correlated,4,104338,169644,0.031777158226008254,0.0005509745220302967,0.0009205715318074195,0.02215741155844906,0.00036959700977712284,1.6680513822752379
water,20.0,0.005920851221262789,0.0,0.02215551391256275,correlated,5,104339,169644,0.02123684002664164,0.0009186738859211091,0.0009186738859211091,0.02215551391256275,0.0,0.0
water,20.0,0.005920851221262789,0.001,0.022184174104242612,correlated,5,104339,169644,0.021266777844560204,0.0009173962596824084,0.0009186738859211091,0.02215551391256275,1.277626238700702e-06,0.005766628766738988
water,20.0,0.005920851221262789,0.01,0.022481301961575814,correlated,5,104339,169644,0.021578320584141282,0.0009029813774345322,0.0009186738859211091,0.02215551391256275,1.569250848657694e-05,0.07082890764126613
water,20.0,0.005920851221262789,0.1,0.025183846183903673,correlated,5,104339,169644,0.0244013925238205,0.0007824536600831745,0.0009186738859211091,0.02215551391256275,0.00013622022583793456,0.6148366784698872
water,20.0,0.005920851221262789,1.0,0.032320474701030735,correlated,5,104339,169644,0.031777158226008254,0.0005433164750224817,0.0009186738859211091,0.02215551391256275,0.0003753574108986274,1.6941941061714214
water,20.0,0.005920851221262789,0.0,0.02215568765345629,correlated,6,104340,169644,0.02123684002664164,0.0009188476268146492,0.0009188476268146492,0.02215568765345629,0.0,0.0
water,20.0,0.005920851221262789,0.001,0.022183883781739855,correlated,6,104340,169644,0.021266777844560204,0.0009171059371796512,0.0009188476268146492,0.02215568765345629,1.7416896349979616e-06,0.007861140047829921
water,20.0,0.005920851221262789,0.01,0.022479151595027204,correlated,6,104340,169644,0.021578320584141282,0.0009008310108859219,0.0009188476268146492,0.02215568765345629,1.801661592872733e-05,0.0813182430197184
water,20.0,0.005920851221262789,0.1,0.025178337936087113,correlated,6,104340,169644,0.0244013925238205,0.0007769454122666143,0.0009188476268146492,0.02215568765345629,0.0001419022145480349,0.6404775909805631
water,20.0,0.005920851221262789,1.0,0.03230637421105654,correlated,6,104340,169644,0.031777158226008254,0.0005292159850482855,0.0009188476268146492,0.02215568765345629,0.00038963164176636367,1.7586077573429824
water,20.0,0.005920851221262789,0.0,0.02215523879341046,correlated,7,104341,169644,0.02123684002664164,0.0009183987667688194,0.0009183987667688194,0.02215523879341046,0.0,0.0
water,20.0,0.005920851221262789,0.001,0.022183260924039706,correlated,7,104341,169644,0.021266777844560204,0.000916483079479502,0.0009183987667688194,0.02215523879341046,1.915687289317375e-06,0.00864665602199309
water,20.0,0.005920851221262789,0.01,0.022477758380881497,correlated,7,104341,169644,0.021578320584141282,0.0008994377967402149,0.0009183987667688194,0.02215523879341046,1.8960970028604474e-05,0.08558233204078106
water,20.0,0.005920851221262789,0.1,0.025177903795422417,correlated,7,104341,169644,0.0244013925238205,0.0007765112716019186,0.0009183987667688194,0.02215523879341046,0.0001418874951669008,0.6404241294348035
water,20.0,0.005920851221262789,1.0,0.03231324155634701,correlated,7,104341,169644,0.031777158226008254,0.000536083330338756,0.0009183987667688194,0.02215523879341046,0.00038231543643006335,1.7256209242202971
water,20.0,0.005920851221262789,0.0,0.022159006911608443,correlated,8,104342,169644,0.02123684002664164,0.0009221668849668033,0.0009221668849668033,0.022159006911608443,0.0,0.0
water,20.0,0.005920851221262789,0.001,0.022187642325447277,correlated,8,104342,169644,0.021266777844560204,0.0009208644808870736,0.0009221668849668033,0.022159006911608443,1.3024040797296466e-06,0.005877538126707997
water,20.0,0.005920851221262789,0.01,0.02248516922820783,correlated,8,104342,169644,0.021578320584141282,0.0009068486440665484,0.0009221668849668033,0.022159006911608443,1.531824090025488e-05,0.06912873379821959
water,20.0,0.005920851221262789,0.1,0.02519011514501321,correlated,8,104342,169644,0.0244013925238205,0.0007887226211927105,0.0009221668849668033,0.022159006911608443,0.00013344426377409277,0.6022122936573718
water,20.0,0.005920851221262789,1.0,0.0323317509340516,correlated,8,104342,169644,0.031777158226008254,0.0005545927080433458,0.0009221668849668033,0.022159006911608443,0.0003675741769234575,1.6588025735525915
water,20.0,0.005920851221262789,0.0,0.022147887000266583,correlated,9,104343,169644,0.02123684002664164,0.0009110469736249432,0.0009110469736249432,0.022147887000266583,0.0,0.0
water,20.0,0.005920851221262789,0.001,0.022176076246923238,correlated,9,104343,169644,0.021266777844560204,0.0009092984023630346,0.0009110469736249432,0.022147887000266583,1.748571261908638e-06,0.00789498005786101
water,20.0,0.005920851221262789,0.01,0.022471839780907266,correlated,9,104343,169644,0.021578320584141282,0.0008935191967659843,0.0009110469736249432,0.022147887000266583,1.7527776858958927e-05,0.07913972497127131
water,20.0,0.005920851221262789,0.1,0.025176956186096812,correlated,9,104343,169644,0.0244013925238205,0.0007755636622763136,0.0009110469736249432,0.022147887000266583,0.00013548331134862965,0.611721160339128
water,20.0,0.005920851221262789,1.0,0.03231989333048108,correlated,9,104343,169644,0.031777158226008254,0.0005427351044728287,0.0009110469736249432,0.022147887000266583,0.0003683118691521145,1.6629661743699582
water,10.0,0.011841702442525578,0.0,0.041685394084886876,white,0,105234,169644,0.02123684002664164,0.020448554058245236,0.020448554058245236,0.041685394084886876,0.0,0.0
water,10.0,0.011841702442525578,0.001,0.04107167306148978,white,0,105234,169644,0.021266777844560204,0.019804895216929578,0.020448554058245236,0.041685394084886876,0.0006436588413156578,1.5440872167477424
water,10.0,0.011841702442525578,0.01,0.03726172894752021,white,0,105234,169644,0.021578320584141282,0.015683408363378927,0.020448554058245236,0.041685394084886876,0.004765145694866309,11.43121181765179
water,10.0,0.011841702442525578,0.1,0.030264467433760323,white,0,105234,169644,0.0244013925238205,0.005863074909939824,0.020448554058245236,0.041685394084886876,0.014585479148305412,34.98942367824083
water,10.0,0.011841702442525578,1.0,0.03296583738394625,white,0,105234,169644,0.031777158226008254,0.001188679157937994,0.020448554058245236,0.041685394084886876,0.01925987490030724,46.20293348093823
water,10.0,0.011841702442525578,0.0,0.041664546506370075,white,1,105235,169644,0.02123684002664164,0.020427706479728434,0.020427706479728434,0.041664546506370075,0.0,0.0
water,10.0,0.011841702442525578,0.001,0.041057099049003655,white,1,105235,169644,0.021266777844560204,0.01979032120444345,0.020427706479728434,0.041664546506370075,0.000637385275284983,1.529802502920639
water,10.0,0.011841702442525578,0.01,0.03727394994176465,white,1,105235,169644,0.021578320584141282,0.01569562935762337,0.020427706479728434,0.041664546506370075,0.004732077122105063,11.357563009551965
water,10.0,0.011841702442525578,0.1,0.030288927999435614,white,1,105235,169644,0.0244013925238205,0.005887535475615116,0.020427706479728434,0.041664546506370075,0.014540171004113318,34.89818616384143
water,10.0,0.011841702442525578,1.0,0.03299563902815708,white,1,105235,169644,0.031777158226008254,0.0012184808021488275,0.020427706479728434,0.041664546506370075,0.019209225677579607,46.10448759988955
water,10.0,0.011841702442525578,0.0,0.04170847856621159,white,2,105236,169644,0.02123684002664164,0.02047163853956995,0.02047163853956995,0.04170847856621159,0.0,0.0
water,10.0,0.011841702442525578,0.001,0.0410913658522788,white,2,105236,169644,0.021266777844560204,0.019824588007718597,0.02047163853956995,0.04170847856621159,0.0006470505318513543,1.5513645045195577
water,10.0,0.011841702442525578,0.01,0.03727220513700731,white,2,105236,169644,0.021578320584141282,0.01569388455286603,0.02047163853956995,0.04170847856621159,0.004777753986703923,11.455114525741593
water,10.0,0.011841702442525578,0.1,0.030296946094537307,white,2,105236,169644,0.0244013925238205,0.0058955535707168084,0.02047163853956995,0.04170847856621159,0.014576084968853143,34.947534577924785
water,10.0,0.011841702442525578,1.0,0.032980572414739825,white,2,105236,169644,0.031777158226008254,0.001203414188731572,0.02047163853956995,0.04170847856621159,0.01926822435083838,46.19738003689192
water,10.0,0.011841702442525578,0.0,0.04173386930496433,white,3,105237,169644,0.02123684002664164,0.02049702927832269,0.02049702927832269,0.04173386930496433,0.0,0.0
water,10.0,0.011841702442525578,0.001,0.04111997329928241,white,3,105237,169644,0.021266777844560204,0.019853195454722205,0.02049702927832269,0.04173386930496433,0.0006438338236004863,1.5427129914452982
water,10.0,0.011841702442525578,0.01,0.03730655429789908,white,3,105237,169644,0.021578320584141282,0.015728233713757797,0.02049702927832269,0.04173386930496433,0.004768795564564894,11.426679682436337
water,10.0,0.011841702442525578,0.1,0.030297432824327175,white,3,105237,169644,0.0244013925238205,0.005896040300506677,0.02049702927832269,0.04173386930496433,0.014600988977816014,34.98594599777307
water,10.0,0.011841702442525578,1.0,0.03299216406166002,white,3,105237,169644,0.031777158226008254,0.0012150058356517682,0.02049702927832269,0.04173386930496433,0.019282023442670923,46.202338205859306
water,10.0,0.011841702442525578,0.0,0.04157988583053974,white,4,105238,169644,0.02123684002664164,0.020343045803898098,0.020343045803898098,0.04157988583053974,0.0,0.0
water,10.0,0.011841702442525578,0.001,0.04097389368742033,white,4,105238,169644,0.021266777844560204,0.01970711584286013,0.020343045803898098,0.04157988583053974,0.0006359299610379683,1.5294172851501393
water,10.0,0.011841702442525578,0.01,0.03720772002731127,white,4,105238,169644,0.021578320584141282,0.01562939944316999,0.020343045803898098,0.04157988583053974,0.004713646360728109,11.336361961018213
water,10.0,0.011841702442525578,0.1,0.030266976469921346,white,4,105238,169644,0.0244013925238205,0.005865583946100848,0.020343045803898098,0.04157988583053974,0.01447746185779725,34.81842619001083
water,10.0,0.011841702442525578,1.0,0.03298581668399025,white,4,105238,169644,0.031777158226008254,0.001208658457981994,0.020343045803898098,0.04157988583053974,0.019134387345916104,46.01837394142678
water,10.0,0.011841702442525578,0.0,0.041665627353180794,white,5,105239,169644,0.02123684002664164,0.020428787326539154,0.020428787326539154,0.041665627353180794,0.0,0.0
water,10.0,0.011841702442525578,0.001,0.041057993282497575,white,5,105239,169644,0.021266777844560204,0.01979121543793737,0.020428787326539154,0.041665627353180794,0.0006375718886017824,1.5302107014911166
water,10.0,0.011841702442525578,0.01,0.037268818454593754,white,5,105239,169644,0.021578320584141282,0.01569049787045247,0.020428787326539154,0.041665627353180794,0.004738289456086682,11.372178356807956
water,10.0,0.011841702442525578,0.1,0.030268505743187755,white,5,105239,169644,0.0244013925238205,0.005867113219367257,0.020428787326539154,0.041665627353180794,0.014561674107171897,34.948889605667354
water,10.0,0.011841702442525578,1.0,0.03295725428858308,white,5,105239,169644,0.031777158226008254,0.0011800960625748258,0.020428787326539154,0.041665627353180794,0.019248691263964328,46.1980113747042
water,10.0,0.011841702442525578,0.0,0.041644088910022595,white,6,105240,169644,0.02123684002664164,0.020407248883380955,0.020407248883380955,0.041644088910022595,0.0,0.0
water,10.0,0.011841702442525578,0.001,0.041034679367751306,white,6,105240,169644,0.021266777844560204,0.019767901523191102,0.020407248883380955,0.041644088910022595,0.0006393473601898521,1.5352655729153883
water,10.0,0.011841702442525578,0.01,0.03724802132007999,white,6,105240,169644,0.021578320584141282,0.015669700735938707,0.020407248883380955,0.041644088910022595,0.004737548147442247,11.376279975000362
water,10.0,0.011841702442525578,0.1,0.030299199128184687,white,6,105240,169644,0.0244013925238205,0.005897806604364189,0.020407248883380955,0.041644088910022595,0.014509442279016765,34.84154092160902
water,10.0,0.011841702442525578,1.0,0.03299501356097179,white,6,105240,169644,0.031777158226008254,0.0012178553349635399,0.020407248883380955,0.041644088910022595,0.019189393548417415,46.079513445182016
water,10.0,0.011841702442525578,0.0,0.04171094871327817,white,7,105241,169644,0.02123684002664164,0.02047410868663653,0.02047410868663653,0.04171094871327817,0.0,0.0
water,10.0,0.011841702442525578,0.001,0.04109889430852949,white,7,105241,169644,0.021266777844560204,0.019832116463969287,0.02047410868663653,0.04171094871327817,0.0006419922226672432,1.5391455780119259
water,10.0,0.011841702442525578,0.01,0.03728497834433661,white,7,105241,169644,0.021578320584141282,0.01570665776019533,0.02047410868663653,0.04171094871327817,0.004767450926441201,11.429735054008832
water,10.0,0.011841702442525578,0.1,0.030245411598906428,white,7,105241,169644,0.0244013925238205,0.0058440190750859294,0.02047410868663653,0.04171094871327817,0.0146300896115506,35.07493850623755
water,10.0,0.011841702442525578,1.0,0.032925162223182876,white,7,105241,169644,0.031777158226008254,0.0011480039971746223,0.02047410868663653,0.04171094871327817,0.019326104689461908,46.333409537888734
water,10.0,0.011841702442525578,0.0,0.041520542439987415,white,8,105242,169644,0.02123684002664164,0.020283702413345775,0.020283702413345775,0.041520542439987415,0.0,0.0
water,10.0,0.011841702442525578,0.001,0.04091975076643018,white,8,105242,169644,0.021266777844560204,0.019652972921869977,0.020283702413345775,0.041520542439987415,0.0006307294914757976,1.5190781584499664
water,10.0,0.011841702442525578,0.01,0.03717756563031516,white,8,105242,169644,0.021578320584141282,0.015599245046173875,0.020283702413345775,0.041520542439987415,0.0046844573671719,11.282264372973158
water,10.0,0.011841702442525578,0.1,0.03026711667448816,white,8,105242,169644,0.0244013925238205,0.005865724150667662,0.020283702413345775,0.041520542439987415,0.014417978262678113,34.724927506709335
water,10.0,0.011841702442525578,1.0,0.03297781463166437,white,8,105242,169644,0.031777158226008254,0.0012006564056561142,0.020283702413345775,0.041520542439987415,0.01908304600768966,45.960493014443976
water,10.0,0.011841702442525578,0.0,0.04167131849557383,white,9,105243,169644,0.02123684002664164,0.02043447846893219,0.02043447846893219,0.04167131849557383,0.0,0.0
water,10.0,0.011841702442525578,0.001,0.041061993012130676,white,9,105243,169644,0.021266777844560204,0.019795215167570473,0.02043447846893219,0.04167131849557383,0.0006392633013617179,1.5340606547633426
water,10.0,0.011841702442525578,0.01,0.03727907886076869,white,9,105243,169644,0.021578320584141282,0.01570075827662741,0.02043447846893219,0.04167131849557383,0.00473372019230478,11.359660224832046
water,10.0,0.011841702442525578,0.1,0.03033749797958971,white,9,105243,169644,0.0244013925238205,0.005936105455769211,0.02043447846893219,0.04167131849557383,0.01449837301316298,34.79221089369405
water,10.0,0.011841702442525578,1.0,0.03302611260472652,white,9,105243,169644,0.031777158226008254,0.0012489543787182686,0.02043447846893219,0.04167131849557383,0.019185524090213922,46.0401177185016
water,10.0,0.011841702442525578,0.0,0.024711727415480816,correlated,0,105334,169644,0.02123684002664164,0.0034748873888391756,0.0034748873888391756,0.024711727415480816,0.0,0.0
water,10.0,0.011841702442525578,0.001,0.024736494090989318,correlated,0,105334,169644,0.021266777844560204,0.0034697162464291144,0.0034748873888391756,0.024711727415480816,5.171142410061169e-06,0.020925863753343585
water,10.0,0.011841702442525578,0.01,0.024996381420509382,correlated,0,105334,169644,0.021578320584141282,0.0034180608363681003,0.0034748873888391756,0.024711727415480816,5.682655247107524e-05,0.2299578314200564
water,10.0,0.011841702442525578,0.1,0.02740142226870557,correlated,0,105334,169644,0.0244013925238205,0.0030000297448850716,0.0034748873888391756,0.024711727415480816,0.000474857643954104,1.9215882239645719
water,10.0,0.011841702442525578,1.0,0.03391016140160984,correlated,0,105334,169644,0.031777158226008254,0.0021330031756015833,0.0034748873888391756,0.024711727415480816,0.0013418842132375923,5.4301514041343815
water,10.0,0.011841702442525578,0.0,0.024730942264530098,correlated,1,105335,169644,0.02123684002664164,0.003494102237888458,0.003494102237888458,0.024730942264530098,0.0,0.0
water,10.0,0.011841702442525578,0.001,0.02475543759082362,correlated,1,105335,169644,0.021266777844560204,0.0034886597462634172,0.003494102237888458,0.024730942264530098,5.442491625040624e-06,0.02200681060521668
water,10.0,0.011841702442525578,0.01,0.02501338343232963,correlated,1,105335,169644,0.021578320584141282,0.0034350628481883486,0.003494102237888458,0.024730942264530098,5.90393897001093e-05,0.23872681060270584
water,10.0,0.011841702442525578,0.1,0.027415182732859925,correlated,1,105335,169644,0.0244013925238205,0.003013790209039427,0.003494102237888458,0.024730942264530098,0.0004803120288490309,1.9421501360985733
water,10.0,0.011841702442525578,1.0,0.03392090978668914,correlated,1,105335,169644,0.031777158226008254,0.002143751560680883,0.003494102237888458,0.024730942264530098,0.001350350677207575,5.460166712468092
water,10.0,0.011841702442525578,0.0,0.02474173785812244,correlated,2,105336,169644,0.02123684002664164,0.0035048978314808008,0.0035048978314808008,0.02474173785812244,0.0,0.0
water,10.0,0.011841702442525578,0.001,0.024764035177407717,correlated,2,105336,169644,0.021266777844560204,0.0034972573328475136,0.0035048978314808008,0.02474173785812244,7.640498633287168e-06,0.030881010368392036
water,10.0,0.011841702442525578,0.01,0.025013355875121216,correlated,2,105336,169644,0.021578320584141282,0.003435035290979934,0.0035048978314808008,0.02474173785812244,6.986254050086668e-05,0.2823671518204675
water,10.0,0.011841702442525578,0.1,0.027409286768103575,correlated,2,105336,169644,0.0244013925238205,0.003007894244283077,0.0035048978314808008,0.02474173785812244,0.0004970035871977238,2.0087658758964784
water,10.0,0.011841702442525578,1.0,0.03391483282902273,correlated,2,105336,169644,0.031777158226008254,0.0021376746030144778,0.0035048978314808008,0.02474173785812244,0.001367223228466323,5.525978960356168
water,10.0,0.011841702442525578,0.0,0.024719111349337713,correlated,3,105337,169644,0.02123684002664164,0.0034822713226960733,0.0034822713226960733,0.024719111349337713,0.0,0.0
water,10.0,0.011841702442525578,0.001,0.02474367029719931,correlated,3,105337,169644,0.021266777844560204,0.0034768924526391055,0.0034822713226960733,0.024719111349337713,5.378870056967772e-06,0.021759965319756065
water,10.0,0.011841702442525578,0.01,0.025002531656264114,correlated,3,105337,169644,0.021578320584141282,0.003424211072122832,0.0034822713226960733,0.024719111349337713,5.806025057324138e-05,0.23488000742711554
water,10.0,0.011841702442525578,0.1,0.027404458026700364,correlated,3,105337,169644,0.0244013925238205,0.0030030655028798654,0.0034822713226960733,0.024719111349337713,0.0004792058198162079,1.9386045600261719
water,10.0,0.011841702442525578,1.0,0.03390303300275,correlated,3,105337,169644,0.031777158226008254,0.002125874776741747,0.0034822713226960733,0.024719111349337713,0.0013563965459543262,5.487238302321363
water,10.0,0.011841702442525578,0.0,0.024724190160515122,correlated,4,105338,169644,0.02123684002664164,0.003487350133873482,0.003487350133873482,0.024724190160515122,0.0,0.0
water,10.0,0.011841702442525578,0.001,0.02474788673912484,correlated,4,105338,169644,0.021266777844560204,0.0034811088945646378,0.003487350133873482,0.024724190160515122,6.241239308844154e-06,0.025243452943552833
water,10.0,0.011841702442525578,0.01,0.025003027813432135,correlated,4,105338,169644,0.021578320584141282,0.0034247072292908527,0.003487350133873482,0.024724190160515122,6.26429045826292e-05,0.25336686126395674
water,10.0,0.011841702442525578,0.1,0.027401143440211072,correlated,4,105338,169644,0.0244013925238205,0.0029997509163905735,0.003487350133873482,0.024724190160515122,0.00048759921748290844,1.972154454068272
water,10.0,0.011841702442525578,1.0,0.033896777860027864,correlated,4,105338,169644,0.031777158226008254,0.002119619634019611,0.003487350133873482,0.024724190160515122,0.0013677304998538711,5.531952678628706
water,10.0,0.011841702442525578,0.0,0.024713904967381437,correlated,5,105339,169644,0.02123684002664164,0.003477064940739797,0.003477064940739797,0.024713904967381437,0.0,0.0
water,10.0,0.011841702442525578,0.001,0.024738735813933408,correlated,5,105339,169644,0.021266777844560204,0.0034719579693732044,0.003477064940739797,0.024713904967381437,5.1069713665925776e-06,0.020664364346035143
water,10.0,0.011841702442525578,0.01,0.02499802850521791,correlated,5,105339,169644,0.021578320584141282,0.003419707921076629,0.003477064940739797,0.024713904967381437,5.735701966316786e-05,0.2320840018559201
water,10.0,0.011841702442525578,0.1,0.02740027575134887,correlated,5,105339,169644,0.0244013925238205,0.002998883227528372,0.003477064940739797,0.024713904967381437,0.0004781817132114251,1.934869110496911
water,10.0,0.011841702442525578,1.0,0.033904004858067514,correlated,5,105339,169644,0.031777158226008254,0.0021268466320592608,0.003477064940739797,0.024713904967381437,0.0013502183086805362,5.463395244347736
water,10.0,0.011841702442525578,0.0,0.024735581811445924,correlated,6,105340,169644,0.02123684002664164,0.0034987417848042837,0.0034987417848042837,0.024735581811445924,0.0,0.0
water,10.0,0.011841702442525578,0.001,0.024759361255278816,correlated,6,105340,169644,0.021266777844560204,0.0034925834107186124,0.0034987417848042837,0.024735581811445924,6.158374085671325e-06,0.024896823258960716
water,10.0,0.011841702442525578,0.01,0.025014022317941413,correlated,6,105340,169644,0.021578320584141282,0.003435701733800131,0.0034987417848042837,0.024735581811445924,6.304005100415261e-05,0.25485574378113884
water,10.0,0.011841702442525578,0.1,0.02741091433441188,correlated,6,105340,169644,0.0244013925238205,0.0030095218105913833,0.0034987417848042837,0.024735581811445924,0.0004892199742129004,1.9777985330691639
water,10.0,0.011841702442525578,1.0,0.033906543604895575,correlated,6,105340,169644,0.031777158226008254,0.002129385378887322,0.0034987417848042837,0.024735581811445924,0.001369356405916962,5.535978156306467
water,10.0,0.011841702442525578,0.0,0.024735706205155812,correlated,7,105341,169644,0.02123684002664164,0.003498866178514172,0.003498866178514172,0.024735706205155812,0.0,0.0
water,10.0,0.011841702442525578,0.001,0.024759349792866286,correlated,7,105341,169644,0.021266777844560204,0.003492571948306083,0.003498866178514172,0.024735706205155812,6.294230208089141e-06,0.02544592887660186
water,10.0,0.011841702442525578,0.01,0.025013412795710264,correlated,7,105341,169644,0.021578320584141282,0.003435092211568982,0.003498866178514172,0.024735706205155812,6.377396694519019e-05,0.25782149260770815
water,10.0,0.011841702442525578,0.1,0.027407988647259542,correlated,7,105341,169644,0.0244013925238205,0.003006596123439044,0.003498866178514172,0.024735706205155812,0.000492270055075128,1.9901192672337011
water,10.0,0.011841702442525578,1.0,0.0338993136824792,correlated,7,105341,169644,0.031777158226008254,0.002122155456470945,0.003498866178514172,0.024735706205155812,0.001376710722043227,5.565681895737713
water,10.0,0.011841702442525578,0.0,0.024714410596539768,correlated,8,105342,169644,0.02123684002664164,0.003477570569898128,0.003477570569898128,0.024714410596539768,0.0,0.0
water,10.0,0.011841702442525578,0.001,0.024738703605448244,correlated,8,105342,169644,0.021266777844560204,0.0034719257608880408,0.003477570569898128,0.024714410596539768,5.644809010087182e-06,0.02284015225868872
water,10.0,0.011841702442525578,0.01,0.024995799341361525,correlated,8,105342,169644,0.021578320584141282,0.003417478757220243,0.003477570569898128,0.024714410596539768,6.009181267788502e-05,0.24314483423812014
water,10.0,0.011841702442525578,0.1,0.02739536995501935,correlated,8,105342,169644,0.0244013925238205,0.0029939774311988528,0.003477570569898128,0.024714410596539768,0.0004835931386992752,1.9567253558819746
water,10.0,0.011841702442525578,1.0,0.03389692445293669,correlated,8,105342,169644,0.031777158226008254,0.0021197662269284365,0.003477570569898128,0.024714410596539768,0.0013578043429696915,5.4939782507287305
water,10.0,0.011841702442525578,0.0,0.024707882626569408,correlated,9,105343,169644,0.02123684002664164,0.0034710425999277678,0.0034710425999277678,0.024707882626569408,0.0,0.0
water,10.0,0.011841702442525578,0.001,0.024732222466532918,correlated,9,105343,169644,0.021266777844560204,0.0034654446219727145,0.0034710425999277678,0.024707882626569408,5.5979779550532904e-06,0.022656647838506214
water,10.0,0.011841702442525578,0.01,0.024989434529536298,correlated,9,105343,169644,0.021578320584141282,0.003411113945395016,0.0034710425999277678,0.024707882626569408,5.9928654532751674e-05,0.2425487260017494
water,10.0,0.011841702442525578,0.1,0.027389795910182892,correlated,9,105343,169644,0.0244013925238205,0.002988403386362394,0.0034710425999277678,0.024707882626569408,0.0004826392135653737,1.9533815214354782
water,10.0,0.011841702442525578,1.0,0.03389297207934674,correlated,9,105343,169644,0.031777158226008254,0.0021158138533384843,0.0034710425999277678,0.024707882626569408,0.0013552287465892834,5.485005603563739
water,5.0,0.023683404885051156,0.0,0.0751547066593021,white,0,106234,169644,0.02123684002664164,0.05391786663266046,0.05391786663266046,0.0751547066593021,0.0,0.0
water,5.0,0.023683404885051156,0.001,0.07374301895009909,white,0,106234,169644,0.021266777844560204,0.05247624110553889,0.05391786663266046,0.0751547066593021,0.0014416255271215705,1.918210570173434
water,5.0,0.023683404885051156,0.01,0.06471513455707037,white,0,106234,169644,0.021578320584141282,0.04313681397292909,0.05391786663266046,0.0751547066593021,0.010781052659731373,14.345146350720237
water,5.0,0.023683404885051156,0.1,0.043445851177622875,white,0,106234,169644,0.0244013925238205,0.019044458653802377,0.05391786663266046,0.0751547066593021,0.03487340797885809,46.40216099431972
water,5.0,0.023683404885051156,1.0,0.03638701247889903,white,0,106234,169644,0.031777158226008254,0.004609854252890774,0.05391786663266046,0.0751547066593021,0.049308012379769686,65.60868183984415
water,5.0,0.023683404885051156,0.0,0.07530122242727738,white,1,106235,169644,0.02123684002664164,0.05406438240063574,0.05406438240063574,0.07530122242727738,0.0,0.0
water,5.0,0.023683404885051156,0.001,0.0738615805521069,white,1,106235,169644,0.021266777844560204,0.0525948027075467,0.05406438240063574,0.07530122242727738,0.0014695796930890431,1.9516013760710176
water,5.0,0.023683404885051156,0.01,0.06470556407016502,white,1,106235,169644,0.021578320584141282,0.04312724348602374,0.05406438240063574,0.07530122242727738,0.010937138914612003,14.524517082275274
water,5.0,0.023683404885051156,0.1,0.04340998334861476,white,1,106235,169644,0.0244013925238205,0.019008590824794263,0.05406438240063574,0.07530122242727738,0.035055791575841475,46.55408032677932
water,5.0,0.023683404885051156,1.0,0.036415531567897334,white,1,106235,169644,0.031777158226008254,0.004638373341889081,0.05406438240063574,0.07530122242727738,0.04942600905874666,65.63772468166786
water,5.0,0.023683404885051156,0.0,0.07493124506402328,white,2,106236,169644,0.02123684002664164,0.05369440503738164,0.05369440503738164,0.07493124506402328,0.0,0.0
water,5.0,0.023683404885051156,0.001,0.07351341282930264,white,2,106236,169644,0.021266777844560204,0.05224663498474244,0.05369440503738164,0.07493124506402328,0.0014477700526391996,1.9321313177195785
water,5.0,0.023683404885051156,0.01,0.06449032519949503,white,2,106236,169644,0.021578320584141282,0.04291200461535375,0.05369440503738164,0.07493124506402328,0.01078240042202789,14.38972542470783
water,5.0,0.023683404885051156,0.1,0.043428510730871055,white,2,106236,169644,0.0244013925238205,0.019027118207050556,0.05369440503738164,0.07493124506402328,0.03466728683033109,46.26546215895708
water,5.0,0.023683404885051156,1.0,0.036488822760178334,white,2,106236,169644,0.031777158226008254,0.0047116645341700805,0.05369440503738164,0.07493124506402328,0.04898274050321156,65.37024770022089
water,5.0,0.023683404885051156,0.0,0.07467258961657004,white,3,106237,169644,0.02123684002664164,0.0534357495899284,0.0534357495899284,0.07467258961657004,0.0,0.0
water,5.0,0.023683404885051156,0.001,0.07327895859694007,white,3,106237,169644,0.021266777844560204,0.05201218075237987,0.0534357495899284,0.07467258961657004,0.0014235688375485306,1.9064141807031116
water,5.0,0.023683404885051156,0.01,0.06436487062995523,white,3,106237,169644,0.021578320584141282,0.04278655004581395,0.0534357495899284,0.07467258961657004,0.010649199544114453,14.261189545984848
water,5.0,0.023683404885051156,0.1,0.04334865537951213,white,3,106237,169644,0.0244013925238205,0.01894726285569163,0.0534357495899284,0.07467258961657004,0.03448848673423677,46.18627385407253
water,5.0,0.023683404885051156,1.0,0.03635655430276548,white,3,106237,169644,0.031777158226008254,0.004579396076757225,0.0534357495899284,0.07467258961657004,0.04885635351317118,65.42742626717451
water,5.0,0.023683404885051156,0.0,0.07513614697303826,white,4,106238,169644,0.02123684002664164,0.05389930694639662,0.05389930694639662,0.07513614697303826,0.0,0.0
water,5.0,0.023683404885051156,0.001,0.07372599594281344,white,4,106238,169644,0.021266777844560204,0.05245921809825324,0.05389930694639662,0.07513614697303826,0.001440088848143381,1.916639202513459
water,5.0,0.023683404885051156,0.01,0.06471611090457645,white,4,106238,169644,0.021578320584141282,0.04313779032043517,0.05389930694639662,0.07513614697303826,0.010761516625961455,14.322688957983301
water,5.0,0.023683404885051156,0.1,0.043462584358494975,white,4,106238,169644,0.0244013925238205,0.019061191834674477,0.05389930694639662,0.07513614697303826,0.03483811511172215,46.36665109301307
water,5.0,0.023683404885051156,1.0,0.03634731475369193,white,4,106238,169644,0.031777158226008254,0.004570156527683673,0.05389930694639662,0.07513614697303826,0.04932915041871295,65.65302109038696
water,5.0,0.023683404885051156,0.0,0.0747717727949272,white,5,106239,169644,0.02123684002664164,0.053534932768285554,0.053534932768285554,0.0747717727949272,0.0,0.0
water,5.0,0.023683404885051156,0.001,0.07337454658239934,white,5,106239,169644,0.021266777844560204,0.052107768737839136,0.053534932768285554,0.0747717727949272,0.0014271640304464178,1.9086935846240123
water,5.0,0.023683404885051156,0.01,0.06444033616958006,white,5,106239,169644,0.021578320584141282,0.04286201558543878,0.053534932768285554,0.0747717727949272,0.010672917182846776,14.27399242240632
water,5.0,0.023683404885051156,0.1,0.04339573395498677,white,5,106239,169644,0.0244013925238205,0.01899434143116627,0.053534932768285554,0.0747717727949272,0.034540591337119286,46.19469359359987
water,5.0,0.023683404885051156,1.0,0.03642122036510235,white,5,106239,169644,0.031777158226008254,0.004644062139094095,0.053534932768285554,0.0747717727949272,0.04889087062919146,65.38680146488169
water,5.0,0.023683404885051156,0.0,0.07493994096191725,white,6,106240,169644,0.02123684002664164,0.05370310093527561,0.05370310093527561,0.07493994096191725,0.0,0.0
water,5.0,0.023683404885051156,0.001,0.07353936288073395,white,6,106240,169644,0.021266777844560204,0.052272585036173755,0.05370310093527561,0.07493994096191725,0.0014305158991018557,1.9088831412728373
water,5.0,0.023683404885051156,0.01,0.06458270218560519,white,6,106240,169644,0.021578320584141282,0.04300438160146391,0.05370310093527561,0.07493994096191725,0.010698719333811703,14.27639146292969
water,5.0,0.023683404885051156,0.1,0.04345176944932036,white,6,106240,169644,0.0244013925238205,0.01905037692549986,0.05370310093527561,0.07493994096191725,0.034652724009775746,46.24066094125355
water,5.0,0.023683404885051156,1.0,0.036336141982481744,white,6,106240,169644,0.031777158226008254,0.004558983756473491,0.05370310093527561,0.07493994096191725,0.04914411717880212,65.57800359594094
water,5.0,0.023683404885051156,0.0,0.07478829533441984,white,7,106241,169644,0.02123684002664164,0.053551455307778204,0.053551455307778204,0.07478829533441984,0.0,0.0
water,5.0,0.023683404885051156,0.001,0.07338770050090042,white,7,106241,169644,0.021266777844560204,0.05212092265634022,0.053551455307778204,0.07478829533441984,0.0014305326514379851,1.9127761169595887
water,5.0,0.023683404885051156,0.01,0.06443087695238248,white,7,106241,169644,0.021578320584141282,0.042852556368241194,0.053551455307778204,0.07478829533441984,0.010698898939537009,14.305579357968133
water,5.0,0.023683404885051156,0.1,0.04336655195503037,white,7,106241,169644,0.0244013925238205,0.018965159431209872,0.053551455307778204,0.07478829533441984,0.034586295876568335,46.245599959076316
water,5.0,0.023683404885051156,1.0,0.03635353349290856,white,7,106241,169644,0.031777158226008254,0.004576375266900308,0.053551455307778204,0.07478829533441984,0.048975080040877896,65.48495298881092
water,5.0,0.023683404885051156,0.0,0.07476911062501525,white,8,106242,169644,0.02123684002664164,0.05353227059837361,0.05353227059837361,0.07476911062501525,0.0,0.0
water,5.0,0.023683404885051156,0.001,0.07337550584142734,white,8,106242,169644,0.021266777844560204,0.05210872799686714,0.05353227059837361,0.07476911062501525,0.0014235426015064695,1.9039180613580813
water,5.0,0.023683404885051156,0.01,0.06446673297508833,white,8,106242,169644,0.021578320584141282,0.042888412390947046,0.05353227059837361,0.07476911062501525,0.010643858207426561,14.235635703637062
water,5.0,0.023683404885051156,0.1,0.04344067081041488,white,8,106242,169644,0.0244013925238205,0.019039278286594383,0.05353227059837361,0.07476911062501525,0.03449299231177923,46.13267701520449
water,5.0,0.023683404885051156,1.0,0.03642584993203784,white,8,106242,169644,0.031777158226008254,0.004648691706029585,0.05353227059837361,0.07476911062501525,0.04888357889234402,65.37937723708755
water,5.0,0.023683404885051156,0.0,0.07499083042941003,white,9,106243,169644,0.02123684002664164,0.05375399040276839,0.05375399040276839,0.07499083042941003,0.0,0.0
water,5.0,0.023683404885051156,0.001,0.07358672192141875,white,9,106243,169644,0.021266777844560204,0.052319944076858554,0.05375399040276839,0.07499083042941003,0.0014340463259098352,1.9122955669356456
water,5.0,0.023683404885051156,0.01,0.06461865763841289,white,9,106243,169644,0.021578320584141282,0.043040337054271606,0.05375399040276839,0.07499083042941003,0.010713653348496784,14.286617826671092
water,5.0,0.023683404885051156,0.1,0.043508839640937914,white,9,106243,169644,0.0244013925238205,0.019107447117117416,0.05375399040276839,0.07499083042941003,0.03464654328565098,46.201039630124214
water,5.0,0.023683404885051156,1.0,0.03643668869006112,white,9,106243,169644,0.031777158226008254,0.004659530464052868,0.05375399040276839,0.07499083042941003,0.04909445993871552,65.4672840100482
water,5.0,0.023683404885051156,0.0,0.03307752055044532,correlated,0,106334,169644,0.02123684002664164,0.01184068052380368,0.01184068052380368,0.03307752055044532,0.0,0.0
water,5.0,0.023683404885051156,0.001,0.03308925809653214,correlated,0,106334,169644,0.021266777844560204,0.011822480251971936,0.01184068052380368,0.03307752055044532,1.820027183174408e-05,0.05502308374047417
water,5.0,0.023683404885051156,0.01,0.03324294848419209,correlated,0,106334,169644,0.021578320584141282,0.011664627900050809,0.01184068052380368,0.03307752055044532,0.00017605262375287173,0.5322425043448474
water,5.0,0.023683404885051156,0.1,0.03489161805408104,correlated,0,106334,169644,0.0244013925238205,0.01049022553026054,0.01184068052380368,0.03307752055044532,0.001350454993543141,4.082697164328297
water,5.0,0.023683404885051156,1.0,0.039569695032937766,correlated,0,106334,169644,0.031777158226008254,0.007792536806929512,0.01184068052380368,0.03307752055044532,0.004048143716874168,12.238352964517071
water,5.0,0.023683404885051156,0.0,0.033033285549480006,correlated,1,106335,169644,0.02123684002664164,0.011796445522838366,0.011796445522838366,0.033033285549480006,0.0,0.0
water,5.0,0.023683404885051156,0.001,0.03304893230302885,correlated,1,106335,169644,0.021266777844560204,0.011782154458468645,0.011796445522838366,0.033033285549480006,1.4291064369720968e-05,0.04326261869505721
water,5.0,0.023683404885051156,0.01,0.03322075466533886,correlated,1,106335,169644,0.021578320584141282,0.011642434081197577,0.011796445522838366,0.033033285549480006,0.00015401144164078895,0.4662310729282371
water,5.0,0.023683404885051156,0.1,0.03489886468475359,correlated,1,106335,169644,0.0244013925238205,0.01049747216093309,0.011796445522838366,0.033033285549480006,0.001298973361905275,3.9323165719000754
water,5.0,0.023683404885051156,1.0,0.03963149065424933,correlated,1,106335,169644,0.031777158226008254,0.007854332428241073,0.011796445522838366,0.033033285549480006,0.003942113094597292,11.93376023312143
water,5.0,0.023683404885051156,0.0,0.03302557214687321,correlated,2,106336,169644,0.02123684002664164,0.011788732120231571,0.011788732120231571,0.03302557214687321,0.0,0.0
water,5.0,0.023683404885051156,0.001,0.033041990973571585,correlated,2,106336,169644,0.021266777844560204,0.011775213129011381,0.011788732120231571,0.03302557214687321,1.3518991220189819e-05,0.04093491903809384
water,5.0,0.023683404885051156,0.01,0.03321590510220241,correlated,2,106336,169644,0.021578320584141282,0.011637584518061128,0.011788732120231571,0.03302557214687321,0.00015114760217044276,0.45766838345222455
water,5.0,0.023683404885051156,0.1,0.034889144077837435,correlated,2,106336,169644,0.0244013925238205,0.010487751554016937,0.011788732120231571,0.03302557214687321,0.0013009805662146344,3.939312725390008
water,5.0,0.023683404885051156,1.0,0.03960845347272133,correlated,2,106336,169644,0.031777158226008254,0.007831295246713076,0.011788732120231571,0.03302557214687321,0.003957436873518495,11.982947202000789
water,5.0,0.023683404885051156,0.0,0.03304451789007637,correlated,3,106337,169644,0.02123684002664164,0.011807677863434729,0.011807677863434729,0.03304451789007637,0.0,0.0
water,5.0,0.023683404885051156,0.001,0.03306093251926175,correlated,3,106337,169644,0.021266777844560204,0.01179415467470155,0.011807677863434729,0.03304451789007637,1.3523188733179786e-05,0.04092415201264276
water,5.0,0.023683404885051156,0.01,0.03323484458291969,correlated,3,106337,169644,0.021578320584141282,0.01165652399877841,0.011807677863434729,0.03304451789007637,0.00015115386465631986,0.45742493553435387
water,5.0,0.023683404885051156,0.1,0.0349062207355729,correlated,3,106337,169644,0.0244013925238205,0.010504828211752405,0.011807677863434729,0.03304451789007637,0.0013028496516823244,3.9427104248162888
water,5.0,0.023683404885051156,1.0,0.03961332968253434,correlated,3,106337,169644,0.031777158226008254,0.007836171456526084,0.011807677863434729,0.03304451789007637,0.003971506406908645,12.018654410755778
water,5.0,0.023683404885051156,0.0,0.0330346491628674,correlated,4,106338,169644,0.02123684002664164,0.01179780913622576,0.01179780913622576,0.0330346491628674,0.0,0.0
water,5.0,0.023683404885051156,0.001,0.03304891555256641,correlated,4,106338,169644,0.021266777844560204,0.011782137708006204,0.01179780913622576,0.0330346491628674,1.567142821955539e-05,0.047439366291714274
water,5.0,0.023683404885051156,0.01,0.0332220105974613,correlated,4,106338,169644,0.021578320584141282,0.011643690013320017,0.01179780913622576,0.0330346491628674,0.0001541191229057423,0.4665377923219476
water,5.0,0.023683404885051156,0.1,0.034905590732794006,correlated,4,106338,169644,0.0244013925238205,0.010504198208973508,0.01179780913622576,0.0330346491628674,0.0012936109272522513,3.9159214946539667
water,5.0,0.023683404885051156,1.0,0.039618913892154904,correlated,4,106338,169644,0.031777158226008254,0.00784175566614665,0.01179780913622576,0.0330346491628674,0.003956053470079109,11.975466881984964
water,5.0,0.023683404885051156,0.0,0.0330280599191367,correlated,5,106339,169644,0.02123684002664164,0.011791219892495063,0.011791219892495063,0.0330280599191367,0.0,0.0
water,5.0,0.023683404885051156,0.001,0.033042600893836004,correlated,5,106339,169644,0.021266777844560204,0.0117758230492758,0.011791219892495063,0.0330280599191367,1.539684321926263e-05,0.04661746180962202
water,5.0,0.023683404885051156,0.01,0.033214342705194425,correlated,5,106339,169644,0.021578320584141282,0.011636022121053143,0.011791219892495063,0.0330280599191367,0.00015519777144192004,0.469896723640123
water,5.0,0.023683404885051156,0.1,0.03489074507370628,correlated,5,106339,169644,0.0244013925238205,0.01048935254988578,0.011791219892495063,0.0330280599191367,0.001301867342609283,3.9417009227810302
water,5.0,0.023683404885051156,1.0,0.039589028675501604,correlated,5,106339,169644,0.031777158226008254,0.007811870449493351,0.011791219892495063,0.0330280599191367,0.003979349443001712,12.048389922824523
water,5.0,0.023683404885051156,0.0,0.033161021576713995,correlated,6,106340,169644,0.02123684002664164,0.011924181550072355,0.011924181550072355,0.033161021576713995,0.0,0.0
water,5.0,0.023683404885051156,0.001,0.03316881076503888,correlated,6,106340,169644,0.021266777844560204,0.011902032920478676,0.011924181550072355,0.033161021576713995,2.2148629593678887e-05,0.06679115582262966
water,5.0,0.023683404885051156,0.01,0.03330654189968837,correlated,6,106340,169644,0.021578320584141282,0.011728221315547085,0.011924181550072355,0.033161021576713995,0.00019596023452526923,0.5909354573770866
water,5.0,0.023683404885051156,0.1,0.03494674154079305,correlated,6,106340,169644,0.0244013925238205,0.010545349016972554,0.011924181550072355,0.033161021576713995,0.0013788325330998004,4.157991725043931
water,5.0,0.023683404885051156,1.0,0.03962882425684421,correlated,6,106340,169644,0.031777158226008254,0.007851666030835959,0.011924181550072355,0.033161021576713995,0.004072515519236396,12.281031541248288
water,5.0,0.023683404885051156,0.0,0.03303038448736412,correlated,7,106341,169644,0.02123684002664164,0.011793544460722477,0.011793544460722477,0.03303038448736412,0.0,0.0
water,5.0,0.023683404885051156,0.001,0.033045074530138295,correlated,7,106341,169644,0.021266777844560204,0.011778296685578091,0.011793544460722477,0.03303038448736412,1.5247775144385661e-05,0.046162875125534034
water,5.0,0.023683404885051156,0.01,0.03321177596990287,correlated,7,106341,169644,0.021578320584141282,0.01163345538576159,0.011793544460722477,0.03303038448736412,0.00016008907496088687,0.4846721509467426
water,5.0,0.023683404885051156,0.1,0.03487414657260587,correlated,7,106341,169644,0.0244013925238205,0.010472754048785369,0.011793544460722477,0.03303038448736412,0.0013207904119371082,3.998713404145753
water,5.0,0.023683404885051156,1.0,0.039560894569981825,correlated,7,106341,169644,0.031777158226008254,0.007783736343973571,0.011793544460722477,0.03303038448736412,0.004009808116748906,12.13975610330201
water,5.0,0.023683404885051156,0.0,0.033030581555333144,correlated,8,106342,169644,0.02123684002664164,0.011793741528691504,0.011793741528691504,0.033030581555333144,0.0,0.0
water,5.0,0.023683404885051156,0.001,0.033046489085516634,correlated,8,106342,169644,0.021266777844560204,0.01177971124095643,0.011793741528691504,0.033030581555333144,1.403028773507356e-05,0.04247665973295047
water,5.0,0.023683404885051156,0.01,0.03321940395728117,correlated,8,106342,169644,0.021578320584141282,0.01164108337313989,0.011793741528691504,0.033030581555333144,0.00015265815555161322,0.46217217004150785
water,5.0,0.023683404885051156,0.1,0.03489183453374733,correlated,8,106342,169644,0.0244013925238205,0.01049044200992683,0.011793741528691504,0.033030581555333144,0.0013032995187646744,3.9457359131911582
water,5.0,0.023683404885051156,1.0,0.03960125448664063,correlated,8,106342,169644,0.031777158226008254,0.00782409626063238,0.011793741528691504,0.033030581555333144,0.003969645268059124,12.01809075450015
water,5.0,0.023683404885051156,0.0,0.03305098451276869,correlated,9,106343,169644,0.02123684002664164,0.011814144486127047,0.011814144486127047,0.03305098451276869,0.0,0.0
water,5.0,0.023683404885051156,0.001,0.03306709443184838,correlated,9,106343,169644,0.021266777844560204,0.011800316587288178,0.011814144486127047,0.03305098451276869,1.3827898838868896e-05,0.041838084531269325
water,5.0,0.023683404885051156,0.01,0.033241505162557354,correlated,9,106343,169644,0.021578320584141282,0.011663184578416072,0.011814144486127047,0.03305098451276869,0.00015095990771097495,0.45674859595378814
water,5.0,0.023683404885051156,0.1,0.03491413339011252,correlated,9,106343,169644,0.0244013925238205,0.01051274086629202,0.011814144486127047,0.03305098451276869,0.0013014036198350266,3.937563854814223
water,5.0,0.023683404885051156,1.0,0.039611537647874374,correlated,9,106343,169644,0.031777158226008254,0.00783437942186612,0.011814144486127047,0.03305098451276869,0.003979765064260926,12.041290518058279
forest,inf,0.0,0.0,0.024136270003896416,none,0,201234,169683,0.024136270003896416,0.0,0.0,0.024136270003896416,0.0,0.0
forest,inf,0.0,0.001,0.02416088958614215,none,0,201234,169683,0.02416088958614215,0.0,0.0,0.024136270003896416,0.0,0.0
forest,inf,0.0,0.01,0.024433052852619905,none,0,201234,169683,0.024433052852619905,0.0,0.0,0.024136270003896416,0.0,0.0
forest,inf,0.0,0.1,0.027028962701702075,none,0,201234,169683,0.027028962701702075,0.0,0.0,0.024136270003896416,0.0,0.0
forest,inf,0.0,1.0,0.03362216779089468,none,0,201234,169683,0.03362216779089468,0.0,0.0,0.024136270003896416,0.0,0.0
forest,100.0,0.0011270532394166124,0.0,0.024369226171493646,white,0,202234,169683,0.024136270003896416,0.00023295616759723067,0.00023295616759723067,0.024369226171493646,0.0,0.0
forest,100.0,0.0011270532394166124,0.001,0.024384796632568668,white,0,202234,169683,0.02416088958614215,0.00022390704642651776,0.00023295616759723067,0.024369226171493646,9.04912117071291e-06,0.0371333956483948
forest,100.0,0.0011270532394166124,0.01,0.024600502324041307,white,0,202234,169683,0.024433052852619905,0.00016744947142140199,0.00023295616759723067,0.024369226171493646,6.550669617582869e-05,0.2688090943669617
forest,100.0,0.0011270532394166124,0.1,0.027080870316190105,white,0,202234,169683,0.027028962701702075,5.1907614488030246e-05,0.00023295616759723067,0.024369226171493646,0.00018104855310920043,0.7429392785602086
forest,100.0,0.0011270532394166124,1.0,0.03363093090416103,white,0,202234,169683,0.03362216779089468,8.763113266349598e-06,0.00023295616759723067,0.024369226171493646,0.00022419305433088108,0.9199842980370672
forest,100.0,0.0011270532394166124,0.0,0.024372833814565335,white,1,202235,169683,0.024136270003896416,0.00023656381066891954,0.00023656381066891954,0.024372833814565335,0.0,0.0
forest,100.0,0.0011270532394166124,0.001,0.024388482116442855,white,1,202235,169683,0.02416088958614215,0.0002275925303007048,0.00023656381066891954,0.024372833814565335,8.971280368214735e-06,0.03680852393476482
forest,100.0,0.0011270532394166124,0.01,0.024604397483526146,white,1,202235,169683,0.024433052852619905,0.0001713446309062408,0.00023656381066891954,0.024372833814565335,6.521917976267874e-05,0.2675896461563834
forest,100.0,0.0011270532394166124,0.1,0.027085058054869843,white,1,202235,169683,0.027028962701702075,5.60953531677684e-05,0.00023656381066891954,0.024372833814565335,0.00018046845750115115,0.7404492184790684
forest,100.0,0.0011270532394166124,1.0,0.0336361237696015,white,1,202235,169683,0.03362216779089468,1.3955978706819971e-05,0.00023656381066891954,0.024372833814565335,0.00022260783196209957,0.9133440684647345
forest,100.0,0.0011270532394166124,0.0,0.024373657266203722,white,2,202236,169683,0.024136270003896416,0.00023738726230730645,0.00023738726230730645,0.024373657266203722,0.0,0.0
forest,100.0,0.0011270532394166124,0.001,0.024389197591668233,white,2,202236,169683,0.02416088958614215,0.00022830800552608305,0.00023738726230730645,0.024373657266203722,9.0792567812234e-06,0.03725028493697829
forest,100.0,0.0011270532394166124,0.01,0.024604614450025958,white,2,202236,169683,0.024433052852619905,0.00017156159740605234,0.00023738726230730645,0.024373657266203722,6.58256649012541e-05,0.2700688870050181
forest,100.0,0.0011270532394166124,0.1,0.02708320321814147,white,2,202236,169683,0.027028962701702075,5.424051643939526e-05,0.00023738726230730645,0.024373657266203722,0.0001831467458679112,0.751412657803557
forest,100.0,0.0011270532394166124,1.0,0.033631843970036594,white,2,202236,169683,0.03362216779089468,9.676179141916708e-06,0.00023738726230730645,0.024373657266203722,0.00022771108316538974,0.93425078016967
forest,100.0,0.0011270532394166124,0.0,0.02437081081138033,white,3,202237,169683,0.024136270003896416,0.0002345408074839149,0.0002345408074839149,0.02437081081138033,0.0,0.0
forest,100.0,0.0011270532394166124,0.001,0.024385874233765554,white,3,202237,169683,0.02416088958614215,0.0002249846476234038,0.0002345408074839149,0.02437081081138033,9.556159860511088e-06,0.03921149745271786
forest,100.0,0.0011270532394166124,0.01,0.024598566128320693,white,3,202237,169683,0.024433052852619905,0.00016551327570078767,0.0002345408074839149,0.02437081081138033,6.902753178312723e-05,0.28323855253471397
forest,100.0,0.0011270532394166124,0.1,0.02707399701464265,white,3,202237,169683,0.027028962701702075,4.503431294057558e-05,0.0002345408074839149,0.02437081081138033,0.00018950649454333932,0.7775961826220664
forest,100.0,0.0011270532394166124,1.0,0.033626247754715594,white,3,202237,169683,0.03362216779089468,4.079963820916022e-06,0.0002345408074839149,0.02437081081138033,0.00023046084366299888,0.9456429063713448
forest,100.0,0.0011270532394166124,0.0,0.024359828765346418,white,4,202238,169683,0.024136270003896416,0.00022355876145000245,0.00022355876145000245,0.024359828765346418,0.0,0.0
forest,100.0,0.0011270532394166124,0.001,0.02437600077512358,white,4,202238,169683,0.02416088958614215,0.0002151111889814282,0.00022355876145000245,0.024359828765346418,8.44757246857425e-06,0.034678291665955874
forest,100.0,0.0011270532394166124,0.01,0.024595216024814927,white,4,202238,169683,0.024433052852619905,0.00016216317219502202,0.00022355876145000245,0.024359828765346418,6.139558925498043e-05,0.2520362102968474
forest,100.0,0.0011270532394166124,0.1,0.027083022323696217,white,4,202238,169683,0.027028962701702075,5.4059621994142354e-05,0.00022355876145000245,0.024359828765346418,0.0001694991394558601,0.6958141663827483
forest,100.0,0.0011270532394166124,1.0,0.033636391891083535,white,4,202238,169683,0.03362216779089468,1.4224100188857391e-05,0.00022355876145000245,0.024359828765346418,0.00020933466126114506,0.8593437305230094
forest,100.0,0.0011270532394166124,0.0,0.024361779029932605,white,5,202239,169683,0.024136270003896416,0.0002255090260361893,0.0002255090260361893,0.024361779029932605,0.0,0.0
forest,100.0,0.0011270532394166124,0.001,0.02437754687634915,white,5,202239,169683,0.02416088958614215,0.00021665729020699936,0.0002255090260361893,0.024361779029932605,8.851735829189938e-06,0.03633452145803502
forest,100.0,0.0011270532394166124,0.01,0.02459531292427207,white,5,202239,169683,0.024433052852619905,0.00016226007165216424,0.0002255090260361893,0.024361779029932605,6.324895438402506e-05,0.2596237093617544
forest,100.0,0.0011270532394166124,0.1,0.02707998512222524,white,5,202239,169683,0.027028962701702075,5.102242052316616e-05,0.0002255090260361893,0.024361779029932605,0.00017448660551302314,0.716230966952933
forest,100.0,0.0011270532394166124,1.0,0.033630711276747445,white,5,202239,169683,0.03362216779089468,8.543485852767485e-06,0.0002255090260361893,0.024361779029932605,0.00021696554018342182,0.890598095963528
forest,100.0,0.0011270532394166124,0.0,0.02437666164077636,white,6,202240,169683,0.024136270003896416,0.00024039163687994414,0.00024039163687994414,0.02437666164077636,0.0,0.0
forest,100.0,0.0011270532394166124,0.001,0.024392063932560458,white,6,202240,169683,0.02416088958614215,0.0002311743464183079,0.00024039163687994414,0.02437666164077636,9.217290461636246e-06,0.03781194733497843
forest,100.0,0.0011270532394166124,0.01,0.02460722959172516,white,6,202240,169683,0.024433052852619905,0.00017417673910525427,0.00024039163687994414,0.02437666164077636,6.621489777468986e-05,0.27163234552153803
forest,100.0,0.0011270532394166124,0.1,0.027086481863260906,white,6,202240,169683,0.027028962701702075,5.751916155883122e-05,0.00024039163687994414,0.02437666164077636,0.00018287247532111292,0.7501949119038135
forest,100.0,0.0011270532394166124,1.0,0.03363402933021989,white,6,202240,169683,0.03362216779089468,1.186153932521139e-05,0.00024039163687994414,0.02437666164077636,0.00022853009755473275,0.937495465631997
forest,100.0,0.0011270532394166124,0.0,0.02437882445437141,white,7,202241,169683,0.024136270003896416,0.0002425544504749931,0.0002425544504749931,0.02437882445437141,0.0,0.0
forest,100.0,0.0011270532394166124,0.001,0.024394171690379884,white,7,202241,169683,0.02416088958614215,0.00023328210423773435,0.0002425544504749931,0.02437882445437141,9.272346237258755e-06,0.03803442719157082
forest,100.0,0.0011270532394166124,0.01,0.024608480272922496,white,7,202241,169683,0.024433052852619905,0.00017542742030259018,0.0002425544504749931,0.02437882445437141,6.712703017240293e-05,0.27534974173197374
forest,100.0,0.0011270532394166124,0.1,0.027082328275416886,white,7,202241,169683,0.027028962701702075,5.336557371481143e-05,0.0002425544504749931,0.02437882445437141,0.00018918887676018167,0.7760377335432098
forest,100.0,0.0011270532394166124,1.0,0.033630884815712754,white,7,202241,169683,0.03362216779089468,8.717024818076513e-06,0.0002425544504749931,0.02437882445437141,0.0002338374256569166,0.9591825319328997
forest,100.0,0.0011270532394166124,0.0,0.02436523171963004,white,8,202242,169683,0.024136270003896416,0.0002289617157336249,0.0002289617157336249,0.02436523171963004,0.0,0.0
forest,100.0,0.0011270532394166124,0.001,0.024380958322236256,white,8,202242,169683,0.02416088958614215,0.00022006873609410615,0.0002289617157336249,0.02436523171963004,8.892979639518739e-06,0.03649864586493565
forest,100.0,0.0011270532394166124,0.01,0.02459792395553877,white,8,202242,169683,0.024433052852619905,0.00016487110291886486,0.0002289617157336249,0.02436523171963004,6.409061281476003e-05,0.2630412612211068
forest,100.0,0.0011270532394166124,0.1,0.027082771194397816,white,8,202242,169683,0.027028962701702075,5.3808492695740784e-05,0.0002289617157336249,0.02436523171963004,0.0001751532230378841,0.7188654105709593
forest,100.0,0.0011270532394166124,1.0,0.03363567399831406,white,8,202242,169683,0.03362216779089468,1.3506207419383687e-05,0.0002289617157336249,0.02436523171963004,0.0002154555083142412,0.8842744070464054
forest,100.0,0.0011270532394166124,0.0,0.024371844495945753,white,9,202243,169683,0.024136270003896416,0.00023557449204933759,0.00023557449204933759,0.024371844495945753,0.0,0.0
forest,100.0,0.0011270532394166124,0.001,0.0243876036380466,white,9,202243,169683,0.02416088958614215,0.00022671405190444888,0.00023557449204933759,0.024371844495945753,8.86044014488871e-06,0.03635523009496733
forest,100.0,0.0011270532394166124,0.01,0.024604635902772894,white,9,202243,169683,0.024433052852619905,0.00017158305015298886,0.00023557449204933759,0.024371844495945753,6.399144189634873e-05,0.2625629829001809
forest,100.0,0.0011270532394166124,0.1,0.02708714856081823,white,9,202243,169683,0.027028962701702075,5.818585911615548e-05,0.00023557449204933759,0.024371844495945753,0.0001773886329331821,0.7278424616679736
forest,100.0,0.0011270532394166124,1.0,0.033635283624935335,white,9,202243,169683,0.03362216779089468,1.3115834040657026e-05,0.00023557449204933759,0.024371844495945753,0.00022245865800868056,0.9127690686098316
forest,100.0,0.0011270532394166124,0.0,0.02416604052348842,correlated,0,202334,169683,0.024136270003896416,2.9770519592003247e-05,2.9770519592003247e-05,0.02416604052348842,0.0,0.0
forest,100.0,0.0011270532394166124,0.001,0.024190690068733558,correlated,0,202334,169683,0.02416088958614215,2.9800482591407773e-05,2.9770519592003247e-05,0.02416604052348842,-2.996299940452585e-08,-0.0001239880375744757
forest,100.0,0.0011270532394166124,0.01,0.02446274420843146,correlated,0,202334,169683,0.024433052852619905,2.969135581155566e-05,2.9770519592003247e-05,0.02416604052348842,7.916378044758865e-08,0.00032758275138471544
forest,100.0,0.0011270532394166124,0.1,0.02705553587213291,correlated,0,202334,169683,0.027028962701702075,2.6573170430834597e-05,2.9770519592003247e-05,0.02416604052348842,3.19734916116865e-06,0.01323075312259348
forest,100.0,0.0011270532394166124,1.0,0.03364218353270003,correlated,0,202334,169683,0.03362216779089468,2.0015741805351484e-05,2.9770519592003247e-05,0.02416604052348842,9.754777786651764e-06,0.04036564358638111
forest,100.0,0.0011270532394166124,0.0,0.02416660185604842,correlated,1,202335,169683,0.024136270003896416,3.0331852152003236e-05,3.0331852152003236e-05,0.02416660185604842,0.0,0.0
forest,100.0,0.0011270532394166124,0.001,0.02419113566667374,correlated,1,202335,169683,0.02416088958614215,3.0246080531589475e-05,3.0331852152003236e-05,0.02416660185604842,8.577162041376041e-08,0.0003549180018137034
forest,100.0,0.0011270532394166124,0.01,0.024462698249343752,correlated,1,202335,169683,0.024433052852619905,2.96453967238465e-05,3.0331852152003236e-05,0.02416660185604842,6.864554281567348e-07,0.0028405128376993087
forest,100.0,0.0011270532394166124,0.1,0.027055288198866337,correlated,1,202335,169683,0.027028962701702075,2.6325497164261802e-05,3.0331852152003236e-05,0.02416660185604842,4.006354987741434e-06,0.01657806509829483
forest,100.0,0.0011270532394166124,1.0,0.03364206701555487,correlated,1,202335,169683,0.03362216779089468,1.9899224660190062e-05,3.0331852152003236e-05,0.02416660185604842,1.0432627491813173e-05,0.04316960884263542
forest,100.0,0.0011270532394166124,0.0,0.024165704382975373,correlated,2,202336,169683,0.024136270003896416,2.9434379078957518e-05,2.9434379078957518e-05,0.024165704382975373,0.0,0.0
forest,100.0,0.0011270532394166124,0.001,0.02419034629032451,correlated,2,202336,169683,0.02416088958614215,2.9456704182358878e-05,2.9434379078957518e-05,0.024165704382975373,-2.2325103401360513e-08,-9.2383416794126e-05
forest,100.0,0.0011270532394166124,0.01,0.02446236592334679,correlated,2,202336,169683,0.024433052852619905,2.9313070726885715e-05,2.9434379078957518e-05,0.024165704382975373,1.213083520718028e-07,0.0005019855831608367
forest,100.0,0.0011270532394166124,0.1,0.027054860931653203,correlated,2,202336,169683,0.027028962701702075,2.5898229951127477e-05,2.9434379078957518e-05,0.024165704382975373,3.5361491278300405e-06,0.014632923881669434
forest,100.0,0.0011270532394166124,1.0,0.03364009381894206,correlated,2,202336,169683,0.03362216779089468,1.79260280473853e-05,2.9434379078957518e-05,0.024165704382975373,1.1508351031572217e-05,0.04762265915857101
forest,100.0,0.0011270532394166124,0.0,0.02416782292585505,correlated,3,202337,169683,0.024136270003896416,3.15529219586351e-05,3.15529219586351e-05,0.02416782292585505,0.0,0.0
forest,100.0,0.0011270532394166124,0.001,0.024192404626587984,correlated,3,202337,169683,0.02416088958614215,3.15150404458335e-05,3.15529219586351e-05,0.02416782292585505,3.788151280159635e-08,0.0001567435880253418
forest,100.0,0.0011270532394166124,0.01,0.02446417434743203,correlated,3,202337,169683,0.024433052852619905,3.112149481212384e-05,3.15529219586351e-05,0.02416782292585505,4.314271465112596e-07,0.0017851303687338473
forest,100.0,0.0011270532394166124,0.1,0.027056878338128726,correlated,3,202337,169683,0.027028962701702075,2.7915636426650847e-05,3.15529219586351e-05,0.02416782292585505,3.6372855319842523e-06,0.015050116608116311
forest,100.0,0.0011270532394166124,1.0,0.03364402471666956,correlated,3,202337,169683,0.03362216779089468,2.185692577488102e-05,3.15529219586351e-05,0.02416782292585505,9.69599618375408e-06,0.04011944399584779
forest,100.0,0.0011270532394166124,0.0,0.0241657877069097,correlated,4,202338,169683,0.024136270003896416,2.9517703013282742e-05,2.9517703013282742e-05,0.0241657877069097,0.0,0.0
forest,100.0,0.0011270532394166124,0.001,0.024190372759055116,correlated,4,202338,169683,0.02416088958614215,2.9483172912965483e-05,2.9517703013282742e-05,0.0241657877069097,3.453010031725934e-08,0.00014288837068359325
forest,100.0,0.0011270532394166124,0.01,0.024462122431430162,correlated,4,202338,169683,0.024433052852619905,2.906957881025629e-05,2.9517703013282742e-05,0.0241657877069097,4.4812420302645095e-07,0.0018543744919943962
forest,100.0,0.0011270532394166124,0.1,0.027054319750091576,correlated,4,202338,169683,0.027028962701702075,2.5357048389500897e-05,2.9517703013282742e-05,0.0241657877069097,4.160654623781845e-06,0.017217128091347893
forest,100.0,0.0011270532394166124,1.0,0.033639494059995084,correlated,4,202338,169683,0.03362216779089468,1.7326269100406688e-05,2.9517703013282742e-05,0.0241657877069097,1.2191433912876054e-05,0.05044914761619862
forest,100.0,0.0011270532394166124,0.0,0.024166663564807542,correlated,5,202339,169683,0.024136270003896416,3.039356091112666e-05,3.039356091112666e-05,0.024166663564807542,0.0,0.0
forest,100.0,0.0011270532394166124,0.001,0.024191214468965935,correlated,5,202339,169683,0.02416088958614215,3.0324882823784538e-05,3.039356091112666e-05,0.024166663564807542,6.867808734212222e-08,0.000284185225477852
forest,100.0,0.0011270532394166124,0.01,0.024462842819512103,correlated,5,202339,169683,0.024433052852619905,2.9789966892197067e-05,3.039356091112666e-05,0.024166663564807542,6.03594018929593e-07,0.002497630743734814
forest,100.0,0.0011270532394166124,0.1,0.027055289296283168,correlated,5,202339,169683,0.027028962701702075,2.632659458109282e-05,3.039356091112666e-05,0.024166663564807542,4.066966330033839e-06,0.016828828353270566
forest,100.0,0.0011270532394166124,1.0,0.033641487837119226,correlated,5,202339,169683,0.03362216779089468,1.932004622454825e-05,3.039356091112666e-05,0.024166663564807542,1.1073514686578412e-05,0.04582144596370392
forest,100.0,0.0011270532394166124,0.0,0.024164723153605926,correlated,6,202340,169683,0.024136270003896416,2.845314970950988e-05,2.845314970950988e-05,0.024164723153605926,0.0,0.0
forest,100.0,0.0011270532394166124,0.001,0.02418938722317245,correlated,6,202340,169683,0.02416088958614215,2.8497637030298895e-05,2.845314970950988e-05,0.024164723153605926,-4.448732078901618e-08,-0.00018410027090410785
forest,100.0,0.0011270532394166124,0.01,0.02446151929018567,correlated,6,202340,169683,0.024433052852619905,2.8466437565766167e-05,2.845314970950988e-05,0.024164723153605926,-1.328785625628881e-08,-5.4988655039923185e-05
forest,100.0,0.0011270532394166124,0.1,0.02705419113624413,correlated,6,202340,169683,0.027028962701702075,2.5228434542053785e-05,2.845314970950988e-05,0.024164723153605926,3.2247151674560937e-06,0.013344722167755904
forest,100.0,0.0011270532394166124,1.0,0.03363943100046786,correlated,6,202340,169683,0.03362216779089468,1.7263209573181726e-05,2.845314970950988e-05,0.024164723153605926,1.1189940136328153e-05,0.046306924623956885
forest,100.0,0.0011270532394166124,0.0,0.024166303480219656,correlated,7,202341,169683,0.024136270003896416,3.003347632324002e-05,3.003347632324002e-05,0.024166303480219656,0.0,0.0
forest,100.0,0.0011270532394166124,0.001,0.02419085878434062,correlated,7,202341,169683,0.02416088958614215,2.996919819846927e-05,3.003347632324002e-05,0.024166303480219656,6.427812477075023e-08,0.0002659824446190642
forest,100.0,0.0011270532394166124,0.01,0.024462516429231997,correlated,7,202341,169683,0.024433052852619905,2.9463576612091813e-05,3.003347632324002e-05,0.024166303480219656,5.698997111482085e-07,0.0023582411419052016
forest,100.0,0.0011270532394166124,0.1,0.027054974441880306,correlated,7,202341,169683,0.027028962701702075,2.6011740178230602e-05,3.003347632324002e-05,0.024166303480219656,4.021736145009419e-06,0.016641916908397874
forest,100.0,0.0011270532394166124,1.0,0.033641372259053476,correlated,7,202341,169683,0.03362216779089468,1.9204468158798282e-05,3.003347632324002e-05,0.024166303480219656,1.0829008164441739e-05,0.044810362384571485
forest,100.0,0.0011270532394166124,0.0,0.02416565050522231,correlated,8,202342,169683,0.024136270003896416,2.9380501325892983e-05,2.9380501325892983e-05,0.02416565050522231,0.0,0.0
forest,100.0,0.0011270532394166124,0.001,0.024190234107801387,correlated,8,202342,169683,0.02416088958614215,2.9344521659237233e-05,2.9380501325892983e-05,0.02416565050522231,3.597966665574992e-08,0.00014888763970154475
forest,100.0,0.0011270532394166124,0.01,0.02446203237788155,correlated,8,202342,169683,0.024433052852619905,2.89795252616451e-05,2.9380501325892983e-05,0.02416565050522231,4.009760642478821e-07,0.00165928106988566
forest,100.0,0.0011270532394166124,0.1,0.02705473335403203,correlated,8,202342,169683,0.027028962701702075,2.577065232995529e-05,2.9380501325892983e-05,0.02416565050522231,3.6098489959376923e-06,0.014937934301241289
forest,100.0,0.0011270532394166124,1.0,0.03364149422357424,correlated,8,202342,169683,0.03362216779089468,1.9326432679565853e-05,2.9380501325892983e-05,0.02416565050522231,1.005406864632713e-05,0.04160479207524084
forest,100.0,0.0011270532394166124,0.0,0.024167090135869936,correlated,9,202343,169683,0.024136270003896416,3.0820131973519765e-05,3.0820131973519765e-05,0.024167090135869936,0.0,0.0
forest,100.0,0.0011270532394166124,0.001,0.024191569126054246,correlated,9,202343,169683,0.02416088958614215,3.0679539912096404e-05,3.0820131973519765e-05,0.024167090135869936,1.4059206142336134e-07,0.0005817500602386879
forest,100.0,0.0011270532394166124,0.01,0.024462907969453718,correlated,9,202343,169683,0.024433052852619905,2.985511683381223e-05,3.0820131973519765e-05,0.024167090135869936,9.650151397075368e-07,0.003993096124862859
forest,100.0,0.0011270532394166124,0.1,0.02705525734713635,correlated,9,202343,169683,0.027028962701702075,2.6294645434275093e-05,3.0820131973519765e-05,0.024167090135869936,4.525486539244672e-06,0.018725823066831414
forest,100.0,0.0011270532394166124,1.0,0.03364216146904556,correlated,9,202343,169683,0.03362216779089468,1.999367815088554e-05,3.0820131973519765e-05,0.024167090135869936,1.0826453822634224e-05,0.044798334270972455
forest,50.0,0.002254106478833225,0.0,0.025046571602794374,white,0,203234,169683,0.024136270003896416,0.0009103015988979578,0.0009103015988979578,0.025046571602794374,0.0,0.0
forest,50.0,0.002254106478833225,0.001,0.025035827371674813,white,0,203234,169683,0.02416088958614215,0.0008749377855326625,0.0009103015988979578,0.025046571602794374,3.5363813365295316e-05,0.1411922315202208
forest,50.0,0.002254106478833225,0.01,0.025088122189937844,white,0,203234,169683,0.024433052852619905,0.0006550693373179386,0.0009103015988979578,0.025046571602794374,0.00025523226158001913,1.0190307305433515
forest,50.0,0.002254106478833225,0.1,0.02723628732705334,white,0,203234,169683,0.027028962701702075,0.0002073246253512656,0.0009103015988979578,0.025046571602794374,0.0007029769735466922,2.8066794318000117
forest,50.0,0.002254106478833225,1.0,0.0336637606706212,white,0,203234,169683,0.03362216779089468,4.1592879726520815e-05,0.0009103015988979578,0.025046571602794374,0.000868708719171437,3.468373767667738
forest,50.0,0.002254106478833225,0.0,0.02508496767038326,white,1,203235,169683,0.024136270003896416,0.0009486976664868432,0.0009486976664868432,0.02508496767038326,0.0,0.0
forest,50.0,0.002254106478833225,0.001,0.025073070973077545,white,1,203235,169683,0.02416088958614215,0.0009121813869353949,0.0009486976664868432,0.02508496767038326,3.651627955144829e-05,0.14557036720665775
forest,50.0,0.002254106478833225,0.01,0.025119622391629917,white,1,203235,169683,0.024433052852619905,0.0006865695390100117,0.0009486976664868432,0.02508496767038326,0.00026212812747683154,1.0449609938557542
forest,50.0,0.002254106478833225,0.1,0.027255822881059284,white,1,203235,169683,0.027028962701702075,0.0002268601793572085,0.0009486976664868432,0.02508496767038326,0.0007218374871296347,2.8775699319791315
forest,50.0,0.002254106478833225,1.0,0.03367050615341615,white,1,203235,169683,0.03362216779089468,4.833836252147311e-05,0.0009486976664868432,0.02508496767038326,0.0009003593039653701,3.5892384466908664
forest,50.0,0.002254106478833225,0.0,0.02506768637909458,white,2,203236,169683,0.024136270003896416,0.0009314163751981651,0.0009314163751981651,0.02506768637909458,0.0,0.0
forest,50.0,0.002254106478833225,0.001,0.025056336949228892,white,2,203236,169683,0.02416088958614215,0.0008954473630867418,0.0009314163751981651,0.02506768637909458,3.5969012111423254e-05,0.14348756230419385
forest,50.0,0.002254106478833225,0.01,0.025106000035455118,white,2,203236,169683,0.024433052852619905,0.0006729471828352124,0.0009314163751981651,0.02506768637909458,0.0002584691923629527,1.0310851526310199
forest,50.0,0.002254106478833225,0.1,0.027247120982293694,white,2,203236,169683,0.027028962701702075,0.00021815828059161893,0.0009314163751981651,0.02506768637909458,0.0007132580946065462,2.845328778332627
forest,50.0,0.002254106478833225,1.0,0.03366571786082502,white,2,203236,169683,0.03362216779089468,4.3550069930342605e-05,0.0009314163751981651,0.02506768637909458,0.0008878663052678225,3.541875751279011
forest,50.0,0.002254106478833225,0.0,0.025076075162146886,white,3,203237,169683,0.024136270003896416,0.0009398051582504702,0.0009398051582504702,0.025076075162146886,0.0,0.0
forest,50.0,0.002254106478833225,0.001,0.025065246053340914,white,3,203237,169683,0.02416088958614215,0.0009043564671987643,0.0009398051582504702,0.025076075162146886,3.5448691051705866e-05,0.14136459084002415
forest,50.0,0.002254106478833225,0.01,0.02511627187762427,white,3,203237,169683,0.024433052852619905,0.0006832190250043654,0.0009398051582504702,0.025076075162146886,0.00025658613324610474,1.0232308349172181
forest,50.0,0.002254106478833225,0.1,0.02725163542965239,white,3,203237,169683,0.027028962701702075,0.00022267272795031476,0.0009398051582504702,0.025076075162146886,0.0007171324303001554,2.8598272483354537
forest,50.0,0.002254106478833225,1.0,0.03366463929480697,white,3,203237,169683,0.03362216779089468,4.2471503912289155e-05,0.0009398051582504702,0.025076075162146886,0.000897333654338181,3.578445384837313
forest,50.0,0.002254106478833225,0.0,0.025046378981445447,white,4,203238,169683,0.024136270003896416,0.0009101089775490311,0.0009101089775490311,0.025046378981445447,0.0,0.0
forest,50.0,0.002254106478833225,0.001,0.025036845386025856,white,4,203238,169683,0.02416088958614215,0.0008759557998837056,0.0009101089775490311,0.025046378981445447,3.415317766532547e-05,0.13635974162423403
forest,50.0,0.002254106478833225,0.01,0.02509506839138066,white,4,203238,169683,0.024433052852619905,0.0006620155387607532,0.0009101089775490311,0.025046378981445447,0.00024809343878827786,0.9905361528389689
forest,50.0,0.002254106478833225,0.1,0.02724525085058589,white,4,203238,169683,0.027028962701702075,0.0002162881488838135,0.0009101089775490311,0.025046378981445447,0.0006938208286652175,2.770144255899048
forest,50.0,0.002254106478833225,1.0,0.033665116887680674,white,4,203238,169683,0.03362216779089468,4.2949096785996344e-05,0.0009101089775490311,0.025046378981445447,0.0008671598807630347,3.4622165599483803
forest,50.0,0.002254106478833225,0.0,0.02505986143394547,white,5,203239,169683,0.024136270003896416,0.0009235914300490533,0.0009235914300490533,0.02505986143394547,0.0,0.0
forest,50.0,0.002254106478833225,0.001,0.025048829323194965,white,5,203239,169683,0.02416088958614215,0.0008879397370528154,0.0009235914300490533,0.02505986143394547,3.565169299623791e-05,0.14226612182278472
forest,50.0,0.002254106478833225,0.01,0.025098880635776376,white,5,203239,169683,0.024433052852619905,0.000665827783156471,0.0009235914300490533,0.02505986143394547,0.0002577636468925823,1.0285916686810648
forest,50.0,0.002254106478833225,0.1,0.02724148659264059,white,5,203239,169683,0.027028962701702075,0.0002125238909385166,0.0009235914300490533,0.02505986143394547,0.0007110675391105367,2.8374759412968746
forest,50.0,0.002254106478833225,1.0,0.0336650657601364,white,5,203239,169683,0.03362216779089468,4.289796924172168e-05,0.0009235914300490533,0.02505986143394547,0.0008806934608073316,3.5143588607970755
forest,50.0,0.002254106478833225,0.0,0.025056948694307163,white,6,203240,169683,0.024136270003896416,0.0009206786904107471,0.0009206786904107471,0.025056948694307163,0.0,0.0
forest,50.0,0.002254106478833225,0.001,0.025045520096569518,white,6,203240,169683,0.02416088958614215,0.0008846305104273679,0.0009206786904107471,0.025056948694307163,3.6048179983379225e-05,0.1438650029704903
forest,50.0,0.002254106478833225,0.01,0.025094331926953213,white,6,203240,169683,0.024433052852619905,0.0006612790743333076,0.0009206786904107471,0.025056948694307163,0.0002593996160774395,1.035240241108743
forest,50.0,0.002254106478833225,0.1,0.027236709873280782,white,6,203240,169683,0.027028962701702075,0.00020774717157870728,0.0009206786904107471,0.025056948694307163,0.0007129315188320398,2.8452447563737677
forest,50.0,0.002254106478833225,1.0,0.03366377000215799,white,6,203240,169683,0.03362216779089468,4.160221126331409e-05,0.0009206786904107471,0.025056948694307163,0.000879076479147433,3.508314160164105
forest,50.0,0.002254106478833225,0.0,0.025067110026517965,white,7,203241,169683,0.024136270003896416,0.0009308400226215492,0.0009308400226215492,0.025067110026517965,0.0,0.0
forest,50.0,0.002254106478833225,0.001,0.025056280360610708,white,7,203241,169683,0.02416088958614215,0.0008953907744685581,0.0009308400226215492,0.025067110026517965,3.544924815299111e-05,0.14141737166945093
forest,50.0,0.002254106478833225,0.01,0.02510700308721326,white,7,203241,169683,0.024433052852619905,0.0006739502345933547,0.0009308400226215492,0.025067110026517965,0.0002568897880281945,1.024808156011747
forest,50.0,0.002254106478833225,0.1,0.027243004936653204,white,7,203241,169683,0.027028962701702075,0.0002140422349511291,0.0009308400226215492,0.025067110026517965,0.0007167977876704201,2.859515065406961
forest,50.0,0.002254106478833225,1.0,0.03366021944376622,white,7,203241,169683,0.03362216779089468,3.805165287154577e-05,0.0009308400226215492,0.025067110026517965,0.0008927883697500034,3.5615927356825
forest,50.0,0.002254106478833225,0.0,0.025058106984059893,white,8,203242,169683,0.024136270003896416,0.000921836980163477,0.000921836980163477,0.025058106984059893,0.0,0.0
forest,50.0,0.002254106478833225,0.001,0.025046275333537787,white,8,203242,169683,0.02416088958614215,0.0008853857473956374,0.000921836980163477,0.025058106984059893,3.645123276783957e-05,0.14546682553086368
forest,50.0,0.002254106478833225,0.01,0.025093475242306172,white,8,203242,169683,0.024433052852619905,0.0006604223896862667,0.000921836980163477,0.025058106984059893,0.0002614145904772103,1.0432335955924477
forest,50.0,0.002254106478833225,0.1,0.027233937513663403,white,8,203242,169683,0.027028962701702075,0.00020497481196132816,0.000921836980163477,0.025058106984059893,0.0007168621682021488,2.860799375859331
forest,50.0,0.002254106478833225,1.0,0.033659865826603984,white,8,203242,169683,0.03362216779089468,3.7698035709306243e-05,0.000921836980163477,0.025058106984059893,0.0008841389444541707,3.5283548953502124
forest,50.0,0.002254106478833225,0.0,0.025059434086139858,white,9,203243,169683,0.024136270003896416,0.0009231640822434418,0.0009231640822434418,0.025059434086139858,0.0,0.0
forest,50.0,0.002254106478833225,0.001,0.02504920314527486,white,9,203243,169683,0.02416088958614215,0.0008883135591327106,0.0009231640822434418,0.025059434086139858,3.485052311073128e-05,0.139071469016161
forest,50.0,0.002254106478833225,0.01,0.02510467903473372,white,9,203243,169683,0.024433052852619905,0.0006716261821138152,0.0009231640822434418,0.025059434086139858,0.0002515379001296267,1.003765285620516
forest,50.0,0.002254106478833225,0.1,0.02725048069687157,white,9,203243,169683,0.027028962701702075,0.00022151799516949636,0.0009231640822434418,0.025059434086139858,0.0007016460870739455,2.799927902051146
forest,50.0,0.002254106478833225,1.0,0.03366833847045127,white,9,203243,169683,0.03362216779089468,4.617067955658971e-05,0.0009231640822434418,0.025059434086139858,0.0008769934026868521,3.4996536620589893
forest,50.0,0.002254106478833225,0.0,0.02425762098081467,correlated,0,203334,169683,0.024136270003896416,0.00012135097691825386,0.00012135097691825386,0.02425762098081467,0.0,0.0
forest,50.0,0.002254106478833225,0.001,0.024282004942056384,correlated,0,203334,169683,0.02416088958614215,0.00012111535591423361,0.00012135097691825386,0.02425762098081467,2.3562100402024777e-07,0.0009713277497682077
forest,50.0,0.002254106478833225,0.01,0.02455213654193204,correlated,0,203334,169683,0.024433052852619905,0.00011908368931213414,0.00012135097691825386,0.02425762098081467,2.2672876061197167e-06,0.009346702250451156
forest,50.0,0.002254106478833225,0.1,0.027134118644604615,correlated,0,203334,169683,0.027028962701702075,0.0001051559429025399,0.00012135097691825386,0.02425762098081467,1.6195034015713955e-05,0.06676266410676708
forest,50.0,0.002254106478833225,1.0,0.03369965280470236,correlated,0,203334,169683,0.03362216779089468,7.748501380767936e-05,0.00012135097691825386,0.02425762098081467,4.38659631105745e-05,0.1808337394061357
forest,50.0,0.002254106478833225,0.0,0.024260170525165204,correlated,1,203335,169683,0.024136270003896416,0.00012390052126878826,0.00012390052126878826,0.024260170525165204,0.0,0.0
forest,50.0,0.002254106478833225,0.001,0.0242843266176963,correlated,1,203335,169683,0.02416088958614215,0.00012343703155414873,0.00012390052126878826,0.024260170525165204,4.634897146395256e-07,0.0019104965241639388
forest,50.0,0.002254106478833225,0.01,0.024553385983056453,correlated,1,203335,169683,0.024433052852619905,0.00012033313043654723,0.00012390052126878826,0.024260170525165204,3.5673908322410297e-06,0.014704722823529028
forest,50.0,0.002254106478833225,0.1,0.027133483547869545,correlated,1,203335,169683,0.027028962701702075,0.00010452084616746973,0.00012390052126878826,0.024260170525165204,1.9379675101318522e-05,0.07988268293998957
forest,50.0,0.002254106478833225,1.0,0.03369592594228394,correlated,1,203335,169683,0.03362216779089468,7.37581513892624e-05,0.00012390052126878826,0.024260170525165204,5.014236987952586e-05,0.20668597455864093
forest,50.0,0.002254106478833225,0.0,0.024256431508867967,correlated,2,203336,169683,0.024136270003896416,0.00012016150497155126,0.00012016150497155126,0.024256431508867967,0.0,0.0
forest,50.0,0.002254106478833225,0.001,0.024280942714198783,correlated,2,203336,169683,0.02416088958614215,0.00012005312805663318,0.00012016150497155126,0.024256431508867967,1.083769149180791e-07,0.00044679661506869764
forest,50.0,0.002254106478833225,0.01,0.02455171108802927,correlated,2,203336,169683,0.024433052852619905,0.0001186582354093628,0.00012016150497155126,0.024256431508867967,1.503269562188464e-06,0.006197406084398194
forest,50.0,0.002254106478833225,0.1,0.02713461596465353,correlated,2,203336,169683,0.027028962701702075,0.00010565326295145644,0.00012016150497155126,0.024256431508867967,1.450824202009482e-05,0.05981193901003417
forest,50.0,0.002254106478833225,1.0,0.03370122441553284,correlated,2,203336,169683,0.03362216779089468,7.90566246381616e-05,0.00012016150497155126,0.024256431508867967,4.110488033338966e-05,0.16945971759432968
forest,50.0,0.002254106478833225,0.0,0.02425469121338277,correlated,3,203337,169683,0.024136270003896416,0.00011842120948635584,0.00011842120948635584,0.02425469121338277,0.0,0.0
forest,50.0,0.002254106478833225,0.001,0.024279275538218164,correlated,3,203337,169683,0.02416088958614215,0.00011838595207601388,0.00011842120948635584,0.02425469121338277,3.525741034196561e-08,0.0001453632620254179
forest,50.0,0.002254106478833225,0.01,0.024550360977734192,correlated,3,203337,169683,0.024433052852619905,0.00011730812511428698,0.00011842120948635584,0.02425469121338277,1.1130843720688621e-06,0.004589150866842232
forest,50.0,0.002254106478833225,0.1,0.027133399615346644,correlated,3,203337,169683,0.027028962701702075,0.00010443691364456914,0.00011842120948635584,0.02425469121338277,1.3984295841786704e-05,0.05765604566456293
forest,50.0,0.002254106478833225,1.0,0.033699410750127286,correlated,3,203337,169683,0.03362216779089468,7.724295923260821e-05,0.00011842120948635584,0.02425469121338277,4.1178250253747634e-05,0.16977437433228224
forest,50.0,0.002254106478833225,0.0,0.02425364007852936,correlated,4,203338,169683,0.024136270003896416,0.00011737007463294424,0.00011737007463294424,0.02425364007852936,0.0,0.0
forest,50.0,0.002254106478833225,0.001,0.024278184194373973,correlated,4,203338,169683,0.02416088958614215,0.00011729460823182297,0.00011737007463294424,0.02425364007852936,7.546640112127134e-08,0.00031115494778071807
forest,50.0,0.002254106478833225,0.01,0.024549089553046407,correlated,4,203338,169683,0.024433052852619905,0.00011603670042650144,0.00011737007463294424,0.02425364007852936,1.3333742064428056e-06,0.005497625107511927
forest,50.0,0.002254106478833225,0.1,0.02713147836899947,correlated,4,203338,169683,0.027028962701702075,0.00010251566729739536,0.00011737007463294424,0.02425364007852936,1.485440733554888e-05,0.06124609455509653
forest,50.0,0.002254106478833225,1.0,0.033695352967339616,correlated,4,203338,169683,0.03362216779089468,7.318517644493844e-05,0.00011737007463294424,0.02425364007852936,4.4184898188005806e-05,0.1821784195895637
forest,50.0,0.002254106478833225,0.0,0.024254513630421515,correlated,5,203339,169683,0.024136270003896416,0.00011824362652509968,0.00011824362652509968,0.024254513630421515,0.0,0.0
forest,50.0,0.002254106478833225,0.001,0.0242789874009457,correlated,5,203339,169683,0.02416088958614215,0.00011809781480354858,0.00011824362652509968,0.024254513630421515,1.4581172155109234e-07,0.0006011735538089959
forest,50.0,0.002254106478833225,0.01,0.02454955322129396,correlated,5,203339,169683,0.024433052852619905,0.00011650036867405511,0.00011824362652509968,0.024254513630421515,1.7432578510445662e-06,0.007187354393526424
forest,50.0,0.002254106478833225,0.1,0.027131553038548265,correlated,5,203339,169683,0.027028962701702075,0.00010259033684618946,0.00011824362652509968,0.024254513630421515,1.565328967891022e-05,0.06453763582905614
forest,50.0,0.002254106478833225,1.0,0.03369508852252735,correlated,5,203339,169683,0.03362216779089468,7.29207316326752e-05,0.00011824362652509968,0.024254513630421515,4.532289489242447e-05,0.18686375485830267
forest,50.0,0.002254106478833225,0.0,0.024255219460706023,correlated,6,203340,169683,0.024136270003896416,0.00011894945680960764,0.00011894945680960764,0.024255219460706023,0.0,0.0
forest,50.0,0.002254106478833225,0.001,0.024279766299460832,correlated,6,203340,169683,0.02416088958614215,0.0001188767133186823,0.00011894945680960764,0.024255219460706023,7.274349092534216e-08,0.00029990860747802414
forest,50.0,0.002254106478833225,0.01,0.024550719512910536,correlated,6,203340,169683,0.024433052852619905,0.00011766666029063011,0.00011894945680960764,0.024255219460706023,1.2827965189775303e-06,0.005288744227013441
forest,50.0,0.002254106478833225,0.1,0.027133952282210366,correlated,6,203340,169683,0.027028962701702075,0.00010498958050829052,0.00011894945680960764,0.024255219460706023,1.395987630131712e-05,0.05755411252383191
forest,50.0,0.002254106478833225,1.0,0.03370077950122225,correlated,6,203340,169683,0.03362216779089468,7.86117103275738e-05,0.00011894945680960764,0.024255219460706023,4.033774648203384e-05,0.16630542777558394
forest,50.0,0.002254106478833225,0.0,0.0242564332093593,correlated,7,203341,169683,0.024136270003896416,0.00012016320546288581,0.00012016320546288581,0.0242564332093593,0.0,0.0
forest,50.0,0.002254106478833225,0.001,0.0242809052239834,correlated,7,203341,169683,0.02416088958614215,0.00012001563784124966,0.00012016320546288581,0.0242564332093593,1.4756762163614656e-07,0.0006083648835031849
forest,50.0,0.002254106478833225,0.01,0.024551498721303473,correlated,7,203341,169683,0.024433052852619905,0.0001184458686835678,0.00012016320546288581,0.0242564332093593,1.7173367793180128e-06,0.007079922940423827
forest,50.0,0.002254106478833225,0.1,0.0271340985511588,correlated,7,203341,169683,0.027028962701702075,0.00010513584945672644,0.00012016320546288581,0.0242564332093593,1.502735600615937e-05,0.06195204330520075
forest,50.0,0.002254106478833225,1.0,0.03369963921545855,correlated,7,203341,169683,0.03362216779089468,7.747142456387274e-05,0.00012016320546288581,0.0242564332093593,4.269178089901307e-05,0.17600189001629687
forest,50.0,0.002254106478833225,0.0,0.024256498475746714,correlated,8,203342,169683,0.024136270003896416,0.00012022847185029842,0.00012022847185029842,0.024256498475746714,0.0,0.0
forest,50.0,0.002254106478833225,0.001,0.024280978958794632,correlated,8,203342,169683,0.02416088958614215,0.0001200893726524821,0.00012022847185029842,0.024256498475746714,1.3909919781632252e-07,0.0005734512669064881
forest,50.0,0.002254106478833225,0.01,0.024551510308000662,correlated,8,203342,169683,0.024433052852619905,0.0001184574553807563,0.00012022847185029842,0.024256498475746714,1.7710164695421138e-06,0.0073012041342772355
forest,50.0,0.002254106478833225,0.1,0.02713265980686131,correlated,8,203342,169683,0.027028962701702075,0.0001036971051592353,0.00012022847185029842,0.024256498475746714,1.6531366691063115e-05,0.06815232094439473
forest,50.0,0.002254106478833225,1.0,0.03369374185684536,correlated,8,203342,169683,0.03362216779089468,7.157406595068028e-05,0.00012022847185029842,0.024256498475746714,4.865440589961814e-05,0.2005829734587047
forest,50.0,0.002254106478833225,0.0,0.024256648527320467,correlated,9,203343,169683,0.024136270003896416,0.00012037852342405148,0.00012037852342405148,0.024256648527320467,0.0,0.0
forest,50.0,0.002254106478833225,0.001,0.024281110229229855,correlated,9,203343,169683,0.02416088958614215,0.00012022064308770536,0.00012037852342405148,0.024256648527320467,1.5788033634611676e-07,0.0006508744856829451
forest,50.0,0.002254106478833225,0.01,0.024551640454191333,correlated,9,203343,169683,0.024433052852619905,0.00011858760157142795,0.00012037852342405148,0.024256648527320467,1.7909218526235282e-06,0.0073832205244941315
forest,50.0,0.002254106478833225,0.1,0.027133893356729572,correlated,9,203343,169683,0.027028962701702075,0.00010493065502749713,0.00012037852342405148,0.024256648527320467,1.544786839655435e-05,0.06368508979777353
forest,50.0,0.002254106478833225,1.0,0.03369915151914334,correlated,9,203343,169683,0.03362216779089468,7.698372824866545e-05,0.00012037852342405148,0.024256648527320467,4.3394795175386025e-05,0.17889856105434393
forest,20.0,0.005635266197083062,0.0,0.029499346787791546,white,0,204234,169683,0.024136270003896416,0.005363076783895131,0.005363076783895131,0.029499346787791546,0.0,0.0
forest,20.0,0.005635266197083062,0.001,0.029328104592968036,white,0,204234,169683,0.02416088958614215,0.005167215006825886,0.005363076783895131,0.029499346787791546,0.00019586177706924432,0.6639529291214771
forest,20.0,0.005635266197083062,0.01,0.028372071645726568,white,0,204234,169683,0.024433052852619905,0.003939018793106663,0.005363076783895131,0.029499346787791546,0.001424057990788468,4.827422115590104
forest,20.0,0.005635266197083062,0.1,0.028342567770235094,white,0,204234,169683,0.027028962701702075,0.0013136050685330185,0.005363076783895131,0.029499346787791546,0.004049471715362112,13.727326725207375
forest,20.0,0.005635266197083062,1.0,0.033885353429430595,white,0,204234,169683,0.03362216779089468,0.0002631856385359177,0.005363076783895131,0.029499346787791546,0.005099891145359213,17.288149402243132
forest,20.0,0.005635266197083062,0.0,0.029550440930762315,white,1,204235,169683,0.024136270003896416,0.005414170926865899,0.005414170926865899,0.029550440930762315,0.0,0.0
forest,20.0,0.005635266197083062,0.001,0.02937517552226398,white,1,204235,169683,0.02416088958614215,0.005214285936121828,0.005414170926865899,0.029550440930762315,0.00019988499074407098,0.676419655505
forest,20.0,0.005635266197083062,0.01,0.02839880961406636,white,1,204235,169683,0.024433052852619905,0.003965756761446455,0.005414170926865899,0.029550440930762315,0.001448414165419444,4.901497641991629
forest,20.0,0.005635266197083062,0.1,0.028342719646512696,white,1,204235,169683,0.027028962701702075,0.0013137569448106214,0.005414170926865899,0.029550440930762315,0.004100413982055278,13.875982397902918
forest,20.0,0.005635266197083062,1.0,0.033880172946415474,white,1,204235,169683,0.03362216779089468,0.0002580051555207963,0.005414170926865899,0.029550440930762315,0.005156165771345103,17.448693179997463
forest,20.0,0.005635266197083062,0.0,0.029511421468019765,white,2,204236,169683,0.024136270003896416,0.005375151464123349,0.005375151464123349,0.029511421468019765,0.0,0.0
forest,20.0,0.005635266197083062,0.001,0.02934074604784059,white,2,204236,169683,0.02416088958614215,0.00517985646169844,0.005375151464123349,0.029511421468019765,0.00019529500242490908,0.661760744519005
forest,20.0,0.005635266197083062,0.01,0.028383882881128728,white,2,204236,169683,0.024433052852619905,0.003950830028508823,0.005375151464123349,0.029511421468019765,0.0014243214356145263,4.826339650084294
forest,20.0,0.005635266197083062,0.1,0.028348103243286613,white,2,204236,169683,0.027028962701702075,0.0013191405415845375,0.005375151464123349,0.029511421468019765,0.0040560109225388115,13.743868376296726
forest,20.0,0.005635266197083062,1.0,0.03389463430279022,white,2,204236,169683,0.03362216779089468,0.00027246651189554577,0.005375151464123349,0.029511421468019765,0.005102684952227803,17.29054277428608
forest,20.0,0.005635266197083062,0.0,0.029515409442396428,white,3,204237,169683,0.024136270003896416,0.005379139438500012,0.005379139438500012,0.029515409442396428,0.0,0.0
forest,20.0,0.005635266197083062,0.001,0.02934318602789118,white,3,204237,169683,0.02416088958614215,0.005182296441749029,0.005379139438500012,0.029515409442396428,0.000196842996750983,0.6669160295240032
forest,20.0,0.005635266197083062,0.01,0.028379343477327106,white,3,204237,169683,0.024433052852619905,0.003946290624707201,0.005379139438500012,0.029515409442396428,0.0014328488137928114,4.854578814463754
forest,20.0,0.005635266197083062,0.1,0.028337033962562277,white,3,204237,169683,0.027028962701702075,0.0013080712608602024,0.005379139438500012,0.029515409442396428,0.00407106817763981,13.793026268482182
forest,20.0,0.005635266197083062,1.0,0.033885924359194956,white,3,204237,169683,0.03362216779089468,0.00026375656830027877,0.005379139438500012,0.029515409442396428,0.005115382870199733,17.33122788007783
forest,20.0,0.005635266197083062,0.0,0.029590661065008402,white,4,204238,169683,0.024136270003896416,0.005454391061111986,0.005454391061111986,0.029590661065008402,0.0,0.0
forest,20.0,0.005635266197083062,0.001,0.029412708126328634,white,4,204238,169683,0.02416088958614215,0.005251818540186484,0.005454391061111986,0.029590661065008402,0.0002025725209255022,0.6845826136849934
forest,20.0,0.005635266197083062,0.01,0.028422869356834243,white,4,204238,169683,0.024433052852619905,0.003989816504214337,0.005454391061111986,0.029590661065008402,0.0014645745568976493,4.949448590148398
forest,20.0,0.005635266197083062,0.1,0.02836055454451668,white,4,204238,169683,0.027028962701702075,0.0013315918428146063,0.005454391061111986,0.029590661065008402,0.00412279921829738,13.932771590468722
forest,20.0,0.005635266197083062,1.0,0.0338914978815359,white,4,204238,169683,0.03362216779089468,0.0002693300906412219,0.005454391061111986,0.029590661065008402,0.0051850609704707645,17.522626341735272
forest,20.0,0.005635266197083062,0.0,0.029481076808160315,white,5,204239,169683,0.024136270003896416,0.005344806804263899,0.005344806804263899,0.029481076808160315,0.0,0.0
forest,20.0,0.005635266197083062,0.001,0.029310925346690133,white,5,204239,169683,0.02416088958614215,0.005150035760547983,0.005344806804263899,0.029481076808160315,0.00019477104371591614,0.6606646188106801
forest,20.0,0.005635266197083062,0.01,0.02835861890763457,white,5,204239,169683,0.024433052852619905,0.003925566055014665,0.005344806804263899,0.029481076808160315,0.0014192407492492343,4.814073646239375
forest,20.0,0.005635266197083062,0.1,0.028333781880865754,white,5,204239,169683,0.027028962701702075,0.0013048191791636791,0.005344806804263899,0.029481076808160315,0.00403998762510022,13.70366371414886
forest,20.0,0.005635266197083062,1.0,0.0338841082779327,white,5,204239,169683,0.03362216779089468,0.0002619404870380232,0.005344806804263899,0.029481076808160315,0.005082866317225876,17.241114869382745
forest,20.0,0.005635266197083062,0.0,0.029558745604385317,white,6,204240,169683,0.024136270003896416,0.005422475600488901,0.005422475600488901,0.029558745604385317,0.0,0.0
forest,20.0,0.005635266197083062,0.001,0.02938509159616232,white,6,204240,169683,0.02416088958614215,0.005224202010020169,0.005422475600488901,0.029558745604385317,0.00019827359046873175,0.6707780943157344
forest,20.0,0.005635266197083062,0.01,0.02841118761557453,white,6,204240,169683,0.024433052852619905,0.003978134762954624,0.005422475600488901,0.029558745604385317,0.0014443408375342769,4.886340093268354
forest,20.0,0.005635266197083062,0.1,0.028350040813406276,white,6,204240,169683,0.027028962701702075,0.0013210781117042013,0.005422475600488901,0.029558745604385317,0.0041013974887847,13.87541116824734
forest,20.0,0.005635266197083062,1.0,0.03388831740836392,white,6,204240,169683,0.03362216779089468,0.00026614961746924265,0.005422475600488901,0.029558745604385317,0.0051563259830196585,17.444332895691858
forest,20.0,0.005635266197083062,0.0,0.029577409160240598,white,7,204241,169683,0.024136270003896416,0.005441139156344182,0.005441139156344182,0.029577409160240598,0.0,0.0
forest,20.0,0.005635266197083062,0.001,0.0294034006368575,white,7,204241,169683,0.02416088958614215,0.00524251105071535,0.005441139156344182,0.029577409160240598,0.00019862810562883138,0.6715534296892948
forest,20.0,0.005635266197083062,0.01,0.028429422423555544,white,7,204241,169683,0.024433052852619905,0.003996369570935639,0.005441139156344182,0.029577409160240598,0.001444769585408543,4.884706356737537
forest,20.0,0.005635266197083062,0.1,0.0283590523301637,white,7,204241,169683,0.027028962701702075,0.001330089628461626,0.005441139156344182,0.029577409160240598,0.004111049527882556,13.899288830912308
forest,20.0,0.005635266197083062,1.0,0.033884786022875486,white,7,204241,169683,0.03362216779089468,0.00026261823198080875,0.005441139156344182,0.029577409160240598,0.005178520924363373,17.508365578296136
forest,20.0,0.005635266197083062,0.0,0.029503575691601454,white,8,204242,169683,0.024136270003896416,0.005367305687705038,0.005367305687705038,0.029503575691601454,0.0,0.0
forest,20.0,0.005635266197083062,0.001,0.029334419099906955,white,8,204242,169683,0.02416088958614215,0.005173529513764805,0.005367305687705038,0.029503575691601454,0.00019377617394023341,0.6567887769460911
forest,20.0,0.005635266197083062,0.01,0.02838747097146876,white,8,204242,169683,0.024433052852619905,0.003954418118848856,0.005367305687705038,0.029503575691601454,0.0014128875688561825,4.788868927702136
forest,20.0,0.005635266197083062,0.1,0.028359063266300076,white,8,204242,169683,0.027028962701702075,0.001330100564598001,0.005367305687705038,0.029503575691601454,0.004037205123107037,13.683782485579455
forest,20.0,0.005635266197083062,1.0,0.03388809774402272,white,8,204242,169683,0.03362216779089468,0.00026592995312803985,0.005367305687705038,0.029503575691601454,0.005101375734576998,17.290703296106464
forest,20.0,0.005635266197083062,0.0,0.029514962188676937,white,9,204243,169683,0.024136270003896416,0.005378692184780522,0.005378692184780522,0.029514962188676937,0.0,0.0
forest,20.0,0.005635266197083062,0.001,0.02934164105351524,white,9,204243,169683,0.02416088958614215,0.005180751467373089,0.005378692184780522,0.029514962188676937,0.0001979407174074327,0.6706453362266894
forest,20.0,0.005635266197083062,0.01,0.028370883373089042,white,9,204243,169683,0.024433052852619905,0.003937830520469136,0.005378692184780522,0.029514962188676937,0.0014408616643113853,4.881800813772191
forest,20.0,0.005635266197083062,0.1,0.028315411850127727,white,9,204243,169683,0.027028962701702075,0.0012864491484256523,0.005378692184780522,0.029514962188676937,0.004092243036354869,13.864978075170328
forest,20.0,0.005635266197083062,1.0,0.03385604420688554,white,9,204243,169683,0.03362216779089468,0.00023387641599086073,0.005378692184780522,0.029514962188676937,0.005144815768789661,17.431212467429177
forest,20.0,0.005635266197083062,0.0,0.024875665101863,correlated,0,204334,169683,0.024136270003896416,0.0007393950979665831,0.0007393950979665831,0.024875665101863,0.0,0.0
forest,20.0,0.005635266197083062,0.001,0.02489928738866423,correlated,0,204334,169683,0.02416088958614215,0.0007383978025220783,0.0007393950979665831,0.024875665101863,9.972954445047755e-07,0.004009120722686066
forest,20.0,0.005635266197083062,0.01,0.02516133235698196,correlated,0,204334,169683,0.024433052852619905,0.0007282795043620539,0.0007393950979665831,0.024875665101863,1.1115593604529156e-05,0.04468460866880171
forest,20.0,0.005635266197083062,0.1,0.027672955905198252,correlated,0,204334,169683,0.027028962701702075,0.0006439932034961772,0.0007393950979665831,0.024875665101863,9.54018944704059e-05,0.3835149495691716
forest,20.0,0.005635266197083062,1.0,0.03408875214740917,correlated,0,204334,169683,0.03362216779089468,0.0004665843565144906,0.0007393950979665831,0.024875665101863,0.0002728107414520925,1.0966972755701758
forest,20.0,0.005635266197083062,0.0,0.024878531364753164,correlated,1,204335,169683,0.024136270003896416,0.0007422613608567483,0.0007422613608567483,0.024878531364753164,0.0,0.0
forest,20.0,0.005635266197083062,0.001,0.02490209892733435,correlated,1,204335,169683,0.02416088958614215,0.0007412093411921991,0.0007422613608567483,0.024878531364753164,1.052019664549153e-06,0.004228624467920198
forest,20.0,0.005635266197083062,0.01,0.025163748629764546,correlated,1,204335,169683,0.024433052852619905,0.0007306957771446403,0.0007422613608567483,0.024878531364753164,1.1565583712108002e-05,0.0464882092216007
forest,20.0,0.005635266197083062,0.1,0.027675565301584232,correlated,1,204335,169683,0.027028962701702075,0.0006466025998821574,0.0007422613608567483,0.024878531364753164,9.565876097459083e-05,0.38450324728619656
forest,20.0,0.005635266197083062,1.0,0.034097671102660765,correlated,1,204335,169683,0.03362216779089468,0.0004755033117660873,0.0007422613608567483,0.024878531364753164,0.000266758049090661,1.0722419470009084
forest,20.0,0.005635266197083062,0.0,0.024871408959736815,correlated,2,204336,169683,0.024136270003896416,0.0007351389558403996,0.0007351389558403996,0.024871408959736815,0.0,0.0
forest,20.0,0.005635266197083062,0.001,0.02489520262230484,correlated,2,204336,169683,0.02416088958614215,0.0007343130361626912,0.0007351389558403996,0.024871408959736815,8.259196777084254e-07,0.003320759507615628
forest,20.0,0.005635266197083062,0.01,0.02515769622440787,correlated,2,204336,169683,0.024433052852619905,0.0007246433717879655,0.0007351389558403996,0.024871408959736815,1.0495584052434143e-05,0.04219939477262813
forest,20.0,0.005635266197083062,0.1,0.027667402711138354,correlated,2,204336,169683,0.027028962701702075,0.0006384400094362787,0.0007351389558403996,0.024871408959736815,9.669894640412097e-05,0.3887956108986928
forest,20.0,0.005635266197083062,1.0,0.03407664163783271,correlated,2,204336,169683,0.03362216779089468,0.0004544738469380305,0.0007351389558403996,0.024871408959736815,0.00028066510890236915,1.1284648543905376
forest,20.0,0.005635266197083062,0.0,0.024874009976402538,correlated,3,204337,169683,0.024136270003896416,0.0007377399725061219,0.0007377399725061219,0.024874009976402538,0.0,0.0
forest,20.0,0.005635266197083062,0.001,0.02489787314310976,correlated,3,204337,169683,0.02416088958614215,0.000736983556967611,0.0007377399725061219,0.024874009976402538,7.564155385109128e-07,0.003040987517607771
forest,20.0,0.005635266197083062,0.01,0.02516101639874562,correlated,3,204337,169683,0.024433052852619905,0.0007279635461257157,0.0007377399725061219,0.024874009976402538,9.776426380406211e-06,0.03930378089291154
forest,20.0,0.005635266197083062,0.1,0.027675737305351104,correlated,3,204337,169683,0.027028962701702075,0.0006467746036490293,0.0007377399725061219,0.024874009976402538,9.096536885709258e-05,0.36570448007132567
forest,20.0,0.005635266197083062,1.0,0.034101391881240395,correlated,3,204337,169683,0.03362216779089468,0.00047922409034571734,0.0007377399725061219,0.024874009976402538,0.0002585158821604046,1.0393011919093595
forest,20.0,0.005635266197083062,0.0,0.024868286680401027,correlated,4,204338,169683,0.024136270003896416,0.0007320166765046113,0.0007320166765046113,0.024868286680401027,0.0,0.0
forest,20.0,0.005635266197083062,0.001,0.024892085238687023,correlated,4,204338,169683,0.02416088958614215,0.0007311956525448728,0.0007320166765046113,0.024868286680401027,8.210239597385149e-07,0.003301489846445968
forest,20.0,0.005635266197083062,0.01,0.02515477160440633,correlated,4,204338,169683,0.024433052852619905,0.0007217187517864244,0.0007320166765046113,0.024868286680401027,1.029792471818683e-05,0.041409868120519694
forest,20.0,0.005635266197083062,0.1,0.027666294770225013,correlated,4,204338,169683,0.027028962701702075,0.0006373320685229382,0.0007320166765046113,0.024868286680401027,9.468460798167308e-05,0.38074439626070045
forest,20.0,0.005635266197083062,1.0,0.034080878263747824,correlated,4,204338,169683,0.03362216779089468,0.0004587104728531466,0.0007320166765046113,0.024868286680401027,0.0002733062036514647,1.0990150112225476
forest,20.0,0.005635266197083062,0.0,0.024878334019506027,correlated,5,204339,169683,0.024136270003896416,0.0007420640156096114,0.0007420640156096114,0.024878334019506027,0.0,0.0
forest,20.0,0.005635266197083062,0.001,0.024902263939061964,correlated,5,204339,169683,0.02416088958614215,0.0007413743529198144,0.0007420640156096114,0.024878334019506027,6.896626897970326e-07,0.002772141773063654
forest,20.0,0.005635266197083062,0.01,0.02516549079931969,correlated,5,204339,169683,0.024433052852619905,0.0007324379466997835,0.0007420640156096114,0.024878334019506027,9.626068909827923e-06,0.038692578459154615
forest,20.0,0.005635266197083062,0.1,0.027676540929850998,correlated,5,204339,169683,0.027028962701702075,0.0006475782281489227,0.0007420640156096114,0.024878334019506027,9.448578746068872e-05,0.37979145784684176
forest,20.0,0.005635266197083062,1.0,0.03409035625384574,correlated,5,204339,169683,0.03362216779089468,0.00046818846295106076,0.0007420640156096114,0.024878334019506027,0.0002738755526585507,1.1008596976140632
forest,20.0,0.005635266197083062,0.0,0.024872295908668244,correlated,6,204340,169683,0.024136270003896416,0.0007360259047718282,0.0007360259047718282,0.024872295908668244,0.0,0.0
forest,20.0,0.005635266197083062,0.001,0.02489593849386044,correlated,6,204340,169683,0.02416088958614215,0.0007350489077182915,0.0007360259047718282,0.024872295908668244,9.7699705353671e-07,0.003928053353515374
forest,20.0,0.005635266197083062,0.01,0.025157976692552698,correlated,6,204340,169683,0.024433052852619905,0.0007249238399327923,0.0007360259047718282,0.024872295908668244,1.1102064839035863e-05,0.044636268721644966
forest,20.0,0.005635266197083062,0.1,0.02766887443618953,correlated,6,204340,169683,0.027028962701702075,0.0006399117344874534,0.0007360259047718282,0.024872295908668244,9.611417028437472e-05,0.3864306320466297
forest,20.0,0.005635266197083062,1.0,0.034081818685301545,correlated,6,204340,169683,0.03362216779089468,0.00045965089440686696,0.0007360259047718282,0.024872295908668244,0.0002763750103649612,1.1111761108818337
forest,20.0,0.005635266197083062,0.0,0.024875148038190235,correlated,7,204341,169683,0.024136270003896416,0.0007388780342938196,0.0007388780342938196,0.024875148038190235,0.0,0.0
forest,20.0,0.005635266197083062,0.001,0.024898640839484003,correlated,7,204341,169683,0.02416088958614215,0.0007377512533418527,0.0007388780342938196,0.024875148038190235,1.126780951966888e-06,0.004529745713420349
forest,20.0,0.005635266197083062,0.01,0.02515994328530499,correlated,7,204341,169683,0.024433052852619905,0.0007268904326850831,0.0007388780342938196,0.024875148038190235,1.1987601608736548e-05,0.048191076452418546
forest,20.0,0.005635266197083062,0.1,0.027668998063312154,correlated,7,204341,169683,0.027028962701702075,0.0006400353616100793,0.0007388780342938196,0.024875148038190235,9.884267268374033e-05,0.3973551133524491
forest,20.0,0.005635266197083062,1.0,0.034079799102373895,correlated,7,204341,169683,0.03362216779089468,0.00045763131147921743,0.0007388780342938196,0.024875148038190235,0.0002812467228146022,1.1306333629967174
forest,20.0,0.005635266197083062,0.0,0.024885339329794375,correlated,8,204342,169683,0.024136270003896416,0.0007490693258979594,0.0007490693258979594,0.024885339329794375,0.0,0.0
forest,20.0,0.005635266197083062,0.001,0.024908649290251144,correlated,8,204342,169683,0.02416088958614215,0.000747759704108994,0.0007490693258979594,0.024885339329794375,1.309621788965487e-06,0.005262623794715635
forest,20.0,0.005635266197083062,0.01,0.025169242409590963,correlated,8,204342,169683,0.024433052852619905,0.0007361895569710578,0.0007490693258979594,0.024885339329794375,1.287976892690168e-05,0.051756452890643
forest,20.0,0.005635266197083062,0.1,0.027680168363118936,correlated,8,204342,169683,0.027028962701702075,0.0006512056614168607,0.0007490693258979594,0.024885339329794375,9.786366448109873e-05,0.39325830837247167
forest,20.0,0.005635266197083062,1.0,0.0341005215252976,correlated,8,204342,169683,0.03362216779089468,0.0004783537344029212,0.0007490693258979594,0.024885339329794375,0.0002707155914950382,1.0878517182641734
forest,20.0,0.005635266197083062,0.0,0.02487659169738331,correlated,9,204343,169683,0.024136270003896416,0.000740321693486895,0.000740321693486895,0.02487659169738331,0.0,0.0
forest,20.0,0.005635266197083062,0.001,0.024900336121421097,correlated,9,204343,169683,0.02416088958614215,0.0007394465352789474,0.000740321693486895,0.02487659169738331,8.751582079476183e-07,0.003517998842420497
forest,20.0,0.005635266197083062,0.01,0.02516295528269274,correlated,9,204343,169683,0.024433052852619905,0.000729902430072836,0.000740321693486895,0.02487659169738331,1.0419263414059021e-05,0.04188380603262058
forest,20.0,0.005635266197083062,0.1,0.027674275514111685,correlated,9,204343,169683,0.027028962701702075,0.0006453128124096104,0.000740321693486895,0.02487659169738331,9.500888107728464e-05,0.3819208122762184
forest,20.0,0.005635266197083062,1.0,0.03408694030629997,correlated,9,204343,169683,0.03362216779089468,0.0004647725154052901,0.000740321693486895,0.02487659169738331,0.00027554917808160495,1.1076645122192887
forest,10.0,0.011270532394166125,0.0,0.04165666170911457,white,0,205234,169683,0.024136270003896416,0.017520391705218154,0.017520391705218154,0.04165666170911457,0.0,0.0
forest,10.0,0.011270532394166125,0.001,0.04112055572427615,white,0,205234,169683,0.02416088958614215,0.016959666138134,0.017520391705218154,0.04165666170911457,0.0005607255670841554,1.3460645766568171
forest,10.0,0.011270532394166125,0.01,0.03780188447840463,white,0,205234,169683,0.024433052852619905,0.013368831625784724,0.017520391705218154,0.04165666170911457,0.004151560079433431,9.966137249363552
forest,10.0,0.011270532394166125,0.1,0.03197929602311654,white,0,205234,169683,0.027028962701702075,0.004950333321414466,0.017520391705218154,0.04165666170911457,0.012570058383803689,30.17538580402695
forest,10.0,0.011270532394166125,1.0,0.03468125617678802,white,0,205234,169683,0.03362216779089468,0.0010590883858933448,0.017520391705218154,0.04165666170911457,0.01646130331932481,39.51661665611347
forest,10.0,0.011270532394166125,0.0,0.041631362769268515,white,1,205235,169683,0.024136270003896416,0.0174950927653721,0.0174950927653721,0.041631362769268515,0.0,0.0
forest,10.0,0.011270532394166125,0.001,0.041091419335379076,white,1,205235,169683,0.02416088958614215,0.016930529749236926,0.0174950927653721,0.041631362769268515,0.0005645630161351736,1.356100253705659
forest,10.0,0.011270532394166125,0.01,0.037752531700855865,white,1,205235,169683,0.024433052852619905,0.01331947884823596,0.0174950927653721,0.041631362769268515,0.0041756139171361395,10.029971731356579
forest,10.0,0.011270532394166125,0.1,0.0319004551134564,white,1,205235,169683,0.027028962701702075,0.004871492411754323,0.0174950927653721,0.041631362769268515,0.012623600353617776,30.322332765278297
forest,10.0,0.011270532394166125,1.0,0.034617917826286856,white,1,205235,169683,0.03362216779089468,0.0009957500353921789,0.0174950927653721,0.041631362769268515,0.01649934272997992,39.63200249154328
forest,10.0,0.011270532394166125,0.0,0.04186654753408448,white,2,205236,169683,0.024136270003896416,0.017730277530188066,0.017730277530188066,0.04186654753408448,0.0,0.0
forest,10.0,0.011270532394166125,0.001,0.041318928291678374,white,2,205236,169683,0.02416088958614215,0.017158038705536224,0.017730277530188066,0.04186654753408448,0.0005722388246518426,1.3668163685719972
forest,10.0,0.011270532394166125,0.01,0.03793247682832797,white,2,205236,169683,0.024433052852619905,0.013499423975708063,0.017730277530188066,0.04186654753408448,0.004230853554480003,10.105570685128912
forest,10.0,0.011270532394166125,0.1,0.03202249404243504,white,2,205236,169683,0.027028962701702075,0.004993531340732965,0.017730277530188066,0.04186654753408448,0.012736746189455101,30.422251032488013
forest,10.0,0.011270532394166125,1.0,0.03469596249876196,white,2,205236,169683,0.03362216779089468,0.0010737947078672816,0.017730277530188066,0.04186654753408448,0.016656482822320785,39.7847059367873
forest,10.0,0.011270532394166125,0.0,0.041918068894741096,white,3,205237,169683,0.024136270003896416,0.01778179889084468,0.01778179889084468,0.041918068894741096,0.0,0.0
forest,10.0,0.011270532394166125,0.001,0.04137520846648109,white,3,205237,169683,0.02416088958614215,0.017214318880338943,0.01778179889084468,0.041918068894741096,0.0005674800105057373,1.353783763108733
forest,10.0,0.011270532394166125,0.01,0.03800479477011054,white,3,205237,169683,0.024433052852619905,0.013571741917490634,0.01778179889084468,0.041918068894741096,0.004210056973354047,10.043537511057021
forest,10.0,0.011270532394166125,0.1,0.03205279355562277,white,3,205237,169683,0.027028962701702075,0.005023830853920698,0.01778179889084468,0.041918068894741096,0.012757968036923983,30.435486112110848
forest,10.0,0.011270532394166125,1.0,0.034701303208579976,white,3,205237,169683,0.03362216779089468,0.001079135417685298,0.01778179889084468,0.041918068894741096,0.016702663473159383,39.845975526928065
forest,10.0,0.011270532394166125,0.0,0.04162877322951657,white,4,205238,169683,0.024136270003896416,0.017492503225620157,0.017492503225620157,0.04162877322951657,0.0,0.0
forest,10.0,0.011270532394166125,0.001,0.04108471247155206,white,4,205238,169683,0.02416088958614215,0.016923822885409907,0.017492503225620157,0.04162877322951657,0.0005686803402102508,1.3660751833230393
forest,10.0,0.011270532394166125,0.01,0.03773341343788302,white,4,205238,169683,0.024433052852619905,0.013300360585263116,0.017492503225620157,0.04162877322951657,0.004192142640357041,10.070300696213247
forest,10.0,0.011270532394166125,0.1,0.03193251668011404,white,4,205238,169683,0.027028962701702075,0.0049035539784119675,0.017492503225620157,0.04162877322951657,0.01258894924720819,30.240980626068723
forest,10.0,0.011270532394166125,1.0,0.034646577052817054,white,4,205238,169683,0.03362216779089468,0.0010244092619223766,0.017492503225620157,0.04162877322951657,0.01646809396369778,39.55940251446373
forest,10.0,0.011270532394166125,0.0,0.041683338349977256,white,5,205239,169683,0.024136270003896416,0.01754706834608084,0.01754706834608084,0.041683338349977256,0.0,0.0
forest,10.0,0.011270532394166125,0.001,0.0411374768403791,white,5,205239,169683,0.02416088958614215,0.01697658725423695,0.01754706834608084,0.041683338349977256,0.0005704810918438913,1.3686070128406655
forest,10.0,0.011270532394166125,0.01,0.037773694930255355,white,5,205239,169683,0.024433052852619905,0.01334064207763545,0.01754706834608084,0.041683338349977256,0.00420642626844539,10.091385275161594
forest,10.0,0.011270532394166125,0.1,0.03192609454959219,white,5,205239,169683,0.027028962701702075,0.004897131847890118,0.01754706834608084,0.041683338349977256,0.012649936498190722,30.347704859866685
forest,10.0,0.011270532394166125,1.0,0.034638791982558544,white,5,205239,169683,0.03362216779089468,0.001016624191663866,0.01754706834608084,0.041683338349977256,0.016530444154416974,39.65719831656908
forest,10.0,0.011270532394166125,0.0,0.04167764795656794,white,6,205240,169683,0.024136270003896416,0.017541377952671525,0.017541377952671525,0.04167764795656794,0.0,0.0
forest,10.0,0.011270532394166125,0.001,0.0411442602254719,white,6,205240,169683,0.02416088958614215,0.01698337063932975,0.017541377952671525,0.04167764795656794,0.0005580073133417754,1.3388646929482966
forest,10.0,0.011270532394166125,0.01,0.03783136588288078,white,6,205240,169683,0.024433052852619905,0.013398313030260876,0.017541377952671525,0.04167764795656794,0.00414306492241065,9.940735923313417
forest,10.0,0.011270532394166125,0.1,0.03197878258936447,white,6,205240,169683,0.027028962701702075,0.004949819887662396,0.017541377952671525,0.04167764795656794,0.01259155806500913,30.211777013258345
forest,10.0,0.011270532394166125,1.0,0.03464418131615969,white,6,205240,169683,0.03362216779089468,0.0010220135252650142,0.017541377952671525,0.04167764795656794,0.01651936442740651,39.63602851250448
forest,10.0,0.011270532394166125,0.0,0.041812144675872076,white,7,205241,169683,0.024136270003896416,0.01767587467197566,0.01767587467197566,0.041812144675872076,0.0,0.0
forest,10.0,0.011270532394166125,0.001,0.04126905389735626,white,7,205241,169683,0.02416088958614215,0.01710816431121411,0.01767587467197566,0.041812144675872076,0.0005677103607615516,1.357764269597852
forest,10.0,0.011270532394166125,0.01,0.03789609199070882,white,7,205241,169683,0.024433052852619905,0.013463039138088915,0.01767587467197566,0.041812144675872076,0.004212835533886745,10.075626511255676
forest,10.0,0.011270532394166125,0.1,0.03193809689778607,white,7,205241,169683,0.027028962701702075,0.004909134196083992,0.01767587467197566,0.041812144675872076,0.012766740475891668,30.533570030572445
forest,10.0,0.011270532394166125,1.0,0.03462012208957883,white,7,205241,169683,0.03362216779089468,0.0009979542986841491,0.01767587467197566,0.041812144675872076,0.01667792037329151,39.887741952915405
forest,10.0,0.011270532394166125,0.0,0.041848231967625375,white,8,205242,169683,0.024136270003896416,0.01771196196372896,0.01771196196372896,0.041848231967625375,0.0,0.0
forest,10.0,0.011270532394166125,0.001,0.04130057244359134,white,8,205242,169683,0.02416088958614215,0.017139682857449188,0.01771196196372896,0.041848231967625375,0.0005722791062797716,1.3675108346811358
forest,10.0,0.011270532394166125,0.01,0.03791836950324417,white,8,205242,169683,0.024433052852619905,0.013485316650624263,0.01771196196372896,0.041848231967625375,0.004226645313104696,10.099937594435323
forest,10.0,0.011270532394166125,0.1,0.03197429826538016,white,8,205242,169683,0.027028962701702075,0.0049453355636780855,0.01771196196372896,0.041848231967625375,0.012766626400050874,30.506967199778927
forest,10.0,0.011270532394166125,1.0,0.034630067814333185,white,8,205242,169683,0.03362216779089468,0.0010079000234385072,0.01771196196372896,0.041848231967625375,0.016704061940290452,39.91581281907692
forest,10.0,0.011270532394166125,0.0,0.04178475285542604,white,9,205243,169683,0.024136270003896416,0.01764848285152962,0.01764848285152962,0.04178475285542604,0.0,0.0
forest,10.0,0.011270532394166125,0.001,0.04123776493616081,white,9,205243,169683,0.02416088958614215,0.01707687535001866,0.01764848285152962,0.04178475285542604,0.0005716075015109595,1.3679810515780815
forest,10.0,0.011270532394166125,0.01,0.03785961559866063,white,9,205243,169683,0.024433052852619905,0.013426562746040722,0.01764848285152962,0.04178475285542604,0.004221920105488899,10.103972901542852
forest,10.0,0.011270532394166125,0.1,0.03197106415601095,white,9,205243,169683,0.027028962701702075,0.004942101454308873,0.01764848285152962,0.04178475285542604,0.012706381397220749,30.409133784240485
forest,10.0,0.011270532394166125,1.0,0.03467806205096769,white,9,205243,169683,0.03362216779089468,0.0010558942600730134,0.01764848285152962,0.04178475285542604,0.016592588591456608,39.709672685791524
forest,10.0,0.011270532394166125,0.0,0.026963353843388906,correlated,0,205334,169683,0.024136270003896416,0.0028270838394924905,0.0028270838394924905,0.026963353843388906,0.0,0.0
forest,10.0,0.011270532394166125,0.001,0.026984964902992892,correlated,0,205334,169683,0.02416088958614215,0.0028240753168507424,0.0028270838394924905,0.026963353843388906,3.0085226417481126e-06,0.011157820570921916
forest,10.0,0.011270532394166125,0.01,0.027222842211878942,correlated,0,205334,169683,0.024433052852619905,0.0027897893592590366,0.0028270838394924905,0.026963353843388906,3.7294480233453914e-05,0.13831543527586082
forest,10.0,0.011270532394166125,0.1,0.029511360745623282,correlated,0,205334,169683,0.027028962701702075,0.002482398043921207,0.0028270838394924905,0.026963353843388906,0.0003446857955712833,1.2783491162609808
forest,10.0,0.011270532394166125,1.0,0.0354329387802711,correlated,0,205334,169683,0.03362216779089468,0.0018107709893764243,0.0028270838394924905,0.026963353843388906,0.0010163128501160662,3.769237521486052
forest,10.0,0.011270532394166125,0.0,0.02696724630243936,correlated,1,205335,169683,0.024136270003896416,0.0028309762985429428,0.0028309762985429428,0.02696724630243936,0.0,0.0
forest,10.0,0.011270532394166125,0.001,0.02698843430676766,correlated,1,205335,169683,0.02416088958614215,0.0028275447206255085,0.0028309762985429428,0.02696724630243936,3.431577917434314e-06,0.012724984519920768
forest,10.0,0.011270532394166125,0.01,0.027224983499101404,correlated,1,205335,169683,0.024433052852619905,0.0027919306464814983,0.0028309762985429428,0.02696724630243936,3.9045652061444475e-05,0.14478916988240118
forest,10.0,0.011270532394166125,0.1,0.029519936975864677,correlated,1,205335,169683,0.027028962701702075,0.0024909742741626023,0.0028309762985429428,0.02696724630243936,0.00034000202438034047,1.2607962287554184
forest,10.0,0.011270532394166125,1.0,0.035463551759998053,correlated,1,205335,169683,0.03362216779089468,0.001841383969103376,0.0028309762985429428,0.02696724630243936,0.0009895923294395668,3.669608377293057
forest,10.0,0.011270532394166125,0.0,0.026963046326488417,correlated,2,205336,169683,0.024136270003896416,0.0028267763225920013,0.0028267763225920013,0.026963046326488417,0.0,0.0
forest,10.0,0.011270532394166125,0.001,0.02698355939710853,correlated,2,205336,169683,0.02416088958614215,0.0028226698109663807,0.0028267763225920013,0.026963046326488417,4.10651162562059e-06,0.015230147127649911
forest,10.0,0.011270532394166125,0.01,0.027217242844823075,correlated,2,205336,169683,0.024433052852619905,0.0027841899922031697,0.0028267763225920013,0.026963046326488417,4.2586330388831584e-05,0.15794331943492193
forest,10.0,0.011270532394166125,0.1,0.029509348060161714,correlated,2,205336,169683,0.027028962701702075,0.0024803853584596386,0.0028267763225920013,0.026963046326488417,0.00034639096413236273,1.2846877906079524
forest,10.0,0.011270532394166125,1.0,0.03544895595467686,correlated,2,205336,169683,0.03362216779089468,0.001826788163782185,0.0028267763225920013,0.026963046326488417,0.0009999881588098163,3.708735825697228
forest,10.0,0.011270532394166125,0.0,0.026963480236242822,correlated,3,205337,169683,0.024136270003896416,0.002827210232346406,0.002827210232346406,0.026963480236242822,0.0,0.0
forest,10.0,0.011270532394166125,0.001,0.026984899808663615,correlated,3,205337,169683,0.02416088958614215,0.002824010222521465,0.002827210232346406,0.026963480236242822,3.2000098249412856e-06,0.011867940625261012
forest,10.0,0.011270532394166125,0.01,0.02722227780978625,correlated,3,205337,169683,0.024433052852619905,0.002789224957166346,0.002827210232346406,0.026963480236242822,3.798527518006009e-05,0.14087675198916785
forest,10.0,0.011270532394166125,0.1,0.029515960912605083,correlated,3,205337,169683,0.027028962701702075,0.0024869982109030075,0.002827210232346406,0.026963480236242822,0.0003402120214433986,1.2617511480810417
forest,10.0,0.011270532394166125,1.0,0.035455411419247934,correlated,3,205337,169683,0.03362216779089468,0.0018332436283532566,0.002827210232346406,0.026963480236242822,0.0009939666039931495,3.6863438817408833
forest,10.0,0.011270532394166125,0.0,0.0269565485887057,correlated,4,205338,169683,0.024136270003896416,0.0028202785848092833,0.0028202785848092833,0.0269565485887057,0.0,0.0
forest,10.0,0.011270532394166125,0.001,0.026978369788022188,correlated,4,205338,169683,0.02416088958614215,0.0028174802018800377,0.0028202785848092833,0.0269565485887057,2.798382929245641e-06,0.010381087623428587
forest,10.0,0.011270532394166125,0.01,0.027218060966730424,correlated,4,205338,169683,0.024433052852619905,0.002785008114110518,0.0028202785848092833,0.0269565485887057,3.527047069876513e-05,0.13084193839838534
forest,10.0,0.011270532394166125,0.1,0.02951727006076931,correlated,4,205338,169683,0.027028962701702075,0.0024883073590672364,0.0028202785848092833,0.0269565485887057,0.00033197122574204693,1.2315049333917207
forest,10.0,0.011270532394166125,1.0,0.035463950893452625,correlated,4,205338,169683,0.03362216779089468,0.0018417831025579479,0.0028202785848092833,0.0269565485887057,0.0009784954822513355,3.629898979950672
forest,10.0,0.011270532394166125,0.0,0.026955853766343657,correlated,5,205339,169683,0.024136270003896416,0.0028195837624472413,0.0028195837624472413,0.026955853766343657,0.0,0.0
forest,10.0,0.011270532394166125,0.001,0.026977665706731595,correlated,5,205339,169683,0.02416088958614215,0.0028167761205894447,0.0028195837624472413,0.026955853766343657,2.8076418577965834e-06,0.010415703698846032
forest,10.0,0.011270532394166125,0.01,0.027216618568014498,correlated,5,205339,169683,0.024433052852619905,0.0027835657153945925,0.0028195837624472413,0.026955853766343657,3.6018047052648744e-05,0.1336186468618549
forest,10.0,0.011270532394166125,0.1,0.02950649618591545,correlated,5,205339,169683,0.027028962701702075,0.0024775334842133748,0.0028195837624472413,0.026955853766343657,0.0003420502782338665,1.2689276370127112
forest,10.0,0.011270532394166125,1.0,0.03542546030583703,correlated,5,205339,169683,0.03362216779089468,0.0018032925149423507,0.0028195837624472413,0.026955853766343657,0.0010162912475048906,3.770206116690706
forest,10.0,0.011270532394166125,0.0,0.026974871376693445,correlated,6,205340,169683,0.024136270003896416,0.002838601372797029,0.002838601372797029,0.026974871376693445,0.0,0.0
forest,10.0,0.011270532394166125,0.001,0.026995915116796294,correlated,6,205340,169683,0.02416088958614215,0.0028350255306541436,0.002838601372797029,0.026974871376693445,3.5758421428853937e-06,0.013256197195345876
forest,10.0,0.011270532394166125,0.01,0.02723195062329051,correlated,6,205340,169683,0.024433052852619905,0.0027988977706706053,0.002838601372797029,0.026974871376693445,3.970360212642368e-05,0.1471873640173424
forest,10.0,0.011270532394166125,0.1,0.029525631783760845,correlated,6,205340,169683,0.027028962701702075,0.0024966690820587695,0.002838601372797029,0.026974871376693445,0.0003419322907382595,1.267595629885718
forest,10.0,0.011270532394166125,1.0,0.03546572470024293,correlated,6,205340,169683,0.03362216779089468,0.0018435569093482526,0.002838601372797029,0.026974871376693445,0.0009950444634487764,3.6887829771396228
forest,10.0,0.011270532394166125,0.0,0.026957511195513904,correlated,7,205341,169683,0.024136270003896416,0.002821241191617488,0.002821241191617488,0.026957511195513904,0.0,0.0
forest,10.0,0.011270532394166125,0.001,0.026979353311457073,correlated,7,205341,169683,0.02416088958614215,0.002818463725314923,0.002821241191617488,0.026957511195513904,2.7774663025649515e-06,0.010303125842815786
forest,10.0,0.011270532394166125,0.01,0.027218791219529546,correlated,7,205341,169683,0.024433052852619905,0.002785738366909641,0.002821241191617488,0.026957511195513904,3.550282470784691e-05,0.13169919303884053
forest,10.0,0.011270532394166125,0.1,0.029514988874066537,correlated,7,205341,169683,0.027028962701702075,0.002486026172364462,0.002821241191617488,0.026957511195513904,0.0003352150192530261,1.2434939443104467
forest,10.0,0.011270532394166125,1.0,0.035456666758463186,correlated,7,205341,169683,0.03362216779089468,0.0018344989675685083,0.002821241191617488,0.026957511195513904,0.0009867422240489795,3.6603609913855357
forest,10.0,0.011270532394166125,0.0,0.02698079170213176,correlated,8,205342,169683,0.024136270003896416,0.0028445216982353437,0.0028445216982353437,0.02698079170213176,0.0,0.0
forest,10.0,0.011270532394166125,0.001,0.027001552726075517,correlated,8,205342,169683,0.02416088958614215,0.002840663139933367,0.0028445216982353437,0.02698079170213176,3.858558301976511e-06,0.014301130762117873
forest,10.0,0.011270532394166125,0.01,0.027236104981270902,correlated,8,205342,169683,0.024433052852619905,0.0028030521286509964,0.0028445216982353437,0.02698079170213176,4.146956958434728e-05,0.15370034371923472
forest,10.0,0.011270532394166125,0.1,0.029524892507114063,correlated,8,205342,169683,0.027028962701702075,0.002495929805411988,0.0028445216982353437,0.02698079170213176,0.0003485918928233557,1.2920002373237007
forest,10.0,0.011270532394166125,1.0,0.03545515347354525,correlated,8,205342,169683,0.03362216779089468,0.0018329856826505703,0.0028445216982353437,0.02698079170213176,0.0010115360155847734,3.74909686399177
forest,10.0,0.011270532394166125,0.0,0.02697640859147389,correlated,9,205343,169683,0.024136270003896416,0.0028401385875774753,0.0028401385875774753,0.02697640859147389,0.0,0.0
forest,10.0,0.011270532394166125,0.001,0.026997692156831902,correlated,9,205343,169683,0.02416088958614215,0.0028368025706897518,0.0028401385875774753,0.02697640859147389,3.3360168877234753e-06,0.012366423337678277
forest,10.0,0.011270532394166125,0.01,0.02723471775897843,correlated,9,205343,169683,0.024433052852619905,0.0028016649063585253,0.0028401385875774753,0.02697640859147389,3.847368121894998e-05,0.14261973045259216
forest,10.0,0.011270532394166125,0.1,0.029526817501034083,correlated,9,205343,169683,0.027028962701702075,0.0024978547993320076,0.0028401385875774753,0.02697640859147389,0.0003422837882454677,1.2688263787406053
forest,10.0,0.011270532394166125,1.0,0.03546079712233069,correlated,9,205343,169683,0.03362216779089468,0.001838629331436012,0.0028401385875774753,0.02697640859147389,0.0010015092561414633,3.712537392609031
forest,5.0,0.02254106478833225,0.0,0.07250020213845781,white,0,206234,169683,0.024136270003896416,0.0483639321345614,0.0483639321345614,0.07250020213845781,0.0,0.0
forest,5.0,0.02254106478833225,0.001,0.07118277200290199,white,0,206234,169683,0.02416088958614215,0.047021882416759836,0.0483639321345614,0.07250020213845781,0.0013420497178015661,1.8510978979597552
forest,5.0,0.02254106478833225,0.01,0.06278096813095091,white,0,206234,169683,0.024433052852619905,0.03834791527833101,0.0483639321345614,0.07250020213845781,0.010016016856230395,13.81515714549627
forest,5.0,0.02254106478833225,0.1,0.043475112588524094,white,0,206234,169683,0.027028962701702075,0.01644614988682202,0.0483639321345614,0.07250020213845781,0.03191778224773938,44.024404493085626
forest,5.0,0.02254106478833225,1.0,0.03758394570367384,white,0,206234,169683,0.03362216779089468,0.003961777912779164,0.0483639321345614,0.07250020213845781,0.04440215422178224,61.244179894815865
forest,5.0,0.02254106478833225,0.0,0.07232282712718985,white,1,206235,169683,0.024136270003896416,0.048186557123293436,0.048186557123293436,0.07232282712718985,0.0,0.0
forest,5.0,0.02254106478833225,0.001,0.07103477208693797,white,1,206235,169683,0.02416088958614215,0.04687388250079581,0.048186557123293436,0.07232282712718985,0.0013126746224976227,1.8150211691657185
forest,5.0,0.02254106478833225,0.01,0.06277965461157417,white,1,206235,169683,0.024433052852619905,0.03834660175895427,0.048186557123293436,0.07232282712718985,0.009839955364339167,13.605601101619305
forest,5.0,0.02254106478833225,0.1,0.04352003166373662,white,1,206235,169683,0.027028962701702075,0.016491068962034547,0.048186557123293436,0.07232282712718985,0.03169548816125889,43.825012683088175
forest,5.0,0.02254106478833225,1.0,0.037573490406502416,white,1,206235,169683,0.03362216779089468,0.0039513226156077386,0.048186557123293436,0.07232282712718985,0.0442352345076857,61.16358591719848
forest,5.0,0.02254106478833225,0.0,0.0725695728664132,white,2,206236,169683,0.024136270003896416,0.04843330286251679,0.04843330286251679,0.0725695728664132,0.0,0.0
forest,5.0,0.02254106478833225,0.001,0.07126054310470642,white,2,206236,169683,0.02416088958614215,0.047099653518564266,0.04843330286251679,0.0725695728664132,0.0013336493439525254,1.837752781606584
forest,5.0,0.02254106478833225,0.01,0.0628907798935067,white,2,206236,169683,0.024433052852619905,0.03845772704088679,0.04843330286251679,0.0725695728664132,0.00997557582163,13.746223696249585
forest,5.0,0.02254106478833225,0.1,0.043542829811790494,white,2,206236,169683,0.027028962701702075,0.01651386711008842,0.04843330286251679,0.0725695728664132,0.03191943575242837,43.98459918068691
forest,5.0,0.02254106478833225,1.0,0.03759700315082965,white,2,206236,169683,0.03362216779089468,0.003974835359934974,0.04843330286251679,0.0725695728664132,0.04445846750258182,61.263234364657784
forest,5.0,0.02254106478833225,0.0,0.07255309888946161,white,3,206237,169683,0.024136270003896416,0.0484168288855652,0.0484168288855652,0.07255309888946161,0.0,0.0
forest,5.0,0.02254106478833225,0.001,0.07123297841981119,white,3,206237,169683,0.02416088958614215,0.047072088833669035,0.0484168288855652,0.07255309888946161,0.001344740051896165,1.8534563960458061
forest,5.0,0.02254106478833225,0.01,0.06282517219983268,white,3,206237,169683,0.024433052852619905,0.038392119347212775,0.0484168288855652,0.07255309888946161,0.010024709538352425,13.817065972089749
forest,5.0,0.02254106478833225,0.1,0.043522275639814006,white,3,206237,169683,0.027028962701702075,0.01649331293811193,0.0484168288855652,0.07255309888946161,0.03192351594745327,44.00021010279711
forest,5.0,0.02254106478833225,1.0,0.037603648654300666,white,3,206237,169683,0.03362216779089468,0.003981480863405988,0.0484168288855652,0.07255309888946161,0.04443534802215921,61.2452792538314
forest,5.0,0.02254106478833225,0.0,0.07259874721170152,white,4,206238,169683,0.024136270003896416,0.04846247720780511,0.04846247720780511,0.07259874721170152,0.0,0.0
forest,5.0,0.02254106478833225,0.001,0.07128529184726162,white,4,206238,169683,0.02416088958614215,0.04712440226111947,0.04846247720780511,0.07259874721170152,0.0013380749466856412,1.843110243739811
forest,5.0,0.02254106478833225,0.01,0.06292525544884767,white,4,206238,169683,0.024433052852619905,0.038492202596227765,0.04846247720780511,0.07259874721170152,0.009970274611577346,13.73339760602691
forest,5.0,0.02254106478833225,0.1,0.043641045576003505,white,4,206238,169683,0.027028962701702075,0.01661208287430143,0.04846247720780511,0.07259874721170152,0.03185039433350368,43.87182362889316
forest,5.0,0.02254106478833225,1.0,0.03762166661307837,white,4,206238,169683,0.03362216779089468,0.003999498822183693,0.04846247720780511,0.07259874721170152,0.04446297838562142,61.24482872406212
forest,5.0,0.02254106478833225,0.0,0.072405185811283,white,5,206239,169683,0.024136270003896416,0.048268915807386584,0.048268915807386584,0.072405185811283,0.0,0.0
forest,5.0,0.02254106478833225,0.001,0.07109492197143477,white,5,206239,169683,0.02416088958614215,0.04693403238529262,0.048268915807386584,0.072405185811283,0.001334883422093966,1.8436295786509111
forest,5.0,0.02254106478833225,0.01,0.06273333183001836,white,5,206239,169683,0.024433052852619905,0.03830027897739846,0.048268915807386584,0.072405185811283,0.009968636829988123,13.767849247663552
forest,5.0,0.02254106478833225,0.1,0.043511331182247155,white,5,206239,169683,0.027028962701702075,0.01648236848054508,0.048268915807386584,0.072405185811283,0.031786547326841504,43.90092639177809
forest,5.0,0.02254106478833225,1.0,0.037646561416804565,white,5,206239,169683,0.03362216779089468,0.0040243936259098875,0.048268915807386584,0.072405185811283,0.044244522181476696,61.106841569049614
forest,5.0,0.02254106478833225,0.0,0.07246888488627944,white,6,206240,169683,0.024136270003896416,0.048332614882383024,0.048332614882383024,0.07246888488627944,0.0,0.0
forest,5.0,0.02254106478833225,0.001,0.07117965720252956,white,6,206240,169683,0.02416088958614215,0.0470187676163874,0.048332614882383024,0.07246888488627944,0.0013138472659956213,1.812981209876975
forest,5.0,0.02254106478833225,0.01,0.06290386901458658,white,6,206240,169683,0.024433052852619905,0.03847081616196668,0.048332614882383024,0.07246888488627944,0.009861798720416343,13.608321331136532
forest,5.0,0.02254106478833225,0.1,0.04358628644130267,white,6,206240,169683,0.027028962701702075,0.016557323739600595,0.048332614882383024,0.07246888488627944,0.03177529114278243,43.846805691360174
forest,5.0,0.02254106478833225,1.0,0.03761967872590684,white,6,206240,169683,0.03362216779089468,0.003997510935012161,0.048332614882383024,0.07246888488627944,0.04433510394737086,61.17812357254147
forest,5.0,0.02254106478833225,0.0,0.07226193658803601,white,7,206241,169683,0.024136270003896416,0.048125666584139595,0.048125666584139595,0.07226193658803601,0.0,0.0
forest,5.0,0.02254106478833225,0.001,0.0709811425489062,white,7,206241,169683,0.02416088958614215,0.04682025296276404,0.048125666584139595,0.07226193658803601,0.0013054136213755535,1.8065024036342852
forest,5.0,0.02254106478833225,0.01,0.06277734641162871,white,7,206241,169683,0.024433052852619905,0.03834429355900881,0.048125666584139595,0.07226193658803601,0.009781373025130782,13.535996247781474
forest,5.0,0.02254106478833225,0.1,0.043591414435893414,white,7,206241,169683,0.027028962701702075,0.01656245173419134,0.048125666584139595,0.07226193658803601,0.03156321484994826,43.67889422876884
forest,5.0,0.02254106478833225,1.0,0.037601550683896985,white,7,206241,169683,0.03362216779089468,0.003979382893002308,0.048125666584139595,0.07226193658803601,0.04414628369113729,61.0920296017175
forest,5.0,0.02254106478833225,0.0,0.07247318104690335,white,8,206242,169683,0.024136270003896416,0.04833691104300694,0.04833691104300694,0.07247318104690335,0.0,0.0
forest,5.0,0.02254106478833225,0.001,0.07117760901420182,white,8,206242,169683,0.02416088958614215,0.04701671942805967,0.04833691104300694,0.07247318104690335,0.001320191614947272,1.821627802004258
forest,5.0,0.02254106478833225,0.01,0.06288598621496527,white,8,206242,169683,0.024433052852619905,0.03845293336234537,0.04833691104300694,0.07247318104690335,0.009883977680661571,13.638117629009324
forest,5.0,0.02254106478833225,0.1,0.043614991898539526,white,8,206242,169683,0.027028962701702075,0.01658602919683745,0.04833691104300694,0.07247318104690335,0.03175088184616949,43.81052602840889
forest,5.0,0.02254106478833225,1.0,0.037633140000999744,white,8,206242,169683,0.03362216779089468,0.004010972210105067,0.04833691104300694,0.07247318104690335,0.044325938832901875,61.16185075995894
forest,5.0,0.02254106478833225,0.0,0.07245493405794157,white,9,206243,169683,0.024136270003896416,0.048318664054045155,0.048318664054045155,0.07245493405794157,0.0,0.0
forest,5.0,0.02254106478833225,0.001,0.07116535897360683,white,9,206243,169683,0.02416088958614215,0.04700446938746468,0.048318664054045155,0.07245493405794157,0.001314194666580476,1.8138097614298099
forest,5.0,0.02254106478833225,0.01,0.06289063884480259,white,9,206243,169683,0.024433052852619905,0.038457585992182686,0.048318664054045155,0.07245493405794157,0.009861078061862469,13.609946914004025
forest,5.0,0.02254106478833225,0.1,0.043574122597380804,white,9,206243,169683,0.027028962701702075,0.01654515989567873,0.048318664054045155,0.07245493405794157,0.031773504158366425,43.85278183119653
forest,5.0,0.02254106478833225,1.0,0.037645507313979906,white,9,206243,169683,0.03362216779089468,0.004023339523085229,0.048318664054045155,0.07245493405794157,0.044295324530959926,61.135000820699595
forest,5.0,0.02254106478833225,0.0,0.03409258966930085,correlated,0,206334,169683,0.024136270003896416,0.009956319665404435,0.009956319665404435,0.03409258966930085,0.0,0.0
forest,5.0,0.02254106478833225,0.001,0.03410645472714042,correlated,0,206334,169683,0.02416088958614215,0.009945565140998269,0.009956319665404435,0.03409258966930085,1.0754524406166033e-05,0.0315450498494988
forest,5.0,0.02254106478833225,0.01,0.03427255353471652,correlated,0,206334,169683,0.024433052852619905,0.009839500682096613,0.009956319665404435,0.03409258966930085,0.00011681898330782176,0.3426521259926847
forest,5.0,0.02254106478833225,0.1,0.035980865945012576,correlated,0,206334,169683,0.027028962701702075,0.0089519032433105,0.009956319665404435,0.03409258966930085,0.0010044164220939338,2.946142935566947
forest,5.0,0.02254106478833225,1.0,0.040508942147510864,correlated,0,206334,169683,0.03362216779089468,0.006886774356616186,0.009956319665404435,0.03409258966930085,0.0030695453087882484,9.003555724463675
forest,5.0,0.02254106478833225,0.0,0.0341062626161657,correlated,1,206335,169683,0.024136270003896416,0.009969992612269284,0.009969992612269284,0.0341062626161657,0.0,0.0
forest,5.0,0.02254106478833225,0.001,0.03411908706856022,correlated,1,206335,169683,0.02416088958614215,0.00995819748241807,0.009969992612269284,0.0341062626161657,1.1795129851215058e-05,0.034583472202622395
forest,5.0,0.02254106478833225,0.01,0.034279613701583174,correlated,1,206335,169683,0.024433052852619905,0.009846560848963268,0.009969992612269284,0.0341062626161657,0.00012343176330601585,0.36190351518466174
forest,5.0,0.02254106478833225,0.1,0.0359714912321822,correlated,1,206335,169683,0.027028962701702075,0.008942528530480123,0.009969992612269284,0.0341062626161657,0.001027464081789161,3.0125378830049914
forest,5.0,0.02254106478833225,1.0,0.040460572295244746,correlated,1,206335,169683,0.03362216779089468,0.006838404504350068,0.009969992612269284,0.0341062626161657,0.0031315881079192164,9.181856549814125
forest,5.0,0.02254106478833225,0.0,0.03408967722738557,correlated,2,206336,169683,0.024136270003896416,0.009953407223489152,0.009953407223489152,0.03408967722738557,0.0,0.0
forest,5.0,0.02254106478833225,0.001,0.03410444602375046,correlated,2,206336,169683,0.02416088958614215,0.009943556437608313,0.009953407223489152,0.03408967722738557,9.85078588083832e-06,0.028896682755695905
forest,5.0,0.02254106478833225,0.01,0.03427514523491817,correlated,2,206336,169683,0.024433052852619905,0.009842092382298263,0.009953407223489152,0.03408967722738557,0.00011131484119088902,0.32653533340428775
forest,5.0,0.02254106478833225,0.1,0.03598789128308283,correlated,2,206336,169683,0.027028962701702075,0.008958928581380754,0.009953407223489152,0.03408967722738557,0.0009944786421083977,2.9172427637698317
forest,5.0,0.02254106478833225,1.0,0.040508578335352305,correlated,2,206336,169683,0.03362216779089468,0.006886410544457627,0.009953407223489152,0.03408967722738557,0.0030669966790315244,8.996848689924487
forest,5.0,0.02254106478833225,0.0,0.03407386135847246,correlated,3,206337,169683,0.024136270003896416,0.009937591354576041,0.009937591354576041,0.03407386135847246,0.0,0.0
forest,5.0,0.02254106478833225,0.001,0.03408907707805817,correlated,3,206337,169683,0.02416088958614215,0.009928187491916023,0.009937591354576041,0.03407386135847246,9.403862660017914e-06,0.027598464879236957
forest,5.0,0.02254106478833225,0.01,0.03426118336629809,correlated,3,206337,169683,0.024433052852619905,0.009828130513678184,0.009937591354576041,0.03407386135847246,0.00010946084089785701,0.32124577765425344
forest,5.0,0.02254106478833225,0.1,0.035971410037301456,correlated,3,206337,169683,0.027028962701702075,0.00894244733559938,0.009937591354576041,0.03407386135847246,0.0009951440189766604,2.9205495922733693
forest,5.0,0.02254106478833225,1.0,0.040482830086787346,correlated,3,206337,169683,0.03362216779089468,0.006860662295892668,0.009937591354576041,0.03407386135847246,0.003076929058683373,9.030174262648679
forest,5.0,0.02254106478833225,0.0,0.03407815340989482,correlated,4,206338,169683,0.024136270003896416,0.009941883405998404,0.009941883405998404,0.03407815340989482,0.0,0.0
forest,5.0,0.02254106478833225,0.001,0.03409260855076456,correlated,4,206338,169683,0.02416088958614215,0.009931718964622412,0.009941883405998404,0.03407815340989482,1.0164441375991318e-05,0.029826854917085983
forest,5.0,0.02254106478833225,0.01,0.034261368963094244,correlated,4,206338,169683,0.024433052852619905,0.009828316110474338,0.009941883405998404,0.03407815340989482,0.00011356729552406547,0.3332554266015202
forest,5.0,0.02254106478833225,0.1,0.03597051701900307,correlated,4,206338,169683,0.027028962701702075,0.008941554317300995,0.009941883405998404,0.03407815340989482,0.0010003290886974082,2.935396987816118
forest,5.0,0.02254106478833225,1.0,0.04048916225855725,correlated,4,206338,169683,0.03362216779089468,0.00686699446766257,0.009941883405998404,0.03407815340989482,0.003074888938335834,9.023050343575893
forest,5.0,0.02254106478833225,0.0,0.03408364484026784,correlated,5,206339,169683,0.024136270003896416,0.009947374836371422,0.009947374836371422,0.03408364484026784,0.0,0.0
forest,5.0,0.02254106478833225,0.001,0.03409907509051037,correlated,5,206339,169683,0.02416088958614215,0.00993818550436822,0.009947374836371422,0.03408364484026784,9.189332003202433e-06,0.026961118877596602
forest,5.0,0.02254106478833225,0.01,0.034271598331691924,correlated,5,206339,169683,0.024433052852619905,0.009838545479072019,0.009947374836371422,0.03408364484026784,0.00010882935729940313,0.31930081952628375
forest,5.0,0.02254106478833225,0.1,0.03597275448187389,correlated,5,206339,169683,0.027028962701702075,0.008943791780171816,0.009947374836371422,0.03408364484026784,0.0010035830561996063,2.9444710532071134
forest,5.0,0.02254106478833225,1.0,0.04045080348505345,correlated,5,206339,169683,0.03362216779089468,0.006828635694158772,0.009947374836371422,0.03408364484026784,0.0031187391422126502,9.150251262236022
forest,5.0,0.02254106478833225,0.0,0.034104154387257356,correlated,6,206340,169683,0.024136270003896416,0.00996788438336094,0.00996788438336094,0.034104154387257356,0.0,0.0
forest,5.0,0.02254106478833225,0.001,0.034118574736920426,correlated,6,206340,169683,0.02416088958614215,0.009957685150778276,0.00996788438336094,0.034104154387257356,1.0199232582663864e-05,0.02990612951973586
forest,5.0,0.02254106478833225,0.01,0.03428641200311037,correlated,6,206340,169683,0.024433052852619905,0.009853359150490463,0.00996788438336094,0.034104154387257356,0.00011452523287047711,0.33581021118432486
forest,5.0,0.02254106478833225,0.1,0.035981907639236116,correlated,6,206340,169683,0.027028962701702075,0.00895294493753404,0.00996788438336094,0.034104154387257356,0.0010149394458268991,2.975999446583904
forest,5.0,0.02254106478833225,1.0,0.0404564514987568,correlated,6,206340,169683,0.03362216779089468,0.00683428370786212,0.00996788438336094,0.034104154387257356,0.0031336006754988203,9.18832538674425
forest,5.0,0.02254106478833225,0.0,0.034059342068272026,correlated,7,206341,169683,0.024136270003896416,0.00992307206437561,0.00992307206437561,0.034059342068272026,0.0,0.0
forest,5.0,0.02254106478833225,0.001,0.034074097551159754,correlated,7,206341,169683,0.02416088958614215,0.009913207965017604,0.00992307206437561,0.034059342068272026,9.86409935800625e-06,0.028961508822553418
forest,5.0,0.02254106478833225,0.01,0.03424328428241421,correlated,7,206341,169683,0.024433052852619905,0.009810231429794303,0.00992307206437561,0.034059342068272026,0.00011284063458130711,0.3313059728374019
forest,5.0,0.02254106478833225,0.1,0.03594130041442767,correlated,7,206341,169683,0.027028962701702075,0.008912337712725593,0.00992307206437561,0.034059342068272026,0.0010107343516500174,2.9675686324885495
forest,5.0,0.02254106478833225,1.0,0.040412147963166,correlated,7,206341,169683,0.03362216779089468,0.006789980172271323,0.00992307206437561,0.034059342068272026,0.0031330918921042873,9.198920771352533
forest,5.0,0.02254106478833225,0.0,0.03408048378298098,correlated,8,206342,169683,0.024136270003896416,0.009944213779084565,0.009944213779084565,0.03408048378298098,0.0,0.0
forest,5.0,0.02254106478833225,0.001,0.03409529698304561,correlated,8,206342,169683,0.02416088958614215,0.009934407396903457,0.009944213779084565,0.03408048378298098,9.806382181107298e-06,0.028774187137579257
forest,5.0,0.02254106478833225,0.01,0.03426581773921079,correlated,8,206342,169683,0.024433052852619905,0.009832764886590881,0.009944213779084565,0.03408048378298098,0.00011144889249368323,0.32701675599258445
forest,5.0,0.02254106478833225,0.1,0.03597609276606102,correlated,8,206342,169683,0.027028962701702075,0.008947130064358946,0.009944213779084565,0.03408048378298098,0.0009970837147256183,2.9256735939398233
forest,5.0,0.02254106478833225,1.0,0.04049283617345841,correlated,8,206342,169683,0.03362216779089468,0.006870668382563734,0.009944213779084565,0.03408048378298098,0.0030735453965208305,9.018491099165937
forest,5.0,0.02254106478833225,0.0,0.034095090776570615,correlated,9,206343,169683,0.024136270003896416,0.009958820772674199,0.009958820772674199,0.034095090776570615,0.0,0.0
forest,5.0,0.02254106478833225,0.001,0.034109539335863054,correlated,9,206343,169683,0.02416088958614215,0.009948649749720904,0.009958820772674199,0.034095090776570615,1.0171022953295306e-05,0.02983134146774176
forest,5.0,0.02254106478833225,0.01,0.03427778491265907,correlated,9,206343,169683,0.024433052852619905,0.009844732060039166,0.009958820772674199,0.034095090776570615,0.00011408871263503262,0.334619178410963
forest,5.0,0.02254106478833225,0.1,0.035975051490387974,correlated,9,206343,169683,0.027028962701702075,0.0089460887886859,0.009958820772674199,0.034095090776570615,0.0010127319839883,2.970316139132343
forest,5.0,0.02254106478833225,1.0,0.04045214192287403,correlated,9,206343,169683,0.03362216779089468,0.006829974131979354,0.009958820772674199,0.034095090776570615,0.0031288466406948455,9.176824491240009
agriculture,inf,0.0,0.0,0.015498567326105899,none,0,301234,169654,0.015498567326105899,0.0,0.0,0.015498567326105899,0.0,0.0
agriculture,inf,0.0,0.001,0.015508480582074954,none,0,301234,169654,0.015508480582074954,0.0,0.0,0.015498567326105899,0.0,0.0
agriculture,inf,0.0,0.01,0.015634734365610414,none,0,301234,169654,0.015634734365610414,0.0,0.0,0.015498567326105899,0.0,0.0
agriculture,inf,0.0,0.1,0.01718790141847538,none,0,301234,169654,0.01718790141847538,0.0,0.0,0.015498567326105899,0.0,0.0
agriculture,inf,0.0,1.0,0.0221326439975045,none,0,301234,169654,0.0221326439975045,0.0,0.0,0.015498567326105899,0.0,0.0
agriculture,100.0,0.0013172875992319513,0.0,0.015985280338579395,white,0,302234,169654,0.015498567326105899,0.0004867130124734959,0.0004867130124734959,0.015985280338579395,0.0,0.0
agriculture,100.0,0.0013172875992319513,0.001,0.015976728960308283,white,0,302234,169654,0.015508480582074954,0.0004682483782333293,0.0004867130124734959,0.015985280338579395,1.8464634240166616e-05,0.1155102309691965
agriculture,100.0,0.0013172875992319513,0.01,0.015987213446844086,white,0,302234,169654,0.015634734365610414,0.00035247908123367186,0.0004867130124734959,0.015985280338579395,0.00013423393123982406,0.8397346083187515
agriculture,100.0,0.0013172875992319513,0.1,0.017298629834165823,white,0,302234,169654,0.01718790141847538,0.00011072841569044131,0.0004867130124734959,0.015985280338579395,0.0003759845967830546,2.3520675822972037
agriculture,100.0,0.0013172875992319513,1.0,0.022153519493944736,white,0,302234,169654,0.0221326439975045,2.0875496440236202e-05,0.0004867130124734959,0.015985280338579395,0.0004658375160332597,2.9141654457506907
agriculture,100.0,0.0013172875992319513,0.0,0.015991523806291406,white,1,302235,169654,0.015498567326105899,0.0004929564801855069,0.0004929564801855069,0.015991523806291406,0.0,0.0
agriculture,100.0,0.0013172875992319513,0.001,0.01598237808825989,white,1,302235,169654,0.015508480582074954,0.0004738975061849369,0.0004929564801855069,0.015991523806291406,1.905897400057005e-05,0.11918172546553596
agriculture,100.0,0.0013172875992319513,0.01,0.01599024277501694,white,1,302235,169654,0.015634734365610414,0.00035550840940652695,0.0004929564801855069,0.015991523806291406,0.00013744807077897998,0.8595057759592928
agriculture,100.0,0.0013172875992319513,0.1,0.01729950176538895,white,1,302235,169654,0.01718790141847538,0.00011160034691356721,0.0004929564801855069,0.015991523806291406,0.0003813561332719397,2.3847391774003808
agriculture,100.0,0.0013172875992319513,1.0,0.022150878626563165,white,1,302235,169654,0.0221326439975045,1.8234629058665186e-05,0.0004929564801855069,0.015991523806291406,0.00047472185112684175,2.9685842129695987
agriculture,100.0,0.0013172875992319513,0.0,0.01598960676752738,white,2,302236,169654,0.015498567326105899,0.0004910394414214796,0.0004910394414214796,0.01598960676752738,0.0,0.0
agriculture,100.0,0.0013172875992319513,0.001,0.015981206199229457,white,2,302236,169654,0.015508480582074954,0.0004727256171545031,0.0004910394414214796,0.01598960676752738,1.8313824266976558e-05,0.11453580149431401
agriculture,100.0,0.0013172875992319513,0.01,0.015992425431758227,white,2,302236,169654,0.015634734365610414,0.0003576910661478132,0.0004910394414214796,0.01598960676752738,0.00013334837527366646,0.8339690726133308
agriculture,100.0,0.0013172875992319513,0.1,0.017303241280997125,white,2,302236,169654,0.01718790141847538,0.00011533986252174402,0.0004910394414214796,0.01598960676752738,0.0003756995788997356,2.3496486459112185
agriculture,100.0,0.0013172875992319513,1.0,0.022153116574770503,white,2,302236,169654,0.0221326439975045,2.0472577266002906e-05,0.0004910394414214796,0.01598960676752738,0.00047056686415547673,2.9429545766637064
agriculture,100.0,0.0013172875992319513,0.0,0.01599809090733789,white,3,302237,169654,0.015498567326105899,0.0004995235812319896,0.0004995235812319896,0.01599809090733789,0.0,0.0
agriculture,100.0,0.0013172875992319513,0.001,0.015988732131381852,white,3,302237,169654,0.015508480582074954,0.0004802515493068978,0.0004995235812319896,0.01599809090733789,1.9272031925091776e-05,0.12046457315886497
agriculture,100.0,0.0013172875992319513,0.01,0.015995956539808395,white,3,302237,169654,0.015634734365610414,0.0003612221741979803,0.0004995235812319896,0.01599809090733789,0.00013830140703400932,0.8644869430675272
agriculture,100.0,0.0013172875992319513,0.1,0.017306881209246613,white,3,302237,169654,0.01718790141847538,0.00011897979077123144,0.0004995235812319896,0.01599809090733789,0.00038054379046075816,2.378682510712657
agriculture,100.0,0.0013172875992319513,1.0,0.022158433728474772,white,3,302237,169654,0.0221326439975045,2.578973097027218e-05,0.0004995235812319896,0.01599809090733789,0.0004737338502617174,2.961189888253658
agriculture,100.0,0.0013172875992319513,0.0,0.015996884336094433,white,4,302238,169654,0.015498567326105899,0.0004983170099885342,0.0004983170099885342,0.015996884336094433,0.0,0.0
agriculture,100.0,0.0013172875992319513,0.001,0.015987968162858378,white,4,302238,169654,0.015508480582074954,0.00047948758078342375,0.0004983170099885342,0.015996884336094433,1.882942920511041e-05,0.11770685346911454
agriculture,100.0,0.0013172875992319513,0.01,0.015996669094834663,white,4,302238,169654,0.015634734365610414,0.0003619347292242482,0.0004983170099885342,0.015996884336094433,0.00013638228076428595,0.8525552720073181
agriculture,100.0,0.0013172875992319513,0.1,0.01730400138403455,white,4,302238,169654,0.01718790141847538,0.0001160999655591688,0.0004983170099885342,0.015996884336094433,0.00038221704442936537,2.3893217979138175
agriculture,100.0,0.0013172875992319513,1.0,0.022152934672253,white,4,302238,169654,0.0221326439975045,2.0290674748499327e-05,0.0004983170099885342,0.015996884336094433,0.00047802633524003484,2.9882464934840107
agriculture,100.0,0.0013172875992319513,0.0,0.015999262573812807,white,5,302239,169654,0.015498567326105899,0.0005006952477069077,0.0005006952477069077,0.015999262573812807,0.0,0.0
agriculture,100.0,0.0013172875992319513,0.001,0.015991045545468537,white,5,302239,169654,0.015508480582074954,0.0004825649633935832,0.0005006952477069077,0.015999262573812807,1.8130284313324502e-05,0.11331949975619313
agriculture,100.0,0.0013172875992319513,0.01,0.016003513164343973,white,5,302239,169654,0.015634734365610414,0.0003687787987335586,0.0005006952477069077,0.015999262573812807,0.0001319164489733491,0.8245158073051857
agriculture,100.0,0.0013172875992319513,0.1,0.017311945370690036,white,5,302239,169654,0.01718790141847538,0.0001240439522146551,0.0005006952477069077,0.015999262573812807,0.0003766512954922526,2.3541790989088835
agriculture,100.0,0.0013172875992319513,1.0,0.02215488324118418,white,5,302239,169654,0.0221326439975045,2.2239243679680887e-05,0.0005006952477069077,0.015999262573812807,0.00047845600402722684,2.990487854173677
agriculture,100.0,0.0013172875992319513,0.0,0.016003851649348342,white,6,302240,169654,0.015498567326105899,0.0005052843232424432,0.0005052843232424432,0.016003851649348342,0.0,0.0
agriculture,100.0,0.0013172875992319513,0.001,0.01599495731501613,white,6,302240,169654,0.015508480582074954,0.00048647673294117434,0.0005052843232424432,0.016003851649348342,1.880759030126883e-05,0.11751914922327246
agriculture,100.0,0.0013172875992319513,0.01,0.01600392013042925,white,6,302240,169654,0.015634734365610414,0.0003691857648188343,0.0005052843232424432,0.016003851649348342,0.00013609855842360886,0.8504112722711388
agriculture,100.0,0.0013172875992319513,0.1,0.017312724652241446,white,6,302240,169654,0.01718790141847538,0.00012482323376606513,0.0005052843232424432,0.016003851649348342,0.00038046108947637804,2.377309524059916
agriculture,100.0,0.0013172875992319513,1.0,0.022159219633702137,white,6,302240,169654,0.0221326439975045,2.6575636197637142e-05,0.0005052843232424432,0.016003851649348342,0.00047870868704480603,2.9912092259634164
agriculture,100.0,0.0013172875992319513,0.0,0.015995607645995953,white,7,302241,169654,0.015498567326105899,0.0004970403198900544,0.0004970403198900544,0.015995607645995953,0.0,0.0
agriculture,100.0,0.0013172875992319513,0.001,0.015986817069511064,white,7,302241,169654,0.015508480582074954,0.0004783364874361099,0.0004970403198900544,0.015995607645995953,1.870383245394444e-05,0.11693105299832993
agriculture,100.0,0.0013172875992319513,0.01,0.015996198798525832,white,7,302241,169654,0.015634734365610414,0.00036146443291541763,0.0004970403198900544,0.015995607645995953,0.00013557588697463673,0.8475819735961972
agriculture,100.0,0.0013172875992319513,0.1,0.017305266947725564,white,7,302241,169654,0.01718790141847538,0.00011736552925018309,0.0004970403198900544,0.015995607645995953,0.00037967479063987127,2.373619052446014
agriculture,100.0,0.0013172875992319513,1.0,0.022156577881064888,white,7,302241,169654,0.0221326439975045,2.3933883560388336e-05,0.0004970403198900544,0.015995607645995953,0.000473106436329666,2.9577271886141494
agriculture,100.0,0.0013172875992319513,0.0,0.016001182974028028,white,8,302242,169654,0.015498567326105899,0.0005026156479221288,0.0005026156479221288,0.016001182974028028,0.0,0.0
agriculture,100.0,0.0013172875992319513,0.001,0.01599229414559077,white,8,302242,169654,0.015508480582074954,0.0004838135635158152,0.0005026156479221288,0.016001182974028028,1.880208440631359e-05,0.11750433975307817
agriculture,100.0,0.0013172875992319513,0.01,0.016001022230180878,white,8,302242,169654,0.015634734365610414,0.0003662878645704637,0.0005026156479221288,0.016001182974028028,0.0001363277833516651,0.851985653641625
agriculture,100.0,0.0013172875992319513,0.1,0.017308028440806127,white,8,302242,169654,0.01718790141847538,0.00012012702233074601,0.0005026156479221288,0.016001182974028028,0.0003824886255913828,2.3903771753139185
agriculture,100.0,0.0013172875992319513,1.0,0.02215630722380122,white,8,302242,169654,0.0221326439975045,2.36632262967211e-05,0.0005026156479221288,0.016001182974028028,0.0004789524216254077,2.9932313279762437
agriculture,100.0,0.0013172875992319513,0.0,0.01599614379629638,white,9,302243,169654,0.015498567326105899,0.0004975764701904816,0.0004975764701904816,0.01599614379629638,0.0,0.0
agriculture,100.0,0.0013172875992319513,0.001,0.015987623986756627,white,9,302243,169654,0.015508480582074954,0.00047914340468167317,0.0004975764701904816,0.01599614379629638,1.8433065508808438e-05,0.11523443239536446
agriculture,100.0,0.0013172875992319513,0.01,0.01599785646331649,white,9,302243,169654,0.015634734365610414,0.0003631220977060763,0.0004975764701904816,0.01599614379629638,0.0001344543724844053,0.8405424094495562
agriculture,100.0,0.0013172875992319513,0.1,0.01730600709165836,white,9,302243,169654,0.01718790141847538,0.0001181056731829784,0.0004975764701904816,0.01599614379629638,0.0003794707970075032,2.3722642271780705
agriculture,100.0,0.0013172875992319513,1.0,0.022156860547176204,white,9,302243,169654,0.0221326439975045,2.42165496717045e-05,0.0004975764701904816,0.01599614379629638,0.0004733599205187771,2.9592127111808977
agriculture,100.0,0.0013172875992319513,0.0,0.015564277889286333,correlated,0,302334,169654,0.015498567326105899,6.571056318043465e-05,6.571056318043465e-05,0.015564277889286333,0.0,0.0
agriculture,100.0,0.0013172875992319513,0.001,0.015574002475778165,correlated,0,302334,169654,0.015508480582074954,6.552189370321107e-05,6.571056318043465e-05,0.015564277889286333,1.8866947722358252e-07,0.0012121955066958364
agriculture,100.0,0.0013172875992319513,0.01,0.015698990115390037,correlated,0,302334,169654,0.015634734365610414,6.425574977962298e-05,6.571056318043465e-05,0.015564277889286333,1.4548134008116748e-06,0.00934713072562843
agriculture,100.0,0.0013172875992319513,0.1,0.0172448596379303,correlated,0,302334,169654,0.01718790141847538,5.695821945491883e-05,6.571056318043465e-05,0.015564277889286333,8.752343725515824e-06,0.056233535457115534
agriculture,100.0,0.0013172875992319513,1.0,0.0221736411897431,correlated,0,302334,169654,0.0221326439975045,4.099719223860099e-05,6.571056318043465e-05,0.015564277889286333,2.4713370941833665e-05,0.158782637508966
agriculture,100.0,0.0013172875992319513,0.0,0.015559486194398814,correlated,1,302335,169654,0.015498567326105899,6.091886829291508e-05,6.091886829291508e-05,0.015559486194398814,0.0,0.0
agriculture,100.0,0.0013172875992319513,0.001,0.015569494736403741,correlated,1,302335,169654,0.015508480582074954,6.1014154328787457e-05,6.091886829291508e-05,0.015559486194398814,-9.52860358723745e-08,-0.000612398344533228
agriculture,100.0,0.0013172875992319513,0.01,0.015695783310834682,correlated,1,302335,169654,0.015634734365610414,6.104894522426796e-05,6.091886829291508e-05,0.015559486194398814,-1.3007693135287657e-07,-0.0008359976012556401
agriculture,100.0,0.0013172875992319513,0.1,0.01724263106149763,correlated,1,302335,169654,0.01718790141847538,5.472964302224992e-05,6.091886829291508e-05,0.015559486194398814,6.1892252706651635e-06,0.03977782552288387
agriculture,100.0,0.0013172875992319513,1.0,0.022170929879918314,correlated,1,302335,169654,0.0221326439975045,3.828588241381464e-05,6.091886829291508e-05,0.015559486194398814,2.263298587910044e-05,0.1454610107064331
agriculture,100.0,0.0013172875992319513,0.0,0.015563331701734516,correlated,2,302336,169654,0.015498567326105899,6.47643756286169e-05,6.47643756286169e-05,0.015563331701734516,0.0,0.0
agriculture,100.0,0.0013172875992319513,0.001,0.015573039702357702,correlated,2,302336,169654,0.015508480582074954,6.45591202827478e-05,6.47643756286169e-05,0.015563331701734516,2.0525534586909866e-07,0.0013188393706613807
agriculture,100.0,0.0013172875992319513,0.01,0.015697996445479215,correlated,2,302336,169654,0.015634734365610414,6.32620798688005e-05,6.47643756286169e-05,0.015563331701734516,1.502295759816391e-06,0.00965279021617821
agriculture,100.0,0.0013172875992319513,0.1,0.017244252357302335,correlated,2,302336,169654,0.01718790141847538,5.635093882695383e-05,6.47643756286169e-05,0.015563331701734516,8.413436801663066e-06,0.054059355431751145
agriculture,100.0,0.0013172875992319513,1.0,0.02217355542440271,correlated,2,302336,169654,0.0221326439975045,4.091142689820887e-05,6.47643756286169e-05,0.015563331701734516,2.3852948730408025e-05,0.15326376888664295
agriculture,100.0,0.0013172875992319513,0.0,0.015561757971172962,correlated,3,302337,169654,0.015498567326105899,6.319064506706343e-05,6.319064506706343e-05,0.015561757971172962,0.0,0.0
agriculture,100.0,0.0013172875992319513,0.001,0.015571738468490774,correlated,3,302337,169654,0.015508480582074954,6.325788641581981e-05,6.319064506706343e-05,0.015561757971172962,-6.724134875638055e-08,-0.00043209352620019093
agriculture,100.0,0.0013172875992319513,0.01,0.01569784919916691,correlated,3,302337,169654,0.015634734365610414,6.311483355649419e-05,6.319064506706343e-05,0.015561757971172962,7.581151056923474e-08,0.0004871654649151472
agriculture,100.0,0.0013172875992319513,0.1,0.017243927883983993,correlated,3,302337,169654,0.01718790141847538,5.602646550861151e-05,6.319064506706343e-05,0.015561757971172962,7.164179558451916e-06,0.04603708380327624
agriculture,100.0,0.0013172875992319513,1.0,0.022170715189443874,correlated,3,302337,169654,0.0221326439975045,3.807119193937475e-05,6.319064506706343e-05,0.015561757971172962,2.511945312768868e-05,0.1614178370735534
agriculture,100.0,0.0013172875992319513,0.0,0.015560964300994427,correlated,4,302338,169654,0.015498567326105899,6.239697488852856e-05,6.239697488852856e-05,0.015560964300994427,0.0,0.0
agriculture,100.0,0.0013172875992319513,0.001,0.015570905004125224,correlated,4,302338,169654,0.015508480582074954,6.242442205026989e-05,6.239697488852856e-05,0.015560964300994427,-2.7447161741328552e-08,-0.00017638470990884885
agriculture,100.0,0.0013172875992319513,0.01,0.015696872121867142,correlated,4,302338,169654,0.015634734365610414,6.213775625672768e-05,6.239697488852856e-05,0.015560964300994427,2.59218631800881e-07,0.0016658262739174562
agriculture,100.0,0.0013172875992319513,0.1,0.017243364392102965,correlated,4,302338,169654,0.01718790141847538,5.5462973627583984e-05,6.239697488852856e-05,0.015560964300994427,6.934001260944581e-06,0.044560228574661416
agriculture,100.0,0.0013172875992319513,1.0,0.022171424931012346,correlated,4,302338,169654,0.0221326439975045,3.878093350784609e-05,6.239697488852856e-05,0.015560964300994427,2.3616041380682476e-05,0.151764639542122
agriculture,100.0,0.0013172875992319513,0.0,0.015562575277759692,correlated,5,302339,169654,0.015498567326105899,6.400795165379357e-05,6.400795165379357e-05,0.015562575277759692,0.0,0.0
agriculture,100.0,0.0013172875992319513,0.001,0.015572422652799088,correlated,5,302339,169654,0.015508480582074954,6.3942070724134e-05,6.400795165379357e-05,0.015562575277759692,6.588092965956194e-08,0.00042332922722444056
agriculture,100.0,0.0013172875992319513,0.01,0.015697949148977805,correlated,5,302339,169654,0.015634734365610414,6.321478336739073e-05,6.400795165379357e-05,0.015562575277759692,7.931682864028428e-07,0.005096639034648404
agriculture,100.0,0.0013172875992319513,0.1,0.017243841641884847,correlated,5,302339,169654,0.01718790141847538,5.594022340946539e-05,6.400795165379357e-05,0.015562575277759692,8.067728244328179e-06,0.05184057330060072
agriculture,100.0,0.0013172875992319513,1.0,0.02217111497027284,correlated,5,302339,169654,0.0221326439975045,3.8470972768340356e-05,6.400795165379357e-05,0.015562575277759692,2.5536978885453213e-05,0.1640922432802483
agriculture,100.0,0.0013172875992319513,0.0,0.015562682308185284,correlated,6,302340,169654,0.015498567326105899,6.411498207938536e-05,6.411498207938536e-05,0.015562682308185284,0.0,0.0
agriculture,100.0,0.0013172875992319513,0.001,0.015572463982476664,correlated,6,302340,169654,0.015508480582074954,6.398340040171015e-05,6.411498207938536e-05,0.015562682308185284,1.3158167767521323e-07,0.0008454948515270215
agriculture,100.0,0.0013172875992319513,0.01,0.015697706808860814,correlated,6,302340,169654,0.015634734365610414,6.29724432503996e-05,6.411498207938536e-05,0.015562682308185284,1.1425388289857535e-06,0.007341528962425896
agriculture,100.0,0.0013172875992319513,0.1,0.017243495539666084,correlated,6,302340,169654,0.01718790141847538,5.5594121190702395e-05,6.411498207938536e-05,0.015562682308185284,8.520860888682966e-06,0.05475187837125846
agriculture,100.0,0.0013172875992319513,1.0,0.02217068664460269,correlated,6,302340,169654,0.0221326439975045,3.804264709818955e-05,6.411498207938536e-05,0.015562682308185284,2.6072334981195808e-05,0.1675311136273913
agriculture,100.0,0.0013172875992319513,0.0,0.015561738036655259,correlated,7,302341,169654,0.015498567326105899,6.317071054936022e-05,6.317071054936022e-05,0.015561738036655259,0.0,0.0
agriculture,100.0,0.0013172875992319513,0.001,0.015571642657978127,correlated,7,302341,169654,0.015508480582074954,6.316207590317292e-05,6.317071054936022e-05,0.015561738036655259,8.634646187291595e-09,5.548638697652483e-05
agriculture,100.0,0.0013172875992319513,0.01,0.015697415848233455,correlated,7,302341,169654,0.015634734365610414,6.268148262304069e-05,6.317071054936022e-05,0.015561738036655259,4.892279263195298e-07,0.0031437871860274637
agriculture,100.0,0.0013172875992319513,0.1,0.017243255700929883,correlated,7,302341,169654,0.01718790141847538,5.5354282454501275e-05,6.317071054936022e-05,0.015561738036655259,7.81642809485894e-06,0.05022850324589421
agriculture,100.0,0.0013172875992319513,1.0,0.022170126886738948,correlated,7,302341,169654,0.0221326439975045,3.748288923444837e-05,6.317071054936022e-05,0.015561738036655259,2.5687821314911846e-05,0.1650703877317872
agriculture,100.0,0.0013172875992319513,0.0,0.015560832176395574,correlated,8,302342,169654,0.015498567326105899,6.226485028967485e-05,6.226485028967485e-05,0.015560832176395574,0.0,0.0
agriculture,100.0,0.0013172875992319513,0.001,0.015570670715570356,correlated,8,302342,169654,0.015508480582074954,6.21901334954024e-05,6.226485028967485e-05,0.015560832176395574,7.471679427245581e-08,0.00048015937339003425
agriculture,100.0,0.0013172875992319513,0.01,0.01569616430651857,correlated,8,302342,169654,0.015634734365610414,6.14299409081552e-05,6.226485028967485e-05,0.015560832176395574,8.34909381519644e-07,0.005365454572449723
agriculture,100.0,0.0013172875992319513,0.1,0.01724209095602921,correlated,8,302342,169654,0.01718790141847538,5.4189537553827466e-05,6.226485028967485e-05,0.015560832176395574,8.075312735847384e-06,0.0518951213168209
agriculture,100.0,0.0013172875992319513,1.0,0.02216937990714832,correlated,8,302342,169654,0.0221326439975045,3.673590964382162e-05,6.226485028967485e-05,0.015560832176395574,2.5528940645853232e-05,0.1640589677753765
agriculture,100.0,0.0013172875992319513,0.0,0.015563148172189158,correlated,9,302343,169654,0.015498567326105899,6.458084608325886e-05,6.458084608325886e-05,0.015563148172189158,0.0,0.0
agriculture,100.0,0.0013172875992319513,0.001,0.015572917640752464,correlated,9,302343,169654,0.015508480582074954,6.443705867750955e-05,6.458084608325886e-05,0.015563148172189158,1.437874057493016e-07,0.0009238966574015214
agriculture,100.0,0.0013172875992319513,0.01,0.01569811327967758,correlated,9,302343,169654,0.015634734365610414,6.337891406716506e-05,6.458084608325886e-05,0.015563148172189158,1.2019320160937957e-06,0.007722936277388976
agriculture,100.0,0.0013172875992319513,0.1,0.01724397922630921,correlated,9,302343,169654,0.01718790141847538,5.607780783382921e-05,6.458084608325886e-05,0.015563148172189158,8.503038249429648e-06,0.054635721226533734
agriculture,100.0,0.0013172875992319513,1.0,0.022171881831090878,correlated,9,302343,169654,0.0221326439975045,3.9237833586378e-05,6.458084608325886e-05,0.015563148172189158,2.5343012496880854e-05,0.16283988442754788
agriculture,50.0,0.0026345751984639025,0.0,0.017433112565513997,white,0,303234,169654,0.015498567326105899,0.0019345452394080986,0.0019345452394080986,0.017433112565513997,0.0,0.0
agriculture,50.0,0.0026345751984639025,0.001,0.017370651993131276,white,0,303234,169654,0.015508480582074954,0.001862171411056322,0.0019345452394080986,0.017433112565513997,7.237382835177664e-05,0.41515150022575886
agriculture,50.0,0.0026345751984639025,0.01,0.017045755096948445,white,0,303234,169654,0.015634734365610414,0.0014110207313380307,0.0019345452394080986,0.017433112565513997,0.0005235245080700678,3.0030466797174165
agriculture,50.0,0.0026345751984639025,0.1,0.017654591971616396,white,0,303234,169654,0.01718790141847538,0.0004666905531410144,0.0019345452394080986,0.017433112565513997,0.0014678546862670842,8.419923182110228
agriculture,50.0,0.0026345751984639025,1.0,0.02223020079408841,white,0,303234,169654,0.0221326439975045,9.755679658391206e-05,0.0019345452394080986,0.017433112565513997,0.0018369884428241865,10.537352041528706
agriculture,50.0,0.0026345751984639025,0.0,0.0174242248443571,white,1,303235,169654,0.015498567326105899,0.0019256575182512014,0.0019256575182512014,0.0174242248443571,0.0,0.0
agriculture,50.0,0.0026345751984639025,0.001,0.017362085956609437,white,1,303235,169654,0.015508480582074954,0.0018536053745344828,0.0019256575182512014,0.0174242248443571,7.205214371671861e-05,0.4135170681067799
agriculture,50.0,0.0026345751984639025,0.01,0.01703838641129545,white,1,303235,169654,0.015634734365610414,0.0014036520456850374,0.0019256575182512014,0.0174242248443571,0.000522005472566164,2.9958605173487385
agriculture,50.0,0.0026345751984639025,0.1,0.017647161766845908,white,1,303235,169654,0.01718790141847538,0.0004592603483705264,0.0019256575182512014,0.0174242248443571,0.001466397169880675,8.415853118169403
agriculture,50.0,0.0026345751984639025,1.0,0.02222218568144602,white,1,303235,169654,0.0221326439975045,8.954168394152001e-05,0.0019256575182512014,0.0174242248443571,0.0018361158343096814,10.537718898320543
agriculture,50.0,0.0026345751984639025,0.0,0.017411032767214434,white,2,303236,169654,0.015498567326105899,0.0019124654411085355,0.0019124654411085355,0.017411032767214434,0.0,0.0
agriculture,50.0,0.0026345751984639025,0.001,0.017349674663249645,white,2,303236,169654,0.015508480582074954,0.001841194081174691,0.0019124654411085355,0.017411032767214434,7.127135993384437e-05,0.4093459640605051
agriculture,50.0,0.0026345751984639025,0.01,0.017032407547938184,white,2,303236,169654,0.015634734365610414,0.0013976731823277695,0.0019124654411085355,0.017411032767214434,0.0005147922587807659,2.9567014528290203
agriculture,50.0,0.0026345751984639025,0.1,0.01765834722045156,white,2,303236,169654,0.01718790141847538,0.0004704458019761798,0.0019124654411085355,0.017411032767214434,0.0014420196391323557,8.282217708806611
agriculture,50.0,0.0026345751984639025,1.0,0.02223564314441637,white,2,303236,169654,0.0221326439975045,0.00010299914691187101,0.0019124654411085355,0.017411032767214434,0.0018094662941966645,10.392641943698772
agriculture,50.0,0.0026345751984639025,0.0,0.017451938677371055,white,3,303237,169654,0.015498567326105899,0.0019533713512651565,0.0019533713512651565,0.017451938677371055,0.0,0.0
agriculture,50.0,0.0026345751984639025,0.001,0.017386014485992314,white,3,303237,169654,0.015508480582074954,0.00187753390391736,0.0019533713512651565,0.017451938677371055,7.583744734779643e-05,0.43455027403992985
agriculture,50.0,0.0026345751984639025,0.01,0.01704433175674675,white,3,303237,169654,0.015634734365610414,0.0014095973911363371,0.0019533713512651565,0.017451938677371055,0.0005437739601288193,3.1158369862592994
agriculture,50.0,0.0026345751984639025,0.1,0.01764081373070192,white,3,303237,169654,0.01718790141847538,0.0004529123122265395,0.0019533713512651565,0.017451938677371055,0.001500459039038617,8.597663943113538
agriculture,50.0,0.0026345751984639025,1.0,0.02221720494502161,white,3,303237,169654,0.0221326439975045,8.45609475171108e-05,0.0019533713512651565,0.017451938677371055,0.0018688104037480457,10.708325523577658
agriculture,50.0,0.0026345751984639025,0.0,0.017411500200768065,white,4,303238,169654,0.015498567326105899,0.0019129328746621665,0.0019129328746621665,0.017411500200768065,0.0,0.0
agriculture,50.0,0.0026345751984639025,0.001,0.01734932251659334,white,4,303238,169654,0.015508480582074954,0.0018408419345183873,0.0019129328746621665,0.017411500200768065,7.209094014377915e-05,0.4140420946645312
agriculture,50.0,0.0026345751984639025,0.01,0.017025508425972894,white,4,303238,169654,0.015634734365610414,0.0013907740603624798,0.0019129328746621665,0.017411500200768065,0.0005221588142996867,2.998930639398051
agriculture,50.0,0.0026345751984639025,0.1,0.01764083605337223,white,4,303238,169654,0.01718790141847538,0.00045293463489684896,0.0019129328746621665,0.017411500200768065,0.0014599982397653175,8.385252407491649
agriculture,50.0,0.0026345751984639025,1.0,0.022221911483976373,white,4,303238,169654,0.0221326439975045,8.926748647187371e-05,0.0019129328746621665,0.017411500200768065,0.0018236653881902928,10.473913029675906
agriculture,50.0,0.0026345751984639025,0.0,0.01742747617558561,white,5,303239,169654,0.015498567326105899,0.0019289088494797105,0.0019289088494797105,0.01742747617558561,0.0,0.0
agriculture,50.0,0.0026345751984639025,0.001,0.017365117302559508,white,5,303239,169654,0.015508480582074954,0.001856636720484554,0.0019289088494797105,0.01742747617558561,7.227212899515653e-05,0.4147022108479686
agriculture,50.0,0.0026345751984639025,0.01,0.01704109981105255,white,5,303239,169654,0.015634734365610414,0.0014063654454421343,0.0019289088494797105,0.01742747617558561,0.0005225434040375763,2.9983882851012846
agriculture,50.0,0.0026345751984639025,0.1,0.017650601885134176,white,5,303239,169654,0.01718790141847538,0.00046270046665879486,0.0019289088494797105,0.01742747617558561,0.0014662083828209157,8.413199754505746
agriculture,50.0,0.0026345751984639025,1.0,0.022223263006179463,white,5,303239,169654,0.0221326439975045,9.061900867496364e-05,0.0019289088494797105,0.01742747617558561,0.001838289840804747,10.548227536125008
agriculture,50.0,0.0026345751984639025,0.0,0.01741222599965334,white,6,303240,169654,0.015498567326105899,0.0019136586735474404,0.0019136586735474404,0.01741222599965334,0.0,0.0
agriculture,50.0,0.0026345751984639025,0.001,0.017350434271505042,white,6,303240,169654,0.015508480582074954,0.001841953689430088,0.0019136586735474404,0.01741222599965334,7.17049841173524e-05,0.41180825541076704
agriculture,50.0,0.0026345751984639025,0.01,0.017029995977691895,white,6,303240,169654,0.015634734365610414,0.001395261612081481,0.0019136586735474404,0.01741222599965334,0.0005183970614659594,2.9772015449160847
agriculture,50.0,0.0026345751984639025,0.1,0.017645520165609444,white,6,303240,169654,0.01718790141847538,0.00045761874713406286,0.0019136586735474404,0.01741222599965334,0.0014560399264133776,8.362169928430552
agriculture,50.0,0.0026345751984639025,1.0,0.022218464279051966,white,6,303240,169654,0.0221326439975045,8.582028154746624e-05,0.0019136586735474404,0.01741222599965334,0.0018278383919999742,10.497442383508947
agriculture,50.0,0.0026345751984639025,0.0,0.017418162567718637,white,7,303241,169654,0.015498567326105899,0.0019195952416127381,0.0019195952416127381,0.017418162567718637,0.0,0.0
agriculture,50.0,0.0026345751984639025,0.001,0.01735519144167007,white,7,303241,169654,0.015508480582074954,0.001846710859595117,0.0019195952416127381,0.017418162567718637,7.288438201762115e-05,0.4184389813463962
agriculture,50.0,0.0026345751984639025,0.01,0.01702845807670669,white,7,303241,169654,0.015634734365610414,0.001393723711096275,0.0019195952416127381,0.017418162567718637,0.000525871530516463,3.0190987624094707
agriculture,50.0,0.0026345751984639025,0.1,0.017639678805838967,white,7,303241,169654,0.01718790141847538,0.0004517773873635861,0.0019195952416127381,0.017418162567718637,0.001467817854249152,8.426938539254897
agriculture,50.0,0.0026345751984639025,1.0,0.022208185741685593,white,7,303241,169654,0.0221326439975045,7.554174418109363e-05,0.0019195952416127381,0.017418162567718637,0.0018440534974316445,10.586957667103524
agriculture,50.0,0.0026345751984639025,0.0,0.017433986107546765,white,8,303242,169654,0.015498567326105899,0.0019354187814408664,0.0019354187814408664,0.017433986107546765,0.0,0.0
agriculture,50.0,0.0026345751984639025,0.001,0.017370828121379543,white,8,303242,169654,0.015508480582074954,0.0018623475393045891,0.0019354187814408664,0.017433986107546765,7.307124213627725e-05,0.41913101046149404
agriculture,50.0,0.0026345751984639025,0.01,0.01704235260429879,white,8,303242,169654,0.015634734365610414,0.001407618238688374,0.0019354187814408664,0.017433986107546765,0.0005278005427524924,3.027423215187833
agriculture,50.0,0.0026345751984639025,0.1,0.017648756724554567,white,8,303242,169654,0.01718790141847538,0.0004608553060791859,0.0019354187814408664,0.017433986107546765,0.0014745634753616805,8.457982392927205
agriculture,50.0,0.0026345751984639025,1.0,0.022223611299323,white,8,303242,169654,0.0221326439975045,9.096730181850157e-05,0.0019354187814408664,0.017433986107546765,0.0018444514796223648,10.579631463764589
agriculture,50.0,0.0026345751984639025,0.0,0.017435083994922194,white,9,303243,169654,0.015498567326105899,0.001936516668816295,0.001936516668816295,0.017435083994922194,0.0,0.0
agriculture,50.0,0.0026345751984639025,0.001,0.01737167117510378,white,9,303243,169654,0.015508480582074954,0.0018631905930288264,0.001936516668816295,0.017435083994922194,7.332607578746861e-05,0.42056623190816944
agriculture,50.0,0.0026345751984639025,0.01,0.017043201960642632,white,9,303243,169654,0.015634734365610414,0.001408467595032218,0.001936516668816295,0.017435083994922194,0.000528049073784077,3.028658043390364
agriculture,50.0,0.0026345751984639025,0.1,0.017649988404820745,white,9,303243,169654,0.01718790141847538,0.00046208698634536347,0.001936516668816295,0.017435083994922194,0.0014744296824709315,8.456682416329887
agriculture,50.0,0.0026345751984639025,1.0,0.02222175519753927,white,9,303243,169654,0.0221326439975045,8.911120003476936e-05,0.001936516668816295,0.017435083994922194,0.0018474054687815256,10.595908051372538
agriculture,50.0,0.0026345751984639025,0.0,0.015754079362066867,correlated,0,303334,169654,0.015498567326105899,0.000255512035960968,0.000255512035960968,0.015754079362066867,0.0,0.0
agriculture,50.0,0.0026345751984639025,0.001,0.01576369134073076,correlated,0,303334,169654,0.015508480582074954,0.00025521075865580535,0.000255512035960968,0.015754079362066867,3.0127730516263385e-07,0.001912376459700071
agriculture,50.0,0.0026345751984639025,0.01,0.01588692602623265,correlated,0,303334,169654,0.015634734365610414,0.0002521916606222363,0.000255512035960968,0.015754079362066867,3.320375338731682e-06,0.021076289273536216
agriculture,50.0,0.0026345751984639025,0.1,0.017411606292958223,correlated,0,303334,169654,0.01718790141847538,0.00022370487448284196,0.000255512035960968,0.015754079362066867,3.1807161478126025e-05,0.20189793860447497
agriculture,50.0,0.0026345751984639025,1.0,0.022288094597771153,correlated,0,303334,169654,0.0221326439975045,0.00015545060026665378,0.000255512035960968,0.015754079362066867,0.00010006143569431421,0.6351461954371327
agriculture,50.0,0.0026345751984639025,0.0,0.01575425146842124,correlated,1,303335,169654,0.015498567326105899,0.0002556841423153409,0.0002556841423153409,0.01575425146842124,0.0,0.0
agriculture,50.0,0.0026345751984639025,0.001,0.01576411586847905,correlated,1,303335,169654,0.015508480582074954,0.0002556352864040972,0.0002556841423153409,0.01575425146842124,4.885591124367816e-08,0.0003101125517871024
agriculture,50.0,0.0026345751984639025,0.01,0.015888548015834978,correlated,1,303335,169654,0.015634734365610414,0.00025381365022456373,0.0002556841423153409,0.01575425146842124,1.870492090777151e-06,0.011872935344002074
agriculture,50.0,0.0026345751984639025,0.1,0.01741530153979945,correlated,1,303335,169654,0.01718790141847538,0.00022740012132406798,0.0002556841423153409,0.01575425146842124,2.8284020991272904e-05,0.17953262360936081
agriculture,50.0,0.0026345751984639025,1.0,0.022297084511893786,correlated,1,303335,169654,0.0221326439975045,0.00016444051438928645,0.0002556841423153409,0.01575425146842124,9.124362792605444e-05,0.5791682842498014
agriculture,50.0,0.0026345751984639025,0.0,0.01574985548052802,correlated,2,303336,169654,0.015498567326105899,0.0002512881544221215,0.0002512881544221215,0.01574985548052802,0.0,0.0
agriculture,50.0,0.0026345751984639025,0.001,0.01575961860498408,correlated,2,303336,169654,0.015508480582074954,0.0002511380229091257,0.0002512881544221215,0.01574985548052802,1.5013151299578253e-07,0.0009532247021656437
agriculture,50.0,0.0026345751984639025,0.01,0.015883596147589645,correlated,2,303336,169654,0.015634734365610414,0.0002488617819792309,0.0002512881544221215,0.01574985548052802,2.4263724428905814e-06,0.015405680679993365
agriculture,50.0,0.0026345751984639025,0.1,0.0174099401082028,correlated,2,303336,169654,0.01718790141847538,0.00022203868972741833,0.0002512881544221215,0.01574985548052802,2.9249464694703145e-05,0.18571259101942278
agriculture,50.0,0.0026345751984639025,1.0,0.022290785733270622,correlated,2,303336,169654,0.0221326439975045,0.00015814173576612217,0.0002512881544221215,0.01574985548052802,9.31464186559993e-05,0.5914112594312931
agriculture,50.0,0.0026345751984639025,0.0,0.01574877961416362,correlated,3,303337,169654,0.015498567326105899,0.00025021228805772143,0.00025021228805772143,0.01574877961416362,0.0,0.0
agriculture,50.0,0.0026345751984639025,0.001,0.015758362506674246,correlated,3,303337,169654,0.015508480582074954,0.00024988192459929164,0.00025021228805772143,0.01574877961416362,3.303634584297943e-07,0.0020977083083484316
agriculture,50.0,0.0026345751984639025,0.01,0.01588140859032441,correlated,3,303337,169654,0.015634734365610414,0.0002466742247139962,0.00025021228805772143,0.01574877961416362,3.538063343725209e-06,0.022465634991445698
agriculture,50.0,0.0026345751984639025,0.1,0.017405569360069883,correlated,3,303337,169654,0.01718790141847538,0.00021766794159450154,0.00025021228805772143,0.01574877961416362,3.2544346463219895e-05,0.20664678318281393
agriculture,50.0,0.0026345751984639025,1.0,0.02228113769626507,correlated,3,303337,169654,0.0221326439975045,0.00014849369876056978,0.00025021228805772143,0.01574877961416362,0.00010171858929715165,0.6458823590728981
agriculture,50.0,0.0026345751984639025,0.0,0.01575202477653331,correlated,4,303338,169654,0.015498567326105899,0.000253457450427411,0.000253457450427411,0.01575202477653331,0.0,0.0
agriculture,50.0,0.0026345751984639025,0.001,0.015761557704036984,correlated,4,303338,169654,0.015508480582074954,0.0002530771219620299,0.000253457450427411,0.01575202477653331,3.8032846538110787e-07,0.002414473509130743
agriculture,50.0,0.0026345751984639025,0.01,0.015884341961802495,correlated,4,303338,169654,0.015634734365610414,0.00024960759619208073,0.000253457450427411,0.01575202477653331,3.849854235330255e-06,0.02444037696706523
agriculture,50.0,0.0026345751984639025,0.1,0.01740758752614,correlated,4,303338,169654,0.01718790141847538,0.000219686107664617,0.000253457450427411,0.01575202477653331,3.377134276279399e-05,0.21439366203324595
agriculture,50.0,0.0026345751984639025,1.0,0.02228126806637271,correlated,4,303338,169654,0.0221326439975045,0.00014862406886820972,0.000253457450427411,0.01575202477653331,0.00010483338155920126,0.6655232139767678
agriculture,50.0,0.0026345751984639025,0.0,0.015752592542746392,correlated,5,303339,169654,0.015498567326105899,0.0002540252166404935,0.0002540252166404935,0.015752592542746392,0.0,0.0
agriculture,50.0,0.0026345751984639025,0.001,0.015762257783922394,correlated,5,303339,169654,0.015508480582074954,0.00025377720184744,0.0002540252166404935,0.015752592542746392,2.480147930535026e-07,0.0015744379369966384
agriculture,50.0,0.0026345751984639025,0.01,0.015885719300346227,correlated,5,303339,169654,0.015634734365610414,0.0002509849347358123,0.0002540252166404935,0.015752592542746392,3.040281904681183e-06,0.01930020024596614
agriculture,50.0,0.0026345751984639025,0.1,0.017410571246892194,correlated,5,303339,169654,0.01718790141847538,0.00022266982841681257,0.0002540252166404935,0.015752592542746392,3.1355388223680905e-05,0.19904906534333705
agriculture,50.0,0.0026345751984639025,1.0,0.022286914593330927,correlated,5,303339,169654,0.0221326439975045,0.00015427059582642788,0.0002540252166404935,0.015752592542746392,9.97546208140656e-05,0.6332584337680954
agriculture,50.0,0.0026345751984639025,0.0,0.01575131383592481,correlated,6,303340,169654,0.015498567326105899,0.00025274650981891265,0.00025274650981891265,0.01575131383592481,0.0,0.0
agriculture,50.0,0.0026345751984639025,0.001,0.015761022766172843,correlated,6,303340,169654,0.015508480582074954,0.0002525421840978894,0.00025274650981891265,0.01575131383592481,2.043257210232463e-07,0.001297197955368208
agriculture,50.0,0.0026345751984639025,0.01,0.015884763385236148,correlated,6,303340,169654,0.015634734365610414,0.0002500290196257339,0.00025274650981891265,0.01575131383592481,2.7174901931787537e-06,0.017252466819503258
agriculture,50.0,0.0026345751984639025,0.1,0.01741102360651474,correlated,6,303340,169654,0.01718790141847538,0.0002231221880393576,0.00025274650981891265,0.01575131383592481,2.9624321779555055e-05,0.18807524304410328
agriculture,50.0,0.0026345751984639025,1.0,0.022292399805244008,correlated,6,303340,169654,0.0221326439975045,0.00015975580773950823,0.00025274650981891265,0.01575131383592481,9.299070207940442e-05,0.5903679086586153
agriculture,50.0,0.0026345751984639025,0.0,0.015752208035179203,correlated,7,303341,169654,0.015498567326105899,0.0002536407090733047,0.0002536407090733047,0.015752208035179203,0.0,0.0
agriculture,50.0,0.0026345751984639025,0.001,0.015761860563311806,correlated,7,303341,169654,0.015508480582074954,0.00025337998123685194,0.0002536407090733047,0.015752208035179203,2.6072783645275655e-07,0.001655182790060139
agriculture,50.0,0.0026345751984639025,0.01,0.015885240892577084,correlated,7,303341,169654,0.015634734365610414,0.00025050652696666925,0.0002536407090733047,0.015752208035179203,3.1341821066354497e-06,0.019896779547577844
agriculture,50.0,0.0026345751984639025,0.1,0.01740960953572133,correlated,7,303341,169654,0.01718790141847538,0.00022170811724595008,0.0002536407090733047,0.015752208035179203,3.1932591827354626e-05,0.2027181951637509
agriculture,50.0,0.0026345751984639025,1.0,0.022285823865324753,correlated,7,303341,169654,0.0221326439975045,0.00015317986782025297,0.0002536407090733047,0.015752208035179203,0.00010046084125305173,0.6377572022201193
agriculture,50.0,0.0026345751984639025,0.0,0.015752887799342825,correlated,8,303342,169654,0.015498567326105899,0.00025432047323692593,0.00025432047323692593,0.015752887799342825,0.0,0.0
agriculture,50.0,0.0026345751984639025,0.001,0.015762312375199025,correlated,8,303342,169654,0.015508480582074954,0.00025383179312407113,0.00025432047323692593,0.015752887799342825,4.886801128548002e-07,0.0031021620865933344
agriculture,50.0,0.0026345751984639025,0.01,0.015884754850796025,correlated,8,303342,169654,0.015634734365610414,0.00025002048518561054,0.00025432047323692593,0.015752887799342825,4.299988051315387e-06,0.02729650655859285
agriculture,50.0,0.0026345751984639025,0.1,0.017409692512312232,correlated,8,303342,169654,0.01718790141847538,0.00022179109383685044,0.00025432047323692593,0.015752887799342825,3.2529379400075484e-05,0.2064978803532933
agriculture,50.0,0.0026345751984639025,1.0,0.0222884052402121,correlated,8,303342,169654,0.0221326439975045,0.00015576124270760133,0.00025432047323692593,0.015752887799342825,9.85592305293246e-05,0.625658176359488
agriculture,50.0,0.0026345751984639025,0.0,0.015751461650709685,correlated,9,303343,169654,0.015498567326105899,0.0002528943246037866,0.0002528943246037866,0.015751461650709685,0.0,0.0
agriculture,50.0,0.0026345751984639025,0.001,0.015761013126147715,correlated,9,303343,169654,0.015508480582074954,0.00025253254407276056,0.0002528943246037866,0.015751461650709685,3.617805310260347e-07,0.0022968060936093167
agriculture,50.0,0.0026345751984639025,0.01,0.015883906410201737,correlated,9,303343,169654,0.015634734365610414,0.0002491720445913226,0.0002528943246037866,0.015751461650709685,3.7222800124640104e-06,0.023631330825074907
agriculture,50.0,0.0026345751984639025,0.1,0.017407660498191403,correlated,9,303343,169654,0.01718790141847538,0.0002197590797160219,0.0002528943246037866,0.015751461650709685,3.313524488776469e-05,0.21036298486160981
agriculture,50.0,0.0026345751984639025,1.0,0.022281964060213776,correlated,9,303343,169654,0.0221326439975045,0.00014932006270927667,0.0002528943246037866,0.015751461650709685,0.00010357426189450993,0.6575533381681018
agriculture,20.0,0.006586437996159757,0.0,0.025313636000135923,white,0,304234,169654,0.015498567326105899,0.009815068674030024,0.009815068674030024,0.025313636000135923,0.0,0.0
agriculture,20.0,0.006586437996159757,0.001,0.025002560150148772,white,0,304234,169654,0.015508480582074954,0.009494079568073818,0.009815068674030024,0.025313636000135923,0.0003209891059562063,1.2680482011927592
agriculture,20.0,0.006586437996159757,0.01,0.023079302870562878,white,0,304234,169654,0.015634734365610414,0.007444568504952464,0.009815068674030024,0.025313636000135923,0.0023705001690775603,9.36451866916642
agriculture,20.0,0.006586437996159757,0.1,0.01989074417080047,white,0,304234,169654,0.01718790141847538,0.002702842752325088,0.009815068674030024,0.025313636000135923,0.007112225921704936,28.096421713841295
agriculture,20.0,0.006586437996159757,1.0,0.022686679685520246,white,0,304234,169654,0.0221326439975045,0.0005540356880157464,0.009815068674030024,0.025313636000135923,0.009261032986014278,36.58515507596203
agriculture,20.0,0.006586437996159757,0.0,0.025212692407527954,white,1,304235,169654,0.015498567326105899,0.009714125081422055,0.009714125081422055,0.025212692407527954,0.0,0.0
agriculture,20.0,0.006586437996159757,0.001,0.024907564082959514,white,1,304235,169654,0.015508480582074954,0.00939908350088456,0.009714125081422055,0.025212692407527954,0.0003150415805374951,1.2495356523027688
agriculture,20.0,0.006586437996159757,0.01,0.023023444871562503,white,1,304235,169654,0.015634734365610414,0.007388710505952089,0.009714125081422055,0.025212692407527954,0.0023254145754699664,9.223190200724652
agriculture,20.0,0.006586437996159757,0.1,0.01989508778485811,white,1,304235,169654,0.01718790141847538,0.00270718636638273,0.009714125081422055,0.025212692407527954,0.007006938715039325,27.791314794080495
agriculture,20.0,0.006586437996159757,1.0,0.022674141921083645,white,1,304235,169654,0.0221326439975045,0.0005414979235791456,0.009714125081422055,0.025212692407527954,0.00917262715784291,36.380990215484346
agriculture,20.0,0.006586437996159757,0.0,0.025223724561918036,white,2,304236,169654,0.015498567326105899,0.009725157235812137,0.009725157235812137,0.025223724561918036,0.0,0.0
agriculture,20.0,0.006586437996159757,0.001,0.024916318834962974,white,2,304236,169654,0.015508480582074954,0.00940783825288802,0.009725157235812137,0.025223724561918036,0.00031731898292411756,1.258017951096705
agriculture,20.0,0.006586437996159757,0.01,0.023023552622589507,white,2,304236,169654,0.015634734365610414,0.007388818256979093,0.009725157235812137,0.025223724561918036,0.0023363389788330444,9.262466267017416
agriculture,20.0,0.006586437996159757,0.1,0.019899523600734968,white,2,304236,169654,0.01718790141847538,0.0027116221822595862,0.009725157235812137,0.025223724561918036,0.007013535053552551,27.80531097354813
agriculture,20.0,0.006586437996159757,1.0,0.02268438449761984,white,2,304236,169654,0.0221326439975045,0.00055174050011534,0.009725157235812137,0.025223724561918036,0.009173416735696797,36.368208482368715
agriculture,20.0,0.006586437996159757,0.0,0.02526529853279434,white,3,304237,169654,0.015498567326105899,0.00976673120668844,0.00976673120668844,0.02526529853279434,0.0,0.0
agriculture,20.0,0.006586437996159757,0.001,0.024951127782621468,white,3,304237,169654,0.015508480582074954,0.009442647200546514,0.00976673120668844,0.02526529853279434,0.00032408400614192603,1.2827238345166008
agriculture,20.0,0.006586437996159757,0.01,0.02302013835102097,white,3,304237,169654,0.015634734365610414,0.007385403985410557,0.00976673120668844,0.02526529853279434,0.0023813272212778822,9.425288279047727
agriculture,20.0,0.006586437996159757,0.1,0.019858571707080382,white,3,304237,169654,0.01718790141847538,0.002670670288605001,0.00976673120668844,0.02526529853279434,0.007096060918083439,28.086194623320033
agriculture,20.0,0.006586437996159757,1.0,0.022671756394177213,white,3,304237,169654,0.0221326439975045,0.0005391123966727134,0.00976673120668844,0.02526529853279434,0.009227618810015726,36.52289640685735
agriculture,20.0,0.006586437996159757,0.0,0.02527368438586536,white,4,304238,169654,0.015498567326105899,0.009775117059759463,0.009775117059759463,0.02527368438586536,0.0,0.0
agriculture,20.0,0.006586437996159757,0.001,0.024961702639053184,white,4,304238,169654,0.015508480582074954,0.00945322205697823,0.009775117059759463,0.02527368438586536,0.0003218950027812327,1.273637028407527
agriculture,20.0,0.006586437996159757,0.01,0.023036008269758424,white,4,304238,169654,0.015634734365610414,0.00740127390414801,0.009775117059759463,0.02527368438586536,0.002373843155611453,9.392548863746418
agriculture,20.0,0.006586437996159757,0.1,0.019859280092706592,white,4,304238,169654,0.01718790141847538,0.002671378674231211,0.009775117059759463,0.02527368438586536,0.007103738385528252,28.107252892265723
agriculture,20.0,0.006586437996159757,1.0,0.02265658142678549,white,4,304238,169654,0.0221326439975045,0.0005239374292809913,0.009775117059759463,0.02527368438586536,0.009251179630478472,36.60400078293418
agriculture,20.0,0.006586437996159757,0.0,0.025266016957495186,white,5,304239,169654,0.015498567326105899,0.009767449631389287,0.009767449631389287,0.025266016957495186,0.0,0.0
agriculture,20.0,0.006586437996159757,0.001,0.024953246056409216,white,5,304239,169654,0.015508480582074954,0.009444765474334262,0.009767449631389287,0.025266016957495186,0.0003226841570550254,1.2771469187164495
agriculture,20.0,0.006586437996159757,0.01,0.02302870965085528,white,5,304239,169654,0.015634734365610414,0.0073939752852448665,0.009767449631389287,0.025266016957495186,0.002373474346144421,9.393939496428334
agriculture,20.0,0.006586437996159757,0.1,0.019861543918750932,white,5,304239,169654,0.01718790141847538,0.0026736425002755505,0.009767449631389287,0.025266016957495186,0.007093807131113737,28.07647577790987
agriculture,20.0,0.006586437996159757,1.0,0.022655116094497715,white,5,304239,169654,0.0221326439975045,0.0005224720969932151,0.009767449631389287,0.025266016957495186,0.009244977534396072,36.590561741286024
agriculture,20.0,0.006586437996159757,0.0,0.02530982455568122,white,6,304240,169654,0.015498567326105899,0.009811257229575323,0.009811257229575323,0.02530982455568122,0.0,0.0
agriculture,20.0,0.006586437996159757,0.001,0.024996758754673516,white,6,304240,169654,0.015508480582074954,0.009488278172598561,0.009811257229575323,0.02530982455568122,0.00032297905697676113,1.2761015243950515
agriculture,20.0,0.006586437996159757,0.01,0.023062313630782448,white,6,304240,169654,0.015634734365610414,0.007427579265172034,0.009811257229575323,0.02530982455568122,0.002383677964403289,9.417994815251422
agriculture,20.0,0.006586437996159757,0.1,0.019872722284677135,white,6,304240,169654,0.01718790141847538,0.0026848208662017536,0.009811257229575323,0.02530982455568122,0.007126436363373569,28.156798747045915
agriculture,20.0,0.006586437996159757,1.0,0.02267395386838644,white,6,304240,169654,0.0221326439975045,0.0005413098708819397,0.009811257229575323,0.02530982455568122,0.009269947358693383,36.62588548687741
agriculture,20.0,0.006586437996159757,0.0,0.025263006813593215,white,7,304241,169654,0.015498567326105899,0.009764439487487316,0.009764439487487316,0.025263006813593215,0.0,0.0
agriculture,20.0,0.006586437996159757,0.001,0.024956560942027063,white,7,304241,169654,0.015508480582074954,0.009448080359952109,0.009764439487487316,0.025263006813593215,0.0003163591275352068,1.252262368725579
agriculture,20.0,0.006586437996159757,0.01,0.023059636562379724,white,7,304241,169654,0.015634734365610414,0.00742490219676931,0.009764439487487316,0.025263006813593215,0.002339537290718006,9.260723824288311
agriculture,20.0,0.006586437996159757,0.1,0.019901246454061043,white,7,304241,169654,0.01718790141847538,0.002713345035585662,0.009764439487487316,0.025263006813593215,0.007051094451901654,27.91074911996495
agriculture,20.0,0.006586437996159757,1.0,0.022679650350876733,white,7,304241,169654,0.0221326439975045,0.0005470063533722334,0.009764439487487316,0.025263006813593215,0.009217433134115082,36.4858910189403
agriculture,20.0,0.006586437996159757,0.0,0.02523849860428482,white,8,304242,169654,0.015498567326105899,0.009739931278178923,0.009739931278178923,0.02523849860428482,0.0,0.0
agriculture,20.0,0.006586437996159757,0.001,0.024933592637174207,white,8,304242,169654,0.015508480582074954,0.009425112055099253,0.009739931278178923,0.02523849860428482,0.0003148192230796702,1.2473769855161763
agriculture,20.0,0.006586437996159757,0.01,0.023047171696965484,white,8,304242,169654,0.015634734365610414,0.007412437331355069,0.009739931278178923,0.02523849860428482,0.0023274939468238536,9.221998437057216
agriculture,20.0,0.006586437996159757,0.1,0.019905977421079274,white,8,304242,169654,0.01718790141847538,0.0027180760026038926,0.009739931278178923,0.02523849860428482,0.00702185527557503,27.822000768234716
agriculture,20.0,0.006586437996159757,1.0,0.02269038653586736,white,8,304242,169654,0.0221326439975045,0.0005577425383628612,0.009739931278178923,0.02523849860428482,0.009182188739816062,36.381675803239624
agriculture,20.0,0.006586437996159757,0.0,0.02525954120400861,white,9,304243,169654,0.015498567326105899,0.00976097387790271,0.00976097387790271,0.02525954120400861,0.0,0.0
agriculture,20.0,0.006586437996159757,0.001,0.02495211337920453,white,9,304243,169654,0.015508480582074954,0.009443632797129576,0.00976097387790271,0.02525954120400861,0.00031734108077313347,1.2563216339130199
agriculture,20.0,0.006586437996159757,0.01,0.023054716467697876,white,9,304243,169654,0.015634734365610414,0.007419982102087462,0.00976097387790271,0.02525954120400861,0.0023409917758152477,9.267752556977321
agriculture,20.0,0.006586437996159757,0.1,0.019902298873866024,white,9,304243,169654,0.01718790141847538,0.002714397455390642,0.00976097387790271,0.02525954120400861,0.007046576422512068,27.896692048364674
agriculture,20.0,0.006586437996159757,1.0,0.022677696601766106,white,9,304243,169654,0.0221326439975045,0.0005450526042616068,0.00976097387790271,0.02525954120400861,0.009215921273641103,36.48491157938596
agriculture,20.0,0.006586437996159757,0.0,0.017019040227850432,correlated,0,304334,169654,0.015498567326105899,0.0015204729017445334,0.0015204729017445334,0.017019040227850432,0.0,0.0
agriculture,20.0,0.006586437996159757,0.001,0.017027052574108147,correlated,0,304334,169654,0.015508480582074954,0.0015185719920331932,0.0015204729017445334,0.017019040227850432,1.9009097113401041e-06,0.011169312052211984
agriculture,20.0,0.006586437996159757,0.01,0.01713543885755048,correlated,0,304334,169654,0.015634734365610414,0.001500704491940067,0.0015204729017445334,0.017019040227850432,1.9768409804466272e-05,0.11615466876984458
agriculture,20.0,0.006586437996159757,0.1,0.018527576676840858,correlated,0,304334,169654,0.01718790141847538,0.0013396752583654768,0.0015204729017445334,0.017019040227850432,0.00018079764337905653,1.0623257302323912
agriculture,20.0,0.006586437996159757,1.0,0.02307784000486388,correlated,0,304334,169654,0.0221326439975045,0.0009451960073593793,0.0015204729017445334,0.017019040227850432,0.000575276894385154,3.3801958670016825
agriculture,20.0,0.006586437996159757,0.0,0.017020915216056188,correlated,1,304335,169654,0.015498567326105899,0.001522347889950289,0.001522347889950289,0.017020915216056188,0.0,0.0
agriculture,20.0,0.006586437996159757,0.001,0.017029090302543844,correlated,1,304335,169654,0.015508480582074954,0.0015206097204688903,0.001522347889950289,0.017020915216056188,1.7381694813987936e-06,0.010211962513973055
agriculture,20.0,0.006586437996159757,0.01,0.017138387964145584,correlated,1,304335,169654,0.015634734365610414,0.00150365359853517,0.001522347889950289,0.017020915216056188,1.869429141511912e-05,0.10983129389825291
agriculture,20.0,0.006586437996159757,0.1,0.018533977082189308,correlated,1,304335,169654,0.01718790141847538,0.0013460756637139262,0.001522347889950289,0.017020915216056188,0.00017627222623636286,1.0356213164735206
agriculture,20.0,0.006586437996159757,1.0,0.023094292427582677,correlated,1,304335,169654,0.0221326439975045,0.0009616484300781769,0.001522347889950289,0.017020915216056188,0.0005606994598721122,3.294179265655425
agriculture,20.0,0.006586437996159757,0.0,0.017021566924344544,correlated,2,304336,169654,0.015498567326105899,0.001522999598238645,0.001522999598238645,0.017021566924344544,0.0,0.0
agriculture,20.0,0.006586437996159757,0.001,0.017029499080122495,correlated,2,304336,169654,0.015508480582074954,0.0015210184980475414,0.001522999598238645,0.017021566924344544,1.9811001911035353e-06,0.01163876510258366
agriculture,20.0,0.006586437996159757,0.01,0.01713782761693693,correlated,2,304336,169654,0.015634734365610414,0.0015030932513265156,0.001522999598238645,0.017021566924344544,1.9906346912129322e-05,0.11694779335302506
agriculture,20.0,0.006586437996159757,0.1,0.018533964406110506,correlated,2,304336,169654,0.01718790141847538,0.001346062987635125,0.001522999598238645,0.017021566924344544,0.00017693661060351994,1.0394848570049218
agriculture,20.0,0.006586437996159757,1.0,0.02309770338559402,correlated,2,304336,169654,0.0221326439975045,0.0009650593880895196,0.001522999598238645,0.017021566924344544,0.0005579402101491254,3.2778428250994303
agriculture,20.0,0.006586437996159757,0.0,0.01702588568597919,correlated,3,304337,169654,0.015498567326105899,0.0015273183598732924,0.0015273183598732924,0.01702588568597919,0.0,0.0
agriculture,20.0,0.006586437996159757,0.001,0.017034226653928296,correlated,3,304337,169654,0.015508480582074954,0.0015257460718533424,0.0015273183598732924,0.01702588568597919,1.5722880199499356e-06,0.00923469151002649
agriculture,20.0,0.006586437996159757,0.01,0.017144084389702594,correlated,3,304337,169654,0.015634734365610414,0.0015093500240921792,0.0015273183598732924,0.01702588568597919,1.7968335781113134e-05,0.1055353954121168
agriculture,20.0,0.006586437996159757,0.1,0.01853702782542924,correlated,3,304337,169654,0.01718790141847538,0.0013491264069538586,0.0015273183598732924,0.01702588568597919,0.00017819195291943375,1.046594322351023
agriculture,20.0,0.006586437996159757,1.0,0.023087316742558883,correlated,3,304337,169654,0.0221326439975045,0.0009546727450543829,0.0015273183598732924,0.01702588568597919,0.0005726456148189094,3.3633822367930195
agriculture,20.0,0.006586437996159757,0.0,0.017023791564168774,correlated,4,304338,169654,0.015498567326105899,0.0015252242380628753,0.0015252242380628753,0.017023791564168774,0.0,0.0
agriculture,20.0,0.006586437996159757,0.001,0.01703192872132089,correlated,4,304338,169654,0.015508480582074954,0.0015234481392459361,0.0015252242380628753,0.017023791564168774,1.7760988169392145e-06,0.010433039022150037
agriculture,20.0,0.006586437996159757,0.01,0.017141053406097714,correlated,4,304338,169654,0.015634734365610414,0.0015063190404873,0.0015252242380628753,0.017023791564168774,1.8905197575575308e-05,0.11105162739049547
agriculture,20.0,0.006586437996159757,0.1,0.018536603810253977,correlated,4,304338,169654,0.01718790141847538,0.001348702391778596,0.0015252242380628753,0.017023791564168774,0.00017652184628427943,1.0369126385206568
agriculture,20.0,0.006586437996159757,1.0,0.023098312512240187,correlated,4,304338,169654,0.0221326439975045,0.0009656685147356875,0.0015252242380628753,0.017023791564168774,0.0005595557233271879,3.286904220003057
agriculture,20.0,0.006586437996159757,0.0,0.01702311012495896,correlated,5,304339,169654,0.015498567326105899,0.001524542798853062,0.001524542798853062,0.01702311012495896,0.0,0.0
agriculture,20.0,0.006586437996159757,0.001,0.017031221605428647,correlated,5,304339,169654,0.015508480582074954,0.0015227410233536933,0.001524542798853062,0.01702311012495896,1.801775499368774e-06,0.010584290920652889
agriculture,20.0,0.006586437996159757,0.01,0.017140359500553703,correlated,5,304339,169654,0.015634734365610414,0.0015056251349432892,0.001524542798853062,0.01702311012495896,1.8917663909772883e-05,0.11112930463885189
agriculture,20.0,0.006586437996159757,0.1,0.018537813184436112,correlated,5,304339,169654,0.01718790141847538,0.0013499117659607311,0.001524542798853062,0.01702311012495896,0.00017463103289233096,1.0258468141863821
agriculture,20.0,0.006586437996159757,1.0,0.023102266579017396,correlated,5,304339,169654,0.0221326439975045,0.0009696225815128967,0.001524542798853062,0.01702311012495896,0.0005549202173401654,3.259805131181945
agriculture,20.0,0.006586437996159757,0.0,0.01701846437216392,correlated,6,304340,169654,0.015498567326105899,0.001519897046058023,0.001519897046058023,0.01701846437216392,0.0,0.0
agriculture,20.0,0.006586437996159757,0.001,0.017027375881409734,correlated,6,304340,169654,0.015508480582074954,0.0015188952993347802,0.001519897046058023,0.01701846437216392,1.0017467232427413e-06,0.005886234511741483
agriculture,20.0,0.006586437996159757,0.01,0.017140045653908694,correlated,6,304340,169654,0.015634734365610414,0.0015053112882982798,0.001519897046058023,0.01701846437216392,1.4585757759743093e-05,0.08570548693923372
agriculture,20.0,0.006586437996159757,0.1,0.018539092238965854,correlated,6,304340,169654,0.01718790141847538,0.0013511908204904728,0.001519897046058023,0.01701846437216392,0.00016870622556755012,0.9913128580713354
agriculture,20.0,0.006586437996159757,1.0,0.023103058845711184,correlated,6,304340,169654,0.0221326439975045,0.0009704148482066847,0.001519897046058023,0.01701846437216392,0.0005494821978513382,3.228741359003537
agriculture,20.0,0.006586437996159757,0.0,0.017031990659899465,correlated,7,304341,169654,0.015498567326105899,0.0015334233337935665,0.0015334233337935665,0.017031990659899465,0.0,0.0
agriculture,20.0,0.006586437996159757,0.001,0.017040133233010662,correlated,7,304341,169654,0.015508480582074954,0.0015316526509357078,0.0015334233337935665,0.017031990659899465,1.7706828578586964e-06,0.01039621787738315
agriculture,20.0,0.006586437996159757,0.01,0.017149405798319924,correlated,7,304341,169654,0.015634734365610414,0.0015146714327095093,0.0015334233337935665,0.017031990659899465,1.8751901084057207e-05,0.11009811746907038
agriculture,20.0,0.006586437996159757,0.1,0.018547060721973888,correlated,7,304341,169654,0.01718790141847538,0.0013591593034985062,0.0015334233337935665,0.017031990659899465,0.00017426403029506023,1.023157150416667
agriculture,20.0,0.006586437996159757,1.0,0.02311390328394752,correlated,7,304341,169654,0.0221326439975045,0.0009812592864430203,0.0015334233337935665,0.017031990659899465,0.0005521640473505462,3.241923145546191
agriculture,20.0,0.006586437996159757,0.0,0.017031454401232115,correlated,8,304342,169654,0.015498567326105899,0.0015328870751262162,0.0015328870751262162,0.017031454401232115,0.0,0.0
agriculture,20.0,0.006586437996159757,0.001,0.017039594666735654,correlated,8,304342,169654,0.015508480582074954,0.0015311140846607004,0.0015328870751262162,0.017031454401232115,1.7729904655157391e-06,0.010410094309899188
agriculture,20.0,0.006586437996159757,0.01,0.01714894882546555,correlated,8,304342,169654,0.015634734365610414,0.0015142144598551364,0.0015328870751262162,0.017031454401232115,1.8672615271079704e-05,0.10963605826716044
agriculture,20.0,0.006586437996159757,0.1,0.01854751387450956,correlated,8,304342,169654,0.01718790141847538,0.0013596124560341788,0.0015328870751262162,0.017031454401232115,0.00017327461909203735,1.017380048761438
agriculture,20.0,0.006586437996159757,1.0,0.02311736711397774,correlated,8,304342,169654,0.0221326439975045,0.0009847231164732406,0.0015328870751262162,0.017031454401232115,0.0005481639586529755,3.2185387444851417
agriculture,20.0,0.006586437996159757,0.0,0.017034167837558133,correlated,9,304343,169654,0.015498567326105899,0.0015356005114522345,0.0015356005114522345,0.017034167837558133,0.0,0.0
agriculture,20.0,0.006586437996159757,0.001,0.01704153325784459,correlated,9,304343,169654,0.015508480582074954,0.0015330526757696365,0.0015356005114522345,0.017034167837558133,2.5478356825980875e-06,0.014957206638415526
agriculture,20.0,0.006586437996159757,0.01,0.017146995595078176,correlated,9,304343,169654,0.015634734365610414,0.0015122612294677616,0.0015356005114522345,0.017034167837558133,2.3339281984472923e-05,0.13701451228520145
agriculture,20.0,0.006586437996159757,0.1,0.01853701891020959,correlated,9,304343,169654,0.01718790141847538,0.0013491174917342093,0.0015356005114522345,0.017034167837558133,0.00018648301971802526,1.0947586139597285
agriculture,20.0,0.006586437996159757,1.0,0.02308441738972596,correlated,9,304343,169654,0.0221326439975045,0.0009517733922214597,0.0015356005114522345,0.017034167837558133,0.0005838271192307749,3.427388556918593
agriculture,10.0,0.013172875992319514,0.0,0.04281504502930667,white,0,305234,169654,0.015498567326105899,0.027316477703200774,0.027316477703200774,0.04281504502930667,0.0,0.0
agriculture,10.0,0.013172875992319514,0.001,0.04206435433863273,white,0,305234,169654,0.015508480582074954,0.026555873756557775,0.027316477703200774,0.04281504502930667,0.0007606039466429987,1.776487555069414
agriculture,10.0,0.013172875992319514,0.01,0.037263179719170036,white,0,305234,169654,0.015634734365610414,0.021628445353559622,0.027316477703200774,0.04281504502930667,0.005688032349641152,13.28512523050653
agriculture,10.0,0.013172875992319514,0.1,0.02632637864590841,white,0,305234,169654,0.01718790141847538,0.00913847722743303,0.027316477703200774,0.04281504502930667,0.018178000475767744,42.45703925646931
agriculture,10.0,0.013172875992319514,1.0,0.0242088686401005,white,0,305234,169654,0.0221326439975045,0.0020762246425959988,0.027316477703200774,0.04281504502930667,0.025240253060604775,58.95183116899201
agriculture,10.0,0.013172875992319514,0.0,0.04253909727222707,white,1,305235,169654,0.015498567326105899,0.027040529946121175,0.027040529946121175,0.04253909727222707,0.0,0.0
agriculture,10.0,0.013172875992319514,0.001,0.04180309809580967,white,1,305235,169654,0.015508480582074954,0.026294617513734714,0.027040529946121175,0.04253909727222707,0.0007459124323864613,1.7534749917541215
agriculture,10.0,0.013172875992319514,0.01,0.03709463267846728,white,1,305235,169654,0.015634734365610414,0.021459898312856864,0.027040529946121175,0.04253909727222707,0.005580631633264312,13.118829479505186
agriculture,10.0,0.013172875992319514,0.1,0.026329871259022492,white,1,305235,169654,0.01718790141847538,0.009141969840547111,0.027040529946121175,0.04253909727222707,0.017898560105574064,42.07555226438638
agriculture,10.0,0.013172875992319514,1.0,0.02422834435053776,white,1,305235,169654,0.0221326439975045,0.0020957003530332613,0.027040529946121175,0.04253909727222707,0.024944829593087914,58.639771863174666
agriculture,10.0,0.013172875992319514,0.0,0.04289509432409839,white,2,305236,169654,0.015498567326105899,0.02739652699799249,0.02739652699799249,0.04289509432409839,0.0,0.0
agriculture,10.0,0.013172875992319514,0.001,0.042129430439793045,white,2,305236,169654,0.015508480582074954,0.02662094985771809,0.02739652699799249,0.04289509432409839,0.0007755771402744027,1.8080788782382624
agriculture,10.0,0.013172875992319514,0.01,0.03726068822554384,white,2,305236,169654,0.015634734365610414,0.021625953859933426,0.02739652699799249,0.04289509432409839,0.005770573138059065,13.452757777984807
agriculture,10.0,0.013172875992319514,0.1,0.02630959445782757,white,2,305236,169654,0.01718790141847538,0.009121693039352188,0.02739652699799249,0.04289509432409839,0.018274833958640303,42.60355233296115
agriculture,10.0,0.013172875992319514,1.0,0.024225476397687812,white,2,305236,169654,0.0221326439975045,0.002092832400183313,0.02739652699799249,0.04289509432409839,0.02530369459780918,58.98971664830588
agriculture,10.0,0.013172875992319514,0.0,0.04279383464317127,white,3,305237,169654,0.015498567326105899,0.027295267317065372,0.027295267317065372,0.04279383464317127,0.0,0.0
agriculture,10.0,0.013172875992319514,0.001,0.04204574801607001,white,3,305237,169654,0.015508480582074954,0.02653726743399505,0.027295267317065372,0.04279383464317127,0.0007579998830703205,1.7712829181838152
agriculture,10.0,0.013172875992319514,0.01,0.03726512451676482,white,3,305237,169654,0.015634734365610414,0.021630390151154408,0.027295267317065372,0.04279383464317127,0.005664877165910964,13.237601194533111
agriculture,10.0,0.013172875992319514,0.1,0.02636358611838766,white,3,305237,169654,0.01718790141847538,0.009175684699912277,0.027295267317065372,0.04279383464317127,0.018119582617153095,42.341572724762784
agriculture,10.0,0.013172875992319514,1.0,0.024263091632910586,white,3,305237,169654,0.0221326439975045,0.002130447635406086,0.027295267317065372,0.04279383464317127,0.025164819681659286,58.80477851889561
agriculture,10.0,0.013172875992319514,0.0,0.04293331601856811,white,4,305238,169654,0.015498567326105899,0.027434748692462214,0.027434748692462214,0.04293331601856811,0.0,0.0
agriculture,10.0,0.013172875992319514,0.001,0.04217770140656012,white,4,305238,169654,0.015508480582074954,0.02666922082448516,0.027434748692462214,0.04293331601856811,0.0007655278679770533,1.7830625233931903
agriculture,10.0,0.013172875992319514,0.01,0.03734968863377362,white,4,305238,169654,0.015634734365610414,0.02171495426816321,0.027434748692462214,0.04293331601856811,0.005719794424299006,13.322507913959566
agriculture,10.0,0.013172875992319514,0.1,0.026342098087628982,white,4,305238,169654,0.01718790141847538,0.0091541966691536,0.027434748692462214,0.04293331601856811,0.018280552023308614,42.57894269197028
agriculture,10.0,0.013172875992319514,1.0,0.024199695150061942,white,4,305238,169654,0.0221326439975045,0.0020670511525574427,0.027434748692462214,0.04293331601856811,0.025367697539904772,59.086275863093284
agriculture,10.0,0.013172875992319514,0.0,0.04301130248949291,white,5,305239,169654,0.015498567326105899,0.027512735163387016,0.027512735163387016,0.04301130248949291,0.0,0.0
agriculture,10.0,0.013172875992319514,0.001,0.04224696694549458,white,5,305239,169654,0.015508480582074954,0.026738486363419627,0.027512735163387016,0.04301130248949291,0.0007742487999673892,1.8001054493909545
agriculture,10.0,0.013172875992319514,0.01,0.037374574016688554,white,5,305239,169654,0.015634734365610414,0.02173983965107814,0.027512735163387016,0.04301130248949291,0.005772895512308876,13.42181049671564
agriculture,10.0,0.013172875992319514,0.1,0.026370310136847177,white,5,305239,169654,0.01718790141847538,0.009182408718371796,0.027512735163387016,0.04301130248949291,0.01833032644501522,42.617464210699204
agriculture,10.0,0.013172875992319514,1.0,0.02425146643073407,white,5,305239,169654,0.0221326439975045,0.0021188224332295696,0.027512735163387016,0.04301130248949291,0.025393912730157446,59.04009239515785
agriculture,10.0,0.013172875992319514,0.0,0.04290342626763207,white,6,305240,169654,0.015498567326105899,0.027404858941526174,0.027404858941526174,0.04290342626763207,0.0,0.0
agriculture,10.0,0.013172875992319514,0.001,0.04213562969321292,white,6,305240,169654,0.015508480582074954,0.026627149111137963,0.027404858941526174,0.04290342626763207,0.000777709830388211,1.8126986538017922
agriculture,10.0,0.013172875992319514,0.01,0.037257929406516815,white,6,305240,169654,0.015634734365610414,0.0216231950409064,0.027404858941526174,0.04290342626763207,0.005781663900619773,13.475995750441202
agriculture,10.0,0.013172875992319514,0.1,0.026307661140195227,white,6,305240,169654,0.01718790141847538,0.009119759721719845,0.027404858941526174,0.04290342626763207,0.01828509921980633,42.619205062420114
agriculture,10.0,0.013172875992319514,1.0,0.024203063018174847,white,6,305240,169654,0.0221326439975045,0.002070419020670348,0.027404858941526174,0.04290342626763207,0.025334439920855826,59.04992240670779
agriculture,10.0,0.013172875992319514,0.0,0.042733608994909064,white,7,305241,169654,0.015498567326105899,0.027235041668803167,0.027235041668803167,0.042733608994909064,0.0,0.0
agriculture,10.0,0.013172875992319514,0.001,0.04198642568667513,white,7,305241,169654,0.015508480582074954,0.02647794510460017,0.027235041668803167,0.042733608994909064,0.0007570965642029956,1.7716653987571935
agriculture,10.0,0.013172875992319514,0.01,0.03721609743459745,white,7,305241,169654,0.015634734365610414,0.021581363068987038,0.027235041668803167,0.042733608994909064,0.00565367859981613,13.230051785445182
agriculture,10.0,0.013172875992319514,0.1,0.026365956428738468,white,7,305241,169654,0.01718790141847538,0.009178055010263086,0.027235041668803167,0.042733608994909064,0.01805698665854008,42.254766408077636
agriculture,10.0,0.013172875992319514,1.0,0.02425387660162299,white,7,305241,169654,0.0221326439975045,0.002121232604118492,0.027235041668803167,0.042733608994909064,0.025113809064684675,58.76828485905913
agriculture,10.0,0.013172875992319514,0.0,0.04290734021945476,white,8,305242,169654,0.015498567326105899,0.027408772893348865,0.027408772893348865,0.04290734021945476,0.0,0.0
agriculture,10.0,0.013172875992319514,0.001,0.042151097548475694,white,8,305242,169654,0.015508480582074954,0.026642616966400738,0.027408772893348865,0.04290734021945476,0.0007661559269481269,1.7856057332603934
agriculture,10.0,0.013172875992319514,0.01,0.03732538562898831,white,8,305242,169654,0.015634734365610414,0.021690651263377894,0.027408772893348865,0.04290734021945476,0.005718121629970971,13.326674645235405
agriculture,10.0,0.013172875992319514,0.1,0.02637564091364422,white,8,305242,169654,0.01718790141847538,0.00918773949516884,0.027408772893348865,0.04290734021945476,0.018221033398180025,42.46600536175478
agriculture,10.0,0.013172875992319514,1.0,0.024255769637407276,white,8,305242,169654,0.0221326439975045,0.0021231256399027766,0.027408772893348865,0.04290734021945476,0.02528564725344609,58.930819584993145
agriculture,10.0,0.013172875992319514,0.0,0.04285032191474549,white,9,305243,169654,0.015498567326105899,0.027351754588639594,0.027351754588639594,0.04285032191474549,0.0,0.0
agriculture,10.0,0.013172875992319514,0.001,0.04209076341701079,white,9,305243,169654,0.015508480582074954,0.026582282834935834,0.027351754588639594,0.04285032191474549,0.0007694717537037599,1.7957198903538976
agriculture,10.0,0.013172875992319514,0.01,0.03725336079123229,white,9,305243,169654,0.015634734365610414,0.021618626425621873,0.027351754588639594,0.04285032191474549,0.005733128163017721,13.379428454293265
agriculture,10.0,0.013172875992319514,0.1,0.0263149578134472,white,9,305243,169654,0.01718790141847538,0.009127056394971817,0.027351754588639594,0.04285032191474549,0.018224698193667777,42.53106483056867
agriculture,10.0,0.013172875992319514,1.0,0.024210152808186582,white,9,305243,169654,0.0221326439975045,0.0020775088106820827,0.027351754588639594,0.04285032191474549,0.02527424577795751,58.98262754768298
agriculture,10.0,0.013172875992319514,0.0,0.02093451253091551,correlated,0,305334,169654,0.015498567326105899,0.0054359452048096096,0.0054359452048096096,0.02093451253091551,0.0,0.0
agriculture,10.0,0.013172875992319514,0.001,0.020940450960283265,correlated,0,305334,169654,0.015508480582074954,0.005431970378208311,0.0054359452048096096,0.02093451253091551,3.974826601298165e-06,0.018986955609442784
agriculture,10.0,0.013172875992319514,0.01,0.021021429704557646,correlated,0,305334,169654,0.015634734365610414,0.005386695338947232,0.0054359452048096096,0.02093451253091551,4.92498658623778e-05,0.23525680757861908
agriculture,10.0,0.013172875992319514,0.1,0.022096391544505562,correlated,0,305334,169654,0.01718790141847538,0.004908490126030181,0.0054359452048096096,0.02093451253091551,0.0005274550787794288,2.519547937887246
agriculture,10.0,0.013172875992319514,1.0,0.02577212313493775,correlated,0,305334,169654,0.0221326439975045,0.00363947913743325,0.0054359452048096096,0.02093451253091551,0.0017964660673763597,8.581360873454246
agriculture,10.0,0.013172875992319514,0.0,0.020928011683874467,correlated,1,305335,169654,0.015498567326105899,0.0054294443577685685,0.0054294443577685685,0.020928011683874467,0.0,0.0
agriculture,10.0,0.013172875992319514,0.001,0.02093342027732958,correlated,1,305335,169654,0.015508480582074954,0.005424939695254627,0.0054294443577685685,0.020928011683874467,4.504662513941937e-06,0.02152456039296312
agriculture,10.0,0.013172875992319514,0.01,0.02101185609365496,correlated,1,305335,169654,0.015634734365610414,0.005377121728044547,0.0054294443577685685,0.020928011683874467,5.232262972402167e-05,0.2500124259981062
agriculture,10.0,0.013172875992319514,0.1,0.022082393355080315,correlated,1,305335,169654,0.01718790141847538,0.004894491936604933,0.0054294443577685685,0.020928011683874467,0.0005349524211636352,2.556155019618174
agriculture,10.0,0.013172875992319514,1.0,0.025741366203957665,correlated,1,305335,169654,0.0221326439975045,0.0036087222064531653,0.0054294443577685685,0.020928011683874467,0.0018207221513154032,8.699928969928438
agriculture,10.0,0.013172875992319514,0.0,0.020933112813890997,correlated,2,305336,169654,0.015498567326105899,0.005434545487785098,0.005434545487785098,0.020933112813890997,0.0,0.0
agriculture,10.0,0.013172875992319514,0.001,0.020938807328714407,correlated,2,305336,169654,0.015508480582074954,0.005430326746639453,0.005434545487785098,0.020933112813890997,4.218741145645133e-06,0.020153434337035724
agriculture,10.0,0.013172875992319514,0.01,0.021018791541607417,correlated,2,305336,169654,0.015634734365610414,0.005384057175997003,0.005434545487785098,0.020933112813890997,5.048831178809492e-05,0.24118874358041675
agriculture,10.0,0.013172875992319514,0.1,0.022093763810200027,correlated,2,305336,169654,0.01718790141847538,0.004905862391724646,0.005434545487785098,0.020933112813890997,0.0005286830960604515,2.5255827967908475
agriculture,10.0,0.013172875992319514,1.0,0.025765035892709592,correlated,2,305336,169654,0.0221326439975045,0.003632391895205093,0.005434545487785098,0.020933112813890997,0.001802153592580005,8.609104668772027
agriculture,10.0,0.013172875992319514,0.0,0.020945704751546113,correlated,3,305337,169654,0.015498567326105899,0.005447137425440214,0.005447137425440214,0.020945704751546113,0.0,0.0
agriculture,10.0,0.013172875992319514,0.001,0.020950484367179313,correlated,3,305337,169654,0.015508480582074954,0.005442003785104359,0.005447137425440214,0.020945704751546113,5.1336403358547e-06,0.024509274797620544
agriculture,10.0,0.013172875992319514,0.01,0.02102613935303179,correlated,3,305337,169654,0.015634734365610414,0.005391404987421376,0.005447137425440214,0.020945704751546113,5.5732438018837524e-05,0.26608050996576577
agriculture,10.0,0.013172875992319514,0.1,0.022095951434171222,correlated,3,305337,169654,0.01718790141847538,0.004908050015695841,0.005447137425440214,0.020945704751546113,0.0005390874097443727,2.5737372704281043
agriculture,10.0,0.013172875992319514,1.0,0.025764821131925027,correlated,3,305337,169654,0.0221326439975045,0.003632177134420527,0.005447137425440214,0.020945704751546113,0.0018149602910196867,8.665071491021159
agriculture,10.0,0.013172875992319514,0.0,0.02093072074427608,correlated,4,305338,169654,0.015498567326105899,0.005432153418170183,0.005432153418170183,0.02093072074427608,0.0,0.0
agriculture,10.0,0.013172875992319514,0.001,0.02093626795053539,correlated,4,305338,169654,0.015508480582074954,0.005427787368460437,0.005432153418170183,0.02093072074427608,4.36604970974544e-06,0.02085952874288585
agriculture,10.0,0.013172875992319514,0.01,0.021014659532514555,correlated,4,305338,169654,0.015634734365610414,0.0053799251669041405,0.005432153418170183,0.02093072074427608,5.2228251266042344e-05,0.24952915814103147
agriculture,10.0,0.013172875992319514,0.1,0.02207656143593326,correlated,4,305338,169654,0.01718790141847538,0.004888660017457878,0.005432153418170183,0.02093072074427608,0.0005434934007123044,2.5966301273258034
agriculture,10.0,0.013172875992319514,1.0,0.025711503004079615,correlated,4,305338,169654,0.0221326439975045,0.0035788590065751157,0.005432153418170183,0.02093072074427608,0.0018532944115950672,8.85442233087882
agriculture,10.0,0.013172875992319514,0.0,0.020937608631413984,correlated,5,305339,169654,0.015498567326105899,0.005439041305308085,0.005439041305308085,0.020937608631413984,0.0,0.0
agriculture,10.0,0.013172875992319514,0.001,0.020941958532217867,correlated,5,305339,169654,0.015508480582074954,0.005433477950142913,0.005439041305308085,0.020937608631413984,5.563355165171674e-06,0.026571110689425293
agriculture,10.0,0.013172875992319514,0.01,0.02101502333615271,correlated,5,305339,169654,0.015634734365610414,0.005380288970542296,0.005439041305308085,0.020937608631413984,5.8752334765788464e-05,0.280606710155231
agriculture,10.0,0.013172875992319514,0.1,0.022072615194414256,correlated,5,305339,169654,0.01718790141847538,0.0048847137759388745,0.005439041305308085,0.020937608631413984,0.0005543275293692102,2.6475207323224033
agriculture,10.0,0.013172875992319514,1.0,0.025697785452271384,correlated,5,305339,169654,0.0221326439975045,0.0035651414547668847,0.005439041305308085,0.020937608631413984,0.0018738998505412,8.949922999944095
agriculture,10.0,0.013172875992319514,0.0,0.02093794890168681,correlated,6,305340,169654,0.015498567326105899,0.005439381575580911,0.005439381575580911,0.02093794890168681,0.0,0.0
agriculture,10.0,0.013172875992319514,0.001,0.020941858411964654,correlated,6,305340,169654,0.015508480582074954,0.0054333778298897,0.005439381575580911,0.02093794890168681,6.003745691211121e-06,0.028673991513693327
agriculture,10.0,0.013172875992319514,0.01,0.021013427175719197,correlated,6,305340,169654,0.015634734365610414,0.005378692810108783,0.005439381575580911,0.02093794890168681,6.0688765472128106e-05,0.28985057589494295
agriculture,10.0,0.013172875992319514,0.1,0.022077776571337155,correlated,6,305340,169654,0.01718790141847538,0.004889875152861774,0.005439381575580911,0.02093794890168681,0.0005495064227191374,2.6244520191510636
agriculture,10.0,0.013172875992319514,1.0,0.0257350540128785,correlated,6,305340,169654,0.0221326439975045,0.003602410015374001,0.005439381575580911,0.02093794890168681,0.0018369715602069101,8.77340740887432
agriculture,10.0,0.013172875992319514,0.0,0.02093103128698603,correlated,7,305341,169654,0.015498567326105899,0.005432463960880133,0.005432463960880133,0.02093103128698603,0.0,0.0
agriculture,10.0,0.013172875992319514,0.001,0.02093597691951157,correlated,7,305341,169654,0.015508480582074954,0.0054274963374366155,0.005432463960880133,0.02093103128698603,4.967623443517116e-06,0.02373329519891244
agriculture,10.0,0.013172875992319514,0.01,0.021012213081556076,correlated,7,305341,169654,0.015634734365610414,0.005377478715945662,0.005432463960880133,0.02093103128698603,5.4985244934470726e-05,0.2626972564350332
agriculture,10.0,0.013172875992319514,0.1,0.022079266792670534,correlated,7,305341,169654,0.01718790141847538,0.004891365374195152,0.005432463960880133,0.02093103128698603,0.0005410985866849804,2.585150149870594
agriculture,10.0,0.013172875992319514,1.0,0.025727532831817515,correlated,7,305341,169654,0.0221326439975045,0.0035948888343130155,0.005432463960880133,0.02093103128698603,0.0018375751265671172,8.77919057772198
agriculture,10.0,0.013172875992319514,0.0,0.02094474021521663,correlated,8,305342,169654,0.015498567326105899,0.00544617288911073,0.00544617288911073,0.02094474021521663,0.0,0.0
agriculture,10.0,0.013172875992319514,0.001,0.020950479298571516,correlated,8,305342,169654,0.015508480582074954,0.005441998716496562,0.00544617288911073,0.02094474021521663,4.174172614168636e-06,0.019929455181955637
agriculture,10.0,0.013172875992319514,0.01,0.021030261828015193,correlated,8,305342,169654,0.015634734365610414,0.005395527462404778,0.00544617288911073,0.02094474021521663,5.0645426705952026e-05,0.2418049886775748
agriculture,10.0,0.013172875992319514,0.1,0.02210176862063744,correlated,8,305342,169654,0.01718790141847538,0.00491386720216206,0.00544617288911073,0.02094474021521663,0.0005323056869486701,2.541476673756703
agriculture,10.0,0.013172875992319514,1.0,0.02576841040634507,correlated,8,305342,169654,0.0221326439975045,0.003635766408840571,0.00544617288911073,0.02094474021521663,0.0018104064802701592,8.643728504948823
agriculture,10.0,0.013172875992319514,0.0,0.02091632399996843,correlated,9,305343,169654,0.015498567326105899,0.005417756673862533,0.005417756673862533,0.02091632399996843,0.0,0.0
agriculture,10.0,0.013172875992319514,0.001,0.02092154437035481,correlated,9,305343,169654,0.015508480582074954,0.0054130637882798555,0.005417756673862533,0.02091632399996843,4.69288558267722e-06,0.022436473936262906
agriculture,10.0,0.013172875992319514,0.01,0.02099928036731744,correlated,9,305343,169654,0.015634734365610414,0.005364546001707025,0.005417756673862533,0.02091632399996843,5.321067215550805e-05,0.25439781940453954
agriculture,10.0,0.013172875992319514,0.1,0.022070583975117068,correlated,9,305343,169654,0.01718790141847538,0.004882682556641687,0.005417756673862533,0.02091632399996843,0.0005350741172208458,2.558165178650194
agriculture,10.0,0.013172875992319514,1.0,0.025730791984586242,correlated,9,305343,169654,0.0221326439975045,0.003598147987081742,0.005417756673862533,0.02091632399996843,0.0018196086867807906,8.699466917721953
agriculture,5.0,0.026345751984639027,0.0,0.0813427549602777,white,0,306234,169654,0.015498567326105899,0.0658441876341718,0.0658441876341718,0.0813427549602777,0.0,0.0
agriculture,5.0,0.026345751984639027,0.001,0.07974261368501204,white,0,306234,169654,0.015508480582074954,0.06423413310293709,0.0658441876341718,0.0813427549602777,0.0016100545312347087,1.9793459565279667
agriculture,5.0,0.026345751984639027,0.01,0.06942145269694901,white,0,306234,169654,0.015634734365610414,0.05378671833133859,0.0658441876341718,0.0813427549602777,0.012057469302833204,14.823040243376632
agriculture,5.0,0.026345751984639027,0.1,0.04351041132133885,white,0,306234,169654,0.01718790141847538,0.02632250990286347,0.0658441876341718,0.0813427549602777,0.039521677731308325,48.5865984630199
agriculture,5.0,0.026345751984639027,1.0,0.029679357024599607,white,0,306234,169654,0.0221326439975045,0.0075467130270951074,0.0658441876341718,0.0813427549602777,0.05829747460707669,71.66892077302427
agriculture,5.0,0.026345751984639027,0.0,0.08158273937909165,white,1,306235,169654,0.015498567326105899,0.06608417205298575,0.06608417205298575,0.08158273937909165,0.0,0.0
agriculture,5.0,0.026345751984639027,0.001,0.079969360518247,white,1,306235,169654,0.015508480582074954,0.06446087993617206,0.06608417205298575,0.08158273937909165,0.001623292116813696,1.9897494606925639
agriculture,5.0,0.026345751984639027,0.01,0.06958219170611078,white,1,306235,169654,0.015634734365610414,0.05394745734050037,0.06608417205298575,0.08158273937909165,0.012136714712485383,14.876571692560534
agriculture,5.0,0.026345751984639027,0.1,0.043573241179286314,white,1,306235,169654,0.01718790141847538,0.026385339760810932,0.06608417205298575,0.08158273937909165,0.039698832292174815,48.6608228582589
agriculture,5.0,0.026345751984639027,1.0,0.029683932821014808,white,1,306235,169654,0.0221326439975045,0.007551288823510308,0.06608417205298575,0.08158273937909165,0.058532883229475446,71.74665091532398
agriculture,5.0,0.026345751984639027,0.0,0.08075002970589097,white,2,306236,169654,0.015498567326105899,0.06525146237978507,0.06525146237978507,0.08075002970589097,0.0,0.0
agriculture,5.0,0.026345751984639027,0.001,0.07919923333568189,white,2,306236,169654,0.015508480582074954,0.06369075275360694,0.06525146237978507,0.08075002970589097,0.0015607096261781306,1.932766627904128
agriculture,5.0,0.026345751984639027,0.01,0.06915934271464914,white,2,306236,169654,0.015634734365610414,0.05352460834903873,0.06525146237978507,0.08075002970589097,0.011726854030746345,14.522414509886966
agriculture,5.0,0.026345751984639027,0.1,0.04354880952590361,white,2,306236,169654,0.01718790141847538,0.026360908107428232,0.06525146237978507,0.08075002970589097,0.03889055427235684,48.16165940000843
agriculture,5.0,0.026345751984639027,1.0,0.02967359131649389,white,2,306236,169654,0.0221326439975045,0.00754094731898939,0.06525146237978507,0.08075002970589097,0.057710515060795685,71.46810381493336
agriculture,5.0,0.026345751984639027,0.0,0.08152771748357349,white,3,306237,169654,0.015498567326105899,0.06602915015746759,0.06602915015746759,0.08152771748357349,0.0,0.0
agriculture,5.0,0.026345751984639027,0.001,0.07989906394867212,white,3,306237,169654,0.015508480582074954,0.06439058336659717,0.06602915015746759,0.08152771748357349,0.0016385667908704188,2.0098278738155075
agriculture,5.0,0.026345751984639027,0.01,0.06944990035327975,white,3,306237,169654,0.015634734365610414,0.05381516598766933,0.06602915015746759,0.08152771748357349,0.012213984169798256,14.981388596165685
agriculture,5.0,0.026345751984639027,0.1,0.04352123054842659,white,3,306237,169654,0.01718790141847538,0.02633332912995121,0.06602915015746759,0.08152771748357349,0.039695821027516384,48.68996980752521
agriculture,5.0,0.026345751984639027,1.0,0.029722608686257597,white,3,306237,169654,0.0221326439975045,0.007589964688753097,0.06602915015746759,0.08152771748357349,0.05843918546871449,71.68014421658381
agriculture,5.0,0.026345751984639027,0.0,0.08161453788928803,white,4,306238,169654,0.015498567326105899,0.06611597056318214,0.06611597056318214,0.08161453788928803,0.0,0.0
agriculture,5.0,0.026345751984639027,0.001,0.07999492447800238,white,4,306238,169654,0.015508480582074954,0.06448644389592743,0.06611597056318214,0.08161453788928803,0.001629526667254702,1.996613237540096
agriculture,5.0,0.026345751984639027,0.01,0.06956913225459037,white,4,306238,169654,0.015634734365610414,0.053934397888979954,0.06611597056318214,0.08161453788928803,0.012181572674202182,14.925738709354405
agriculture,5.0,0.026345751984639027,0.1,0.04349131359962176,white,4,306238,169654,0.01718790141847538,0.026303412181146377,0.06611597056318214,0.08161453788928803,0.03981255838203576,48.78120909787224
agriculture,5.0,0.026345751984639027,1.0,0.0295669446827505,white,4,306238,169654,0.0221326439975045,0.007434300685246,0.06611597056318214,0.08161453788928803,0.05868166987793613,71.90100121321419
agriculture,5.0,0.026345751984639027,0.0,0.0813621281129847,white,5,306239,169654,0.015498567326105899,0.0658635607868788,0.0658635607868788,0.0813621281129847,0.0,0.0
agriculture,5.0,0.026345751984639027,0.001,0.0797498309928892,white,5,306239,169654,0.015508480582074954,0.06424135041081425,0.0658635607868788,0.0813621281129847,0.0016222103760645534,1.9938150755002961
agriculture,5.0,0.026345751984639027,0.01,0.06937902404145245,white,5,306239,169654,0.015634734365610414,0.053744289675842036,0.0658635607868788,0.0813621281129847,0.012119271111036764,14.895469663978261
agriculture,5.0,0.026345751984639027,0.1,0.043486692995597584,white,5,306239,169654,0.01718790141847538,0.026298791577122203,0.0658635607868788,0.0813621281129847,0.0395647692097566,48.62799207367635
agriculture,5.0,0.026345751984639027,1.0,0.029737598678449884,white,5,306239,169654,0.0221326439975045,0.007604954680945384,0.0658635607868788,0.0813621281129847,0.05825860610593342,71.60408344412005
agriculture,5.0,0.026345751984639027,0.0,0.08164448187981188,white,6,306240,169654,0.015498567326105899,0.06614591455370598,0.06614591455370598,0.08164448187981188,0.0,0.0
agriculture,5.0,0.026345751984639027,0.001,0.08002171482714515,white,6,306240,169654,0.015508480582074954,0.0645132342450702,0.06614591455370598,0.08164448187981188,0.001632680308635781,1.9997436091752474
agriculture,5.0,0.026345751984639027,0.01,0.06959117387057481,white,6,306240,169654,0.015634734365610414,0.0539564395049644,0.06614591455370598,0.08164448187981188,0.012189475048741585,14.929943540686072
agriculture,5.0,0.026345751984639027,0.1,0.04355857737137967,white,6,306240,169654,0.01718790141847538,0.02637067595290429,0.06614591455370598,0.08164448187981188,0.03977523860080169,48.717607957087004
agriculture,5.0,0.026345751984639027,1.0,0.029617889669232993,white,6,306240,169654,0.0221326439975045,0.007485245671728494,0.06614591455370598,0.08164448187981188,0.05866066888197749,71.8489082560795
agriculture,5.0,0.026345751984639027,0.0,0.08124971511968673,white,7,306241,169654,0.015498567326105899,0.06575114779358084,0.06575114779358084,0.08124971511968673,0.0,0.0
agriculture,5.0,0.026345751984639027,0.001,0.07964097529375297,white,7,306241,169654,0.015508480582074954,0.06413249471167802,0.06575114779358084,0.08124971511968673,0.0016186530819028155,1.9921953935695922
agriculture,5.0,0.026345751984639027,0.01,0.06930218306225944,white,7,306241,169654,0.015634734365610414,0.05366744869664902,0.06575114779358084,0.08124971511968673,0.012083699096931813,14.872297187912162
agriculture,5.0,0.026345751984639027,0.1,0.04342700665908347,white,7,306241,169654,0.01718790141847538,0.02623910524060809,0.06575114779358084,0.08124971511968673,0.03951204255297275,48.630376727805924
agriculture,5.0,0.026345751984639027,1.0,0.02959747427659028,white,7,306241,169654,0.0221326439975045,0.007464830279085781,0.06575114779358084,0.08124971511968673,0.058286317514495055,71.7372576982394
agriculture,5.0,0.026345751984639027,0.0,0.08156573503371102,white,8,306242,169654,0.015498567326105899,0.06606716770760512,0.06606716770760512,0.08156573503371102,0.0,0.0
agriculture,5.0,0.026345751984639027,0.001,0.07994085138606709,white,8,306242,169654,0.015508480582074954,0.06443237080399214,0.06606716770760512,0.08156573503371102,0.001634796903612984,2.0042691982574845
agriculture,5.0,0.026345751984639027,0.01,0.06948577391748083,white,8,306242,169654,0.015634734365610414,0.053851039551870414,0.06606716770760512,0.08156573503371102,0.01221612815573471,14.97703435233655
agriculture,5.0,0.026345751984639027,0.1,0.04345156011266847,white,8,306242,169654,0.01718790141847538,0.02626365869419309,0.06606716770760512,0.08156573503371102,0.039803509013412036,48.799301565738716
agriculture,5.0,0.026345751984639027,1.0,0.029664622788109066,white,8,306242,169654,0.0221326439975045,0.007531978790604566,0.06606716770760512,0.08156573503371102,0.05853518891700056,71.76443502018101
agriculture,5.0,0.026345751984639027,0.0,0.08127562142321883,white,9,306243,169654,0.015498567326105899,0.06577705409711293,0.06577705409711293,0.08127562142321883,0.0,0.0
agriculture,5.0,0.026345751984639027,0.001,0.07967979202460987,white,9,306243,169654,0.015508480582074954,0.06417131144253492,0.06577705409711293,0.08127562142321883,0.0016057426545780101,1.9756756410591791
agriculture,5.0,0.026345751984639027,0.01,0.06939186539365126,white,9,306243,169654,0.015634734365610414,0.05375713102804085,0.06577705409711293,0.08127562142321883,0.012019923069072083,14.789087869881522
agriculture,5.0,0.026345751984639027,0.1,0.04349406588788309,white,9,306243,169654,0.01718790141847538,0.02630616446940771,0.06577705409711293,0.08127562142321883,0.039470889627705216,48.56424218791536
agriculture,5.0,0.026345751984639027,1.0,0.029632229020742182,white,9,306243,169654,0.0221326439975045,0.007499585023237682,0.06577705409711293,0.08127562142321883,0.05827746907387525,71.70350475748752
agriculture,5.0,0.026345751984639027,0.0,0.03215246523032544,correlated,0,306334,169654,0.015498567326105899,0.01665389790421954,0.01665389790421954,0.03215246523032544,0.0,0.0
agriculture,5.0,0.026345751984639027,0.001,0.03215229978177005,correlated,0,306334,169654,0.015508480582074954,0.01664381919969509,0.01665389790421954,0.03215246523032544,1.0078704524449367e-05,0.03134659956009648
agriculture,5.0,0.026345751984639027,0.01,0.032173601610896885,correlated,0,306334,169654,0.015634734365610414,0.01653886724528647,0.01665389790421954,0.03215246523032544,0.00011503065893306991,0.35776621826364885
agriculture,5.0,0.026345751984639027,0.1,0.0326566482625569,correlated,0,306334,169654,0.01718790141847538,0.015468746844081522,0.01665389790421954,0.03215246523032544,0.0011851510601380184,3.6860348083673915
agriculture,5.0,0.026345751984639027,1.0,0.03438729032919533,correlated,0,306334,169654,0.0221326439975045,0.012254646331690832,0.01665389790421954,0.03215246523032544,0.004399251572528708,13.682470507360783
agriculture,5.0,0.026345751984639027,0.0,0.03211209734390502,correlated,1,306335,169654,0.015498567326105899,0.016613530017799125,0.016613530017799125,0.03211209734390502,0.0,0.0
agriculture,5.0,0.026345751984639027,0.001,0.03211290346072866,correlated,1,306335,169654,0.015508480582074954,0.016604422878653706,0.016613530017799125,0.03211209734390502,9.107139145418663e-06,0.028360461940201573
agriculture,5.0,0.026345751984639027,0.01,0.03213884838409087,correlated,1,306335,169654,0.015634734365610414,0.016504114018480454,0.016613530017799125,0.03211209734390502,0.00010941599931867108,0.3407314014618188
agriculture,5.0,0.026345751984639027,0.1,0.03262939747650201,correlated,1,306335,169654,0.01718790141847538,0.015441496058026628,0.016613530017799125,0.03211209734390502,0.001172033959772497,3.6498206492730154
agriculture,5.0,0.026345751984639027,1.0,0.034374236314007336,correlated,1,306335,169654,0.0221326439975045,0.012241592316502837,0.016613530017799125,0.03211209734390502,0.004371937701296288,13.614612756292281
agriculture,5.0,0.026345751984639027,0.0,0.03207926947285618,correlated,2,306336,169654,0.015498567326105899,0.01658070214675028,0.01658070214675028,0.03207926947285618,0.0,0.0
agriculture,5.0,0.026345751984639027,0.001,0.03207985663175064,correlated,2,306336,169654,0.015508480582074954,0.016571376049675686,0.01658070214675028,0.03207926947285618,9.326097074595363e-06,0.029072036950487993
agriculture,5.0,0.026345751984639027,0.01,0.032104880411960426,correlated,2,306336,169654,0.015634734365610414,0.016470146046350012,0.01658070214675028,0.03207926947285618,0.0001105561004002692,0.3446340961530189
agriculture,5.0,0.026345751984639027,0.1,0.032596511855418085,correlated,2,306336,169654,0.01718790141847538,0.015408610436942704,0.01658070214675028,0.03207926947285618,0.0011720917098075774,3.6537356650198687
agriculture,5.0,0.026345751984639027,1.0,0.03435551975795808,correlated,2,306336,169654,0.0221326439975045,0.01222287576045358,0.01658070214675028,0.03207926947285618,0.004357826386296702,13.584556188176508
agriculture,5.0,0.026345751984639027,0.0,0.03212745661477884,correlated,3,306337,169654,0.015498567326105899,0.01662888928867294,0.01662888928867294,0.03212745661477884,0.0,0.0
agriculture,5.0,0.026345751984639027,0.001,0.03212827858995413,correlated,3,306337,169654,0.015508480582074954,0.016619798007879175,0.01662888928867294,0.03212745661477884,9.091280793765977e-06,0.02829754282380364
agriculture,5.0,0.026345751984639027,0.01,0.03215479209161317,correlated,3,306337,169654,0.015634734365610414,0.016520057726002756,0.01662888928867294,0.03212745661477884,0.00010883156267018496,0.3387493880238305
agriculture,5.0,0.026345751984639027,0.1,0.03265435039688996,correlated,3,306337,169654,0.01718790141847538,0.015466448978414576,0.01662888928867294,0.03212745661477884,0.0011624403102583648,3.618214551486266
agriculture,5.0,0.026345751984639027,1.0,0.03443621783270021,correlated,3,306337,169654,0.0221326439975045,0.012303573835195713,0.01662888928867294,0.03212745661477884,0.004325315453477228,13.462987454436572
agriculture,5.0,0.026345751984639027,0.0,0.03211143185859581,correlated,4,306338,169654,0.015498567326105899,0.01661286453248991,0.01661286453248991,0.03211143185859581,0.0,0.0
agriculture,5.0,0.026345751984639027,0.001,0.03211146270170304,correlated,4,306338,169654,0.015508480582074954,0.016602982119628087,0.01661286453248991,0.03211143185859581,9.882412861823842e-06,0.030775372787303627
agriculture,5.0,0.026345751984639027,0.01,0.03213320929610529,correlated,4,306338,169654,0.015634734365610414,0.016498474930494875,0.01661286453248991,0.03211143185859581,0.00011438960199503662,0.3562270362117659
agriculture,5.0,0.026345751984639027,0.1,0.03261116369543608,correlated,4,306338,169654,0.01718790141847538,0.015423262276960701,0.01661286453248991,0.03211143185859581,0.0011896022555292103,3.7046066982241075
agriculture,5.0,0.026345751984639027,1.0,0.03432584497972428,correlated,4,306338,169654,0.0221326439975045,0.012193200982219782,0.01661286453248991,0.03211143185859581,0.004419663550270129,13.763520635679916
agriculture,5.0,0.026345751984639027,0.0,0.0321546114309339,correlated,5,306339,169654,0.015498567326105899,0.016656044104828002,0.016656044104828002,0.0321546114309339,0.0,0.0
agriculture,5.0,0.026345751984639027,0.001,0.032153539491408714,correlated,5,306339,169654,0.015508480582074954,0.01664505890933376,0.016656044104828002,0.0321546114309339,1.0985195494243871e-05,0.034163670482659655
agriculture,5.0,0.026345751984639027,0.01,0.03217071665363407,correlated,5,306339,169654,0.015634734365610414,0.016535982288023658,0.016656044104828002,0.0321546114309339,0.00012006181680434408,0.37338910800470837
agriculture,5.0,0.026345751984639027,0.1,0.03265066047975268,correlated,5,306339,169654,0.01718790141847538,0.015462759061277299,0.016656044104828002,0.0321546114309339,0.0011932850435507035,3.7110852547971396
agriculture,5.0,0.026345751984639027,1.0,0.03437878164611211,correlated,5,306339,169654,0.0221326439975045,0.012246137648607613,0.016656044104828002,0.0321546114309339,0.0044099064562203895,13.714693662812856
agriculture,5.0,0.026345751984639027,0.0,0.03210115005721682,correlated,6,306340,169654,0.015498567326105899,0.016602582731110926,0.016602582731110926,0.03210115005721682,0.0,0.0
agriculture,5.0,0.026345751984639027,0.001,0.0321021240552209,correlated,6,306340,169654,0.015508480582074954,0.016593643473145944,0.016602582731110926,0.03210115005721682,8.939257964982184e-06,0.027847157964898218
agriculture,5.0,0.026345751984639027,0.01,0.032129225347996414,correlated,6,306340,169654,0.015634734365610414,0.016494490982386,0.016602582731110926,0.03210115005721682,0.00010809174872492694,0.3367223558416602
agriculture,5.0,0.026345751984639027,0.1,0.032627008716806065,correlated,6,306340,169654,0.01718790141847538,0.015439107298330684,0.016602582731110926,0.03210115005721682,0.0011634754327802428,3.624404205788496
agriculture,5.0,0.026345751984639027,1.0,0.034398914636208006,correlated,6,306340,169654,0.0221326439975045,0.012266270638703506,0.016602582731110926,0.03210115005721682,0.00433631209240742,13.508276447038233
agriculture,5.0,0.026345751984639027,0.0,0.03211646269021344,correlated,7,306341,169654,0.015498567326105899,0.016617895364107543,0.016617895364107543,0.03211646269021344,0.0,0.0
agriculture,5.0,0.026345751984639027,0.001,0.032114912901492466,correlated,7,306341,169654,0.015508480582074954,0.01660643231941751,0.016617895364107543,0.03211646269021344,1.1463044690032675e-05,0.035692114665933326
agriculture,5.0,0.026345751984639027,0.01,0.03212999799096198,correlated,7,306341,169654,0.015634734365610414,0.016495263625351565,0.016617895364107543,0.03211646269021344,0.00012263173875597805,0.38183451253287154
agriculture,5.0,0.026345751984639027,0.1,0.03260624262964916,correlated,7,306341,169654,0.01718790141847538,0.015418341211173778,0.016617895364107543,0.03211646269021344,0.0011995541529337649,3.7350132998902588
agriculture,5.0,0.026345751984639027,1.0,0.03432476712790395,correlated,7,306341,169654,0.0221326439975045,0.01219212313039945,0.016617895364107543,0.03211646269021344,0.0044257722337080925,13.780385082871277
agriculture,5.0,0.026345751984639027,0.0,0.032145447492468664,correlated,8,306342,169654,0.015498567326105899,0.016646880166362767,0.016646880166362767,0.032145447492468664,0.0,0.0
agriculture,5.0,0.026345751984639027,0.001,0.032146342910465545,correlated,8,306342,169654,0.015508480582074954,0.01663786232839059,0.016646880166362767,0.032145447492468664,9.017837972177811e-06,0.028053235140965433
agriculture,5.0,0.026345751984639027,0.01,0.03217257720953884,correlated,8,306342,169654,0.015634734365610414,0.016537842843928424,0.016646880166362767,0.032145447492468664,0.00010903732243434244,0.3391998896885437
agriculture,5.0,0.026345751984639027,0.1,0.032661776940641506,correlated,8,306342,169654,0.01718790141847538,0.015473875522166124,0.016646880166362767,0.032145447492468664,0.0011730046441966423,3.6490537096161586
agriculture,5.0,0.026345751984639027,1.0,0.03441058480337427,correlated,8,306342,169654,0.0221326439975045,0.012277940805869771,0.016646880166362767,0.032145447492468664,0.004368939360492995,13.59116049486196
agriculture,5.0,0.026345751984639027,0.0,0.03210122518415568,correlated,9,306343,169654,0.015498567326105899,0.016602657858049784,0.016602657858049784,0.03210122518415568,0.0,0.0
agriculture,5.0,0.026345751984639027,0.001,0.03210079653562027,correlated,9,306343,169654,0.015508480582074954,0.016592315953545315,0.016602657858049784,0.03210122518415568,1.0341904504468369e-05,0.032216541409680714
agriculture,5.0,0.026345751984639027,0.01,0.03212099889720931,correlated,9,306343,169654,0.015634734365610414,0.016486264531598897,0.016602657858049784,0.03210122518415568,0.00011639332645088651,0.36258219361775385
agriculture,5.0,0.026345751984639027,0.1,0.03260569511050451,correlated,9,306343,169654,0.01718790141847538,0.015417793692029131,0.016602657858049784,0.03210122518415568,0.0011848641660206528,3.691024748193943
agriculture,5.0,0.026345751984639027,1.0,0.034346303304064296,correlated,9,306343,169654,0.0221326439975045,0.012213659306559797,0.016602657858049784,0.03210122518415568,0.004388998551489987,13.672370840401074
