scene,psf_config,assumed_fwhm_m,snr,noise_std,lam,noise_model,rmse_vs_no_psf,rmse_std,noise_penalty,noise_penalty_std,regularization_noise_gain,regularization_noise_gain_std,regularization_noise_gain_pct,regularization_noise_gain_pct_std,n_realizations,n_cells
agriculture,matched,12.5,5.0,0.026345751984639027,0.0,correlated,0.032120161716274735,2.465320252148065e-05,0.016621594669607713,2.4653202521481138e-05,0.0,0.0,0.0,0.0,10,169654
agriculture,matched,12.5,5.0,0.026345751984639027,0.0,white,0.08139154495720133,0.00026822243011503705,0.0658929779105343,0.00026822243011503705,0.0,0.0,0.0,0.0,10,169654
agriculture,matched,12.5,5.0,0.026345751984639027,0.001,correlated,0.03212025171934456,2.444708784121734e-05,0.016611771209106556,2.4447087841217334e-05,9.823460501161286e-06,8.884204050435876e-07,0.03058301189173654,0.0027598766572911678,10,169654
agriculture,matched,12.5,5.0,0.026345751984639027,0.001,white,0.07978383508402191,0.00024706040689737783,0.0642753545737839,0.00024706040689737783,0.0016176233367503929,2.259271866232268e-05,1.9874002731569516,0.02181164163310322,10,169654
agriculture,matched,12.5,5.0,0.026345751984639027,0.01,correlated,0.03214288481472163,2.3868744821051432e-05,0.016508150539245647,2.3868744821051673e-05,0.00011344413036206841,5.1014899859571716e-06,0.35318406457090534,0.015814081233739393,10,169654
agriculture,matched,12.5,5.0,0.026345751984639027,0.01,white,0.06943320365425752,0.0001356547701620996,0.05379846937878154,0.00013565477016209927,0.012094508531752753,0.00014540462266962988,14.859298097659146,0.13320205664862875,10,169654
agriculture,matched,12.5,5.0,0.026345751984639027,0.1,correlated,0.03262994559278803,2.4450380337160967e-05,0.01544204418310422,2.4450380337160903e-05,0.0011795504865034952,1.2717264667894772e-05,3.67230002472398,0.03891548457840387,10,169654
agriculture,matched,12.5,5.0,0.026345751984639027,0.1,white,0.04350629086035105,4.631246709918208e-05,0.02631838945066724,4.631246709918249e-05,0.03957458845986706,0.00027180420479503244,48.621977695473184,0.17909103043129201,10,169654
agriculture,matched,12.5,5.0,0.026345751984639027,1.0,correlated,0.034373846072395305,3.633328263451822e-05,0.012241202137997,3.633328263451861e-05,0.004380392531610714,3.4303831585519704e-05,13.637504025638018,0.10441476938692248,10,169654
agriculture,matched,12.5,5.0,0.026345751984639027,1.0,white,0.02965762487992311,5.390509084823112e-05,0.0075249809455248074,5.3905090848230475e-05,0.058367996965009494,0.00028054513060693997,71.7123008978328,0.12162210703627627,10,169654
agriculture,matched,12.5,10.0,0.013172875992319514,0.0,correlated,0.02093397148743098,8.497715293189526e-06,0.005435404440763955,8.497715293189309e-06,0.0,0.0,0.0,0.0,10,169654
agriculture,matched,12.5,10.0,0.013172875992319514,0.0,white,0.04283823814024258,0.0001309523285136655,0.027339671093575563,0.0001309523285136664,0.0,0.0,0.0,0.0,10,169654
agriculture,matched,12.5,10.0,0.013172875992319514,0.001,correlated,0.02093912474356766,8.399892038971e-06,0.005430644233329647,8.399892038970958e-06,4.760207434307065e-06,6.54277847495766e-07,0.02273894088422595,0.0031232243115364346,10,169654
agriculture,matched,12.5,10.0,0.013172875992319514,0.001,white,0.04208312090592521,0.00012242165666575332,0.026574640395687205,0.00012242165666575362,0.0007650306978883616,9.863981815529741e-06,1.7858188839649507,0.018476988859308555,10,169654
agriculture,matched,12.5,10.0,0.013172875992319514,0.01,correlated,0.021016308136810224,8.582796247536564e-06,0.005381573861334246,8.582796247536311e-06,5.383057942970892e-05,3.7078875820108507e-06,0.25714338582839036,0.017689512334640722,10,169654
agriculture,matched,12.5,10.0,0.013172875992319514,0.01,white,0.03726606593621325,7.777289074740681e-05,0.021631331660737264,7.777289074740541e-05,0.005708339432838302,6.311969861937778e-05,13.325077941089305,0.11166197306544422,10,169654
agriculture,matched,12.5,10.0,0.013172875992319514,0.1,correlated,0.022084707299818866,1.1210587002381587e-05,0.004896805890135062,1.1210587002382648e-05,0.0005385985506288933,8.721905646805616e-06,2.572842638009772,0.041513181372254224,10,169654
agriculture,matched,12.5,10.0,0.013172875992319514,0.1,white,0.026340605471460343,2.6468665137065205e-05,0.009152704061776535,2.6468665137066272e-05,0.018186967031799027,0.00013078368881358268,42.454516437624285,0.18062736719550787,10,169654
agriculture,matched,12.5,10.0,0.013172875992319514,1.0,correlated,0.025741442426690093,2.565110480066523e-05,0.003608798492291787,2.565110480066539e-05,0.0018266059484721674,2.395528255411954e-05,8.72556110771564,0.11458033233391693,10,169654
agriculture,matched,12.5,10.0,0.013172875992319514,1.0,white,0.024229980438611114,2.426170096500782e-05,0.002097336504212812,2.42617009650081e-05,0.02524233458936275,0.00013534962522689713,58.92441210244785,0.142785561955349,10,169654
agriculture,matched,12.5,20.0,0.006586437996159757,0.0,correlated,0.017025038649083554,5.647845529882247e-06,0.0015264716024165313,5.64784552988257e-06,0.0,0.0,0.0,0.0,10,169654
agriculture,matched,12.5,20.0,0.006586437996159757,0.0,white,0.02526259206466197,3.260717263093129e-05,0.009764025017994948,3.2607172630932005e-05,0.0,0.0,0.0,0.0,10,169654
agriculture,matched,12.5,20.0,0.006586437996159757,0.001,correlated,0.017033165555582368,5.449563134315779e-06,0.0015246850453443574,5.449563134316208e-06,1.7865570721739555e-06,3.793253503044305e-07,0.010493340623797049,0.0022260344864952998,10,169654
agriculture,matched,12.5,20.0,0.006586437996159757,0.001,white,0.02495315425440903,3.0276870563057128e-05,0.009444673744171019,3.0276870563056637e-05,0.0003193512738239295,3.528595754791131e-06,1.264117787660672,0.01289742729459738,10,169654
agriculture,matched,12.5,20.0,0.006586437996159757,0.01,correlated,0.017142254752730894,4.861368496673315e-06,0.001507520477254915,4.8613684966737866e-06,1.8951125161616177e-05,2.1355255653975676e-06,0.11131127799366028,0.012523053714885376,10,169654
agriculture,matched,12.5,20.0,0.006586437996159757,0.01,white,0.02304349954678237,2.0155741990194027e-05,0.007408765271306394,2.015574199019404e-05,0.0023552597466885545,2.3254353367965465e-05,9.323041492064926,0.08289073901569684,10,169654
agriculture,matched,12.5,20.0,0.006586437996159757,0.1,correlated,0.01853776489344542,5.946605843366999e-06,0.0013498634837616134,5.946605843367637e-06,0.00017660811865491781,4.722949402371258e-06,1.0373406009843866,0.02761770779859469,10,169654
agriculture,matched,12.5,20.0,0.006586437996159757,0.1,white,0.01988469967184847,1.9462060467531363e-05,0.002696798262164666,1.9462060467531225e-05,0.007067226755830281,4.430230965209519e-05,27.974921093937706,0.14304166688362632,10,169654
agriculture,matched,12.5,20.0,0.006586437996159757,1.0,correlated,0.023097647838769397,1.2425477514037155e-05,0.0009650039043710955,1.2425477514036644e-05,0.0005614676980454359,1.1936592406139765e-05,3.2978910484278297,0.06994487352702027,10,169654
agriculture,matched,12.5,20.0,0.006586437996159757,1.0,white,0.022675034749426393,1.1724057248121105e-05,0.0005423908150280904,1.1724057248120939e-05,0.009221634202966858,3.601356768819957e-05,36.50301762159179,0.09916759013492348,10,169654
agriculture,matched,12.5,50.0,0.0026345751984639025,0.0,correlated,0.015751945433876292,1.7086646315270865e-06,0.000253378387209267,1.708664631527221e-06,0.0,0.0,0.0,0.0,10,169654
agriculture,matched,12.5,50.0,0.0026345751984639025,0.0,white,0.017425874253812253,1.316688042441196e-05,0.001927307207145229,1.3166880424411706e-05,0.0,0.0,0.0,0.0,10,169654
agriculture,matched,12.5,50.0,0.0026345751984639025,0.001,correlated,0.015761581358100303,1.7254929749449563e-06,0.00025310084786229586,1.725492974945038e-06,2.775393469711673e-07,1.2507641095937046e-07,0.001761944610205389,0.0007940153031134096,10,169654
agriculture,matched,12.5,50.0,0.0026345751984639025,0.001,white,0.017363099066414138,1.2080385698319916e-05,0.0018546185561761307,1.2080385698320168e-05,7.268865096909833e-05,1.2700772800056993e-06,0.4171264967452887,0.0070104606564104985,10,169654
agriculture,matched,12.5,50.0,0.0026345751984639025,0.01,correlated,0.01588492062667013,1.927077529554224e-06,0.0002501863511941489,1.9270775295547535e-06,3.1920360151180967e-06,7.196570476031257e-07,0.020264442574382164,0.004568723429805911,10,169654
agriculture,matched,12.5,50.0,0.0026345751984639025,0.01,white,0.017037149655363036,7.387751541973775e-06,0.001402415379887057,7.387751541973901e-06,0.0005248918272581719,7.769561306149094e-06,3.012115580817153,0.042574677677282825,10,169654
agriculture,matched,12.5,50.0,0.0026345751984639025,0.1,correlated,0.017409856294320382,2.646357622698683e-06,0.00022195488463657814,2.6463576226989555e-06,3.142350257268889e-05,1.7997133775349566e-06,0.1994898164407805,0.011428147707687969,10,169654
agriculture,matched,12.5,50.0,0.0026345751984639025,0.1,white,0.017647629717948782,6.141945196547531e-06,0.00045972830826497416,6.1419451965470745e-06,0.001467578898880255,1.4996744404477437e-05,8.42178891752642,0.08025518711531922,10,169654
agriculture,matched,12.5,50.0,0.0026345751984639025,1.0,correlated,0.022287387839070517,5.172886237608618e-06,0.00015474390467221447,5.172886237608893e-06,9.863448253705256e-05,4.661427172878178e-06,0.6261737273803281,0.02960168296029743,10,169654
agriculture,matched,12.5,50.0,0.0026345751984639025,1.0,white,0.022222242588498784,7.328975120572145e-06,8.959865410048222e-05,7.328975120572093e-06,0.001837708553044747,1.5785789771145165e-05,10.545812216665444,0.08357945006516161,10,169654
agriculture,matched,12.5,100.0,0.0013172875992319513,0.0,correlated,0.015562079414092971,1.4102260880798073e-06,6.35123674259469e-05,1.410226088079786e-06,0.0,0.0,0.0,0.0,10,169654
agriculture,matched,12.5,100.0,0.0013172875992319513,0.0,white,0.01599574338370712,5.574195189742018e-06,0.0004971763370400992,5.5741951897416495e-06,0.0,0.0,0.0,0.0,10,169654
agriculture,matched,12.5,100.0,0.0013172875992319513,0.001,correlated,0.01557192982455185,1.3216131104415056e-06,6.344931431384021e-05,1.3216131104416638e-06,6.305311210669934e-08,1.0564510755133571e-07,0.00040512445720876426,0.0006788357728197981,10,169654
agriculture,matched,12.5,100.0,0.0013172875992319513,0.001,white,0.015986975014432837,5.502475969038359e-06,0.00047849450419482596,5.502475969037946e-06,1.8681832845273208e-05,3.482210277963781e-07,0.11679237826256375,0.002167687539205289,10,169654
agriculture,matched,12.5,100.0,0.0013172875992319513,0.01,correlated,0.015697484042414785,9.626042332715176e-07,6.274976693880218e-05,9.626042332717488e-07,7.626004871447157e-07,5.741212818648893e-07,0.0049001179568697205,0.003688890558679161,10,169654
agriculture,matched,12.5,100.0,0.0013172875992319513,0.01,white,0.015996501790377038,5.466530951572485e-06,0.0003617675149010572,5.466530951570818e-06,0.00013540882213904196,1.9308346218405293e-06,0.8465295755381843,0.01200660971646062,10,169654
agriculture,matched,12.5,100.0,0.0013172875992319513,0.1,correlated,0.01724356989982843,7.96816179716097e-07,5.5668490144623886e-05,7.968161797169017e-07,7.84387728132302e-06,8.283100009906094e-07,0.05040340780333613,0.0053189207074473745,10,169654
agriculture,matched,12.5,100.0,0.0013172875992319513,0.1,white,0.017305622818235784,4.6275359042885815e-06,0.00011772140855198058,4.627535904288111e-06,0.0003794549284881186,2.5100213012489605e-06,2.3722218579861254,0.015237551704553674,10,169654
agriculture,matched,12.5,100.0,0.0013172875992319513,1.0,correlated,0.02217134569258093,1.3684521662483035e-06,3.8701758182625726e-05,1.3684521662490864e-06,2.481060924332118e-05,1.0993997942308075e-06,0.15942966523189614,0.007058951768195687,10,169654
agriculture,matched,12.5,100.0,0.0013172875992319513,1.0,white,0.0221552731711805,2.6565061930743697e-06,2.2629236782198066e-05,2.6565061930740093e-06,0.0004745471002579011,4.216183995176676e-06,2.9667016081360127,0.025449126505691987,10,169654
agriculture,matched,12.5,inf,0.0,0.0,none,0.015498567046667024,0.0,0.0,0.0,0.0,0.0,0.0,0.0,1,169654
agriculture,matched,12.5,inf,0.0,0.001,none,0.01550848051023801,0.0,0.0,0.0,0.0,0.0,0.0,0.0,1,169654
agriculture,matched,12.5,inf,0.0,0.01,none,0.01563473427547598,0.0,0.0,0.0,0.0,0.0,0.0,0.0,1,169654
agriculture,matched,12.5,inf,0.0,0.1,none,0.017187901409683806,0.0,0.0,0.0,0.0,0.0,0.0,0.0,1,169654
agriculture,matched,12.5,inf,0.0,1.0,none,0.022132643934398302,0.0,0.0,0.0,0.0,0.0,0.0,0.0,1,169654
agriculture,minus50,6.25,5.0,0.026345751984639027,0.0,correlated,0.03473715146911184,4.6451488431948817e-05,0.012310208465688203,4.6451488431948776e-05,0.0,0.0,0.0,0.0,10,169103
agriculture,minus50,6.25,5.0,0.026345751984639027,0.0,white,0.03574203718805773,0.0002880761414768754,0.013315094184634096,0.0002880761414768776,0.0,0.0,0.0,0.0,10,169103
agriculture,minus50,6.25,5.0,0.026345751984639027,0.001,correlated,0.03470101076800202,4.004982785750386e-05,0.012292614010786105,4.004982785750233e-05,1.7594454902097878e-05,3.132347786713559e-05,0.05059321706462101,0.09007196569373854,10,169103
agriculture,minus50,6.25,5.0,0.026345751984639027,0.001,white,0.0355250091822319,0.00012409722543304952,0.013116612425015977,0.000124097225433049,0.00019848175961811805,0.00018575330275205987,0.5517774727269357,0.5123260247530266,10,169103
agriculture,minus50,6.25,5.0,0.026345751984639027,0.01,correlated,0.03469296983285238,3.878274385419415e-05,0.012273805282311711,3.878274385419335e-05,3.640318337649121e-05,4.576445106123777e-05,0.10469400953650639,0.13147094874737775,10,169103
agriculture,minus50,6.25,5.0,0.026345751984639027,0.01,white,0.03540886480146399,5.4399641490715235e-05,0.01298970025092332,5.439964149071315e-05,0.000325393933710777,0.00028091507260871696,0.9048915831231898,0.7727410174920907,10,169103
agriculture,minus50,6.25,5.0,0.026345751984639027,0.1,correlated,0.03473044305942399,3.945445024435718e-05,0.012198066549421113,3.945445024435719e-05,0.00011214191626708961,4.686163184845532e-05,0.322726339127074,0.13443764779813247,10,169103
agriculture,minus50,6.25,5.0,0.026345751984639027,0.1,white,0.035080730123898396,5.5210402412814126e-05,0.012548353613895516,5.521040241281123e-05,0.0007667405707385791,0.0002871461768390502,2.1396540207576016,0.7802571467426552,10,169103
agriculture,minus50,6.25,5.0,0.026345751984639027,1.0,correlated,0.03492741189155485,4.14635237007397e-05,0.01184340492038658,4.146352370074048e-05,0.0004668035453016223,4.821288263557459e-05,1.3437157569452105,0.13751115900807614,10,169103
agriculture,minus50,6.25,5.0,0.026345751984639027,1.0,white,0.033812984100200325,5.622039313347446e-05,0.010728977129032058,5.6220393133477114e-05,0.002586117055602037,0.0002890577559824677,7.230214047872171,0.7456093030818277,10,169103
agriculture,minus50,6.25,10.0,0.013172875992319514,0.0,correlated,0.026066797658502457,2.682432695842705e-05,0.0036398546550788146,2.682432695842731e-05,0.0,0.0,0.0,0.0,10,169103
agriculture,minus50,6.25,10.0,0.013172875992319514,0.0,white,0.02634883296195511,7.023625383285598e-05,0.003921889958531466,7.023625383285549e-05,0.0,0.0,0.0,0.0,10,169103
agriculture,minus50,6.25,10.0,0.013172875992319514,0.001,correlated,0.02603295763444987,1.2869822765999091e-05,0.0036245608772339497,1.2869822765998407e-05,1.529377784486481e-05,2.1483691993028208e-05,0.0586043556356655,0.08230355786360531,10,169103
agriculture,minus50,6.25,10.0,0.013172875992319514,0.001,white,0.02629405447878617,3.9630664885259796e-05,0.003885657721570253,3.9630664885260305e-05,3.623223696121343e-05,4.5015260878015874e-05,0.13716322230010464,0.16992559752540412,10,169103
agriculture,minus50,6.25,10.0,0.013172875992319514,0.01,correlated,0.02603574372182495,1.0839060098083823e-05,0.0036165791712842767,1.0839060098083783e-05,2.3275483794538143e-05,2.6474377022908378e-05,0.08920556919726222,0.10138724842962485,10,169103
agriculture,minus50,6.25,10.0,0.013172875992319514,0.01,white,0.02626933223876221,3.0051875371826865e-05,0.0038501676882215356,3.0051875371827516e-05,7.17222703099308e-05,6.023609694411908e-05,0.2717108199143279,0.22697317861404107,10,169103
agriculture,minus50,6.25,10.0,0.013172875992319514,0.1,correlated,0.026121402765630457,1.1297776548085797e-05,0.0035890262556275794,1.1297776548085818e-05,5.082839945123561e-05,2.676125504782571e-05,0.194906523097604,0.10238922018630014,10,169103
agriculture,minus50,6.25,10.0,0.013172875992319514,0.1,white,0.026231977490718567,2.944497687305765e-05,0.003699600980715688,2.9444976873056948e-05,0.0002222889778157787,6.098064248373447e-05,0.8431422697198458,0.22840253569751298,10,169103
agriculture,minus50,6.25,10.0,0.013172875992319514,1.0,correlated,0.02654500694702816,1.371005228317363e-05,0.0034609999758598866,1.3710052283173399e-05,0.00017885467921892778,2.6780235751148097e-05,0.6860578581113337,0.10204434398946538,10,169103
agriculture,minus50,6.25,10.0,0.013172875992319514,1.0,white,0.026174924661469978,2.826041528286135e-05,0.0030909176903017085,2.8260415282861353e-05,0.0008309722682297578,6.12347564549599e-05,3.1532463759099065,0.22374399929858904,10,169103
agriculture,minus50,6.25,20.0,0.006586437996159757,0.0,correlated,0.023404530134996687,1.8852603505912947e-05,0.0009775871315730474,1.8852603505912333e-05,0.0,0.0,0.0,0.0,10,169103
agriculture,minus50,6.25,20.0,0.006586437996159757,0.0,white,0.02347309643530871,4.3097821321677726e-05,0.0010461534318850717,4.3097821321677625e-05,0.0,0.0,0.0,0.0,10,169103
agriculture,minus50,6.25,20.0,0.006586437996159757,0.001,correlated,0.02337446453001154,1.1540826072605114e-05,0.0009660677727956202,1.154082607260506e-05,1.1519358777427324e-05,1.2259508054573972e-05,0.04918791250236991,0.05236011598926875,10,169103
agriculture,minus50,6.25,20.0,0.006586437996159757,0.001,white,0.02344595894005598,2.1035244922685595e-05,0.001037562182840061,2.1035244922685216e-05,8.59124904501081e-06,2.6754291213155727e-05,0.03642681609292843,0.1137358531785225,10,169103
agriculture,minus50,6.25,20.0,0.006586437996159757,0.01,correlated,0.02338265688887476,1.1447262407645438e-05,0.0009634923383340869,1.144726240764559e-05,1.409479323896054e-05,1.3152959657040398e-05,0.06018987568847671,0.056171591953116363,10,169103
agriculture,minus50,6.25,20.0,0.006586437996159757,0.01,white,0.023443369400712868,1.4460452950631116e-05,0.001024204850172195,1.4460452950630423e-05,2.194858171287693e-05,3.78526227201349e-05,0.09325439881421621,0.16080601507300116,10,169103
agriculture,minus50,6.25,20.0,0.006586437996159757,0.1,correlated,0.02348808658189987,1.1596426726348729e-05,0.0009557100718969883,1.1596426726348229e-05,2.187705967605924e-05,1.3253387725527184e-05,0.09344107107997364,0.05657964378053823,10,169103
agriculture,minus50,6.25,20.0,0.006586437996159757,0.1,white,0.023513667375053303,1.426452867853813e-05,0.0009812908650504233,1.4264528678539087e-05,6.486256683464857e-05,3.832920269935253e-05,0.2760735396166002,0.16251341779171496,10,169103
agriculture,minus50,6.25,20.0,0.006586437996159757,1.0,correlated,0.024003596055242552,1.2296044777731004e-05,0.000919589084074279,1.2296044777731858e-05,5.799804749876854e-05,1.384286821151902e-05,0.24777453900974952,0.059006276180088045,10,169103
agriculture,minus50,6.25,20.0,0.006586437996159757,1.0,white,0.023895109035993217,1.387700320178777e-05,0.0008111020648249447,1.3877003201786644e-05,0.0002350513670601271,3.797427179538434e-05,1.001114764171001,0.15973712152667643,10,169103
agriculture,minus50,6.25,50.0,0.0026345751984639025,0.0,correlated,0.022583586582956672,3.3586190512403906e-06,0.0001566435795330303,3.3586190512405663e-06,0.0,0.0,0.0,0.0,10,169103
agriculture,minus50,6.25,50.0,0.0026345751984639025,0.0,white,0.022601963196446556,1.5887322334511007e-05,0.00017502019302291505,1.5887322334510797e-05,0.0,0.0,0.0,0.0,10,169103
agriculture,minus50,6.25,50.0,0.0026345751984639025,0.001,correlated,0.022564205110311757,4.187017188752023e-06,0.0001558083530958359,4.187017188752129e-06,8.35226437194414e-07,3.895750657923023e-06,0.0036975910362724955,0.01724783903828438,10,169103
agriculture,minus50,6.25,50.0,0.0026345751984639025,0.001,white,0.022579952905600782,7.381662067311877e-06,0.00017155614838486425,7.381662067311895e-06,3.464044638050792e-06,1.0687918280874722e-05,0.015298815038377803,0.04727001619907836,10,169103
agriculture,minus50,6.25,50.0,0.0026345751984639025,0.01,correlated,0.02257469342985969,4.413398085374081e-06,0.00015552887931901646,4.413398085373972e-06,1.1147002140138306e-06,4.269582399163116e-06,0.0049350019412832975,0.018902786088283417,10,169103
agriculture,minus50,6.25,50.0,0.0026345751984639025,0.01,white,0.02258884966145449,6.989860320905023e-06,0.00016968511091381734,6.989860320905297e-06,5.335082109097708e-06,1.1638064327459539e-05,0.023574661745760443,0.051469685407297565,10,169103
agriculture,minus50,6.25,50.0,0.0026345751984639025,0.1,correlated,0.022686568105614837,4.507262615114332e-06,0.0001541915956119584,4.507262615113687e-06,2.4519839210718902e-06,4.314611424335253e-06,0.010856526895804288,0.019101988020099023,10,169103
agriculture,minus50,6.25,50.0,0.0026345751984639025,0.1,white,0.022694955036815838,7.01778588759951e-06,0.00016257852681295822,7.017785887600487e-06,1.2441666209956833e-05,1.1650340868515157e-05,0.055017016173168024,0.051503590124453005,10,169103
agriculture,minus50,6.25,50.0,0.0026345751984639025,1.0,correlated,0.02323203221613642,4.925426787754531e-06,0.00014802524496815018,4.925426787754622e-06,8.618334564880135e-06,4.554611029031583e-06,0.03816125514069607,0.020164145765587848,10,169103
agriculture,minus50,6.25,50.0,0.0026345751984639025,1.0,white,0.02321828292507518,7.0778431587831585e-06,0.0001342759539069087,7.077843158782893e-06,4.074423911600636e-05,1.1719595206294627e-05,0.1802387501041432,0.051728813915947816,10,169103
agriculture,minus50,6.25,100.0,0.0013172875992319513,0.0,correlated,0.022465520951178784,4.569886771000955e-06,3.8577947755140746e-05,4.569886771001423e-06,0.0,0.0,0.0,0.0,10,169103
agriculture,minus50,6.25,100.0,0.0013172875992319513,0.0,white,0.02246763244049236,5.565515637021587e-06,4.06894370687156e-05,5.565515637021608e-06,0.0,0.0,0.0,0.0,10,169103
agriculture,minus50,6.25,100.0,0.0013172875992319513,0.001,correlated,0.022447242728507698,1.3359708723409746e-06,3.884597129177707e-05,1.3359708723407707e-06,-2.680235366363248e-07,3.4659593872830603e-06,-0.001195818052657464,0.015428386347507882,10,169103
agriculture,minus50,6.25,100.0,0.0013172875992319513,0.001,white,0.02245148264619378,3.062334704232255e-06,4.308588897786146e-05,3.062334704232131e-06,-2.3964519091458635e-06,4.07959104180402e-06,-0.010669650264304267,0.01815724068206597,10,169103
agriculture,minus50,6.25,100.0,0.0013172875992319513,0.01,correlated,0.022457960966230088,1.0473507358974645e-06,3.879641568941342e-05,1.0473507358973635e-06,-2.1846793427267308e-07,3.812422051669154e-06,-0.0009755190740783719,0.016970555257203698,10,169103
agriculture,minus50,6.25,100.0,0.0013172875992319513,0.01,white,0.022462133557117785,2.9574280301871207e-06,4.2969006577109335e-05,2.957428030187888e-06,-2.279569508393739e-06,4.588333766541524e-06,-0.010149873842759963,0.020421085711362093,10,169103
agriculture,minus50,6.25,100.0,0.0013172875992319513,0.1,correlated,0.02257082648495049,1.0460498501724735e-06,3.84499749476127e-05,1.0460498501725745e-06,1.279728075280484e-07,3.7991672674224593e-06,0.0005665894791927407,0.016911288220667283,10,169103
agriculture,minus50,6.25,100.0,0.0013172875992319513,0.1,white,0.02257352738792284,2.9206997659994203e-06,4.1150877919960556e-05,2.9206997659993576e-06,-4.6144085124495695e-07,4.6197106372471044e-06,-0.00205770545878036,0.020558979625586955,10,169103
agriculture,minus50,6.25,100.0,0.0013172875992319513,1.0,correlated,0.023120863868254463,1.0631535007247637e-06,3.6856897086190096e-05,1.063153500724574e-06,1.7210506689506466e-06,3.73660637962025e-06,0.00765784761335353,0.01663161731297046,10,169103
agriculture,minus50,6.25,100.0,0.0013172875992319513,1.0,white,0.02311792218989766,2.7426055919477857e-06,3.3915218729386325e-05,2.7426055919471415e-06,6.774218339329271e-06,4.712346773945578e-06,0.03014694316403744,0.020964139582059095,10,169103
agriculture,minus50,6.25,inf,0.0,0.0,none,0.02242694300342364,0.0,0.0,0.0,0.0,0.0,0.0,0.0,1,169103
agriculture,minus50,6.25,inf,0.0,0.001,none,0.02240839675721592,0.0,0.0,0.0,0.0,0.0,0.0,0.0,1,169103
agriculture,minus50,6.25,inf,0.0,0.01,none,0.022419164550540674,0.0,0.0,0.0,0.0,0.0,0.0,0.0,1,169103
agriculture,minus50,6.25,inf,0.0,0.1,none,0.02253237651000288,0.0,0.0,0.0,0.0,0.0,0.0,0.0,1,169103
agriculture,minus50,6.25,inf,0.0,1.0,none,0.02308400697116827,0.0,0.0,0.0,0.0,0.0,0.0,0.0,1,169103
agriculture,plus50,18.75,5.0,0.026345751984639027,0.0,correlated,0.04481939891437829,5.4983583944877904e-05,0.01218367455412828,5.4983583944877565e-05,0.0,0.0,0.0,0.0,10,169654
agriculture,plus50,18.75,5.0,0.026345751984639027,0.0,white,0.17604635398426766,0.000673419002920219,0.14341062962401763,0.000673419002920219,0.0,0.0,0.0,0.0,10,169654
agriculture,plus50,18.75,5.0,0.026345751984639027,0.001,correlated,0.04348085863401739,5.460967390800746e-05,0.012716378770816777,5.460967390800597e-05,-0.0005327042166884961,2.4922501854906484e-06,-1.1885599182996547,0.005984001368389684,10,169654
agriculture,plus50,18.75,5.0,0.026345751984639027,0.001,white,0.1585717857267025,0.0005247186920380048,0.1278073058635019,0.0005247186920380013,0.015603323760515745,0.00017315118501492072,8.863004978769819,0.06976656035901732,10,169654
agriculture,plus50,18.75,5.0,0.026345751984639027,0.01,correlated,0.03792161398386195,5.3498643439292944e-05,0.015560837672314129,5.3498643439293215e-05,-0.003377163118185848,1.1231817110844056e-05,-7.535064398328406,0.028638973836791284,10,169654
agriculture,plus50,18.75,5.0,0.026345751984639027,0.01,white,0.09100650426463926,0.00021419169882330155,0.06864572795309141,0.00021419169882330155,0.07476490167092621,0.0006148436683358222,42.46829072230176,0.20178184971604057,10,169654
agriculture,plus50,18.75,5.0,0.026345751984639027,0.1,correlated,0.03481429794122641,3.396008156276033e-05,0.01627261893718119,3.396008156276015e-05,-0.004088944383052908,2.7057173847643494e-05,-9.123228197134356,0.0703506392465929,10,169654
agriculture,plus50,18.75,5.0,0.026345751984639027,0.1,white,0.03602171822379523,4.660462133213021e-05,0.017480039219750006,4.660462133213118e-05,0.12593059040426763,0.0006759722534317794,71.53225459415209,0.11279439633514333,10,169654
agriculture,plus50,18.75,5.0,0.026345751984639027,1.0,correlated,0.03615330595721834,3.933725165664968e-05,0.011001794728300887,3.933725165664905e-05,0.0011818798258273928,7.898327589669321e-05,2.636813527922854,0.17336610373427816,10,169654
agriculture,plus50,18.75,5.0,0.026345751984639027,1.0,white,0.028520555495286183,5.28590331578124e-05,0.0033690442663687203,5.285903315781267e-05,0.14004158535764893,0.0006932012276724932,79.54782659825352,0.09301864147122507,10,169654
agriculture,plus50,18.75,10.0,0.013172875992319514,0.0,correlated,0.03609865744316958,4.550243878005015e-05,0.003462933082919565,4.5502438780048854e-05,0.0,0.0,0.0,0.0,10,169654
agriculture,plus50,18.75,10.0,0.013172875992319514,0.0,white,0.08846866007984636,0.0002912169308610445,0.055832935719596355,0.0002912169308610497,0.0,0.0,0.0,0.0,10,169654
agriculture,plus50,18.75,10.0,0.013172875992319514,0.001,correlated,0.034410156070508055,3.8246171492096456e-05,0.003645676207307439,3.82461714920982e-05,-0.0001827431243878741,9.574867181538787e-06,-0.5062573298426498,0.02701325178092728,10,169654
agriculture,plus50,18.75,10.0,0.013172875992319514,0.001,white,0.08073796706064468,0.0002401645627361043,0.049973487197444065,0.0002401645627361079,0.005859448522152287,5.579061138653148e-05,6.623082066770429,0.04347637113156432,10,169654
agriculture,plus50,18.75,10.0,0.013172875992319514,0.01,correlated,0.027107727922493753,2.910922636586717e-05,0.004746951610945928,2.9109226365866053e-05,-0.001284018528026363,3.591772614565329e-05,-3.5570621372147833,0.10288840695588027,10,169654
agriculture,plus50,18.75,10.0,0.013172875992319514,0.01,white,0.049019206372315036,8.079381760495205e-05,0.026658430060767208,8.079381760495196e-05,0.029174505658829147,0.00024365670945341103,32.976751768186816,0.1720769175619032,10,169654
agriculture,plus50,18.75,10.0,0.013172875992319514,0.1,correlated,0.023685491315107023,1.8158725213956133e-05,0.005143812311061803,1.8158725213955855e-05,-0.0016808792281422385,3.764181623145105e-05,-4.656463982354558,0.10965279867013485,10,169654
agriculture,plus50,18.75,10.0,0.013172875992319514,0.1,white,0.024107803673177518,4.0177141698057515e-05,0.0055661246691322995,4.0177141698057285e-05,0.05026681105046406,0.00032209131961859157,56.81825746515494,0.1781568177944164,10,169654
agriculture,plus50,18.75,10.0,0.013172875992319514,1.0,correlated,0.028302009942091744,2.712835593520823e-05,0.0031504987131742825,2.712835593520858e-05,0.0003124343697452823,5.94715823239766e-05,0.8653343720408323,0.1637626449908694,10,169654
agriculture,plus50,18.75,10.0,0.013172875992319514,1.0,white,0.02603952725695588,1.852908121380888e-05,0.0008880160280384186,1.8529081213808802e-05,0.05494491969155794,0.00028944854139920616,62.106287484075516,0.1235400404011226,10,169654
agriculture,plus50,18.75,20.0,0.006586437996159757,0.0,correlated,0.033534561347676475,1.6201299045096892e-05,0.0008988369874264685,1.620129904509649e-05,0.0,0.0,0.0,0.0,10,169654
agriculture,plus50,18.75,20.0,0.006586437996159757,0.0,white,0.050710776171579,0.0001281604486114232,0.018075051811328985,0.00012816044861142299,0.0,0.0,0.0,0.0,10,169654
agriculture,plus50,18.75,20.0,0.006586437996159757,0.001,correlated,0.03171356462022156,1.443651399570495e-05,0.0009490847570209516,1.4436513995704416e-05,-5.024776959448307e-05,3.776040249272503e-06,-0.14984152140464718,0.011297659863129004,10,169654
agriculture,plus50,18.75,20.0,0.006586437996159757,0.001,white,0.047037569566239265,0.00011585636555639284,0.016273089703038656,0.00011585636555639362,0.001801962108290326,2.823555644088838e-05,3.553364610261119,0.05153813067220746,10,169654
agriculture,plus50,18.75,20.0,0.006586437996159757,0.01,correlated,0.023630840437438023,1.5256755254932836e-05,0.0012700641258901982,1.5256755254932797e-05,-0.00037122713846372976,1.4452090539576296e-05,-1.1070084187684368,0.043358126535268486,10,169654
agriculture,plus50,18.75,20.0,0.006586437996159757,0.01,white,0.03103657807704303,9.021233707269313e-05,0.00867580176549521,9.021233707269275e-05,0.009399250045833776,0.00010575807286478185,18.534781124783983,0.17786487754619631,10,169654
agriculture,plus50,18.75,20.0,0.006586437996159757,0.1,correlated,0.019947801559977264,9.780320284151403e-06,0.0014061225559320427,9.780320284151498e-06,-0.0005072855685055742,1.4892728329218576e-05,-1.5127404971852538,0.04499044194325264,10,169654
agriculture,plus50,18.75,20.0,0.006586437996159757,0.1,white,0.020082561326314103,1.12853678681764e-05,0.001540882322268881,1.1285367868175825e-05,0.016534169489060103,0.0001257937386475916,32.60446942246616,0.16607562481258184,10,169654
agriculture,plus50,18.75,20.0,0.006586437996159757,1.0,correlated,0.025985373763491526,1.241588511935483e-05,0.000833862534574065,1.2415885119354127e-05,6.497445285240342e-05,2.4452197473898354e-05,0.19372547021352163,0.07285366455024785,10,169654
agriculture,plus50,18.75,20.0,0.006586437996159757,1.0,white,0.025373824361664694,7.819087408329761e-06,0.0002223131327472358,7.81908740832907e-06,0.017852738678581746,0.00013063533561929574,35.204636908421165,0.1688971426529628,10,169654
agriculture,plus50,18.75,50.0,0.0026345751984639025,0.0,correlated,0.03278481749206068,1.0875954050120272e-05,0.00014909313181067155,1.0875954050119485e-05,0.0,0.0,0.0,0.0,10,169654
agriculture,plus50,18.75,50.0,0.0026345751984639025,0.0,white,0.0358890106267333,7.357048833065388e-05,0.003253286266483294,7.35704883306542e-05,0.0,0.0,0.0,0.0,10,169654
agriculture,plus50,18.75,50.0,0.0026345751984639025,0.001,correlated,0.03092116458569666,9.178017132788665e-06,0.00015668472249604493,9.17801713278852e-06,-7.591590685373378e-06,2.3031407053422193e-06,-0.02315746185702801,0.007030656656886622,10,169654
agriculture,plus50,18.75,50.0,0.0026345751984639025,0.001,white,0.03370024065774161,6.160661857924748e-05,0.0029357607945409993,6.160661857924729e-05,0.00031752547194229474,1.3931626571757644e-05,0.8846830244685859,0.03714716371489253,10,169654
agriculture,plus50,18.75,50.0,0.0026345751984639025,0.01,correlated,0.02257003068102388,7.48199019268835e-06,0.00020925436947605741,7.4819901926885214e-06,-6.0161237665385875e-05,8.388428346415792e-06,-0.18350892030194182,0.02562890566457686,10,169654
agriculture,plus50,18.75,50.0,0.0026345751984639025,0.01,white,0.023913948077896516,2.7914585850868723e-05,0.0015531717663486906,2.791458585086845e-05,0.0017001145001346036,5.82458867154833e-05,4.736882738391072,0.15303430149902994,10,169654
agriculture,plus50,18.75,50.0,0.0026345751984639025,0.1,correlated,0.018774322701288926,4.959242047842003e-06,0.00023264369724370558,4.959242047842226e-06,-8.355056543303402e-05,8.763118718999062e-06,-0.2548524594345495,0.02680363000249561,10,169654
agriculture,plus50,18.75,50.0,0.0026345751984639025,0.1,white,0.018794576610605067,4.308597808665748e-06,0.000252897606559847,4.3085978086657605e-06,0.003000388659923447,7.390003536167115e-05,8.359839951033653,0.18888909819179037,10,169654
agriculture,plus50,18.75,50.0,0.0026345751984639025,1.0,correlated,0.025284074753434395,4.657395539487806e-06,0.0001325635245169366,4.657395539488673e-06,1.652960729373494e-05,1.4727337314885343e-05,0.05040536211626824,0.04490574312238865,10,169654
agriculture,plus50,18.75,50.0,0.0026345751984639025,1.0,white,0.025189312153546306,6.8143658026638694e-06,3.780092462884639e-05,6.814365802662579e-06,0.0032154853418544472,7.550273068685082e-05,8.959173361585222,0.19220620058473542,10,169654
agriculture,plus50,18.75,100.0,0.0013172875992319513,0.0,correlated,0.032674715763270676,4.58161667585438e-06,3.899140302066617e-05,4.581616675853605e-06,0.0,0.0,0.0,0.0,10,169654
agriculture,plus50,18.75,100.0,0.0013172875992319513,0.0,white,0.033457834781521374,1.673070972553884e-05,0.0008221104212713631,1.6730709725538624e-05,0.0,0.0,0.0,0.0,10,169654
agriculture,plus50,18.75,100.0,0.0013172875992319513,0.001,correlated,0.0308049525864894,3.4176334015266347e-06,4.0472723288782764e-05,3.417633401526043e-06,-1.4813202681165928e-06,1.3112014595735592e-06,-0.004534001789762268,0.004013346818285079,10,169654
agriculture,plus50,18.75,100.0,0.0013172875992319513,0.001,white,0.031508860235668006,1.473210393030782e-05,0.0007443803724673931,1.473210393030884e-05,7.773004880397005e-05,3.36177255286599e-06,0.23231948290685467,0.009970467608387604,10,169654
agriculture,plus50,18.75,100.0,0.0013172875992319513,0.01,correlated,0.022413539921849645,1.958210475278802e-06,5.276361030181996e-05,1.9582104752783983e-06,-1.3772207281153789e-05,4.744504170947171e-06,-0.042151105154635035,0.014525416114091017,10,169654
agriculture,plus50,18.75,100.0,0.0013172875992319513,0.01,white,0.0227603366050046,9.975215423769077e-06,0.00039956029345677643,9.975215423769244e-06,0.0004225501278145867,1.6137371740878743e-05,1.2629158381423977,0.04771215914326424,10,169654
agriculture,plus50,18.75,100.0,0.0013172875992319513,0.1,correlated,0.018600654794766587,1.179966555533448e-06,5.897579072136685e-05,1.1799665555332822e-06,-1.9984387700700683e-05,4.456250239908737e-06,-0.061163290831365326,0.01364574943879742,10,169654
agriculture,plus50,18.75,100.0,0.0013172875992319513,0.1,white,0.01860618946700199,3.123344721920027e-06,6.451046295677005e-05,3.1233447219205903e-06,0.0007575999583145931,1.9287550048117402e-05,2.2643171526250625,0.056519501060523676,10,169654
agriculture,plus50,18.75,100.0,0.0013172875992319513,1.0,correlated,0.025184837396403887,1.374101907091405e-06,3.3326167486424915e-05,1.3741019070909588e-06,5.665235534241253e-06,4.9774994769206465e-06,0.017336436581189652,0.015229997438859647,10,169654
agriculture,plus50,18.75,100.0,0.0013172875992319513,1.0,white,0.025160752739297465,2.0658913890825544e-06,9.24151038000573e-06,2.065891389083499e-06,0.0008128689108913574,1.69319796103367e-05,2.4295102644734152,0.04940382404066265,10,169654
agriculture,plus50,18.75,inf,0.0,0.0,none,0.03263572436025001,0.0,0.0,0.0,0.0,0.0,0.0,0.0,1,169654
agriculture,plus50,18.75,inf,0.0,0.001,none,0.030764479863200613,0.0,0.0,0.0,0.0,0.0,0.0,0.0,1,169654
agriculture,plus50,18.75,inf,0.0,0.01,none,0.022360776311547825,0.0,0.0,0.0,0.0,0.0,0.0,0.0,1,169654
agriculture,plus50,18.75,inf,0.0,0.1,none,0.01854167900404522,0.0,0.0,0.0,0.0,0.0,0.0,0.0,1,169654
agriculture,plus50,18.75,inf,0.0,1.0,none,0.02515151122891746,0.0,0.0,0.0,0.0,0.0,0.0,0.0,1,169654
forest,matched,12.5,5.0,0.02254106478833225,0.0,correlated,0.034086326119858054,1.4275937023978979e-05,0.009950055976319188,1.4275937023979526e-05,0.0,0.0,0.0,0.0,10,169683
forest,matched,12.5,5.0,0.02254106478833225,0.0,white,0.07246085707202883,0.00010690748545488144,0.04832458692848997,0.00010690748545488156,0.0,0.0,0.0,0.0,10,169683
forest,matched,12.5,5.0,0.02254106478833225,0.001,correlated,0.0341008258858536,1.3835590540000083e-05,0.009939936237314081,1.3835590540000053e-05,1.0119739005108597e-05,7.329100600880337e-07,0.02968806344337386,0.0021418843308699757,10,169683
forest,matched,12.5,5.0,0.02254106478833225,0.001,white,0.07115950422352749,9.677051293416515e-05,0.04699861457498796,9.677051293416625e-05,0.0013259723535019989,1.4198185338223757e-05,1.8298995105551632,0.017674592153014642,10,169683
forest,matched,12.5,5.0,0.02254106478833225,0.01,correlated,0.03426947627025072,1.2195820617031685e-05,0.009836423375919959,1.2195820617031576e-05,0.00011363260039922995,4.195586521174813e-06,0.3333643492682913,0.012220691413041553,10,169683
forest,matched,12.5,5.0,0.02254106478833225,0.01,white,0.06283930025224015,6.770054689974548e-05,0.03840624735790939,6.770054689974617e-05,0.009918339570580576,8.294518554908627e-05,13.687767575262134,0.09970923647002905,10,169683
forest,matched,12.5,5.0,0.02254106478833225,0.1,correlated,0.03597292828240559,1.2439114430252675e-05,0.008943965542280725,1.2439114430253177e-05,0.0010060904340384639,1.0429071156801596e-05,2.951589756880233,0.02995187752032933,10,169683
forest,matched,12.5,5.0,0.02254106478833225,0.1,white,0.04355794421719138,5.198025387537997e-05,0.016528981477066506,5.198025387538067e-05,0.03179560545142346,0.00011384053436011458,43.879598246567035,0.10375398828577691,10,169683
forest,matched,12.5,5.0,0.02254106478833225,1.0,correlated,0.04047144662850422,3.0448240663723637e-05,0.006849278788668122,3.0448240663724843e-05,0.003100777187651068,3.0328836559311785e-05,9.09682984038935,0.08818941417778725,10,169683
forest,matched,12.5,5.0,0.02254106478833225,1.0,white,0.03761261929054811,2.4914498095555353e-05,0.00399045145071201,2.4914498095554754e-05,0.04433413547777795,0.00010625190139925423,61.1834952945977,0.06245663014273849,10,169683
forest,matched,12.5,10.0,0.011270532394166125,0.0,correlated,0.02696591119946091,8.779732681504306e-06,0.002829641055922051,8.779732681504445e-06,0.0,0.0,0.0,0.0,10,169683
forest,matched,12.5,10.0,0.011270532394166125,0.0,white,0.041750753334005304,0.00010734399960268191,0.01761448319046644,0.00010734399960268043,0.0,0.0,0.0,0.0,10,169683
forest,matched,12.5,10.0,0.011270532394166125,0.001,correlated,0.026987240702768273,8.482399952461079e-06,0.002826351054228752,8.482399952460385e-06,3.2900016932992105e-06,4.616615391350098e-07,0.012200265657146105,0.001709513802867044,10,169683
forest,matched,12.5,10.0,0.011270532394166125,0.001,white,0.04120799536430616,0.000104838321850935,0.017047105715766637,0.0001048383218509362,0.0005673774746998046,4.910037040442153e-06,1.3589571759491077,0.010362521363096776,10,169683
forest,matched,12.5,10.0,0.011270532394166125,0.01,correlated,0.027224359020892756,7.387330811031762e-06,0.002791306126562001,7.387330811031035e-06,3.833492936005031e-05,2.4559347370680246e-06,0.14215895187292393,0.00907761471485853,10,169683
forest,matched,12.5,10.0,0.011270532394166125,0.01,white,0.03785042393417289,8.770550775796422e-05,0.013417371039842136,8.770550775796335e-05,0.004197112150624303,3.09311470413959e-05,10.052718053390553,0.05832599944608307,10,169683
forest,matched,12.5,10.0,0.011270532394166125,0.1,correlated,0.029517270419115976,7.047155927485626e-06,0.00248830767899111,7.047155927486399e-06,0.00034133337693094125,4.937328466345642e-06,1.2657927360730423,0.018067761912484208,10,169683
forest,matched,12.5,10.0,0.011270532394166125,0.1,white,0.03196758922665617,4.5852899488785234e-05,0.004938626486531305,4.585289948878556e-05,0.012675856703935135,7.9676537859682e-05,30.360559154856826,0.1226999564168511,10,169683
forest,matched,12.5,10.0,0.011270532394166125,1.0,correlated,0.035452861130429614,1.3560248890744371e-05,0.001830693290593518,1.3560248890743797e-05,0.0009989477653285332,1.2750932334676493e-05,3.704480529117795,0.04700718626661962,10,169683
forest,matched,12.5,10.0,0.011270532394166125,1.0,white,0.03465542420162952,3.110057969764903e-05,0.0010332563617934255,3.1100579697648964e-05,0.016581226828673017,9.733579381798236e-05,39.71451601737202,0.1383378611310849,10,169683
forest,matched,12.5,20.0,0.005635266197083062,0.0,correlated,0.024875561191006396,4.673698981221261e-06,0.000739291047467534,4.673698981221276e-06,0.0,0.0,0.0,0.0,10,169683
forest,matched,12.5,20.0,0.005635266197083062,0.0,white,0.029530305113594855,3.649367659824782e-05,0.005394034970055995,3.649367659824768e-05,0.0,0.0,0.0,0.0,10,169683
forest,matched,12.5,20.0,0.005635266197083062,0.001,correlated,0.0248992376631943,4.566395321009158e-06,0.0007383480146547765,4.5663953210097446e-06,9.430328127574966e-07,1.8747814307893084e-07,0.003790926634976747,0.0007531230499966593,10,169683
forest,matched,12.5,20.0,0.005635266197083062,0.001,white,0.029357540117941443,3.420791104166945e-05,0.00519665046940192,3.420791104166933e-05,0.0001973845006540763,2.638107876764104e-06,0.6684055709788873,0.008215722939475326,10,169683
forest,matched,12.5,20.0,0.005635266197083062,0.01,correlated,0.02516141741020019,4.187487691298738e-06,0.0007283645158694344,4.187487691299215e-06,1.0926531598099559e-05,1.0147702532318278e-06,0.04392437748960619,0.004074091032983096,10,169683
forest,matched,12.5,20.0,0.005635266197083062,0.01,white,0.02839145612541253,2.3496694871388738e-05,0.003958403231081773,2.349669487138902e-05,0.001435631738974224,1.5788022545533456e-05,4.861507639771004,0.048157617741014576,10,169683
forest,matched,12.5,20.0,0.005635266197083062,0.1,correlated,0.027672681379479747,4.5696637226277115e-06,0.0006437186393548778,4.5696637226277174e-06,9.557240811265619e-05,2.1358040422856017e-06,0.38420162876747355,0.008566227496685187,10,169683
forest,matched,12.5,20.0,0.005635266197083062,0.1,white,0.028344833002083757,1.3935652854554093e-05,0.0013158702619588901,1.3935652854553712e-05,0.004078164708097106,3.128050784600864e-05,13.810009959843336,0.09032942958957928,10,169683
forest,matched,12.5,20.0,0.005635266197083062,1.0,correlated,0.034088477109483886,8.943141540825444e-06,0.00046630926964778623,8.94314154082565e-06,0.0002729817778197478,6.662588051203923e-06,1.0973904590446302,0.026831168908934437,10,169683
forest,matched,12.5,20.0,0.005635266197083062,1.0,white,0.03388389367530188,1.057755874490704e-05,0.0002617258354657849,1.0577558744907205e-05,0.005132309134590211,3.626611860677547e-05,17.379697059482872,0.10240424426798085,10,169683
forest,matched,12.5,50.0,0.002254106478833225,0.0,correlated,0.02425618677853382,1.8503383871667347e-06,0.00011991663499495604,1.8503383871665037e-06,0.0,0.0,0.0,0.0,10,169683
forest,matched,12.5,50.0,0.002254106478833225,0.0,white,0.02506231426078186,1.2096347242316758e-05,0.000926044117242994,1.2096347242317075e-05,0.0,0.0,0.0,0.0,10,169683
forest,matched,12.5,50.0,0.002254106478833225,0.001,correlated,0.024280648199621453,1.742839819516206e-06,0.00011975855108192837,1.742839819516256e-06,1.5808391302767066e-07,1.208752378730202e-07,0.0006516954994627076,0.0004982308278035431,10,169683
forest,matched,12.5,50.0,0.002254106478833225,0.001,white,0.025051343652521672,1.1719206292157282e-05,0.000890454003982152,1.1719206292156754e-05,3.559011326084195e-05,7.195328697720905e-07,0.14200584109346093,0.002834631679673262,10,169683
forest,matched,12.5,50.0,0.002254106478833225,0.01,correlated,0.024551160696391232,1.2640666603497758e-06,0.0001181078020604711,1.2640666603492834e-06,1.8088329344849441e-06,6.989073452741828e-07,0.0074570254119030914,0.0028805491230510815,10,169683
forest,matched,12.5,50.0,0.002254106478833225,0.01,white,0.025102345551391993,1.0236463377009482e-05,0.0006692926570612296,1.0236463377009154e-05,0.00025675146018176443,4.29648730181314e-06,1.0244482378359223,0.016865909287685322,10,169683
forest,matched,12.5,50.0,0.002254106478833225,0.1,correlated,0.02713332538825779,1.0870428312704934e-06,0.00010436264813292011,1.0870428312701942e-06,1.5553986862035936e-05,1.5946781822538272e-06,0.06412342682572046,0.006569732972165456,10,169683
forest,matched,12.5,50.0,0.002254106478833225,0.1,white,0.02724417376219541,7.24394530108858e-06,0.00021521102207054665,7.243945301088714e-06,0.0007108330951724473,8.682960014158063e-06,2.836251266177256,0.03355778747750623,10,169683
forest,matched,12.5,50.0,0.002254106478833225,1.0,correlated,0.03369799677611731,2.6827594789354976e-06,7.58289362812109e-05,2.682759478934602e-06,4.408769871374514e-05,3.213653102351785e-06,0.18175807174715733,0.013240419073209013,10,169683
forest,matched,12.5,50.0,0.002254106478833225,1.0,white,0.03366470004499846,3.2229791036326248e-06,4.2532205162366946e-05,3.2229791036334972e-06,0.000883511912080627,1.1239062163127922e-05,3.525242640737422,0.043203528185252145,10,169683
forest,matched,12.5,100.0,0.0011270532394166124,0.0,correlated,0.024166238964156365,8.642386168394837e-07,2.9968820617501738e-05,8.642386168392172e-07,0.0,0.0,0.0,0.0,10,169683
forest,matched,12.5,100.0,0.0011270532394166124,0.0,white,0.024370069796791714,6.164767657775537e-06,0.0002337996532528499,6.164767657775637e-06,0.0,0.0,0.0,0.0,10,169683
forest,matched,12.5,100.0,0.0011270532394166124,0.001,correlated,0.024190821476789696,8.277302723754569e-07,2.9931828250173014e-05,8.277302723756342e-07,3.6992367328722574e-08,5.724691030284047e-08,0.00015306956180553445,0.00023688518503107726,10,169683
forest,matched,12.5,100.0,0.0011270532394166124,0.001,white,0.024385669524054115,5.960333895486168e-06,0.0002247798755145941,5.960333895486104e-06,9.019777738255782e-06,2.9709364377216556e-07,0.03701151011866407,0.0012127102753150655,10,169683
forest,matched,12.5,100.0,0.0011270532394166124,0.01,correlated,0.024462592534129853,7.025476906042568e-07,2.953963979909491e-05,7.025476906031477e-07,4.2918081840682965e-07,3.0145099539191066e-07,0.0017759255377843494,0.0012473692370190159,10,169683
forest,matched,12.5,100.0,0.0011270532394166124,0.01,white,0.024601687884984534,4.822239997117024e-06,0.00016863499065377375,4.8222399971168434e-06,6.516466259907615e-05,2.1301005657126744e-06,0.26739484410400943,0.008692180575387756,10,169683
forest,matched,12.5,100.0,0.0011270532394166124,0.1,correlated,0.02705513292513203,7.51302169762699e-07,2.617018500716273e-05,7.513021697626576e-07,3.7986356103390103e-06,4.2758316627726445e-07,0.015718742243001765,0.0017690697312052217,10,169683
forest,matched,12.5,100.0,0.0011270532394166124,0.1,white,0.027082486655726927,3.743965809367679e-06,5.352391560206234e-05,3.743965809367991e-06,0.00018027573765078754,6.363902209690942e-06,0.7397375495509804,0.025962201279574156,10,169683
forest,matched,12.5,100.0,0.0011270532394166124,1.0,correlated,0.03364138100767025,1.404653664689646e-06,1.9213167834152694e-05,1.4046536646887667e-06,1.0755652783349043e-05,7.923117318697242e-07,0.04450698329184886,0.0032792885426109523,10,169683
forest,matched,12.5,100.0,0.0011270532394166124,1.0,white,0.033632812160426406,3.253306313951364e-06,1.0644320590311173e-05,3.2533063139511326e-06,0.0002231553326625387,7.5099443985501295e-06,0.9156879707963996,0.030609844691896516,10,169683
forest,matched,12.5,inf,0.0,0.0,none,0.024136270143538863,0.0,0.0,0.0,0.0,0.0,0.0,0.0,1,169683
forest,matched,12.5,inf,0.0,0.001,none,0.024160889648539522,0.0,0.0,0.0,0.0,0.0,0.0,0.0,1,169683
forest,matched,12.5,inf,0.0,0.01,none,0.02443305289433076,0.0,0.0,0.0,0.0,0.0,0.0,0.0,1,169683
forest,matched,12.5,inf,0.0,0.1,none,0.027028962740124868,0.0,0.0,0.0,0.0,0.0,0.0,0.0,1,169683
forest,matched,12.5,inf,0.0,1.0,none,0.0336221678398361,0.0,0.0,0.0,0.0,0.0,0.0,0.0,1,169683
forest,minus50,6.25,5.0,0.02254106478833225,0.0,correlated,0.04034996469231731,3.4277353441858873e-05,0.006987758727019136,3.427735344185788e-05,0.0,0.0,0.0,0.0,10,169139
forest,minus50,6.25,5.0,0.02254106478833225,0.0,white,0.040887712246136174,0.00014253232561548513,0.007525506280837998,0.00014253232561548584,0.0,0.0,0.0,0.0,10,169139
forest,minus50,6.25,5.0,0.02254106478833225,0.001,correlated,0.04033655159722972,3.1100594946961885e-05,0.006987085479982025,3.110059494696116e-05,6.732470371112465e-07,4.995871806644254e-06,0.0016620920363598659,0.012378980825737506,10,169139
forest,minus50,6.25,5.0,0.02254106478833225,0.001,white,0.04084277498392147,0.0001024379613525973,0.007493308866673777,0.00010243796135259633,3.219741416422214e-05,4.752796666726985e-05,0.07842258103405665,0.11557537170456395,10,169139
forest,minus50,6.25,5.0,0.02254106478833225,0.01,correlated,0.04029556482971139,2.0741257115403028e-05,0.006983001204932285,2.0741257115401703e-05,4.7575220868519005e-06,2.3804585542462503e-05,0.01175441546206352,0.0589799361151342,10,169139
forest,minus50,6.25,5.0,0.02254106478833225,0.01,white,0.0407406011321239,5.3288342565364844e-05,0.007428037507344798,5.328834256536253e-05,9.74687734932006e-05,0.00010422276402522791,0.23762270367552066,0.2536930990640256,10,169139
forest,minus50,6.25,5.0,0.02254106478833225,0.1,correlated,0.040360288420197975,1.9358839185743048e-05,0.006937251925245319,1.9358839185743366e-05,5.050680177381694e-05,3.4165999034055e-05,0.12511756888116232,0.08457670512513296,10,169139
forest,minus50,6.25,5.0,0.02254106478833225,0.1,white,0.040554977309688475,3.6850149236300226e-05,0.007131940814735821,3.685014923629931e-05,0.00039356546610217825,0.00013288590274793466,0.961578333610756,0.3213012758812758,10,169139
forest,minus50,6.25,5.0,0.02254106478833225,1.0,correlated,0.04083720035665535,2.1392346329407618e-05,0.006718817225212492,2.1392346329409186e-05,0.0002689415018066431,3.462454622197944e-05,0.6664697531000499,0.08534132594168481,10,169139
forest,minus50,6.25,5.0,0.02254106478833225,1.0,white,0.04011585199582086,3.0644504607364865e-05,0.005997468864377999,3.0644504607367054e-05,0.0015280374164600007,0.00013475521884742273,3.73618758274252,0.31638711529692043,10,169139
forest,minus50,6.25,10.0,0.011270532394166125,0.0,correlated,0.03523071950992118,2.343135805301806e-05,0.0018685135446230086,2.3431358053017702e-05,0.0,0.0,0.0,0.0,10,169139
forest,minus50,6.25,10.0,0.011270532394166125,0.0,white,0.035381064961354965,6.910919488885946e-05,0.002018858996056789,6.910919488886203e-05,0.0,0.0,0.0,0.0,10,169139
forest,minus50,6.25,10.0,0.011270532394166125,0.001,correlated,0.03521854694256608,2.11009544282499e-05,0.001869080825318383,2.1100954428249793e-05,-5.672806953745113e-07,2.794066193088957e-06,-0.0016142341152668167,0.00793134419185173,10,169139
forest,minus50,6.25,10.0,0.011270532394166125,0.001,white,0.03536409914164345,6.074589131892064e-05,0.0020146330243957606,6.0745891318919905e-05,4.225971661028089e-06,9.803742108425478e-06,0.011901734442867875,0.027669650061640613,10,169139
forest,minus50,6.25,10.0,0.011270532394166125,0.01,correlated,0.03518257026182673,1.2769450645080853e-05,0.0018700066370476228,1.2769450645080616e-05,-1.493092424614123e-06,1.2917303912183099e-05,-0.004258087402894222,0.03666850000742821,10,169139
forest,minus50,6.25,10.0,0.011270532394166125,0.01,white,0.035311198345981634,3.90698700669619e-05,0.001998634721202526,3.906987006696144e-05,2.0224274854262896e-05,3.826242612900053e-05,0.05699215023567568,0.10796941419757913,10,169139
forest,minus50,6.25,10.0,0.011270532394166125,0.1,correlated,0.03528080365314558,1.0267851731901018e-05,0.0018577671581929175,1.0267851731901122e-05,1.074638643009107e-05,2.1011502232783488e-05,0.030470806416801194,0.059623598318908455,10,169139
forest,minus50,6.25,10.0,0.011270532394166125,0.1,white,0.035336833024389995,3.423349986010505e-05,0.0019137965294373366,3.423349986010647e-05,0.00010506246661945231,5.2984247516901194e-05,0.29671610119687364,0.14918585975164994,10,169139
forest,minus50,6.25,10.0,0.011270532394166125,1.0,correlated,0.03591110200335297,1.1166590430770659e-05,0.001792718871910111,1.1166590430770572e-05,7.579467271289774e-05,2.161613840977792e-05,0.21510577867240394,0.06123160370737831,10,169139
forest,minus50,6.25,10.0,0.011270532394166125,1.0,white,0.035707196539573924,3.288206569970428e-05,0.0015888134081310638,3.288206569970402e-05,0.0004300455879257252,5.406383385910962e-05,1.2152345537631994,0.1506603145001867,10,169139
forest,minus50,6.25,20.0,0.005635266197083062,0.0,correlated,0.033842917570200616,1.022061042016412e-05,0.00048071160490244236,1.0220610420164203e-05,0.0,0.0,0.0,0.0,10,169139
forest,minus50,6.25,20.0,0.005635266197083062,0.0,white,0.03389489597910238,5.250716414045933e-05,0.0005326900138042011,5.250716414046088e-05,0.0,0.0,0.0,0.0,10,169139
forest,minus50,6.25,20.0,0.005635266197083062,0.001,correlated,0.03382972838689908,9.787398456166717e-06,0.0004802622696513867,9.787398456166317e-06,4.493352510556714e-07,1.0372989021638387e-06,0.0013273256752565578,0.0030646612147509156,10,169139
forest,minus50,6.25,20.0,0.005635266197083062,0.001,white,0.033875232582269446,4.114561425063005e-05,0.0005257664650217562,4.1145614250631783e-05,6.923548782444833e-06,1.3374177944728982e-05,0.020377893825101592,0.03940540300437196,10,169139
forest,minus50,6.25,20.0,0.005635266197083062,0.01,correlated,0.03378991655934687,8.958222770931989e-06,0.0004773529345677631,8.958222770930595e-06,3.3586703346792644e-06,4.407137451864279e-06,0.009922579468417198,0.01302113224068551,10,169139
forest,minus50,6.25,20.0,0.005635266197083062,0.01,white,0.03382527792952196,1.7606711553192622e-05,0.0005127143047428534,1.760671155319327e-05,1.9975709061347686e-05,3.9387986034481185e-05,0.05877779054110712,0.11610699401415903,10,169139
forest,minus50,6.25,20.0,0.005635266197083062,0.1,correlated,0.03389547579014177,8.650287678338335e-06,0.00047243929518911085,8.65028767833836e-06,8.27230971333151e-06,6.627130828921593e-06,0.024440364168131383,0.01957954779462309,10,169139
forest,minus50,6.25,20.0,0.005635266197083062,0.1,white,0.033911900725723684,1.297247395471584e-05,0.00048886423077103,1.2972473954715274e-05,4.3825783033171054e-05,5.009624145236375e-05,0.12909963551206194,0.14762901948095716,10,169139
forest,minus50,6.25,20.0,0.005635266197083062,1.0,correlated,0.03457367280386903,8.952722640463074e-06,0.0004552896724261665,8.952722640463689e-06,2.5421932476275834e-05,6.7209060592011495e-06,0.07511471362127106,0.019848956921891592,10,169139
forest,minus50,6.25,20.0,0.005635266197083062,1.0,white,0.03452257939662741,1.249437674958692e-05,0.000404196265184549,1.2494376749586893e-05,0.00012849374861965203,5.100312142566307e-05,0.37889172563735396,0.1499306894287982,10,169139
forest,minus50,6.25,50.0,0.002254106478833225,0.0,correlated,0.03343873505113272,3.7589770677719086e-06,7.652908583455145e-05,3.7589770677728014e-06,0.0,0.0,0.0,0.0,10,169139
forest,minus50,6.25,50.0,0.002254106478833225,0.0,white,0.03344613584119797,9.241026319053614e-06,8.392987589979015e-05,9.241026319052987e-06,0.0,0.0,0.0,0.0,10,169139
forest,minus50,6.25,50.0,0.002254106478833225,0.001,correlated,0.03342615938220768,3.350846199217442e-06,7.669326495998371e-05,3.3508461992158568e-06,-1.641791254322622e-07,5.605863129966248e-07,-0.000491114291824113,0.0016764693164917261,10,169139
forest,minus50,6.25,50.0,0.002254106478833225,0.001,white,0.03343308624947437,7.55602218852633e-06,8.362013222668468e-05,7.5560221885263265e-06,3.097436731054615e-07,2.0862937819293963e-06,0.0009247833874948122,0.00623770273490112,10,169139
forest,minus50,6.25,50.0,0.002254106478833225,0.01,correlated,0.033389866989146325,2.1055929275503055e-06,7.73033643672226e-05,2.105592927550648e-06,-7.742785326711465e-07,2.780819616632585e-06,-0.002316215315970037,0.008316611929211286,10,169139
forest,minus50,6.25,50.0,0.002254106478833225,0.01,white,0.03339539503700898,3.833491322257793e-06,8.283141222987095e-05,3.833491322257937e-06,1.0984636699191974e-06,8.328090452063671e-06,0.003278642526396771,0.024901066862176406,10,169139
forest,minus50,6.25,50.0,0.002254106478833225,0.1,correlated,0.033500135531949624,2.245935028739413e-06,7.709903699696235e-05,2.2459350287396626e-06,-5.699511624109032e-07,3.910557221012387e-06,-0.0017054450439723708,0.011695421106228114,10,169139
forest,minus50,6.25,50.0,0.002254106478833225,0.1,white,0.03350246368342929,3.7358671236333015e-06,7.942718847663149e-05,3.735867123633744e-06,4.5026874231586526e-06,1.0914098530173845e-05,0.01345483908030975,0.032631004662043904,10,169139
forest,minus50,6.25,50.0,0.002254106478833225,1.0,correlated,0.03419267297571905,2.4897396671762765e-06,7.428984427618815e-05,2.4897396671756467e-06,2.239241558363303e-06,4.073120764355893e-06,0.006695563007145929,0.012180832992215054,10,169139
forest,minus50,6.25,50.0,0.002254106478833225,1.0,white,0.03418420007824817,3.4142617077704885e-06,6.581694680530965e-05,3.414261707769389e-06,1.8112929094480508e-05,1.0961726992796055e-05,0.05414772430392789,0.03276236179655159,10,169139
forest,minus50,6.25,100.0,0.0011270532394166124,0.0,correlated,0.033381468468157975,2.864152063708512e-06,1.9262502859801467e-05,2.864152063708275e-06,0.0,0.0,0.0,0.0,10,169139
forest,minus50,6.25,100.0,0.0011270532394166124,0.0,white,0.03338461064263896,6.516681370940565e-06,2.240467734078086e-05,6.516681370940664e-06,0.0,0.0,0.0,0.0,10,169139
forest,minus50,6.25,100.0,0.0011270532394166124,0.001,correlated,0.03336881557919551,2.5801012748069855e-06,1.9349461947819336e-05,2.580101274806882e-06,-8.695908801786834e-08,3.361560975294514e-07,-0.00026056811056605195,0.0010071373053924676,10,169139
forest,minus50,6.25,100.0,0.0011270532394166124,0.001,white,0.03337168374459269,5.512417442169528e-06,2.221762734499616e-05,5.5124174421694095e-06,1.8704999578469937e-07,1.1832841800296798e-06,0.000559743955279262,0.003543610223690517,10,169139
forest,minus50,6.25,100.0,0.0011270532394166124,0.01,correlated,0.033332031067314055,1.5825016670945667e-06,1.946744253494767e-05,1.5825016670944252e-06,-2.0493967514620405e-07,1.4531800542835248e-06,-0.0006142479386906307,0.0043537099669910375,10,169139
forest,minus50,6.25,100.0,0.0011270532394166124,0.01,white,0.033333676811143687,2.9379870895333535e-06,2.1113186364581786e-05,2.9379870895337728e-06,1.2914909761990724e-06,4.923775103418799e-06,0.003866177622815434,0.014745272632790577,10,169139
forest,minus50,6.25,100.0,0.0011270532394166124,0.1,correlated,0.033442289453928804,1.0525646835328894e-06,1.9252958976146568e-05,1.0525646835342211e-06,9.543883654899999e-09,2.2182051436094507e-06,2.810507418982873e-05,0.006645509152963272,10,169139
forest,minus50,6.25,100.0,0.0011270532394166124,0.1,white,0.0334422802071788,2.7451900858518974e-06,1.924371222613852e-05,2.7451900858506696e-06,3.160965114642339e-06,6.5463940552613205e-06,0.009465190409739784,0.0196039449383699,10,169139
forest,minus50,6.25,100.0,0.0011270532394166124,1.0,correlated,0.034136965100948144,1.1160652229876182e-06,1.858196950528246e-05,1.1160652229883297e-06,6.805333545190084e-07,2.284950353123529e-06,0.00203816428001423,0.006845284662456311,10,169139
forest,minus50,6.25,100.0,0.0011270532394166124,1.0,white,0.03413415420947637,2.748756639612447e-06,1.5771078033509357e-05,2.7487566396121357e-06,6.633599307271504e-06,6.590247410839814e-06,0.019867069441130224,0.019733368359609184,10,169139
forest,minus50,6.25,inf,0.0,0.0,none,0.033362205965298174,0.0,0.0,0.0,0.0,0.0,0.0,0.0,1,169139
forest,minus50,6.25,inf,0.0,0.001,none,0.03334946611724769,0.0,0.0,0.0,0.0,0.0,0.0,0.0,1,169139
forest,minus50,6.25,inf,0.0,0.01,none,0.03331256362477911,0.0,0.0,0.0,0.0,0.0,0.0,0.0,1,169139
forest,minus50,6.25,inf,0.0,0.1,none,0.03342303649495266,0.0,0.0,0.0,0.0,0.0,0.0,0.0,1,169139
forest,minus50,6.25,inf,0.0,1.0,none,0.03411838313144286,0.0,0.0,0.0,0.0,0.0,0.0,0.0,1,169139
forest,plus50,18.75,5.0,0.02254106478833225,0.0,correlated,0.055822511417834085,5.0338320003593703e-05,0.0065831271148077105,5.033832000359192e-05,0.0,0.0,0.0,0.0,10,169683
forest,plus50,18.75,5.0,0.02254106478833225,0.0,white,0.15271465649817287,0.0007030151554370341,0.10347527219514648,0.0007030151554370349,0.0,0.0,0.0,0.0,10,169683
forest,plus50,18.75,5.0,0.02254106478833225,0.001,correlated,0.05325547513048444,4.851650475765779e-05,0.0069480484303898315,4.8516504757657845e-05,-0.00036492131558212086,5.784743722522715e-06,-0.6537206836580729,0.010591620073577904,10,169683
forest,plus50,18.75,5.0,0.02254106478833225,0.001,white,0.1386176999577374,0.0005918483039978099,0.09231027325764281,0.0005918483039978089,0.011164998937503673,0.00013651748300259713,7.3108463222667925,0.06338483751017829,10,169683
forest,plus50,18.75,5.0,0.02254106478833225,0.01,correlated,0.042703627436538355,4.6416274468624746e-05,0.00898119173505541,4.641627446862522e-05,-0.002398064620247699,3.0457104709978518e-05,-4.2958957705446865,0.05631187131751231,10,169683
forest,plus50,18.75,5.0,0.02254106478833225,0.01,white,0.08244233826518821,0.00026371372493821357,0.048719902563705265,0.0002637137249382119,0.05475536963144121,0.0005565705894906873,35.85396159428201,0.2165900494770909,10,169683
forest,plus50,18.75,5.0,0.02254106478833225,0.1,correlated,0.03875906767981936,2.468075897719416e-05,0.009318718178661915,2.4680758977193225e-05,-0.0027355910638542044,4.08880316448951e-05,-4.900571431803028,0.07711179710065086,10,169683
forest,plus50,18.75,5.0,0.02254106478833225,0.1,white,0.039549600957406755,5.084349524813113e-05,0.010109251456249305,5.0843495248131344e-05,0.09336602073889717,0.0007348054737449543,61.13674285402114,0.19992841498964892,10,169683
forest,plus50,18.75,5.0,0.02254106478833225,1.0,correlated,0.04374663631996149,3.649621713231168e-05,0.006081365551135542,3.6496217132313e-05,0.0005017615636721693,6.28584346423433e-05,0.8987779147822275,0.11192486053087328,10,169683
forest,plus50,18.75,5.0,0.02254106478833225,1.0,white,0.03938261540849943,2.5591301702286936e-05,0.0017173446396734752,2.5591301702288372e-05,0.101757927555473,0.000707855711922608,66.63207305306204,0.1567134295239878,10,169683
forest,plus50,18.75,10.0,0.011270532394166125,0.0,correlated,0.05096642795694267,4.881355672036412e-05,0.001727043653916302,4.8813556720364675e-05,0.0,0.0,0.0,0.0,10,169683
forest,plus50,18.75,10.0,0.011270532394166125,0.0,white,0.08431543152880826,0.00033447133189288967,0.03507604722578188,0.0003344713318928904,0.0,0.0,0.0,0.0,10,169683
forest,plus50,18.75,10.0,0.011270532394166125,0.001,correlated,0.04813994295214075,4.520384495899381e-05,0.001832516252046139,4.5203844958994165e-05,-0.00010547259812983683,4.524715845187025e-06,-0.20695164016135031,0.009028984197919445,10,169683
forest,plus50,18.75,10.0,0.011270532394166125,0.001,white,0.07775306013306717,0.00027190274388975917,0.03144563343297255,0.00027190274388975874,0.0036304137928093367,6.960323470826944e-05,4.305542914624481,0.0671354510745737,10,169683
forest,plus50,18.75,10.0,0.011270532394166125,0.01,correlated,0.036178788935228905,3.272312200548499e-05,0.0024563532337459637,3.272312200548458e-05,-0.0007293095798296615,2.3534059000490334e-05,-1.4309942176351464,0.047243055847508514,10,169683
forest,plus50,18.75,10.0,0.011270532394166125,0.01,white,0.05017678982675502,9.739421345744364e-05,0.016454354125272075,9.739421345744287e-05,0.01862169310050981,0.0002823242066766395,22.084908695943685,0.2512189689544219,10,169683
forest,plus50,18.75,10.0,0.011270532394166125,0.1,correlated,0.0320257217503015,1.638601766431789e-05,0.0025853722491440516,1.6386017664317226e-05,-0.0008583285952277496,3.720717788243406e-05,-1.6841678040228978,0.07449747885780741,10,169683
forest,plus50,18.75,10.0,0.011270532394166125,0.1,white,0.03225523529425757,2.3692372660901703e-05,0.002814885793100122,2.3692372660901093e-05,0.03226116143268176,0.0003388801695812916,38.2615759004295,0.2502738762715602,10,169683
forest,plus50,18.75,10.0,0.011270532394166125,1.0,correlated,0.039265864960715,1.6260620536484126e-05,0.0016005941918890419,1.6260620536483313e-05,0.0001264494620272602,4.9688464294212556e-05,0.24802421725963283,0.09723864132440942,10,169683
forest,plus50,18.75,10.0,0.011270532394166125,1.0,white,0.03809361505282902,1.9050167879910693e-05,0.00042834428400306547,1.9050167879910168e-05,0.03464770294177882,0.0003406369781832629,41.092099283924526,0.24084018603605242,10,169683
forest,plus50,18.75,20.0,0.005635266197083062,0.0,correlated,0.049684494207113475,1.2311952465451346e-05,0.0004451099040871001,1.2311952465449574e-05,0.0,0.0,0.0,0.0,10,169683
forest,plus50,18.75,20.0,0.005635266197083062,0.0,white,0.05918941799177788,0.0001115584599969741,0.009950033688751511,0.0001115584599969746,0.0,0.0,0.0,0.0,10,169683
forest,plus50,18.75,20.0,0.005635266197083062,0.001,correlated,0.04678028569739575,1.216163410316899e-05,0.0004728589973011399,1.216163410316732e-05,-2.7749093214039787e-05,9.713237157295565e-07,-0.05585069755750098,0.001957450344771231,10,169683
forest,plus50,18.75,20.0,0.005635266197083062,0.001,white,0.055255261808817034,9.437698917462884e-05,0.008947835108722425,9.437698917462863e-05,0.0010021985800290865,2.069481658206434e-05,1.693160050816027,0.03232642980551116,10,169683
forest,plus50,18.75,20.0,0.005635266197083062,0.01,correlated,0.03436182389691677,1.2423381579456212e-05,0.0006393881954338265,1.2423381579456595e-05,-0.0001942782913467264,5.564199658575371e-06,-0.3910245248800978,0.011217841406505544,10,169683
forest,plus50,18.75,20.0,0.005635266197083062,0.01,white,0.038380244999566944,5.159509245130898e-05,0.004657809298083998,5.159509245130896e-05,0.005292224390667514,9.347608872775261e-05,8.940956833493193,0.14339691856289233,10,169683
forest,plus50,18.75,20.0,0.005635266197083062,0.1,correlated,0.03011168129705514,8.088993127841862e-06,0.0006713317958976873,8.088993127842326e-06,-0.00022622189181058724,8.294464963864916e-06,-0.4553197355814267,0.016777994483115986,10,169683
forest,plus50,18.75,20.0,0.005635266197083062,0.1,white,0.030163941637985487,9.84795307302921e-06,0.0007235921368280382,9.84795307303012e-06,0.009226441551923474,0.00011139559828099509,15.587723266667627,0.15909202606534356,10,169683
forest,plus50,18.75,20.0,0.005635266197083062,1.0,correlated,0.03807142991291047,8.527522357446772e-06,0.0004061591440845197,8.527522357447358e-06,3.895076000258041e-05,1.5378181998311032e-05,0.07839046416818067,0.030939011886843493,10,169683
forest,plus50,18.75,20.0,0.005635266197083062,1.0,white,0.037773699031206184,7.497982744869822e-06,0.00010842826238022588,7.497982744868828e-06,0.009841605426371285,0.00011208695223431707,16.627038015766484,0.15826093789810658,10,169683
forest,plus50,18.75,50.0,0.002254106478833225,0.0,correlated,0.04930988227322976,9.227911434028463e-06,7.049797020338699e-05,9.227911434028647e-06,0.0,0.0,0.0,0.0,10,169683
forest,plus50,18.75,50.0,0.002254106478833225,0.0,white,0.050903603350295444,6.005950437188203e-05,0.0016642190472690777,6.005950437188102e-05,0.0,0.0,0.0,0.0,10,169683
forest,plus50,18.75,50.0,0.002254106478833225,0.001,correlated,0.046382312901896525,8.992876669092846e-06,7.48862018019096e-05,8.992876669092749e-06,-4.388231598522613e-06,4.370728088924984e-07,-0.00889937748471913,0.0008873033965622575,10,169683
forest,plus50,18.75,50.0,0.002254106478833225,0.001,white,0.04780460210768338,5.4010326878493755e-05,0.00149717540758876,5.401032687849462e-05,0.0001670436396803178,6.937432566124416e-06,0.32814438828744913,0.013296435907100038,10,169683
forest,plus50,18.75,50.0,0.002254106478833225,0.01,correlated,0.0338238649615231,7.922618913423747e-06,0.00010142926004015409,7.92261891342319e-06,-3.09312898367671e-05,2.351648812687497e-06,-0.06272889760811404,0.004776599849333281,10,169683
forest,plus50,18.75,50.0,0.002254106478833225,0.01,white,0.034496728905366016,2.525778708248272e-05,0.0007742932038830731,2.525778708248396e-05,0.0008899258433860045,3.8898840502831436e-05,1.7481813515876279,0.07449876867079654,10,169683
forest,plus50,18.75,50.0,0.002254106478833225,0.1,correlated,0.029547850474265218,3.7088162787061573e-06,0.00010750097310776758,3.7088162787060358e-06,-3.700300290438059e-05,5.7800739325079655e-06,-0.07504370060210072,0.011734179054544911,10,169683
forest,plus50,18.75,50.0,0.002254106478833225,0.1,white,0.02956043761626213,4.331926878497998e-06,0.00012008811510468114,4.331926878498119e-06,0.0015441309321643966,6.0324648830999975e-05,3.0333194947157742,0.11503022133539674,10,169683
forest,plus50,18.75,50.0,0.002254106478833225,1.0,correlated,0.03773117296645816,2.7803484660962803e-06,6.590219763220398e-05,2.780348466095646e-06,4.595772571183016e-06,1.0505759775890635e-05,0.009316710792739543,0.02130141100567265,10,169683
forest,plus50,18.75,50.0,0.002254106478833225,1.0,white,0.0376828606155124,2.1651351509475097e-06,1.758984668644506e-05,2.1651351509476775e-06,0.0016466292005826327,6.011463032063335e-05,3.2346775339590925,0.1143680258160329,10,169683
forest,plus50,18.75,100.0,0.0011270532394166124,0.0,correlated,0.049257004198594245,2.3262924876897373e-06,1.76198955678733e-05,2.326292487690107e-06,0.0,0.0,0.0,0.0,10,169683
forest,plus50,18.75,100.0,0.0011270532394166124,0.0,white,0.04966179209613945,4.385011764286038e-05,0.00042240779311307345,4.3850117642860374e-05,0.0,0.0,0.0,0.0,10,169683
forest,plus50,18.75,100.0,0.0011270532394166124,0.001,correlated,0.046326080052357124,2.086408777982728e-06,1.8653352262511247e-05,2.0864087779849418e-06,-1.0334566946379464e-06,2.6054626697863036e-07,-0.0020981117385818365,0.0005290356376434234,10,169683
forest,plus50,18.75,100.0,0.0011270532394166124,0.001,white,0.046687626466956976,4.024630691540848e-05,0.0003801997668623623,4.0246306915408934e-05,4.220802625071116e-05,3.953043868077991e-06,0.08498519343395143,0.007885290276343992,10,169683
forest,plus50,18.75,100.0,0.0011270532394166124,0.01,correlated,0.033747493055886,1.1297425059821028e-06,2.5057354403059533e-05,1.1297425059820867e-06,-7.437458835186234e-06,1.4964912506425687e-06,-0.015099410141679353,0.0030387358379625968,10,169683
forest,plus50,18.75,100.0,0.0011270532394166124,0.01,white,0.03391918113386479,2.161890287971416e-05,0.000196745432381841,2.1618902879714104e-05,0.00022566236073123246,2.3606628156959778e-05,0.45436195999145773,0.04711469348820576,10,169683
forest,plus50,18.75,100.0,0.0011270532394166124,0.1,correlated,0.029467171443424155,7.132161707309105e-07,2.6821942266704383e-05,7.132161707315122e-07,-9.202046698831082e-06,2.448046052468885e-06,-0.018681904039461347,0.00497068265066984,10,169683
forest,plus50,18.75,100.0,0.0011270532394166124,0.1,white,0.02947051863249812,2.5032438618237173e-06,3.0169131340674477e-05,2.5032438618243145e-06,0.00039223866177239897,4.539461168016123e-05,0.7897478119037182,0.09066314344805995,10,169683
forest,plus50,18.75,100.0,0.0011270532394166124,1.0,correlated,0.03768205425247238,1.5978832067312576e-06,1.678348364642368e-05,1.5978832067302795e-06,8.364119214496202e-07,2.156149678809987e-06,0.0016979175913289404,0.0043772552262995226,10,169683
forest,plus50,18.75,100.0,0.0011270532394166124,1.0,white,0.03766997353074223,2.2229827295934686e-06,4.702761916273307e-06,2.2229827295940446e-06,0.0004177050311968002,4.515965317861293e-05,0.8410278121929553,0.09014914565093123,10,169683
forest,plus50,18.75,inf,0.0,0.0,none,0.04923938430302637,0.0,0.0,0.0,0.0,0.0,0.0,0.0,1,169683
forest,plus50,18.75,inf,0.0,0.001,none,0.04630742670009461,0.0,0.0,0.0,0.0,0.0,0.0,0.0,1,169683
forest,plus50,18.75,inf,0.0,0.01,none,0.03372243570148294,0.0,0.0,0.0,0.0,0.0,0.0,0.0,1,169683
forest,plus50,18.75,inf,0.0,0.1,none,0.02944034950115745,0.0,0.0,0.0,0.0,0.0,0.0,0.0,1,169683
forest,plus50,18.75,inf,0.0,1.0,none,0.037665270768825955,0.0,0.0,0.0,0.0,0.0,0.0,0.0,1,169683
urban,matched,12.5,5.0,0.026019069664488588,0.0,correlated,0.07374400558815628,3.2562043787828335e-05,0.005429717302576418,3.2562043787828104e-05,0.0,0.0,0.0,0.0,10,169675
urban,matched,12.5,5.0,0.026019069664488588,0.0,white,0.10408882022434787,0.00017083556969092964,0.035774531938768006,0.00017083556969093162,0.0,0.0,0.0,0.0,10,169675
urban,matched,12.5,5.0,0.026019069664488588,0.001,correlated,0.07381717911282071,3.1688223820957745e-05,0.005421846090334427,3.168822382095998e-05,7.871212241990221e-06,1.0550417612195933e-06,0.010673226032189549,0.001426385574918444,10,169675
urban,matched,12.5,5.0,0.026019069664488588,0.001,white,0.10296815916509547,0.0001580646148750463,0.03457282614260919,0.0001580646148750458,0.0012017057961588127,1.4369206452818809e-05,1.1544848511667463,0.012127407905456487,10,169675
urban,matched,12.5,5.0,0.026019069664488588,0.01,correlated,0.0746076425284525,2.740430545586336e-05,0.005343106855158247,2.7404305455865338e-05,8.661044741817003e-05,6.405730900854307e-06,0.11744456413585684,0.008640291623083954,10,169675
urban,matched,12.5,5.0,0.026019069664488588,0.01,white,0.09616996840454424,9.137039622316848e-05,0.026905432731249984,9.137039622316506e-05,0.00886909920751802,9.182261365592541e-05,8.520602105884395,0.07530451020814123,10,169675
urban,matched,12.5,5.0,0.026019069664488588,0.1,correlated,0.08242063496736637,1.884771470621708e-05,0.004683541915471533,1.8847714706217305e-05,0.0007461753871048846,1.7929985372038712e-05,1.0118371678409435,0.0239094372071185,10,169675
urban,matched,12.5,5.0,0.026019069664488588,0.1,white,0.08717643498672482,5.590116558352888e-05,0.009439341934829983,5.5901165583526e-05,0.026335190003938025,0.00018560945761720343,25.300500322360115,0.13920760611870142,10,169675
urban,matched,12.5,5.0,0.026019069664488588,1.0,correlated,0.10273404136119328,2.07733538886125e-05,0.003342765621908056,2.0773353888611255e-05,0.002086951680668361,3.6821686590556435e-05,2.829979097703916,0.048876843672404,10,169675
urban,matched,12.5,5.0,0.026019069664488588,1.0,white,0.10129016964380275,3.9713210387795866e-05,0.0018988939045175234,3.971321038780046e-05,0.033875638034250484,0.00018126306047380584,32.54476196743621,0.1225335779160612,10,169675
urban,matched,12.5,10.0,0.013009534832244294,0.0,correlated,0.06971054939022096,1.2831595709797986e-05,0.001396261104641114,1.2831595709796658e-05,0.0,0.0,0.0,0.0,10,169675
urban,matched,12.5,10.0,0.013009534832244294,0.0,white,0.07876884929030344,6.361790677656177e-05,0.010454561004723587,6.361790677656059e-05,0.0,0.0,0.0,0.0,10,169675
urban,matched,12.5,10.0,0.013009534832244294,0.001,correlated,0.06978930890034724,1.2497365560381808e-05,0.0013939758778609575,1.2497365560379494e-05,2.2852267801562466e-06,5.01537062516196e-07,0.0032780842987412836,0.00071909965927291,10,169675
urban,matched,12.5,10.0,0.013009534832244294,0.001,white,0.0784618043393397,6.0203496273677487e-05,0.010066471316853426,6.02034962736808e-05,0.0003880896878701606,6.535584848501993e-06,0.49269128559975695,0.008081215520159904,10,169675
urban,matched,12.5,10.0,0.013009534832244294,0.01,correlated,0.07063636687127338,1.099851678200992e-05,0.0013718311979791231,1.0998516782012594e-05,2.442990666199074e-05,3.0249476942227583e-06,0.0350442889187471,0.004335219089900233,10,169675
urban,matched,12.5,10.0,0.013009534832244294,0.01,white,0.07689517515087921,5.181981348175467e-05,0.007630639477584947,5.181981348175672e-05,0.0028239215271386397,3.822782718658932e-05,3.585055613271867,0.046911830746621065,10,169675
urban,matched,12.5,10.0,0.013009534832244294,0.1,correlated,0.07892991871987945,9.777254670118257e-06,0.0011928256679846095,9.77725467011977e-06,0.00020343543665650443,7.140416361981072e-06,0.29182766407958655,0.010208479059619852,10,169675
urban,matched,12.5,10.0,0.013009534832244294,0.1,white,0.08020775287160657,4.7749667158889535e-05,0.002470659819711728,4.774966715888961e-05,0.007983901185011858,5.9020200639012654e-05,10.135828998831125,0.06944345139908766,10,169675
urban,matched,12.5,10.0,0.013009534832244294,1.0,correlated,0.10022838057954886,1.2927011295682204e-05,0.0008371048402636416,1.2927011295684633e-05,0.0005591562643774723,1.3015724197872967e-05,0.8021098792905995,0.018598732280314313,10,169675
urban,matched,12.5,10.0,0.013009534832244294,1.0,white,0.09986465492229965,3.339903747278666e-05,0.0004733791830144246,3.33990374727881e-05,0.009981181821709161,5.925042428067141e-05,12.671444313967038,0.06667230696749656,10,169675
urban,matched,12.5,20.0,0.006504767416122147,0.0,correlated,0.06866487276056824,7.612445817006695e-06,0.00035058447498837326,7.612445817005869e-06,0.0,0.0,0.0,0.0,10,169675
urban,matched,12.5,20.0,0.006504767416122147,0.0,white,0.07098930742623977,4.0406910240613954e-05,0.002675019140659915,4.040691024061267e-05,0.0,0.0,0.0,0.0,10,169675
urban,matched,12.5,20.0,0.006504767416122147,0.001,correlated,0.06874538844669695,7.274733842685372e-06,0.00035005542421066014,7.2747338426890805e-06,5.290507777130915e-07,3.7442219279062854e-07,0.0007704331060714654,0.0005452747960786349,10,169675
urban,matched,12.5,20.0,0.006504767416122147,0.001,white,0.07096939116436671,3.838567190476077e-05,0.00257405814188042,3.838567190476133e-05,0.00010096099877949515,3.2959189855592495e-06,0.14221853033391535,0.004590888789760499,10,169675
urban,matched,12.5,20.0,0.006504767416122147,0.01,correlated,0.06960927111765289,5.695673027188847e-06,0.0003447354443586334,5.695673027187698e-06,5.849030629739849e-06,2.2120750301549653e-06,0.008517938201317946,0.0032210915780453487,10,169675
urban,matched,12.5,20.0,0.006504767416122147,0.01,white,0.07120483325227214,3.008491576900442e-05,0.0019402975789778857,3.008491576900206e-05,0.0007347215616820294,2.1445274950011708e-05,1.0349646649900976,0.02980382192775435,10,169675
urban,matched,12.5,20.0,0.006504767416122147,0.1,correlated,0.07803729962807956,4.230620921592365e-06,0.0003002065761847139,4.23062092159005e-06,5.0377898803659336e-05,4.55450788448057e-06,0.07336720925470873,0.006626705437757076,10,169675
urban,matched,12.5,20.0,0.006504767416122147,0.1,white,0.07835174309449075,2.2922381005796064e-05,0.0006146500425959114,2.292238100579595e-05,0.0020603690980640034,3.904301507839561e-05,2.90234274884503,0.05362242760323176,10,169675
urban,matched,12.5,20.0,0.006504767416122147,1.0,correlated,0.09960371427040242,5.207229827825359e-06,0.0002124385311172025,5.207229827827773e-06,0.00013814594387117073,7.077752049426394e-06,0.201187899126555,0.010292021465235408,10,169675
urban,matched,12.5,20.0,0.006504767416122147,1.0,white,0.09950892800888125,1.2006950524675459e-05,0.00011765226959603303,1.2006950524675628e-05,0.0025573668710638818,3.723467615528162e-05,3.602443077980946,0.050497402335906744,10,169675
urban,matched,12.5,50.0,0.0026019069664488586,0.0,correlated,0.0683702375878223,2.4168541769972753e-06,5.594930224244593e-05,2.4168541769980817e-06,0.0,0.0,0.0,0.0,10,169675
urban,matched,12.5,50.0,0.0026019069664488586,0.0,white,0.06874615689787379,5.997668188781808e-06,0.00043186861229393416,5.997668188782078e-06,0.0,0.0,0.0,0.0,10,169675
urban,matched,12.5,50.0,0.0026019069664488586,0.001,correlated,0.06845119993599949,2.3496730576374284e-06,5.5866913513219486e-05,2.349673057638525e-06,8.23887292264458e-08,1.0732923416894237e-07,0.00012050059913346753,0.00015697723244375645,10,169675
urban,matched,12.5,50.0,0.0026019069664488586,0.001,white,0.06881095826651458,6.174514948310561e-06,0.000415625244028292,6.174514948310039e-06,1.62433682656421e-05,5.562369460312615e-07,0.023628055990542633,0.0008097080667287874,10,169675
urban,matched,12.5,50.0,0.0026019069664488586,0.01,correlated,0.06931953782991426,2.086881003742321e-06,5.500215662000707e-05,2.0868810037434956e-06,9.471456224388608e-07,5.971867181550735e-07,0.00138530086862437,0.000873417075425376,10,169675
urban,matched,12.5,50.0,0.0026019069664488586,0.01,white,0.06957783762535982,7.76473140103704e-06,0.0003133019520655783,7.76473140103591e-06,0.00011856666022835582,3.5439648311908288e-06,0.17247035088544113,0.005159515777320721,10,169675
urban,matched,12.5,50.0,0.0026019069664488586,0.1,correlated,0.07778470014320998,2.0978052966474053e-06,4.760709131514523e-05,2.097805296647785e-06,8.342210927300697e-06,9.473193094489939e-07,0.012201501477829953,0.0013853687698551296,10,169675
urban,matched,12.5,50.0,0.0026019069664488586,0.1,white,0.0778351659281846,9.1649563871206e-06,9.807287628975231e-05,9.1649563871197e-06,0.0003337957360041818,6.673557974002159e-06,0.4855482490962582,0.009709689440109913,10,169675
urban,matched,12.5,50.0,0.0026019069664488586,1.0,correlated,0.09942426652280645,3.2771614647657636e-06,3.299078352122786e-05,3.2771614647672146e-06,2.2958518721218068e-05,1.9908466159975247e-06,0.0335797061865308,0.0029120159218516983,10,169675
urban,matched,12.5,50.0,0.0026019069664488586,1.0,white,0.09940948509446187,4.753522884542996e-06,1.8209355176655727e-05,4.753522884543915e-06,0.0004136592571172784,6.15967332320184e-06,0.6017193436097937,0.008923354337599842,10,169675
urban,matched,12.5,100.0,0.0013009534832244293,0.0,correlated,0.06832862725408953,1.0203584005615935e-06,1.4338968509684802e-05,1.0203584005594787e-06,0.0,0.0,0.0,0.0,10,169675
urban,matched,12.5,100.0,0.0013009534832244293,0.0,white,0.06842362228163665,3.985309384051772e-06,0.00010933399605680266,3.9853093840514445e-06,0.0,0.0,0.0,0.0,10,169675
urban,matched,12.5,100.0,0.0013009534832244293,0.001,correlated,0.06840965728627499,9.60217634890714e-07,1.4324263788717539e-05,9.60217634892498e-07,1.4704720967262385e-08,8.059297796280102e-08,2.1519375318616398e-05,0.00011794652779881447,10,169675
urban,matched,12.5,100.0,0.0013009534832244293,0.001,white,0.06850060266868405,3.949611780615603e-06,0.00010526964619777118,3.949611780615984e-06,4.06434985903148e-06,2.687159046104146e-07,0.005939977157123801,0.00039266955047347475,10,169675
urban,matched,12.5,100.0,0.0013009534832244293,0.01,correlated,0.0692786667799551,7.193297528832688e-07,1.4131106660843217e-05,7.193297528900307e-07,2.0786184884158397e-07,4.796915576906494e-07,0.0003042017569030081,0.0007020192250233651,10,169675
urban,matched,12.5,100.0,0.0013009534832244293,0.01,white,0.06934426317189916,3.92917524506388e-06,7.972749860490624e-05,3.929175245063267e-06,2.9606497451896418e-05,1.7187675331205826e-06,0.043269377160593474,0.002511339609724367,10,169675
urban,matched,12.5,100.0,0.0013009534832244293,0.1,correlated,0.0777493522744235,6.802935613078333e-07,1.2259222528654412e-05,6.802935613076471e-07,2.07974598103039e-06,1.0057833970549947e-06,0.0030437250010311454,0.0014719208991040111,10,169675
urban,matched,12.5,100.0,0.0013009534832244293,0.1,white,0.07776292577142013,3.2694674704371157e-06,2.5832719525288593e-05,3.2694674704375024e-06,8.350127653151406e-05,3.5069062809797496e-06,0.12203557626631696,0.005120772447707328,10,169675
urban,matched,12.5,100.0,0.0013009534832244293,1.0,correlated,0.09939980097794163,1.1571708993143637e-06,8.525238656409417e-06,1.157170899314211e-06,5.8137298532753845e-06,1.6103690409975545e-06,0.008508461199007503,0.0023566824994842674,10,169675
urban,matched,12.5,100.0,0.0013009534832244293,1.0,white,0.09939650735184041,2.482417918245617e-06,5.231612555196829e-06,2.482417918247006e-06,0.00010410238350160584,3.875072755451525e-06,0.15214368615636956,0.005656197059928328,10,169675
urban,matched,12.5,inf,0.0,0.0,none,0.06831428828557985,0.0,0.0,0.0,0.0,0.0,0.0,0.0,1,169675
urban,matched,12.5,inf,0.0,0.001,none,0.06839533302248628,0.0,0.0,0.0,0.0,0.0,0.0,0.0,1,169675
urban,matched,12.5,inf,0.0,0.01,none,0.06926453567329426,0.0,0.0,0.0,0.0,0.0,0.0,0.0,1,169675
urban,matched,12.5,inf,0.0,0.1,none,0.07773709305189484,0.0,0.0,0.0,0.0,0.0,0.0,0.0,1,169675
urban,matched,12.5,inf,0.0,1.0,none,0.09939127573928522,0.0,0.0,0.0,0.0,0.0,0.0,0.0,1,169675
urban,minus50,6.25,5.0,0.026019069664488588,0.0,correlated,0.1015543068593607,0.00014518962816675117,0.0034372985254542605,0.00014518962816675111,0.0,0.0,0.0,0.0,10,169132
urban,minus50,6.25,5.0,0.026019069664488588,0.0,white,0.10197550084381321,0.0003900899213804477,0.003858492509906765,0.00039008992138044675,0.0,0.0,0.0,0.0,10,169132
urban,minus50,6.25,5.0,0.026019069664488588,0.001,correlated,0.10143267722544261,0.00012788885552521753,0.003442331662717292,0.00012788885552521948,-5.0331372630316175e-06,2.4802732011637423e-05,-0.004979394536486969,0.024430019392407486,10,169132
urban,minus50,6.25,5.0,0.026019069664488588,0.001,white,0.10178562129662458,0.000276628472190786,0.0037952757338992754,0.00027662847219078724,6.321677600748948e-05,0.00011599810389190114,0.06160768736119887,0.11343648075999366,10,169132
urban,minus50,6.25,5.0,0.026019069664488588,0.01,correlated,0.10110755528997362,6.266354147914519e-05,0.0034484089100914467,6.26635414791452e-05,-1.1110384637186277e-05,8.842284028941295e-05,-0.011049219052492436,0.08701657738132092,10,169132
urban,minus50,6.25,5.0,0.026019069664488588,0.01,white,0.1013665159417089,7.975535290643348e-05,0.003707369561826718,7.975535290643022e-05,0.00015112294808004718,0.0003190555146133312,0.1471267213361517,0.3120898579619505,10,169132
urban,minus50,6.25,5.0,0.026019069664488588,0.1,correlated,0.1013391091288702,1.9106658181234727e-05,0.0034203277066018082,1.9106658181235018e-05,1.6970818852451996e-05,0.00013238218038010707,0.01654441861588773,0.1302007237914514,10,169132
urban,minus50,6.25,5.0,0.026019069664488588,0.1,white,0.10147265773333676,3.633734563763944e-05,0.0035538763110683574,3.633734563764172e-05,0.00030461619883840745,0.00038301222984177084,0.29743249040975994,0.3741982611068015,10,169132
urban,minus50,6.25,5.0,0.026019069664488588,1.0,correlated,0.10343835257102127,1.740402867141436e-05,0.0032922870195779773,1.740402867141254e-05,0.000145011505876283,0.0001370782553620915,0.14261986515133693,0.1346408267412044,10,169132
urban,minus50,6.25,5.0,0.026019069664488588,1.0,white,0.10309066498755395,3.5684942912783523e-05,0.002944599436110669,3.56849429127819e-05,0.000913893073796096,0.00038505528710121783,0.8949071565636311,0.37391650989495895,10,169132
urban,minus50,6.25,10.0,0.013009534832244294,0.0,correlated,0.09898258912155347,4.5200152960944964e-05,0.0008655807876470162,4.520015296094609e-05,0.0,0.0,0.0,0.0,10,169132
urban,minus50,6.25,10.0,0.013009534832244294,0.0,white,0.09906734545393983,0.00013844824163613523,0.0009503371200333899,0.00013844824163613436,0.0,0.0,0.0,0.0,10,169132
urban,minus50,6.25,10.0,0.013009534832244294,0.001,correlated,0.09885547496232175,3.909308638790308e-05,0.000865129399596433,3.9093086387903016e-05,4.513880505832568e-07,9.360486401141978e-06,0.0004532605371509929,0.009458260572825547,10,169132
urban,minus50,6.25,10.0,0.013009534832244294,0.001,white,0.09893272743622303,9.872362490912925e-05,0.0009423818734977163,9.872362490912867e-05,7.955246535673587e-06,4.526433340961464e-05,0.007977578624487804,0.04566343653480785,10,169132
urban,minus50,6.25,10.0,0.013009534832244294,0.01,correlated,0.09852386915136209,2.1836305561727148e-05,0.0008647227714799158,2.1836305561730353e-05,8.580161671004061e-07,2.9680413994210224e-05,0.000855594660490707,0.029989555174401227,10,169132
urban,minus50,6.25,10.0,0.013009534832244294,0.01,white,0.09859038929916028,4.148428646744136e-05,0.0009312429192781093,4.1484286467441976e-05,1.909420075528051e-05,0.00012064471709761362,0.019127323204996806,0.12169398631480126,10,169132
urban,minus50,6.25,10.0,0.013009534832244294,0.1,correlated,0.09877626470094507,1.4619683581022047e-05,0.0008574832786766726,1.4619683581021615e-05,8.097508970343614e-06,4.1749709958324256e-05,0.008164333016183958,0.042180110800861204,10,169132
urban,minus50,6.25,10.0,0.013009534832244294,0.1,white,0.09881196153509547,3.4178801452591776e-05,0.0008931801128270703,3.4178801452590014e-05,5.715700720631961e-05,0.00014388989285043748,0.057517831671641116,0.1450767100550086,10,169132
urban,minus50,6.25,10.0,0.013009534832244294,1.0,correlated,0.10096980720508322,1.4411198346000558e-05,0.0008237416536399214,1.4411198345999183e-05,4.183913400709477e-05,4.27706404184922e-05,0.042252359799077675,0.04319695421155208,10,169132
urban,minus50,6.25,10.0,0.013009534832244294,1.0,white,0.10088319167460291,3.342359489095132e-05,0.0007371261231596358,3.342359489095228e-05,0.00021321099687375417,0.00014533757483592045,0.21503908974146363,0.14632551472848446,10,169132
urban,minus50,6.25,20.0,0.006504767416122147,0.0,correlated,0.09834108117301148,2.0604847735471486e-05,0.0002240728391050356,2.060484773547073e-05,0.0,0.0,0.0,0.0,10,169132
urban,minus50,6.25,20.0,0.006504767416122147,0.0,white,0.09832470185161384,9.480074994668872e-05,0.00020769351770738852,9.480074994668543e-05,0.0,0.0,0.0,0.0,10,169132
urban,minus50,6.25,20.0,0.006504767416122147,0.001,correlated,0.09821261525383188,1.6932208096399853e-05,0.00022226969110656774,1.6932208096397166e-05,1.8031479984678688e-06,5.2757063564089855e-06,0.0018327942531803942,0.005365032880406168,10,169132
urban,minus50,6.25,20.0,0.006504767416122147,0.001,white,0.09820656467703771,6.922689929904913e-05,0.0002162191143123965,6.922689929904888e-05,-8.525596605007957e-06,2.6379819034668316e-05,-0.008693607847675446,0.02681233615003559,10,169132
urban,minus50,6.25,20.0,0.006504767416122147,0.01,correlated,0.09787960202731837,9.309269174862379e-06,0.00022045564743620322,9.309269174862003e-06,3.617191668832398e-06,1.5491132869450476e-05,0.00367552087595627,0.01575430935133812,10,169132
urban,minus50,6.25,20.0,0.006504767416122147,0.01,white,0.09788794690847485,2.693218199085472e-05,0.00022880052859268056,2.6932181990852776e-05,-2.1107010885292044e-05,7.082908275276362e-05,-0.021528402850999464,0.07198613563421125,10,169132
urban,minus50,6.25,20.0,0.006504767416122147,0.1,correlated,0.09813798542690526,6.230305890736402e-06,0.00021920400463685958,6.2303058907390204e-06,4.868834468176042e-06,1.9624043850936503e-05,0.004947379689151918,0.01995734275809809,10,169132
urban,minus50,6.25,20.0,0.006504767416122147,0.1,white,0.09814051606508076,1.6087841815818845e-05,0.00022173464281237122,1.6087841815819852e-05,-1.4041125104982677e-05,8.390775235258512e-05,-0.014353699211917398,0.08526791250626514,10,169132
urban,minus50,6.25,20.0,0.006504767416122147,1.0,correlated,0.10035706516724649,6.212400933587613e-06,0.00021099961580321597,6.212400933586573e-06,1.3073223301819647e-05,1.9809006223105123e-05,0.01329013396003621,0.020143873673410372,10,169132
urban,minus50,6.25,20.0,0.006504767416122147,1.0,white,0.10032905916280069,1.4789093686959244e-05,0.00018299361135740573,1.4789093686960266e-05,2.4699906349982813e-05,8.527659394897353e-05,0.025046188329462465,0.08662034480210629,10,169132
urban,minus50,6.25,50.0,0.0026019069664488586,0.0,correlated,0.09815146648365394,8.901758620776226e-06,3.445814974749328e-05,8.901758620777186e-06,0.0,0.0,0.0,0.0,10,169132
urban,minus50,6.25,50.0,0.0026019069664488586,0.0,white,0.09815065892379102,3.382582340623049e-05,3.365058988457209e-05,3.382582340622942e-05,0.0,0.0,0.0,0.0,10,169132
urban,minus50,6.25,50.0,0.0026019069664488586,0.001,correlated,0.09802495656198017,6.474875362990331e-06,3.4610999254855444e-05,6.474875362990416e-06,-1.5284950736216273e-07,3.1976600758617413e-06,-0.0001559502640021274,0.0032577990139657747,10,169132
urban,minus50,6.25,50.0,0.0026019069664488586,0.001,white,0.09802418818788378,2.3083435181742092e-05,3.384262515846309e-05,2.3083435181744474e-05,-1.9203527389100028e-07,1.1168950055884977e-05,-0.00019909212630844116,0.011379869835281466,10,169132
urban,minus50,6.25,50.0,0.0026019069664488586,0.01,correlated,0.09769381978655259,3.5146810011425912e-06,3.4673406670412966e-05,3.5146810011415434e-06,-2.1525692291968213e-07,8.205228120240696e-06,-0.00021993787054582083,0.008359591280298983,10,169132
urban,minus50,6.25,50.0,0.0026019069664488586,0.01,white,0.09769414253725033,4.685309277852785e-06,3.4996157368154256e-05,4.685309277852882e-06,-1.3455674835821664e-06,3.121975011756332e-05,-0.0013807158726673444,0.03180890238368662,10,169132
urban,minus50,6.25,50.0,0.0026019069664488586,0.1,correlated,0.09795297375016068,3.1720655962147925e-06,3.419232789229482e-05,3.172065596214487e-06,2.65821855198467e-07,9.344147616999947e-06,0.0002700972339089865,0.00951997715882538,10,169132
urban,minus50,6.25,50.0,0.0026019069664488586,0.1,white,0.09795359200131794,4.88112518336296e-06,3.481057904954066e-05,4.881125183364576e-06,-1.1599891649685667e-06,3.7726693183190065e-05,-0.00119372772583171,0.03843803675300135,10,169132
urban,minus50,6.25,50.0,0.0026019069664488586,1.0,correlated,0.10017890272029868,3.166789869245994e-06,3.283716885539717e-05,3.1667898692448335e-06,1.6209808920961132e-06,9.17217651879952e-06,0.0016507933563038092,0.009344672432763464,10,169132
urban,minus50,6.25,50.0,0.0026019069664488586,1.0,white,0.10017473261164933,4.649525655589758e-06,2.8667060206036264e-05,4.649525655588324e-06,4.9835296785358255e-06,3.7588377665910406e-05,0.0050655854630171715,0.03829498941982612,10,169132
urban,minus50,6.25,100.0,0.0013009534832244293,0.0,correlated,0.09812604156124824,4.6287584711852904e-06,9.033227341795347e-06,4.628758471185617e-06,0.0,0.0,0.0,0.0,10,169132
urban,minus50,6.25,100.0,0.0013009534832244293,0.0,white,0.09812726055164818,1.1901120128964219e-05,1.0252217741729686e-05,1.1901120128964578e-05,0.0,0.0,0.0,0.0,10,169132
urban,minus50,6.25,100.0,0.0013009534832244293,0.001,correlated,0.09799932679323489,3.2356496498850766e-06,8.981230509576276e-06,3.2356496498841495e-06,5.1996832219070035e-08,1.6398350654031153e-06,5.292607301049395e-05,0.0016710552417870098,10,169132
urban,minus50,6.25,100.0,0.0013009534832244293,0.001,white,0.0980009378753782,9.509647850665424e-06,1.0592312652883685e-05,9.509647850663627e-06,-3.400949111539986e-07,2.6890491892446905e-06,-0.0003468586484941307,0.002740488560787405,10,169132
urban,minus50,6.25,100.0,0.0013009534832244293,0.01,correlated,0.0976678177529786,1.4382202349809541e-06,8.671373096434676e-06,1.4382202349806763e-06,3.61854245360671e-07,4.350617363016416e-06,0.0003685858281709445,0.004433453562275949,10,169132
urban,minus50,6.25,100.0,0.0013009534832244293,0.01,white,0.097669503785034,4.1795730220338554e-06,1.0357405151821542e-05,4.179573022033372e-06,-1.0518741009185595e-07,8.081179216944227e-06,-0.00010808036342882478,0.008235328377640167,10,169132
urban,minus50,6.25,100.0,0.0013009534832244293,0.1,correlated,0.09792711543865412,1.4122558144804898e-06,8.334016385729005e-06,1.4122558144798923e-06,6.992109560663428e-07,5.0580675463792485e-06,0.0007123537442834247,0.005154374748296556,10,169132
urban,minus50,6.25,100.0,0.0013009534832244293,0.1,white,0.09792807590782818,2.1144200939741213e-06,9.294485559788179e-06,2.1144200939742035e-06,9.577321819415062e-07,1.0539502407170769e-05,0.000974850196894005,0.010740198898350721,10,169132
urban,minus50,6.25,100.0,0.0013009534832244293,1.0,correlated,0.1001540579060228,1.4329888591592138e-06,7.992354579532123e-06,1.4329888591586654e-06,1.040872762263223e-06,5.085664232350464e-06,0.0010605393923681533,0.005182478597862228,10,169132
urban,minus50,6.25,100.0,0.0013009534832244293,1.0,white,0.1001537889853101,2.004138653240893e-06,7.723433866817231e-06,2.0041386532414276e-06,2.528783874912455e-06,1.0660496714497707e-05,0.002575871011800496,0.010863332337414398,10,169132
urban,minus50,6.25,inf,0.0,0.0,none,0.09811700833390645,0.0,0.0,0.0,0.0,0.0,0.0,0.0,1,169132
urban,minus50,6.25,inf,0.0,0.001,none,0.09799034556272532,0.0,0.0,0.0,0.0,0.0,0.0,0.0,1,169132
urban,minus50,6.25,inf,0.0,0.01,none,0.09765914637988217,0.0,0.0,0.0,0.0,0.0,0.0,0.0,1,169132
urban,minus50,6.25,inf,0.0,0.1,none,0.0979187814222684,0.0,0.0,0.0,0.0,0.0,0.0,0.0,1,169132
urban,minus50,6.25,inf,0.0,1.0,none,0.10014606555144329,0.0,0.0,0.0,0.0,0.0,0.0,0.0,1,169132
urban,plus50,18.75,5.0,0.026019069664488588,0.0,correlated,0.1552336822774018,0.00016580864711720456,0.0029823275995963404,0.00016580864711720418,0.0,0.0,0.0,0.0,10,169675
urban,plus50,18.75,5.0,0.026019069664488588,0.0,white,0.21629988272186798,0.0006214310001593567,0.06404852804406248,0.0006214310001593597,0.0,0.0,0.0,0.0,10,169675
urban,plus50,18.75,5.0,0.026019069664488588,0.001,correlated,0.14579498816998587,0.0001561847282061122,0.0031825133971768726,0.00015618472820610847,-0.00020018579758053213,1.0324307167130471e-05,-0.1289638196855808,0.006774063564009361,10,169675
urban,plus50,18.75,5.0,0.026019069664488588,0.001,white,0.20050939230182122,0.0005197913266866456,0.0578969175290122,0.0005197913266866448,0.006151610515050271,0.00012076667020486948,2.843914992687394,0.04882558311754865,10,169675
urban,plus50,18.75,5.0,0.026019069664488588,0.01,correlated,0.10463304953038025,0.00011450661814501105,0.004452915556407375,0.00011450661814501123,-0.0014705879568110342,5.652426712794944e-05,-0.9473719516739099,0.03732921904663273,10,169675
urban,plus50,18.75,5.0,0.026019069664488588,0.01,white,0.13155517616847384,0.00024567225177777376,0.031375042194500984,0.00024567225177777945,0.03267348584956149,0.0005487702406456416,15.105151512951755,0.21426464975827514,10,169675
urban,plus50,18.75,5.0,0.026019069664488588,0.1,correlated,0.09026168149189558,4.925573832356426e-05,0.004806558601739473,4.925573832356417e-05,-0.0018242310021431326,0.00012092509417923215,-1.1752267835000407,0.0790673761897801,10,169675
urban,plus50,18.75,5.0,0.026019069664488588,0.1,white,0.09071666902755762,6.81647733405317e-05,0.005261546137401529,6.816477334053265e-05,0.05878698190666095,0.0006688436340481794,27.177867023930553,0.23136958315847933,10,169675
urban,plus50,18.75,5.0,0.026019069664488588,1.0,correlated,0.11546223367671501,2.1472094337960956e-05,0.0028910833989331795,2.1472094337959408e-05,9.124420066316113e-05,0.00016297312985771934,0.05867869974558456,0.10481146691459294,10,169675
urban,plus50,18.75,5.0,0.026019069664488588,1.0,white,0.11335748336541099,2.415321728619843e-05,0.0007863330876291305,2.415321728620071e-05,0.06326219495643334,0.0006284971814150437,29.246914190211108,0.20659870002611222,10,169675
urban,plus50,18.75,10.0,0.013009534832244294,0.0,correlated,0.15301277023471133,4.515122752596892e-05,0.0007614155569058617,4.5151227525963675e-05,0.0,0.0,0.0,0.0,10,169675
urban,plus50,18.75,10.0,0.013009534832244294,0.0,white,0.16965254137079872,0.00027080185716035337,0.017401186692993214,0.00027080185716035456,0.0,0.0,0.0,0.0,10,169675
urban,plus50,18.75,10.0,0.013009534832244294,0.001,correlated,0.1434260297050826,4.248974044477326e-05,0.0008135549322736163,4.248974044477416e-05,-5.213937536775459e-05,3.2376557360899353e-06,-0.03407565012794203,0.0021242819624551607,10,169675
urban,plus50,18.75,10.0,0.013009534832244294,0.001,white,0.158367309911884,0.0002880752552818437,0.015754835139074996,0.0002880752552818433,0.0016463515539182183,4.9440368341622646e-05,0.9704390738308348,0.029660860061937692,10,169675
urban,plus50,18.75,10.0,0.013009534832244294,0.01,correlated,0.10132760386901703,3.2852159195895185e-05,0.001147469895044169,3.2852159195897726e-05,-0.0003860543381383072,1.7210646128974698e-05,-0.25230447120242,0.011307903469122896,10,169675
urban,plus50,18.75,10.0,0.013009534832244294,0.01,white,0.10872965184920165,0.00022771483285475782,0.008549517875228774,0.00022771483285475932,0.00885166881776444,0.00013125152838249854,5.2174795125646956,0.07316492037581956,10,169675
urban,plus50,18.75,10.0,0.013009534832244294,0.1,correlated,0.0866890467552224,1.3711276835326223e-05,0.0012339238650663138,1.3711276835326674e-05,-0.000472508308160452,3.418430105797588e-05,-0.3088090119125158,0.022428526058033815,10,169675
urban,plus50,18.75,10.0,0.013009534832244294,0.1,white,0.08679841624153391,2.7398208833262594e-05,0.001343293351377814,2.7398208833265396e-05,0.0160578933416154,0.00027125087655931055,9.464958345874523,0.14488747447298736,10,169675
urban,plus50,18.75,10.0,0.013009534832244294,1.0,correlated,0.11329136935662654,1.2417029323004425e-05,0.0007202190788446805,1.2417029323005319e-05,4.119647806118121e-05,4.71726820310525e-05,0.026915659233917283,0.030819171679969695,10,169675
urban,plus50,18.75,10.0,0.013009534832244294,1.0,white,0.1127642653034705,2.346235497655731e-05,0.00019311502568866156,2.34623549765584e-05,0.017208071667304554,0.0002837285055125073,10.142909884870686,0.15115599580440836,10,169675
urban,plus50,18.75,20.0,0.006504767416122147,0.0,correlated,0.15244205939085548,2.276928785808818e-05,0.0001907047130499967,2.276928785808704e-05,0.0,0.0,0.0,0.0,10,169675
urban,plus50,18.75,20.0,0.006504767416122147,0.0,white,0.1567054149396732,0.0001082105651660702,0.004454060261867701,0.00010821056516607354,0.0,0.0,0.0,0.0,10,169675
urban,plus50,18.75,20.0,0.006504767416122147,0.001,correlated,0.1428150077478548,1.9909822941396135e-05,0.00020253297504581048,1.9909822941388288e-05,-1.1828261995813771e-05,3.057286789308646e-06,-0.007759439930134418,0.0020062816315204518,10,169675
urban,plus50,18.75,20.0,0.006504767416122147,0.001,white,0.14664928646110104,9.214955116798936e-05,0.004036811688292041,9.214955116798888e-05,0.0004172485735756598,1.812394474049323e-05,0.26625663847941994,0.011397418224924691,10,169675
urban,plus50,18.75,20.0,0.006504767416122147,0.01,correlated,0.10046264147175454,1.1118831548276814e-05,0.0002825074977816838,1.111883154827357e-05,-9.180278473168713e-05,1.2843200397658402e-05,-0.06022251282936538,0.00843247808982801,10,169675
urban,plus50,18.75,20.0,0.006504767416122147,0.01,white,0.10236416467052575,3.1148511374531506e-05,0.0021840306965528883,3.1148511374533546e-05,0.002270029565314813,9.091747326882426e-05,1.448562558972035,0.05704440984642772,10,169675
urban,plus50,18.75,20.0,0.006504767416122147,0.1,correlated,0.08576163620320636,6.4964973642822955e-06,0.0003065133130502648,6.496497364283196e-06,-0.0001158086000002681,1.7413339203582493e-05,-0.07597043986781224,0.011433177996765825,10,169675
urban,plus50,18.75,20.0,0.006504767416122147,0.1,white,0.08579089340695736,1.0769068783075477e-05,0.00033577051680126204,1.0769068783074015e-05,0.004118289745066439,0.0001166102859608911,2.628000555388639,0.0725987565763986,10,169675
urban,plus50,18.75,20.0,0.006504767416122147,1.0,correlated,0.11275416823224024,5.59386729051178e-06,0.00018301795445840042,5.593867290510528e-06,7.686758591596288e-06,2.1998967625035326e-05,0.005040533054645756,0.014428605354457126,10,169675
urban,plus50,18.75,20.0,0.006504767416122147,1.0,white,0.11262006039435142,7.1226421884569e-06,4.8910116569581e-05,7.122642188456455e-06,0.00440515014529812,0.00011005803143411716,2.8110603435447645,0.06829197179822974,10,169675
urban,plus50,18.75,50.0,0.0026019069664488586,0.0,correlated,0.15228243058361177,7.0807036479750705e-06,3.107590580629649e-05,7.08070364797354e-06,0.0,0.0,0.0,0.0,10,169675
urban,plus50,18.75,50.0,0.0026019069664488586,0.0,white,0.15297238143916939,7.777226916086836e-05,0.000721026761363891,7.777226916086857e-05,0.0,0.0,0.0,0.0,10,169675
urban,plus50,18.75,50.0,0.0026019069664488586,0.001,correlated,0.14264564985834186,6.878712044647329e-06,3.31750855328411e-05,6.87871204465297e-06,-2.099179726544609e-06,4.628085543074875e-07,-0.0013784838392764892,0.00030393937262952514,10,169675
urban,plus50,18.75,50.0,0.0026019069664488586,0.001,white,0.14326568170319315,6.82237538594226e-05,0.0006532069303841426,6.82237538594241e-05,6.781983097974841e-05,1.0518157352812529e-05,0.044331807389812246,0.00685330383800432,10,169675
urban,plus50,18.75,50.0,0.0026019069664488586,0.01,correlated,0.10022684834556506,6.172565325425348e-06,4.671437159219222e-05,6.1725653254295155e-06,-1.563846578589573e-05,2.537997281854196e-06,-0.010269418708443816,0.0016668580131806625,10,169675
urban,plus50,18.75,50.0,0.0026019069664488586,0.01,white,0.10053364973131533,2.6862698655299258e-05,0.0003535157573424763,2.6862698655298828e-05,0.00036751100402141466,5.760197969644002e-05,0.24023007271998997,0.03753100253979203,10,169675
urban,plus50,18.75,50.0,0.0026019069664488586,0.1,correlated,0.08550468398897242,2.7386933597125447e-06,4.956109881632809e-05,2.7386933597070115e-06,-1.84851930100316e-05,5.107050631218771e-06,-0.01213888958586122,0.0033541612853167403,10,169675
urban,plus50,18.75,50.0,0.0026019069664488586,0.1,white,0.08550965178484535,6.0241995231879565e-06,5.452889468925415e-05,6.024199523186034e-06,0.0006664978666746368,8.304595831556552e-05,0.4356734509613749,0.05405954280426559,10,169675
urban,plus50,18.75,50.0,0.0026019069664488586,1.0,correlated,0.11259945670088574,3.347030288865938e-06,2.8306423103890976e-05,3.347030288867262e-06,2.7694827024055124e-06,8.174691368669981e-06,0.0018184436499464017,0.005367967841578864,10,169675
urban,plus50,18.75,50.0,0.0026019069664488586,1.0,white,0.11257853231800888,2.9627755988889937e-06,7.382040227021936e-06,2.9627755988913646e-06,0.000713644721136869,7.856416723876192e-05,0.4664952991968783,0.05111344142735738,10,169675
urban,plus50,18.75,100.0,0.0013009534832244293,0.0,correlated,0.15225958189130778,2.7635698690023615e-06,8.227213502315366e-06,2.7635698690036384e-06,0.0,0.0,0.0,0.0,10,169675
urban,plus50,18.75,100.0,0.0013009534832244293,0.0,white,0.15243664270691817,2.627533525535975e-05,0.00018528802911267628,2.627533525535862e-05,0.0,0.0,0.0,0.0,10,169675
urban,plus50,18.75,100.0,0.0013009534832244293,0.001,correlated,0.1426212411274698,2.609668860047352e-06,8.76635466078024e-06,2.6096688600484654e-06,-5.391411584648731e-07,2.261361965850121e-07,-0.0003540951229862335,0.0001485245057402063,10,169675
urban,plus50,18.75,100.0,0.0013009534832244293,0.001,white,0.14278045488755003,2.212121295199783e-05,0.00016798011474104813,2.2121212951993445e-05,1.7307914371628152e-05,4.4381075401232955e-06,0.011353742060793589,0.002909451107495363,10,169675
urban,plus50,18.75,100.0,0.0013009534832244293,0.01,correlated,0.10019235863315587,2.0568908181989224e-06,1.2224659183013297e-05,2.0568908181999147e-06,-3.997445680697931e-06,1.1809377750403665e-06,-0.002625424174765999,0.0007756415914421802,10,169675
urban,plus50,18.75,100.0,0.0013009534832244293,0.01,white,0.1002700949065503,7.077705324291833e-06,8.996093257743198e-05,7.0777053242905326e-06,9.53270965352443e-05,2.1639641788558896e-05,0.06253340727563778,0.014184969551515835,10,169675
urban,plus50,18.75,100.0,0.0013009534832244293,0.1,correlated,0.08546813874635607,8.191010197866253e-07,1.3015856199971587e-05,8.191010197891804e-07,-4.7886426976562205e-06,2.2873782820274236e-06,-0.0031450754635818424,0.0015023281664893746,10,169675
urban,plus50,18.75,100.0,0.0013009534832244293,0.1,white,0.0854685396877833,1.2032066163634079e-06,1.3416797627194277e-05,1.2032066163635316e-06,0.000171871231485482,2.6953367209036386e-05,0.11274655145077057,0.017661799695646442,10,169675
urban,plus50,18.75,100.0,0.0013009534832244293,1.0,correlated,0.11257859014067331,1.204115216011428e-06,7.439862891460425e-06,1.2041152160103376e-06,7.873506108549422e-07,3.49888314144638e-06,0.0005170749412054102,0.0022979329442326404,10,169675
urban,plus50,18.75,100.0,0.0013009534832244293,1.0,white,0.11257336262718268,2.0257565030125166e-06,2.2123494008263743e-06,2.025756503014138e-06,0.0001830756797118499,2.6540300127451866e-05,0.12009683248077371,0.017389298213793647,10,169675
urban,plus50,18.75,inf,0.0,0.0,none,0.15225135467780548,0.0,0.0,0.0,0.0,0.0,0.0,0.0,1,169675
urban,plus50,18.75,inf,0.0,0.001,none,0.142612474772809,0.0,0.0,0.0,0.0,0.0,0.0,0.0,1,169675
urban,plus50,18.75,inf,0.0,0.01,none,0.10018013397397287,0.0,0.0,0.0,0.0,0.0,0.0,0.0,1,169675
urban,plus50,18.75,inf,0.0,0.1,none,0.0854551228901561,0.0,0.0,0.0,0.0,0.0,0.0,0.0,1,169675
urban,plus50,18.75,inf,0.0,1.0,none,0.11257115027778185,0.0,0.0,0.0,0.0,0.0,0.0,0.0,1,169675
water,matched,12.5,5.0,0.023683404885051156,0.0,correlated,0.03305165767554487,4.14215498691576e-05,0.011814817539522154,4.142154986915725e-05,0.0,0.0,0.0,0.0,10,169644
water,matched,12.5,5.0,0.023683404885051156,0.0,white,0.07494558595454862,0.00020260179939979748,0.0537087458185259,0.00020260179939979647,0.0,0.0,0.0,0.0,10,169644
water,matched,12.5,5.0,0.023683404885051156,0.001,correlated,0.033066009962622184,3.896372881890666e-05,0.011799231900887905,3.8963728818906816e-05,1.5585638634248167e-05,2.7034369105912448e-06,0.04714703980853476,0.008108098864419076,10,169644
water,matched,12.5,5.0,0.023683404885051156,0.001,white,0.07353868011589454,0.00019086667297903335,0.052271902054160255,0.00019086667297903262,0.0014368437643656486,1.3979109568567674e-05,1.917156742111765,0.014473483320603789,10,169644
water,matched,12.5,5.0,0.023683404885051156,0.01,correlated,0.03323300332137612,2.8145498695177532e-05,0.011654682650764813,2.814549869517719e-05,0.00016013488875733992,1.466816365552035e-05,0.48445270373491045,0.043715102121050356,10,169644
water,matched,12.5,5.0,0.023683404885051156,0.01,white,0.0645531312064172,0.00013154290809845522,0.042974810535805895,0.00013154290809845614,0.010733935282720009,8.725252868173198e-05,14.32214812709642,0.08379766273838724,10,169644
water,matched,12.5,5.0,0.023683404885051156,0.1,correlated,0.03490090393799934,1.959713632777808e-05,0.010499511414132964,1.9597136327778943e-05,0.0013153061253891895,2.7722851996169016e-05,3.9794659208599157,0.07919221351737986,10,169644
water,matched,12.5,5.0,0.023683404885051156,0.1,white,0.04342591511845941,4.733954095322221e-05,0.019024522594593033,4.733954095322312e-05,0.03468422322393287,0.0001841908292977796,46.27892966515479,0.12670298496890361,10,169644
water,matched,12.5,5.0,0.023683404885051156,1.0,correlated,0.03960334218409653,2.3618165770778292e-05,0.007826184089436963,2.3618165770777716e-05,0.0039886334500851914,4.222113792359026e-05,12.067773326680511,0.11517702908646862,10,169644
water,matched,12.5,5.0,0.023683404885051156,1.0,white,0.036396866974723316,4.895128507768861e-05,0.004619708880063753,4.8951285077688424e-05,0.04908903693846216,0.00020605461528081163,65.49935178262285,0.11107482594562756,10,169644
water,matched,12.5,10.0,0.011841702442525578,0.0,correlated,0.024723519842298824,1.1831465718948795e-05,0.0034866797062761135,1.183146571894891e-05,0.0,0.0,0.0,0.0,10,169644
water,matched,12.5,10.0,0.011841702442525578,0.0,white,0.04165847028192133,6.439811401748458e-05,0.020421630145898616,6.439811401748431e-05,0.0,0.0,0.0,0.0,10,169644
water,matched,12.5,10.0,0.011841702442525578,0.001,correlated,0.02474758989590538,1.1259373322617687e-05,0.003480811834171102,1.1259373322618025e-05,5.8678721050108015e-06,7.567818925495234e-07,0.02373295774104176,0.003051096032249027,10,169644
water,matched,12.5,10.0,0.011841702442525578,0.001,white,0.04104873188269885,6.027868407632317e-05,0.019781953820964572,6.027868407632301e-05,0.0006396763249340443,4.677281288127093e-06,1.5355146408185232,0.009188356227438922,10,169644
water,matched,12.5,10.0,0.011841702442525578,0.01,correlated,0.025003937983074286,9.072519676156285e-06,0.003425617312462979,9.072519676156285e-06,6.106239381313445e-05,3.918673165320795e-06,0.24697566494267292,0.015751671949544813,10,169644
water,matched,12.5,10.0,0.011841702442525578,0.01,white,0.03725806226859505,3.831751955599578e-05,0.015679741597983743,3.8317519555994635e-05,0.004741888547914875,2.8858347063128047e-05,11.382704986290987,0.05301187402777323,10,169644
water,matched,12.5,10.0,0.011841702442525578,0.1,correlated,0.027403583823584855,7.601942196078443e-06,0.0030021912997184744,7.6019421960783965e-06,0.0004844884065576389,6.922807525165458e-06,1.9596163559347435,0.027256003727440328,10,169644
water,matched,12.5,10.0,0.011841702442525578,0.1,white,0.030283248214942708,2.613051647952485e-05,0.005881855691076325,2.613051647952446e-05,0.014539774454822293,6.424091857199007e-05,34.902202502929526,0.106942787134828,10,169644
water,matched,12.5,10.0,0.011841702442525578,1.0,correlated,0.033904547283635386,8.765227667949145e-06,0.002127389188975824,8.765227667948155e-06,0.001359290517300289,1.070396683272495e-05,5.497953250564324,0.04148759821053247,10,169644
water,matched,12.5,10.0,0.011841702442525578,1.0,white,0.03298013859917318,2.689112661106969e-05,0.001202980504513619,2.689112661106936e-05,0.019218649641384998,7.314565534224407e-05,46.1337058106537,0.11226285362006988,10,169644
water,matched,12.5,20.0,0.005920851221262789,0.0,correlated,0.022156246822659965,3.460731406574603e-06,0.0009194066866372562,3.4607314065738313e-06,0.0,0.0,0.0,0.0,10,169644
water,matched,12.5,20.0,0.005920851221262789,0.0,white,0.027786205085045812,3.425397785344897e-05,0.006549364949023101,3.425397785344924e-05,0.0,0.0,0.0,0.0,10,169644
water,matched,12.5,20.0,0.005920851221262789,0.001,correlated,0.022184599472961204,3.5197405566385202e-06,0.0009178214112269247,3.519740556637943e-06,1.5852754103314743e-06,2.5320084815278486e-07,0.007155013774806304,0.0011429932722683998,10,169644
water,matched,12.5,20.0,0.005920851221262789,0.001,white,0.027578059401297615,3.2268465680081285e-05,0.006311281339563342,3.226846568008171e-05,0.0002380836094597591,2.7460352658327164e-06,0.85683407330758,0.00912519285210739,10,169644
water,matched,12.5,20.0,0.005920851221262789,0.01,correlated,0.02248047099336738,3.821292152429614e-06,0.0009021503227560724,3.821292152429715e-06,1.7256363881183735e-05,1.325823711494665e-06,0.07788495059878985,0.00598487084108767,10,169644
water,matched,12.5,20.0,0.005920851221262789,0.01,white,0.026394566919836375,2.4449761365453562e-05,0.00481624624922507,2.4449761365453382e-05,0.0017331186997980308,1.702194447969067e-05,6.2372930889930025,0.055789188801486575,10,169644
water,matched,12.5,20.0,0.005920851221262789,0.1,correlated,0.02518228438580511,4.5204743652001355e-06,0.0007808918619387272,4.520474365200128e-06,0.0001385148246985289,3.357998916177525e-06,0.6251725374394594,0.015144496374486413,10,169644
water,matched,12.5,20.0,0.005920851221262789,0.1,white,0.025995129824382363,2.2333875585534593e-05,0.0015937373005159784,2.2333875585534172e-05,0.004955627648507122,3.418006925556476e-05,17.83476566747259,0.1066050787636047,10,169644
water,matched,12.5,20.0,0.005920851221262789,1.0,correlated,0.032318593080822855,8.802885561048938e-06,0.0005414349861632917,8.802885561049014e-06,0.0003779717004739645,8.54795743615856e-06,1.7059367421145832,0.0385488267702226,10,169644
water,matched,12.5,20.0,0.005920851221262789,1.0,white,0.032077925805181644,1.3816136508925835e-05,0.00030076771052207836,1.3816136508925238e-05,0.006248597238501022,3.4955087743479976e-05,22.488029754507092,0.10093030289749537,10,169644
water,matched,12.5,50.0,0.0023683404885051157,0.0,correlated,0.02138704573069026,2.328299015583848e-06,0.0001502055946675497,2.3282990155839764e-06,0.0,0.0,0.0,0.0,10,169644
water,matched,12.5,50.0,0.0023683404885051157,0.0,white,0.022417504574644094,7.27418285417892e-06,0.0011806644386213841,7.2741828541784135e-06,0.0,0.0,0.0,0.0,10,169644
water,matched,12.5,50.0,0.0023683404885051157,0.001,correlated,0.021416751883275017,2.181303342252298e-06,0.00014997382154074008,2.181303342252632e-06,2.317731268096368e-07,1.7586119046520923e-07,0.0010836397587366173,0.0008221905518051054,10,169644
water,matched,12.5,50.0,0.0023683404885051157,0.001,white,0.02240022872014888,6.821642060401089e-06,0.0011334506584146004,6.821642060400625e-06,4.721378020678367e-05,8.352891821668903e-07,0.21061060761254113,0.0036869317108006064,10,169644
water,matched,12.5,50.0,0.0023683404885051157,0.01,correlated,0.021725797109278487,1.6309733788941675e-06,0.0001474764386671785,1.6309733788941247e-06,2.729156000371227e-06,9.310603070466771e-07,0.012760433266578594,0.004352272320868613,10,169644
water,matched,12.5,50.0,0.0023683404885051157,0.01,white,0.0224219654793038,5.482912414335432e-06,0.0008436448086924945,5.482912414336172e-06,0.00033701962992888947,4.969854920575951e-06,1.5033729828099465,0.021853293262377442,10,169644
water,matched,12.5,50.0,0.0023683404885051157,0.1,correlated,0.024528754846229513,1.7372917768664667e-06,0.00012736232236313164,1.737291776865911e-06,2.2843272304418073e-05,1.9170869022272636e-06,0.10680832195900676,0.008955747141581568,10,169644
water,matched,12.5,50.0,0.0023683404885051157,0.1,white,0.02466587195965835,6.279176964497333e-06,0.0002644794357919679,6.2791769644974055e-06,0.0009161850028294161,9.371039281392938e-06,4.086909195191834,0.040832803770092185,10,169644
water,matched,12.5,50.0,0.0023683404885051157,1.0,correlated,0.03186507605403881,3.435785422881843e-06,8.791795937924048e-05,3.4357854228810668e-06,6.228763528830922e-05,3.4950760995128666e-06,0.29123944479796915,0.016329905207505543,10,169644
water,matched,12.5,50.0,0.0023683404885051157,1.0,white,0.031826947483916165,3.5961138004963662e-06,4.9789389256598567e-05,3.5961138004965e-06,0.0011308750493647854,7.520347978896069e-06,5.044599029679128,0.03211949292327051,10,169644
water,matched,12.5,100.0,0.0011841702442525579,0.0,correlated,0.021274345217987496,7.849568209484784e-07,3.750508196478305e-05,7.849568209476138e-07,0.0,0.0,0.0,0.0,10,169644
water,matched,12.5,100.0,0.0011841702442525579,0.0,white,0.021533933841449686,5.4041109734836e-06,0.0002970937054269731,5.4041109734835046e-06,0.0,0.0,0.0,0.0,10,169644
water,matched,12.5,100.0,0.0011841702442525579,0.001,correlated,0.02130423011737493,7.304786411488239e-07,3.7452055640653516e-05,7.304786411486625e-07,5.3026324129540334e-08,6.532791160452503e-08,0.00024924145543147333,0.00030706298194488444,10,169644
water,matched,12.5,100.0,0.0011841702442525579,0.001,white,0.021551881643965654,5.458767733393463e-06,0.00028510358223137676,5.458767733393628e-06,1.199012319559635e-05,1.7145768400538222e-07,0.05568019177548661,0.0008005284267284745,10,169644
water,matched,12.5,100.0,0.0011841702442525579,0.01,correlated,0.021615144773523286,5.437731336231154e-07,3.682410291198056e-05,5.437731336231299e-07,6.809790528024968e-07,3.4185516966327097e-07,0.003200896648995903,0.0016067855359334355,10,169644
water,matched,12.5,100.0,0.0011841702442525579,0.01,white,0.0217898409847807,5.646608443330896e-06,0.00021152031416939062,5.646608443331442e-06,8.557339125758249e-05,9.335387525007281e-07,0.39738876551024493,0.0043541899443605364,10,169644
water,matched,12.5,100.0,0.0011841702442525579,0.1,correlated,0.024433138575891904,6.77787808164345e-07,3.17460520255209e-05,6.77787808164126e-07,5.759029939262153e-06,6.600742721572527e-07,0.02707024519781176,0.003102114549715204,10,169644
water,matched,12.5,100.0,0.0011841702442525579,0.1,white,0.02446675495507104,4.067822552274988e-06,6.53624312046578e-05,4.0678225522746495e-06,0.0002317312742223153,2.7636661609419756e-06,1.0761195096768523,0.012652211802213008,10,169644
water,matched,12.5,100.0,0.0011841702442525579,1.0,correlated,0.03179909878350361,1.2600397489649215e-06,2.1940688844038214e-05,1.2600397489644158e-06,1.5564393120744842e-05,1.2172885565248716e-06,0.07316033554936867,0.0057211574718204665,10,169644
water,matched,12.5,100.0,0.0011841702442525579,1.0,white,0.03178921186081633,2.4870641274695136e-06,1.2053766156771423e-05,2.4870641274685556e-06,0.00028503993927020166,4.107332840924098e-06,1.3236741786796524,0.018775027275566646,10,169644
water,matched,12.5,inf,0.0,0.0,none,0.02123684013602271,0.0,0.0,0.0,0.0,0.0,0.0,0.0,1,169644
water,matched,12.5,inf,0.0,0.001,none,0.021266778061734277,0.0,0.0,0.0,0.0,0.0,0.0,0.0,1,169644
water,matched,12.5,inf,0.0,0.01,none,0.021578320670611308,0.0,0.0,0.0,0.0,0.0,0.0,0.0,1,169644
water,matched,12.5,inf,0.0,0.1,none,0.024401392523866382,0.0,0.0,0.0,0.0,0.0,0.0,0.0,1,169644
water,matched,12.5,inf,0.0,1.0,none,0.031777158094659565,0.0,0.0,0.0,0.0,0.0,0.0,0.0,1,169644
water,minus50,6.25,5.0,0.023683404885051156,0.0,correlated,0.03969587929825809,0.00020370375767546467,0.008040542592684547,0.00020370375767546394,0.0,0.0,0.0,0.0,10,169100
water,minus50,6.25,5.0,0.023683404885051156,0.0,white,0.040243039657228155,0.00026213113710913576,0.008587702951654619,0.000262131137109136,0.0,0.0,0.0,0.0,10,169100
water,minus50,6.25,5.0,0.023683404885051156,0.001,correlated,0.039557458957796714,0.00013481657690175746,0.007994933173955162,0.00013481657690175814,4.560941872938512e-05,0.00013079951900033318,0.11374658514550388,0.32802280001490225,10,169100
water,minus50,6.25,5.0,0.023683404885051156,0.001,white,0.04009333587587142,0.00023439112125483565,0.008530810092029863,0.00023439112125483552,5.6892859624756154e-05,9.43012770525926e-05,0.1407504591349292,0.23396027550990203,10,169100
water,minus50,6.25,5.0,0.023683404885051156,0.01,correlated,0.039354052524869385,2.7554560951165673e-05,0.008013332882450588,2.7554560951165212e-05,2.720971023395871e-05,0.0001858694221370553,0.0663992433823994,0.46741173851515866,10,169100
water,minus50,6.25,5.0,0.023683404885051156,0.01,white,0.03986330215677111,6.18225200655439e-05,0.008522582514352317,6.182252006554432e-05,6.512043730230107e-05,0.00021236495306460338,0.15878669087509806,0.5232703697236087,10,169100
water,minus50,6.25,5.0,0.023683404885051156,0.1,correlated,0.039386536781660826,1.8020934780082574e-05,0.007965628982502337,1.8020934780082218e-05,7.49136101822083e-05,0.00021178357571085643,0.18626905649646844,0.5320599947901374,10,169100
water,minus50,6.25,5.0,0.023683404885051156,0.1,white,0.039639273717819314,4.179577567594136e-05,0.008218365918660825,4.1795775675940934e-05,0.00036933703299379397,0.00026753487381030676,0.913976097966407,0.6543842309731045,10,169100
water,minus50,6.25,5.0,0.023683404885051156,1.0,correlated,0.03987188395073306,1.9793646354420383e-05,0.0076985533854845595,1.979364635441986e-05,0.0003419892071999872,0.00021362091668473482,0.8590688911333254,0.5332653334848813,10,169100
water,minus50,6.25,5.0,0.023683404885051156,1.0,white,0.03909595309503429,4.359780903523304e-05,0.006922622529785785,4.359780903523411e-05,0.001665080421868833,0.0002687162578821963,4.133880257182603,0.6367055338863237,10,169100
water,minus50,6.25,10.0,0.011841702442525578,0.0,correlated,0.03384362323982189,7.098928129532245e-05,0.002188286534248355,7.098928129532246e-05,0.0,0.0,0.0,0.0,10,169100
water,minus50,6.25,10.0,0.011841702442525578,0.0,white,0.03399981687056501,0.00022022150933611933,0.0023444801649914735,0.00022022150933611817,0.0,0.0,0.0,0.0,10,169100
water,minus50,6.25,10.0,0.011841702442525578,0.001,correlated,0.03375706462681261,5.707090185960751e-05,0.0021945388429710543,5.707090185960757e-05,-6.2523087226991346e-06,1.4505620904565302e-05,-0.018552310184089277,0.042816523859227136,10,169100
water,minus50,6.25,10.0,0.011841702442525578,0.001,white,0.033897821532049136,0.0001570492845132209,0.0023352957482075825,0.00015704928451322112,9.184416783891008e-06,6.787966284470768e-05,0.025916361333284947,0.19748679508592779,10,169100
water,minus50,6.25,10.0,0.011841702442525578,0.01,correlated,0.03352867189124932,1.7225577765764795e-05,0.002187952248830528,1.7225577765765872e-05,3.342854178266241e-07,5.5741967862643445e-05,0.0006800099081077426,0.16434940334229117,10,169100
water,minus50,6.25,10.0,0.011841702442525578,0.01,white,0.03366251645332492,4.676640780635048e-05,0.0023217968109061314,4.676640780635212e-05,2.2683354085342027e-05,0.0001789749269764793,0.06368931826651485,0.5223507350093249,10,169100
water,minus50,6.25,10.0,0.011841702442525578,0.1,correlated,0.03358980483276262,8.642551707355996e-06,0.0021688970336041272,8.642551707354348e-06,1.9389500644227674e-05,6.979501195738756e-05,0.056906080705874565,0.2056648066657186,10,169100
water,minus50,6.25,10.0,0.011841702442525578,0.1,white,0.033648383594325586,2.4622767055183086e-05,0.0022274757951670984,2.4622767055184373e-05,0.00011700436982437502,0.00021532648929975285,0.3404998514832395,0.6270322764488514,10,169100
water,minus50,6.25,10.0,0.011841702442525578,1.0,correlated,0.03426061926367398,8.674962955333142e-06,0.0020872886984254746,8.6749629553333e-06,0.00010099783582288025,7.064154184547999e-05,0.2980359532845127,0.20766666806652795,10,169100
water,minus50,6.25,10.0,0.011841702442525578,1.0,white,0.034020781647672305,2.465307132519066e-05,0.0018474510824238045,2.4653071325190667e-05,0.0004970290825676689,0.00021676799924799506,1.4582435382848176,0.6240931078982563,10,169100
water,minus50,6.25,20.0,0.005920851221262789,0.0,correlated,0.032204424814894696,2.7573354328775293e-05,0.0005490881093211608,2.7573354328775246e-05,0.0,0.0,0.0,0.0,10,169100
water,minus50,6.25,20.0,0.005920851221262789,0.0,white,0.03221643586239371,6.50102312794121e-05,0.000561099156820171,6.501023127941264e-05,0.0,0.0,0.0,0.0,10,169100
water,minus50,6.25,20.0,0.005920851221262789,0.001,correlated,0.03211457784986027,1.866815652303286e-05,0.0005520520660187135,1.866815652303314e-05,-2.9639566975527e-06,1.2716452899230424e-05,-0.00922845673062163,0.03947946910647076,10,169100
water,minus50,6.25,20.0,0.005920851221262789,0.001,white,0.032134453647727455,5.139039839441383e-05,0.000571927863885903,5.139039839441563e-05,-1.0828707065731885e-05,1.4833127950426618e-05,-0.033690723315912136,0.04609514912003172,10,169100
water,minus50,6.25,20.0,0.005920851221262789,0.01,correlated,0.031897346340031184,9.119760636766064e-06,0.0005566266976123876,9.119760636766804e-06,-7.538588291226833e-06,2.165351036254869e-05,-0.023458295163754184,0.06727242075702437,10,169100
water,minus50,6.25,20.0,0.005920851221262789,0.01,white,0.03193069872234035,1.7343765549835672e-05,0.0005899790799215578,1.734376554983685e-05,-2.8879923101386707e-05,5.3710816289270294e-05,-0.08993880643515992,0.16678466821957574,10,169100
water,minus50,6.25,20.0,0.005920851221262789,0.1,correlated,0.031974447451094665,9.372859164099402e-06,0.000553539651936176,9.372859164099282e-06,-4.45154261501518e-06,2.5844256453848973e-05,-0.013880944905909031,0.0802846731305041,10,169100
water,minus50,6.25,20.0,0.005920851221262789,0.1,white,0.03199288625136629,1.5358305920473047e-05,0.0005719784522077991,1.5358305920473023e-05,-1.0879295387627997e-05,6.680543674106753e-05,-0.03413572356166606,0.20728820372741516,10,169100
water,minus50,6.25,20.0,0.005920851221262789,1.0,correlated,0.032705293496509136,9.891502797911415e-06,0.0005319629312606329,9.891502797910609e-06,1.7125178060527907e-05,2.6496088892062146e-05,0.05311729366439223,0.08225849162481608,10,169100
water,minus50,6.25,20.0,0.005920851221262789,1.0,white,0.03264540411465559,1.4586705711110338e-05,0.0004720735494070927,1.458670571110955e-05,8.902560741307838e-05,6.693854686241392e-05,0.27596902235036763,0.20709301417410553,10,169100
water,minus50,6.25,50.0,0.0023683404885051157,0.0,correlated,0.031739619334648486,2.534177324128697e-05,8.428262907494432e-05,2.534177324128656e-05,0.0,0.0,0.0,0.0,10,169100
water,minus50,6.25,50.0,0.0023683404885051157,0.0,white,0.03174515205465461,2.5801007871887203e-05,8.981534908107589e-05,2.5801007871886688e-05,0.0,0.0,0.0,0.0,10,169100
water,minus50,6.25,50.0,0.0023683404885051157,0.001,correlated,0.03164716443325328,1.4964872696328117e-05,8.46386494117224e-05,1.4964872696327901e-05,-3.560203367780623e-07,1.2650804884699884e-05,-0.0011475194926405907,0.03984369586089381,10,169100
water,minus50,6.25,50.0,0.0023683404885051157,0.001,white,0.03165658106208881,1.7862164267977235e-05,9.405527824725632e-05,1.7862164267976286e-05,-4.239929166180434e-06,1.0563845808482903e-05,-0.013376609445196239,0.033271823112396695,10,169100
water,minus50,6.25,50.0,0.0023683404885051157,0.01,correlated,0.03142895822811494,4.27376886119502e-06,8.823858569614248e-05,4.273768861195007e-06,-3.955956621198159e-06,2.2004910582752668e-05,-0.012513290837695604,0.06933768515454783,10,169100
water,minus50,6.25,50.0,0.0023683404885051157,0.01,white,0.03143739543955752,6.7583898042424024e-06,9.667579713872817e-05,6.758389804242119e-06,-6.8604480576522905e-06,1.9732084267523542e-05,-0.02165608579444648,0.062162125428395325,10,169100
water,minus50,6.25,50.0,0.0023683404885051157,0.1,correlated,0.03150966612137502,2.1276283985328723e-06,8.875832221653113e-05,2.1276283985329024e-06,-4.4756931415868005e-06,2.5424364669069284e-05,-0.014158652888717505,0.08011684443985174,10,169100
water,minus50,6.25,50.0,0.0023683404885051157,0.1,white,0.03151447690476713,3.98232767523412e-06,9.356910560864018e-05,3.982327675233574e-06,-3.753756527564295e-06,2.3196245144239404e-05,-0.01187770174021284,0.07306707282062884,10,169100
water,minus50,6.25,50.0,0.0023683404885051157,1.0,correlated,0.032258695456238516,2.3511677173095915e-06,8.536489099001537e-05,2.3511677173105288e-06,-1.0822619150710477e-06,2.561034160191517e-05,-0.003467557850725017,0.08069363047055429,10,169100
water,minus50,6.25,50.0,0.0023683404885051157,1.0,white,0.032250561979806844,3.60680761761118e-06,7.72314145583486e-05,3.6068076176104426e-06,1.2583934522727298e-05,2.348361461569206e-05,0.039586755807040255,0.07393013120266678,10,169100
water,minus50,6.25,100.0,0.0011841702442525579,0.0,correlated,0.03168310512553326,9.168028918753925e-06,2.7768419959724872e-05,9.16802891875464e-06,0.0,0.0,0.0,0.0,10,169100
water,minus50,6.25,100.0,0.0011841702442525579,0.0,white,0.03167421597018421,1.6957843420276193e-05,1.8879264610675155e-05,1.695784342027815e-05,0.0,0.0,0.0,0.0,10,169100
water,minus50,6.25,100.0,0.0011841702442525579,0.001,correlated,0.03158365534288501,5.037597617191719e-06,2.1129559043452095e-05,5.037597617192006e-06,6.638860916272776e-06,8.182206091675105e-06,0.020948318282536106,0.025812757828376377,10,169100
water,minus50,6.25,100.0,0.0011841702442525579,0.001,white,0.031583611909170556,1.4083078613539219e-05,2.108612532899859e-05,1.4083078613539705e-05,-2.2068607183234336e-06,1.2011635736252479e-05,-0.006977847799446417,0.037914521525181946,10,169100
water,minus50,6.25,100.0,0.0011841702442525579,0.01,correlated,0.031362939720951756,1.758413352144971e-06,2.2220078532959182e-05,1.7584133521440984e-06,5.548341426765691e-06,8.545301544186295e-06,0.017505087609797843,0.02695964571428768,10,169100
water,minus50,6.25,100.0,0.0011841702442525579,0.01,white,0.03136386310287091,4.8977951006584685e-06,2.314346045211718e-05,4.897795100658256e-06,-4.264195841442025e-06,1.460275684076758e-05,-0.013484058243901928,0.046098685246164596,10,169100
water,minus50,6.25,100.0,0.0011841702442525579,0.1,correlated,0.03144333223517669,1.5084244682842595e-06,2.2424436018196602e-05,1.5084244682850593e-06,5.343983941528268e-06,9.004093402306301e-06,0.016859685375149442,0.028408500578984027,10,169100
water,minus50,6.25,100.0,0.0011841702442525579,0.1,white,0.03144370733038139,3.395596459042856e-06,2.2799531222897353e-05,3.39559645904251e-06,-3.920266612222195e-06,1.6726855219476897e-05,-0.012401766991942972,0.05280088525854901,10,169100
water,minus50,6.25,100.0,0.0011841702442525579,1.0,correlated,0.03219486084823301,1.5233263552128468e-06,2.1530282984508208e-05,1.5233263552126915e-06,6.238136975216663e-06,9.017422827095558e-06,0.019681852986205776,0.028449772601262583,10,169100
water,minus50,6.25,100.0,0.0011841702442525579,1.0,white,0.03219212247156464,3.1185633000071553e-06,1.8791906316137363e-05,3.118563300008051e-06,8.735829453779264e-08,1.6855701248482253e-05,0.00025060245873538556,0.05320100691062238,10,169100
water,minus50,6.25,inf,0.0,0.0,none,0.031655336705573536,0.0,0.0,0.0,0.0,0.0,0.0,0.0,1,169100
water,minus50,6.25,inf,0.0,0.001,none,0.031562525783841555,0.0,0.0,0.0,0.0,0.0,0.0,0.0,1,169100
water,minus50,6.25,inf,0.0,0.01,none,0.031340719642418795,0.0,0.0,0.0,0.0,0.0,0.0,0.0,1,169100
water,minus50,6.25,inf,0.0,0.1,none,0.03142090779915849,0.0,0.0,0.0,0.0,0.0,0.0,0.0,1,169100
water,minus50,6.25,inf,0.0,1.0,none,0.0321733305652485,0.0,0.0,0.0,0.0,0.0,0.0,0.0,1,169100
water,plus50,18.75,5.0,0.023683404885051156,0.0,correlated,0.055116749190851556,0.00016068721536244726,0.007492719738503279,0.00016068721536244767,0.0,0.0,0.0,0.0,10,169644
water,plus50,18.75,5.0,0.023683404885051156,0.0,white,0.1617439872521112,0.0005636913610261497,0.11411995779976289,0.0005636913610261475,0.0,0.0,0.0,0.0,10,169644
water,plus50,18.75,5.0,0.023683404885051156,0.001,correlated,0.05268188575057421,0.0001461096044325627,0.007904202460497356,0.0001461096044325626,-0.00041148272199407614,1.527393938952437e-05,-0.7466408022528557,0.02970084765836136,10,169644
water,plus50,18.75,5.0,0.023683404885051156,0.001,white,0.14630552901363267,0.0004830585261920686,0.1015278457235558,0.00048305852619206905,0.012592112076207088,0.00010567019696185206,7.785132626070674,0.04643550432298111,10,169644
water,plus50,18.75,5.0,0.023683404885051156,0.01,correlated,0.04229256860567177,9.13940186360488e-05,0.010288100576451126,9.13940186360486e-05,-0.0027953808379478457,7.432975843056584e-05,-5.072122783335459,0.14862728345724152,10,169644
water,plus50,18.75,5.0,0.023683404885051156,0.01,white,0.08560842125982197,0.00023328586347029823,0.05360395323060133,0.00023328586347029978,0.06051600456916156,0.0004468906878178253,37.41429868451114,0.1645858257624298,10,169644
water,plus50,18.75,5.0,0.023683404885051156,0.1,correlated,0.037596364619341745,4.296774511519878e-05,0.0109796047605667,4.2967745115197865e-05,-0.0034868850220634204,0.0001221792712488038,-6.32698443438432,0.23915578804738313,10,169644
water,plus50,18.75,5.0,0.023683404885051156,0.1,white,0.03845804593171133,5.2708531476169556e-05,0.011841286072936288,5.270853147616911e-05,0.10227867172682661,0.0006003852020401865,63.23444456284129,0.1516519088284072,10,169644
water,plus50,18.75,5.0,0.023683404885051156,1.0,correlated,0.04313668490182785,2.2360566554736437e-05,0.006853516347672747,2.2360566554735627e-05,0.0006392033908305319,0.0001617156085023216,1.1589750157153376,0.289200098469852,10,169644
water,plus50,18.75,5.0,0.023683404885051156,1.0,white,0.03823993920479226,4.832730445859397e-05,0.001956770650637163,4.832730445859232e-05,0.11216318714912572,0.0005732848369406682,69.34577552580517,0.11514407441772968,10,169644
water,plus50,18.75,10.0,0.011841702442525578,0.0,correlated,0.049612647624059016,4.1301168896023025e-05,0.001988618171710736,4.1301168896023127e-05,0.0,0.0,0.0,0.0,10,169644
water,plus50,18.75,10.0,0.011841702442525578,0.0,white,0.0868050367073207,0.00018402936357100246,0.03918100725497243,0.00018402936357100205,0.0,0.0,0.0,0.0,10,169644
water,plus50,18.75,10.0,0.011841702442525578,0.001,correlated,0.046885971097574704,3.754433359168641e-05,0.002108287807497846,3.7544333591687895e-05,-0.00011966963578710979,3.985890439765475e-06,-0.24121377322815102,0.008218029926155189,10,169644
water,plus50,18.75,10.0,0.011841702442525578,0.001,white,0.07988185993690236,0.000153496328083779,0.0351041766468255,0.00015349632808378067,0.004076830608146932,5.238700738288525e-05,4.696478112578051,0.054080161227235676,10,169644
water,plus50,18.75,10.0,0.011841702442525578,0.01,correlated,0.03485920915776687,2.294523204281536e-05,0.002854741128546224,2.2945232042814418e-05,-0.0008661229568354877,2.0529339460404972e-05,-1.745800814492759,0.04271870029433406,10,169644
water,plus50,18.75,10.0,0.011841702442525578,0.01,white,0.050591873708962024,0.00011411691009833844,0.01858740567974137,0.00011411691009833819,0.02059360157523106,0.00019869607194532423,23.723706916333438,0.18940559362561202,10,169644
water,plus50,18.75,10.0,0.011841702442525578,0.1,correlated,0.029737143132934674,1.1692598553599067e-05,0.0031203832741596277,1.1692598553599098e-05,-0.0011317651024488917,3.521556606135831e-05,-2.2812555410133806,0.07276549351925696,10,169644
water,plus50,18.75,10.0,0.011841702442525578,0.1,white,0.030025214802031307,2.2150285964318136e-05,0.0034084549432562617,2.2150285964318553e-05,0.035772552311716166,0.0002018437211547008,41.209950790331945,0.14542865325751284,10,169644
water,plus50,18.75,10.0,0.011841702442525578,1.0,correlated,0.03811406857616474,8.538790316146782e-06,0.001830900022009644,8.53879031614614e-06,0.00015771814970109223,4.1040946566561136e-05,0.31783865442801995,0.08243951261916088,10,169644
water,plus50,18.75,10.0,0.011841702442525578,1.0,white,0.036774144263331074,1.872232151940367e-05,0.000490975709175976,1.8722321519402432e-05,0.03869003154579645,0.0001835550369250091,44.57096176814165,0.11781615192738186,10,169644
water,plus50,18.75,20.0,0.005920851221262789,0.0,correlated,0.04812812677412589,1.5886870630273143e-05,0.000504097321777612,1.5886870630273686e-05,0.0,0.0,0.0,0.0,10,169644
water,plus50,18.75,20.0,0.005920851221262789,0.0,white,0.05885630275809345,0.0001275959276741612,0.01123227330574517,0.00012759592767416084,0.0,0.0,0.0,0.0,10,169644
water,plus50,18.75,20.0,0.005920851221262789,0.001,correlated,0.04531373932119966,1.5454979266706432e-05,0.0005360560311228051,1.545497926670663e-05,-3.1958709345192984e-05,1.291191959024002e-06,-0.06640369533269644,0.0026910750038798797,10,169644
water,plus50,18.75,20.0,0.005920851221262789,0.001,white,0.05489413448869598,0.00011166434064277535,0.010116451198619116,0.00011166434064277498,0.0011158221071260513,2.057131290496211e-05,1.8957943270780013,0.031730213370012555,10,169644
water,plus50,18.75,20.0,0.005920851221262789,0.01,correlated,0.03274332417191299,1.4763973530022023e-05,0.0007388561426923436,1.4763973530021247e-05,-0.00023475882091473151,6.442710300098285e-06,-0.4877803683496739,0.013447600230403343,10,169644
water,plus50,18.75,20.0,0.005920851221262789,0.01,white,0.03738809191952349,5.256405642181298e-05,0.005383623890302842,5.256405642181251e-05,0.005848649415442326,9.845921281685436e-05,9.936908109438248,0.1476092369746246,10,169644
water,plus50,18.75,20.0,0.005920851221262789,0.1,correlated,0.027430109602070228,8.430169944051882e-06,0.0008133497432951823,8.430169944052162e-06,-0.0003092524215175703,1.1015659921183838e-05,-0.6425666295345491,0.023073944470227516,10,169644
water,plus50,18.75,20.0,0.005920851221262789,0.1,white,0.02750282381750946,1.3945620333264575e-05,0.0008860639587344156,1.394562033326489e-05,0.010346209347010752,0.00013986609709902602,17.578373375678268,0.19950539455519836,10,169644
water,plus50,18.75,20.0,0.005920851221262789,1.0,correlated,0.036746348216257184,8.299630766766736e-06,0.00046317966210208326,8.299630766765848e-06,4.0917659675528824e-05,2.3287936277618585e-05,0.08500409155175012,0.04835966143551293,10,169644
water,plus50,18.75,20.0,0.005920851221262789,1.0,white,0.03640283191041831,9.004018080340766e-06,0.00011966335626320615,9.004018080340502e-06,0.011112609949481963,0.00013432506407863728,18.880552703226588,0.1872337476620452,10,169644
water,plus50,18.75,50.0,0.0023683404885051157,0.0,correlated,0.04770225435246691,1.1865648086769755e-05,7.82249001186383e-05,1.1865648086770374e-05,0.0,0.0,0.0,0.0,10,169644
water,plus50,18.75,50.0,0.0023683404885051157,0.0,white,0.049503151294673274,5.14257891421763e-05,0.0018791218423250017,5.1425789142176345e-05,0.0,0.0,0.0,0.0,10,169644
water,plus50,18.75,50.0,0.0023683404885051157,0.001,correlated,0.04486133353870518,1.0949497895168921e-05,8.365024862832943e-05,1.0949497895168831e-05,-5.425348509691119e-06,1.0402727620422505e-06,-0.011373794160549736,0.0021835143268195546,10,169644
water,plus50,18.75,50.0,0.0023683404885051157,0.001,white,0.04647461068907009,4.504120053873378e-05,0.0016969273989932317,4.504120053873333e-05,0.00018219444333177,8.423592352374849e-06,0.36803389429447614,0.01671582608083609,10,169644
water,plus50,18.75,50.0,0.0023683404885051157,0.01,correlated,0.03212238560945922,7.660561277076377e-06,0.00011791758023857804,7.66056127707717e-06,-3.9692680119939735e-05,5.152919583239494e-06,-0.0832113870400468,0.010821936663479376,10,169644
water,plus50,18.75,50.0,0.0023683404885051157,0.01,white,0.03291244592659179,2.399788807783487e-05,0.0009079778973711414,2.3997888077835443e-05,0.0009711439449538603,4.117600483662001e-05,1.9617148409852103,0.0813821691718884,10,169644
water,plus50,18.75,50.0,0.0023683404885051157,0.1,correlated,0.02674904804046289,2.7617642416113657e-06,0.000132288181687849,2.7617642416112683e-06,-5.406328156921068e-05,9.8644032493976e-06,-0.1133394209791089,0.02070871766355319,10,169644
water,plus50,18.75,50.0,0.0023683404885051157,0.1,white,0.02676294626393656,5.53542563996589e-06,0.0001461864051615129,5.535425639965665e-06,0.0017329354371634887,5.57353196176515e-05,3.500555157836034,0.10896777403748033,10,169644
water,plus50,18.75,50.0,0.0023683404885051157,1.0,correlated,0.03635829894460472,3.740232326074929e-06,7.513039044961672e-05,3.7402323260745964e-06,3.0945096690215833e-06,1.2811832122413484e-05,0.0064813816806185585,0.026855635711439577,10,169644
water,plus50,18.75,50.0,0.0023683404885051157,1.0,white,0.03630339851366156,2.03730630725413e-06,2.022995950646117e-05,2.037306307253574e-06,0.0018588918828185406,5.2663265023152275e-05,3.7550023005700197,0.10249355586654366,10,169644
water,plus50,18.75,100.0,0.0011841702442525579,0.0,correlated,0.04764380559653568,3.869286220278094e-06,1.9776144187403504e-05,3.869286220278583e-06,0.0,0.0,0.0,0.0,10,169644
water,plus50,18.75,100.0,0.0011841702442525579,0.0,white,0.04809478144147759,2.7997299726015196e-05,0.00047075198912930883,2.7997299726014288e-05,0.0,0.0,0.0,0.0,10,169644
water,plus50,18.75,100.0,0.0011841702442525579,0.001,correlated,0.044798772201094184,3.5782983406364843e-06,2.1088911017327906e-05,3.578298340637488e-06,-1.3127668299243999e-06,4.027471723161169e-07,-0.0027554239686375195,0.0008455029734407028,10,169644
water,plus50,18.75,100.0,0.0011841702442525579,0.001,white,0.045202920478528884,2.4470552836459084e-05,0.00042523718845202674,2.447055283646017e-05,4.551480067728208e-05,4.309919528067991e-06,0.0946316988196309,0.008918643001728439,10,169644
water,plus50,18.75,100.0,0.0011841702442525579,0.01,correlated,0.032033881663609966,2.748196374527279e-06,2.9413634389316433e-05,2.7481963745262044e-06,-9.637490201912929e-06,2.009553820073828e-06,-0.02022843967476224,0.004219122503946778,10,169644
water,plus50,18.75,100.0,0.0011841702442525579,0.01,white,0.03223233013991973,1.1481023422802024e-05,0.00022786211069908066,1.1481023422800624e-05,0.00024288987843022817,2.146264811907727e-05,0.5050018565926565,0.04436694930156831,10,169644
water,plus50,18.75,100.0,0.0011841702442525579,0.1,correlated,0.026649605607119726,1.3498271604776633e-06,3.2845748344678334e-05,1.3498271604782984e-06,-1.306960415727483e-05,3.113268036092417e-06,-0.027432359401858786,0.0065367974507965654,10,169644
water,plus50,18.75,100.0,0.0011841702442525579,0.1,white,0.026652291125679257,2.2518591481842246e-06,3.553126690420995e-05,2.251859148184414e-06,0.0004352207222250989,2.9141049738875796e-05,0.9048915665420653,0.060071228118533805,10,169644
water,plus50,18.75,100.0,0.0011841702442525579,1.0,correlated,0.03630194453673695,1.2255585752809625e-06,1.8775982581843013e-05,1.2255585752817286e-06,1.00016160556049e-06,4.241074278202763e-06,0.002098624330603454,0.008901818524237248,10,169644
water,plus50,18.75,100.0,0.0011841702442525579,1.0,white,0.03628793928539453,1.7197134561093777e-06,4.770731239428505e-06,1.7197134561080796e-06,0.0004659812578898803,2.852586082698426e-05,0.9688503918838632,0.05875427780654627,10,169644
water,plus50,18.75,inf,0.0,0.0,none,0.047624029452348275,0.0,0.0,0.0,0.0,0.0,0.0,0.0,1,169644
water,plus50,18.75,inf,0.0,0.001,none,0.04477768329007686,0.0,0.0,0.0,0.0,0.0,0.0,0.0,1,169644
water,plus50,18.75,inf,0.0,0.01,none,0.03200446802922065,0.0,0.0,0.0,0.0,0.0,0.0,0.0,1,169644
water,plus50,18.75,inf,0.0,0.1,none,0.026616759858775044,0.0,0.0,0.0,0.0,0.0,0.0,0.0,1,169644
water,plus50,18.75,inf,0.0,1.0,none,0.0362831685541551,0.0,0.0,0.0,0.0,0.0,0.0,0.0,1,169644
