patch_id,scene_class,region_id,location,anchor_lat,anchor_lon,patch_lat,patch_lon,abs_latitude_band,utm_epsg,east_offset_m,north_offset_m,true_fwhm_m,lambda,max_iter,healpix_level,device,rmse_psf_degradation,method,operator_fwhm_m,rmse_vs_latent,recovery_fraction,n_cells_compared,n_cells_estimated,npt,operator_rows,operator_cols,operator_nnz,operator_density,operator_build_s,solve_s,projection_s,runtime_s,method_total_s,patch_execution_status,run_sequence,benchmark_included
urban__singapore__r0c0,urban,singapore,Singapore,1.2903,103.8519,1.2541021198934994,103.81596794666493,00-15,32648,-4000.0,-4000.0,12.5,0.001,14,20,cuda:0,0.0392233469005361,blurred_observation,12.5,0.0392233469005361,0.0,170813,170813,,,,,,0.0,0.0,0.0,0.0,0.0,computed,1,False
urban__singapore__r0c0,urban,singapore,Singapore,1.2903,103.8519,1.2541021198934994,103.81596794666493,00-15,32648,-4000.0,-4000.0,12.5,0.001,14,20,cuda:0,0.0392233469005361,psf_aware_matched,12.5,0.0311969780172423,0.2046324324042858,170813,172254,22.0,65536.0,172254.0,1441792.0,0.0001277183693847,0.2868084372021258,0.0402760379947721,1.7118615838699045,0.327084475196898,2.0389460590668023,computed,1,False
urban__singapore__r0c0,urban,singapore,Singapore,1.2903,103.8519,1.2541021198934994,103.81596794666493,00-15,32648,-4000.0,-4000.0,12.5,0.001,14,20,cuda:0,0.0392233469005361,psf_aware_plus50,18.75,0.0598073630456916,-0.5247898961134811,170813,174025,48.0,65536.0,174025.0,3145728.0,0.0002758224393046,0.4441167912445962,0.0808065673336386,1.7332804542966187,0.5249233585782349,2.2582038128748536,computed,1,False
urban__singapore__r0c0,urban,singapore,Singapore,1.2903,103.8519,1.2541021198934994,103.81596794666493,00-15,32648,-4000.0,-4000.0,12.5,0.001,14,20,cuda:0,0.0392233469005361,psf_aware_minus50,6.25,0.0456627807048382,-0.1641734913808183,170411,170411,9.0,65536.0,170411.0,589824.0,5.2813492086778434e-05,0.1951990639790892,0.0223549222573637,1.66184016270563,0.217553986236453,1.8793941489420831,computed,1,False
urban__singapore__r0c0,urban,singapore,Singapore,1.2903,103.8519,1.2541021198934994,103.81596794666493,00-15,32648,-4000.0,-4000.0,12.5,0.001,14,20,cuda:0,0.0392233469005361,nearest,,0.0477394194677644,-0.2171174374492726,169912,170813,,,,,,0.0,0.1232967777177691,0.0,0.1232967777177691,0.1232967777177691,computed,1,False
urban__singapore__r0c0,urban,singapore,Singapore,1.2903,103.8519,1.2541021198934994,103.81596794666493,00-15,32648,-4000.0,-4000.0,12.5,0.001,14,20,cuda:0,0.0392233469005361,bilinear,,0.0495322558090351,-0.2628258352006687,169912,170813,,,,,,0.0,0.1083656027913093,0.0,0.1083656027913093,0.1083656027913093,computed,1,False
urban__singapore__r0c0,urban,singapore,Singapore,1.2903,103.8519,1.2541021198934994,103.81596794666493,00-15,32648,-4000.0,-4000.0,12.5,0.001,14,20,cuda:0,0.0392233469005361,bicubic,,0.0447276596959624,-0.1403325628836391,169912,170813,,,,,,0.0,0.7634481149725616,0.0,0.7634481149725616,0.7634481149725616,computed,1,False
urban__singapore__r0c1,urban,singapore,Singapore,1.2903,103.8519,1.2541182383741496,103.85191599538406,00-15,32648,0.0,-4000.0,12.5,0.001,14,20,cuda:0,0.0307464842429902,blurred_observation,12.5,0.0307464842429902,0.0,170971,170971,,,,,,0.0,0.0,0.0,0.0,0.0,computed,2,True
urban__singapore__r0c1,urban,singapore,Singapore,1.2903,103.8519,1.2541182383741496,103.85191599538406,00-15,32648,0.0,-4000.0,12.5,0.001,14,20,cuda:0,0.0307464842429902,psf_aware_matched,12.5,0.0266640153978853,0.1327783955017761,170971,172207,22.0,65536.0,172207.0,1441792.0,0.0001277532272207,0.2778674159198999,0.0403065052814781,1.701587680261582,0.3181739212013781,2.01976160146296,computed,2,True
urban__singapore__r0c1,urban,singapore,Singapore,1.2903,103.8519,1.2541182383741496,103.85191599538406,00-15,32648,0.0,-4000.0,12.5,0.001,14,20,cuda:0,0.0307464842429902,psf_aware_plus50,18.75,0.0430378614277262,-0.3997652898327146,170971,174474,48.0,65536.0,174474.0,3145728.0,0.0002751126242305,0.4392283339984715,0.0805589091032743,1.708974116947502,0.5197872431017458,2.228761360049248,computed,2,True
urban__singapore__r0c1,urban,singapore,Singapore,1.2903,103.8519,1.2541182383741496,103.85191599538406,00-15,32648,0.0,-4000.0,12.5,0.001,14,20,cuda:0,0.0307464842429902,psf_aware_minus50,6.25,0.0340556624701647,-0.1076278575794855,170353,170353,9.0,65536.0,170353.0,589824.0,5.283147346979507e-05,0.1718626231886446,0.0222825650125741,1.660917656030506,0.1941451882012188,1.8550628442317247,computed,2,True
urban__singapore__r0c1,urban,singapore,Singapore,1.2903,103.8519,1.2541182383741496,103.85191599538406,00-15,32648,0.0,-4000.0,12.5,0.001,14,20,cuda:0,0.0307464842429902,nearest,,0.0351882372233551,-0.1444637684511038,169862,170971,,,,,,0.0,0.1852004998363554,0.0,0.1852004998363554,0.1852004998363554,computed,2,True
urban__singapore__r0c1,urban,singapore,Singapore,1.2903,103.8519,1.2541182383741496,103.85191599538406,00-15,32648,0.0,-4000.0,12.5,0.001,14,20,cuda:0,0.0307464842429902,bilinear,,0.036249248913313,-0.1789721591201862,169862,170971,,,,,,0.0,0.3626937959343195,0.0,0.3626937959343195,0.3626937959343195,computed,2,True
urban__singapore__r0c1,urban,singapore,Singapore,1.2903,103.8519,1.2541182383741496,103.85191599538406,00-15,32648,0.0,-4000.0,12.5,0.001,14,20,cuda:0,0.0307464842429902,bicubic,,0.0337886129098456,-0.0989423259847637,169862,170971,,,,,,0.0,0.7707355436868966,0.0,0.7707355436868966,0.7707355436868966,computed,2,True
urban__singapore__r0c2,urban,singapore,Singapore,1.2903,103.8519,1.254133860201693,103.88786449936872,00-15,32648,4000.0,-4000.0,12.5,0.001,14,20,cuda:0,0.0339722684404686,blurred_observation,12.5,0.0339722684404686,0.0,170807,170807,,,,,,0.0,0.0,0.0,0.0,0.0,computed,3,True
urban__singapore__r0c2,urban,singapore,Singapore,1.2903,103.8519,1.254133860201693,103.88786449936872,00-15,32648,4000.0,-4000.0,12.5,0.001,14,20,cuda:0,0.0339722684404686,psf_aware_matched,12.5,0.0318207623677277,0.0633312454984011,170807,172207,22.0,65536.0,172207.0,1441792.0,0.0001277532272207,0.2742048511281609,0.0408869548700749,1.7351592020131648,0.3150918059982359,2.0502510080114007,computed,3,True
urban__singapore__r0c2,urban,singapore,Singapore,1.2903,103.8519,1.254133860201693,103.88786449936872,00-15,32648,4000.0,-4000.0,12.5,0.001,14,20,cuda:0,0.0339722684404686,psf_aware_plus50,18.75,0.042917445206496,-0.2633081974405822,170807,174158,48.0,65536.0,174158.0,3145728.0,0.0002756118007786,0.4348678174428642,0.0803983341902494,1.7305096271447835,0.5152661516331136,2.2457757787778974,computed,3,True
urban__singapore__r0c2,urban,singapore,Singapore,1.2903,103.8519,1.254133860201693,103.88786449936872,00-15,32648,4000.0,-4000.0,12.5,0.001,14,20,cuda:0,0.0339722684404686,psf_aware_minus50,6.25,0.036349330104181,-0.0699706487919067,170362,170362,9.0,65536.0,170362.0,589824.0,5.2828682452659634e-05,0.1798790637403726,0.0223825741559267,1.7177600436843932,0.2022616378962993,1.9200216815806923,computed,3,True
urban__singapore__r0c2,urban,singapore,Singapore,1.2903,103.8519,1.254133860201693,103.88786449936872,00-15,32648,4000.0,-4000.0,12.5,0.001,14,20,cuda:0,0.0339722684404686,nearest,,0.0370966108536902,-0.0919674356952788,169942,170807,,,,,,0.0,0.1397380521520972,0.0,0.1397380521520972,0.1397380521520972,computed,3,True
urban__singapore__r0c2,urban,singapore,Singapore,1.2903,103.8519,1.254133860201693,103.88786449936872,00-15,32648,4000.0,-4000.0,12.5,0.001,14,20,cuda:0,0.0339722684404686,bilinear,,0.0378271273250859,-0.1134707531047656,169942,170807,,,,,,0.0,0.1089607710018754,0.0,0.1089607710018754,0.1089607710018754,computed,3,True
urban__singapore__r0c2,urban,singapore,Singapore,1.2903,103.8519,1.254133860201693,103.88786449936872,00-15,32648,4000.0,-4000.0,12.5,0.001,14,20,cuda:0,0.0339722684404686,bicubic,,0.0365043808016529,-0.0745346860078375,169942,170807,,,,,,0.0,0.7632422959432006,0.0,0.7632422959432006,0.7632422959432006,computed,3,True
urban__singapore__r1c0,urban,singapore,Singapore,1.2903,103.8519,1.2902834163465642,103.8159514507248,00-15,32648,-4000.0,0.0,12.5,0.001,14,20,cuda:0,0.0641445588733068,blurred_observation,12.5,0.0641445588733068,0.0,170766,170766,,,,,,0.0,0.0,0.0,0.0,0.0,computed,4,True
urban__singapore__r1c0,urban,singapore,Singapore,1.2903,103.8519,1.2902834163465642,103.8159514507248,00-15,32648,-4000.0,0.0,12.5,0.001,14,20,cuda:0,0.0641445588733068,psf_aware_matched,12.5,0.0515876851367488,0.1957589849726664,170766,172193,22.0,65536.0,172193.0,1441792.0,0.0001277636140841,0.2732691788114607,0.0402535451576113,1.6853510630317032,0.3135227239690721,1.9988737870007756,computed,4,True
urban__singapore__r1c0,urban,singapore,Singapore,1.2903,103.8519,1.2902834163465642,103.8159514507248,00-15,32648,-4000.0,0.0,12.5,0.001,14,20,cuda:0,0.0641445588733068,psf_aware_plus50,18.75,0.0995127253793608,-0.5513821768719369,170766,174276,48.0,65536.0,174276.0,3145728.0,0.0002754251876334,0.4474478182382881,0.0805575661361217,1.7091205739416182,0.5280053843744099,2.237125958316028,computed,4,True
urban__singapore__r1c0,urban,singapore,Singapore,1.2903,103.8519,1.2902834163465642,103.8159514507248,00-15,32648,-4000.0,0.0,12.5,0.001,14,20,cuda:0,0.0641445588733068,psf_aware_minus50,6.25,0.0745962516034305,-0.1629396618155409,170502,170502,9.0,65536.0,170502.0,589824.0,5.2785304571207376e-05,0.1746567250229418,0.0223460849374532,1.75960654579103,0.1970028099603951,1.956609355751425,computed,4,True
urban__singapore__r1c0,urban,singapore,Singapore,1.2903,103.8519,1.2902834163465642,103.8159514507248,00-15,32648,-4000.0,0.0,12.5,0.001,14,20,cuda:0,0.0641445588733068,nearest,,0.0780874616783394,-0.2173668827089683,169595,170766,,,,,,0.0,0.1216763900592923,0.0,0.1216763900592923,0.1216763900592923,computed,4,True
urban__singapore__r1c0,urban,singapore,Singapore,1.2903,103.8519,1.2902834163465642,103.8159514507248,00-15,32648,-4000.0,0.0,12.5,0.001,14,20,cuda:0,0.0641445588733068,bilinear,,0.0811914047730481,-0.2657566939295803,169595,170766,,,,,,0.0,0.1084300461225211,0.0,0.1084300461225211,0.1084300461225211,computed,4,True
urban__singapore__r1c0,urban,singapore,Singapore,1.2903,103.8519,1.2902834163465642,103.8159514507248,00-15,32648,-4000.0,0.0,12.5,0.001,14,20,cuda:0,0.0641445588733068,bicubic,,0.0733909252482053,-0.1441488808608253,169595,170766,,,,,,0.0,1.0924688866361976,0.0,1.0924688866361976,1.0924688866361976,computed,4,True
urban__singapore__r1c1,urban,singapore,Singapore,1.2903,103.8519,1.2902999999999998,103.8519,00-15,32648,0.0,0.0,12.5,0.001,14,20,cuda:0,0.058057686871085,blurred_observation,12.5,0.058057686871085,0.0,170968,170968,,,,,,0.0,0.0,0.0,0.0,0.0,computed,5,True
urban__singapore__r1c1,urban,singapore,Singapore,1.2903,103.8519,1.2902999999999998,103.8519,00-15,32648,0.0,0.0,12.5,0.001,14,20,cuda:0,0.058057686871085,psf_aware_matched,12.5,0.0452447875590664,0.2206925560170718,170968,172206,22.0,65536.0,172206.0,1441792.0,0.0001277539690835,0.2717345329001546,0.0405081869103014,1.777121372986585,0.312242719810456,2.089364092797041,computed,5,True
urban__singapore__r1c1,urban,singapore,Singapore,1.2903,103.8519,1.2902999999999998,103.8519,00-15,32648,0.0,0.0,12.5,0.001,14,20,cuda:0,0.058057686871085,psf_aware_plus50,18.75,0.0888354553966643,-0.5301239195753733,170968,174240,48.0,65536.0,174240.0,3145728.0,0.0002754820936639,0.4893920347094536,0.0804651007056236,1.7194115710444748,0.5698571354150772,2.289268706459552,computed,5,True
urban__singapore__r1c1,urban,singapore,Singapore,1.2903,103.8519,1.2902999999999998,103.8519,00-15,32648,0.0,0.0,12.5,0.001,14,20,cuda:0,0.058057686871085,psf_aware_minus50,6.25,0.0673005546981032,-0.1592014481655406,170252,170252,9.0,65536.0,170252.0,589824.0,5.286281512111458e-05,0.1722752549685537,0.0222291140817105,1.7554493127390742,0.1945043690502643,1.9499536817893384,computed,5,True
urban__singapore__r1c1,urban,singapore,Singapore,1.2903,103.8519,1.2902999999999998,103.8519,00-15,32648,0.0,0.0,12.5,0.001,14,20,cuda:0,0.058057686871085,nearest,,0.0705646224627077,-0.2154225610020235,170139,170968,,,,,,0.0,0.1213739570230245,0.0,0.1213739570230245,0.1213739570230245,computed,5,True
urban__singapore__r1c1,urban,singapore,Singapore,1.2903,103.8519,1.2902999999999998,103.8519,00-15,32648,0.0,0.0,12.5,0.001,14,20,cuda:0,0.058057686871085,bilinear,,0.0733408609730507,-0.2632411817560265,170139,170968,,,,,,0.0,0.1089337598532438,0.0,0.1089337598532438,0.1089337598532438,computed,5,True
urban__singapore__r1c1,urban,singapore,Singapore,1.2903,103.8519,1.2902999999999998,103.8519,00-15,32648,0.0,0.0,12.5,0.001,14,20,cuda:0,0.058057686871085,bicubic,,0.0659892653524301,-0.1366154752075614,170139,170968,,,,,,0.0,0.8498266539536417,0.0,0.8498266539536417,0.8498266539536417,computed,5,True
urban__singapore__r1c2,urban,singapore,Singapore,1.2903,103.8519,1.290316072667127,103.88784900457225,00-15,32648,4000.0,0.0,12.5,0.001,14,20,cuda:0,0.0473277394512577,blurred_observation,12.5,0.0473277394512577,0.0,170789,170789,,,,,,0.0,0.0,0.0,0.0,0.0,computed,6,True
urban__singapore__r1c2,urban,singapore,Singapore,1.2903,103.8519,1.290316072667127,103.88784900457225,00-15,32648,4000.0,0.0,12.5,0.001,14,20,cuda:0,0.0473277394512577,psf_aware_matched,12.5,0.0396059725929044,0.1631552013234409,170789,172206,22.0,65536.0,172206.0,1441792.0,0.0001277539690835,0.2760309488512575,0.040197579190135,1.70601641619578,0.3162285280413925,2.0222449442371726,computed,6,True
urban__singapore__r1c2,urban,singapore,Singapore,1.2903,103.8519,1.290316072667127,103.88784900457225,00-15,32648,4000.0,0.0,12.5,0.001,14,20,cuda:0,0.0473277394512577,psf_aware_plus50,18.75,0.0701558332256765,-0.4823406746043568,170789,174133,48.0,65536.0,174133.0,3145728.0,0.0002756513699298,0.4432946839369833,0.0804963302798569,1.7186949937604368,0.5237910142168403,2.242486007977277,computed,6,True
urban__singapore__r1c2,urban,singapore,Singapore,1.2903,103.8519,1.290316072667127,103.88784900457225,00-15,32648,4000.0,0.0,12.5,0.001,14,20,cuda:0,0.0473277394512577,psf_aware_minus50,6.25,0.0539797849873106,-0.1405527839102442,170363,170363,9.0,65536.0,170363.0,589824.0,5.2828372357847657e-05,0.3138460572808981,0.0222678468562662,1.6910838899202645,0.3361139041371643,2.027197794057429,computed,6,True
urban__singapore__r1c2,urban,singapore,Singapore,1.2903,103.8519,1.290316072667127,103.88784900457225,00-15,32648,4000.0,0.0,12.5,0.001,14,20,cuda:0,0.0473277394512577,nearest,,0.0561897224400373,-0.1872471216992404,169975,170789,,,,,,0.0,0.135700496379286,0.0,0.135700496379286,0.135700496379286,computed,6,True
urban__singapore__r1c2,urban,singapore,Singapore,1.2903,103.8519,1.290316072667127,103.88784900457225,00-15,32648,4000.0,0.0,12.5,0.001,14,20,cuda:0,0.0473277394512577,bilinear,,0.0581587057773794,-0.228850277906816,169975,170789,,,,,,0.0,0.1083507058210671,0.0,0.1083507058210671,0.1083507058210671,computed,6,True
urban__singapore__r1c2,urban,singapore,Singapore,1.2903,103.8519,1.290316072667127,103.88784900457225,00-15,32648,4000.0,0.0,12.5,0.001,14,20,cuda:0,0.0473277394512577,bicubic,,0.0533279446828476,-0.1267798821824035,169975,170789,,,,,,0.0,0.7712207641452551,0.0,0.7712207641452551,0.7712207641452551,computed,6,True
urban__singapore__r2c0,urban,singapore,Singapore,1.2903,103.8519,1.3264647022528997,103.81593448523957,00-15,32648,-4000.0,4000.0,12.5,0.001,14,20,cuda:0,0.0512751437371154,blurred_observation,12.5,0.0512751437371154,0.0,170836,170836,,,,,,0.0,0.0,0.0,0.0,0.0,computed,7,True
urban__singapore__r2c0,urban,singapore,Singapore,1.2903,103.8519,1.3264647022528997,103.81593448523957,00-15,32648,-4000.0,4000.0,12.5,0.001,14,20,cuda:0,0.0512751437371154,psf_aware_matched,12.5,0.0415571245687839,0.1895269025115805,170836,172257,22.0,65536.0,172257.0,1441792.0,0.0001277161450623,0.2707770499400794,0.0403323452919721,1.779079020023346,0.3111093952320516,2.0901884152553976,computed,7,True
urban__singapore__r2c0,urban,singapore,Singapore,1.2903,103.8519,1.3264647022528997,103.81593448523957,00-15,32648,-4000.0,4000.0,12.5,0.001,14,20,cuda:0,0.0512751437371154,psf_aware_plus50,18.75,0.0783543980005914,-0.5281165939253061,170836,174049,48.0,65536.0,174049.0,3145728.0,0.0002757844055409,0.4443595013581216,0.0810105241835117,1.7263635359704494,0.5253700255416334,2.251733561512083,computed,7,True
urban__singapore__r2c0,urban,singapore,Singapore,1.2903,103.8519,1.3264647022528997,103.81593448523957,00-15,32648,-4000.0,4000.0,12.5,0.001,14,20,cuda:0,0.0512751437371154,psf_aware_minus50,6.25,0.0587032584217011,-0.1448677496189809,170394,170394,9.0,65536.0,170394.0,589824.0,5.281876122398676e-05,0.1706841122359037,0.0222212290391325,1.6821158966049552,0.1929053412750363,1.8750212378799915,computed,7,True
urban__singapore__r2c0,urban,singapore,Singapore,1.2903,103.8519,1.3264647022528997,103.81593448523957,00-15,32648,-4000.0,4000.0,12.5,0.001,14,20,cuda:0,0.0512751437371154,nearest,,0.0614428584675657,-0.1982971472996635,169922,170836,,,,,,0.0,0.1215038029477,0.0,0.1215038029477,0.1215038029477,computed,7,True
urban__singapore__r2c0,urban,singapore,Singapore,1.2903,103.8519,1.3264647022528997,103.81593448523957,00-15,32648,-4000.0,4000.0,12.5,0.001,14,20,cuda:0,0.0512751437371154,bilinear,,0.0638268849141714,-0.2447919257215147,169922,170836,,,,,,0.0,0.3515515872277319,0.0,0.3515515872277319,0.3515515872277319,computed,7,True
urban__singapore__r2c0,urban,singapore,Singapore,1.2903,103.8519,1.3264647022528997,103.81593448523957,00-15,32648,-4000.0,4000.0,12.5,0.001,14,20,cuda:0,0.0512751437371154,bicubic,,0.0582522798341992,-0.1360724824654828,169922,170836,,,,,,0.0,0.7661509430035949,0.0,0.7661509430035949,0.7661509430035949,computed,7,True
urban__singapore__r2c1,urban,singapore,Singapore,1.2903,103.8519,1.3264817510916866,103.85188354931874,00-15,32648,0.0,4000.0,12.5,0.001,14,20,cuda:0,0.0606515634957736,blurred_observation,12.5,0.0606515634957736,0.0,170953,170953,,,,,,0.0,0.0,0.0,0.0,0.0,computed,8,True
urban__singapore__r2c1,urban,singapore,Singapore,1.2903,103.8519,1.3264817510916866,103.85188354931874,00-15,32648,0.0,4000.0,12.5,0.001,14,20,cuda:0,0.0606515634957736,psf_aware_matched,12.5,0.0478509071262309,0.2110523724657926,170953,172207,22.0,65536.0,172207.0,1441792.0,0.0001277532272207,0.2715873452834785,0.0404467000626027,1.7334574800916016,0.3120340453460812,2.045491525437683,computed,8,True
urban__singapore__r2c1,urban,singapore,Singapore,1.2903,103.8519,1.3264817510916866,103.85188354931874,00-15,32648,0.0,4000.0,12.5,0.001,14,20,cuda:0,0.0606515634957736,psf_aware_plus50,18.75,0.0932476808964253,-0.5374324340859427,170953,174239,48.0,65536.0,174239.0,3145728.0,0.0002754836747226,0.4329045591875911,0.080422721337527,1.734458213672042,0.5133272805251181,2.24778549419716,computed,8,True
urban__singapore__r2c1,urban,singapore,Singapore,1.2903,103.8519,1.3264817510916866,103.85188354931874,00-15,32648,0.0,4000.0,12.5,0.001,14,20,cuda:0,0.0606515634957736,psf_aware_minus50,6.25,0.0703488089478028,-0.1598845090399834,170271,170271,9.0,65536.0,170271.0,589824.0,5.2856916327501456e-05,0.1721416213549673,0.0222462262026965,1.6619194629602134,0.1943878475576639,1.8563073105178771,computed,8,True
urban__singapore__r2c1,urban,singapore,Singapore,1.2903,103.8519,1.3264817510916866,103.85188354931874,00-15,32648,0.0,4000.0,12.5,0.001,14,20,cuda:0,0.0606515634957736,nearest,,0.0737725464741981,-0.2163337962316307,170057,170953,,,,,,0.0,0.1215484673157334,0.0,0.1215484673157334,0.1215484673157334,computed,8,True
urban__singapore__r2c1,urban,singapore,Singapore,1.2903,103.8519,1.3264817510916866,103.85188354931874,00-15,32648,0.0,4000.0,12.5,0.001,14,20,cuda:0,0.0606515634957736,bilinear,,0.0767292121375865,-0.2650821795044609,170057,170953,,,,,,0.0,0.108057300094515,0.0,0.108057300094515,0.108057300094515,computed,8,True
urban__singapore__r2c1,urban,singapore,Singapore,1.2903,103.8519,1.3264817510916866,103.85188354931874,00-15,32648,0.0,4000.0,12.5,0.001,14,20,cuda:0,0.0606515634957736,bicubic,,0.0691434008152391,-0.14001019644048,170057,170953,,,,,,0.0,0.7700915248133242,0.0,0.7700915248133242,0.7700915248133242,computed,8,True
urban__singapore__r2c2,urban,singapore,Singapore,1.2903,103.8519,1.326498274610578,103.8878330687274,00-15,32648,4000.0,4000.0,12.5,0.001,14,20,cuda:0,0.0652818162740456,blurred_observation,12.5,0.0652818162740456,0.0,170785,170785,,,,,,0.0,0.0,0.0,0.0,0.0,computed,9,True
urban__singapore__r2c2,urban,singapore,Singapore,1.2903,103.8519,1.326498274610578,103.8878330687274,00-15,32648,4000.0,4000.0,12.5,0.001,14,20,cuda:0,0.0652818162740456,psf_aware_matched,12.5,0.0516188506193305,0.2092920576437315,170785,172206,22.0,65536.0,172206.0,1441792.0,0.0001277539690835,0.2750510131008923,0.0402906248345971,1.713091623969376,0.3153416379354894,2.028433261904865,computed,9,True
urban__singapore__r2c2,urban,singapore,Singapore,1.2903,103.8519,1.326498274610578,103.8878330687274,00-15,32648,4000.0,4000.0,12.5,0.001,14,20,cuda:0,0.0652818162740456,psf_aware_plus50,18.75,0.100884942017909,-0.5453758454636981,170785,174379,48.0,65536.0,174379.0,3145728.0,0.000275262502939,0.4493375271558761,0.0806897361762821,1.7053735489025712,0.5300272633321583,2.235400812234729,computed,9,True
urban__singapore__r2c2,urban,singapore,Singapore,1.2903,103.8519,1.326498274610578,103.8878330687274,00-15,32648,4000.0,4000.0,12.5,0.001,14,20,cuda:0,0.0652818162740456,psf_aware_minus50,6.25,0.0763885626471934,-0.1701353762359019,170476,170476,9.0,65536.0,170476.0,589824.0,5.2793355076374384e-05,0.1708121537230909,0.0223386012949049,1.6851682676933706,0.1931507550179958,1.8783190227113664,computed,9,True
urban__singapore__r2c2,urban,singapore,Singapore,1.2903,103.8519,1.326498274610578,103.8878330687274,00-15,32648,4000.0,4000.0,12.5,0.001,14,20,cuda:0,0.0652818162740456,nearest,,0.0800478227165752,-0.226188658424324,169678,170785,,,,,,0.0,0.1213318882510066,0.0,0.1213318882510066,0.1213318882510066,computed,9,True
urban__singapore__r2c2,urban,singapore,Singapore,1.2903,103.8519,1.326498274610578,103.8878330687274,00-15,32648,4000.0,4000.0,12.5,0.001,14,20,cuda:0,0.0652818162740456,bilinear,,0.0833030080350254,-0.276052242255774,169678,170785,,,,,,0.0,0.1087129721418023,0.0,0.1087129721418023,0.1087129721418023,computed,9,True
urban__singapore__r2c2,urban,singapore,Singapore,1.2903,103.8519,1.326498274610578,103.8878330687274,00-15,32648,4000.0,4000.0,12.5,0.001,14,20,cuda:0,0.0652818162740456,bicubic,,0.0748017599803951,-0.1458284136333749,169678,170785,,,,,,0.0,0.7664991221390665,0.0,0.7664991221390665,0.7664991221390665,computed,9,True
urban__nairobi__r0c0,urban,nairobi,"Nairobi, Kenya",-1.2864,36.8172,-1.3225305542879326,36.78123901895743,00-15,32737,-4000.0,-4000.0,12.5,0.001,14,20,cuda:0,0.0544156770094472,blurred_observation,12.5,0.0544156770094472,0.0,170764,170764,,,,,,0.0,0.0,0.0,0.0,0.0,computed,10,True
urban__nairobi__r0c0,urban,nairobi,"Nairobi, Kenya",-1.2864,36.8172,-1.3225305542879326,36.78123901895743,00-15,32737,-4000.0,-4000.0,12.5,0.001,14,20,cuda:0,0.0544156770094472,psf_aware_matched,12.5,0.0454693950964027,0.1644063329670854,170764,172038,22.0,65536.0,172038.0,1441792.0,0.0001278787244678,0.2759376023896038,0.0405252897180616,1.719459162093699,0.3164628921076655,2.0359220542013645,computed,10,True
urban__nairobi__r0c0,urban,nairobi,"Nairobi, Kenya",-1.2864,36.8172,-1.3225305542879326,36.78123901895743,00-15,32737,-4000.0,-4000.0,12.5,0.001,14,20,cuda:0,0.0544156770094472,psf_aware_plus50,18.75,0.0810331246511304,-0.4891503534369692,170764,173920,48.0,65536.0,173920.0,3145728.0,0.0002759889604415,0.5984377972781658,0.0807007169350981,1.7086466872133317,0.679138514213264,2.3877852014265954,computed,10,True
urban__nairobi__r0c0,urban,nairobi,"Nairobi, Kenya",-1.2864,36.8172,-1.3225305542879326,36.78123901895743,00-15,32737,-4000.0,-4000.0,12.5,0.001,14,20,cuda:0,0.0544156770094472,psf_aware_minus50,6.25,0.0615804838196709,-0.1316680633961375,170157,170157,9.0,65536.0,170157.0,589824.0,5.289232884923923e-05,0.1903682360425591,0.0232063247822225,1.6523252152837813,0.2135745608247816,1.865899776108563,computed,10,True
urban__nairobi__r0c0,urban,nairobi,"Nairobi, Kenya",-1.2864,36.8172,-1.3225305542879326,36.78123901895743,00-15,32737,-4000.0,-4000.0,12.5,0.001,14,20,cuda:0,0.0544156770094472,nearest,,0.0641582313990508,-0.179039477684199,169595,170764,,,,,,0.0,0.1366238039918244,0.0,0.1366238039918244,0.1366238039918244,computed,10,True
urban__nairobi__r0c0,urban,nairobi,"Nairobi, Kenya",-1.2864,36.8172,-1.3225305542879326,36.78123901895743,00-15,32737,-4000.0,-4000.0,12.5,0.001,14,20,cuda:0,0.0544156770094472,bilinear,,0.0664602028143448,-0.2213429376759648,169595,170764,,,,,,0.0,0.1083438317291438,0.0,0.1083438317291438,0.1083438317291438,computed,10,True
urban__nairobi__r0c0,urban,nairobi,"Nairobi, Kenya",-1.2864,36.8172,-1.3225305542879326,36.78123901895743,00-15,32737,-4000.0,-4000.0,12.5,0.001,14,20,cuda:0,0.0544156770094472,bicubic,,0.0613515508901276,-0.1274609498927341,169595,170764,,,,,,0.0,0.7598869320936501,0.0,0.7598869320936501,0.7598869320936501,computed,10,True
urban__nairobi__r0c1,urban,nairobi,"Nairobi, Kenya",-1.2864,36.8172,-1.3225626302473923,36.8171688223362,00-15,32737,0.0,-4000.0,12.5,0.001,14,20,cuda:0,0.0516957719527508,blurred_observation,12.5,0.0516957719527508,0.0,170730,170730,,,,,,0.0,0.0,0.0,0.0,0.0,computed,11,True
urban__nairobi__r0c1,urban,nairobi,"Nairobi, Kenya",-1.2864,36.8172,-1.3225626302473923,36.8171688223362,00-15,32737,0.0,-4000.0,12.5,0.001,14,20,cuda:0,0.0516957719527508,psf_aware_matched,12.5,0.0427729999915298,0.1726015808290139,170730,172046,22.0,65536.0,172046.0,1441792.0,0.0001278727782104,0.2758377939462662,0.0404654568992555,1.6767548560164869,0.3163032508455217,1.9930581068620088,computed,11,True
urban__nairobi__r0c1,urban,nairobi,"Nairobi, Kenya",-1.2864,36.8172,-1.3225626302473923,36.8171688223362,00-15,32737,0.0,-4000.0,12.5,0.001,14,20,cuda:0,0.0516957719527508,psf_aware_plus50,18.75,0.0779502277311539,-0.5078646625569148,170730,173998,48.0,65536.0,173998.0,3145728.0,0.0002758652398303,0.5064160120673478,0.0805185423232615,1.7514419448561966,0.5869345543906093,2.338376499246806,computed,11,True
urban__nairobi__r0c1,urban,nairobi,"Nairobi, Kenya",-1.2864,36.8172,-1.3225626302473923,36.8171688223362,00-15,32737,0.0,-4000.0,12.5,0.001,14,20,cuda:0,0.0516957719527508,psf_aware_minus50,6.25,0.0589408677402235,-0.1401487106932966,170190,170190,9.0,65536.0,170190.0,589824.0,5.288207297726071e-05,0.1788478610105812,0.0223671249113976,1.6325702467001977,0.2012149859219789,1.8337852326221764,computed,11,True
urban__nairobi__r0c1,urban,nairobi,"Nairobi, Kenya",-1.2864,36.8172,-1.3225626302473923,36.8171688223362,00-15,32737,0.0,-4000.0,12.5,0.001,14,20,cuda:0,0.0516957719527508,nearest,,0.061420708098703,-0.1881185980710498,169670,170730,,,,,,0.0,0.1212673946283757,0.0,0.1212673946283757,0.1212673946283757,computed,11,True
urban__nairobi__r0c1,urban,nairobi,"Nairobi, Kenya",-1.2864,36.8172,-1.3225626302473923,36.8171688223362,00-15,32737,0.0,-4000.0,12.5,0.001,14,20,cuda:0,0.0516957719527508,bilinear,,0.0637246744104791,-0.2326863881387146,169670,170730,,,,,,0.0,0.108252550009638,0.0,0.108252550009638,0.108252550009638,computed,11,True
urban__nairobi__r0c1,urban,nairobi,"Nairobi, Kenya",-1.2864,36.8172,-1.3225626302473923,36.8171688223362,00-15,32737,0.0,-4000.0,12.5,0.001,14,20,cuda:0,0.0516957719527508,bicubic,,0.0585369631343048,-0.1323356035345939,169670,170730,,,,,,0.0,0.7613617242313921,0.0,0.7613617242313921,0.7613617242313921,computed,11,True
urban__nairobi__r0c2,urban,nairobi,"Nairobi, Kenya",-1.2864,36.8172,-1.3225941835392068,36.85309949078891,00-15,32737,4000.0,-4000.0,12.5,0.001,14,20,cuda:0,0.0544114743863301,blurred_observation,12.5,0.0544114743863301,0.0,170666,170666,,,,,,0.0,0.0,0.0,0.0,0.0,computed,12,True
urban__nairobi__r0c2,urban,nairobi,"Nairobi, Kenya",-1.2864,36.8172,-1.3225941835392068,36.85309949078891,00-15,32737,4000.0,-4000.0,12.5,0.001,14,20,cuda:0,0.0544114743863301,psf_aware_matched,12.5,0.0440942887977668,0.1896141522523298,170666,172024,22.0,65536.0,172024.0,1441792.0,0.000127889131749,0.273811737075448,0.0403017359785735,1.7181922630406916,0.3141134730540216,2.032305736094713,computed,12,True
urban__nairobi__r0c2,urban,nairobi,"Nairobi, Kenya",-1.2864,36.8172,-1.3225941835392068,36.85309949078891,00-15,32737,4000.0,-4000.0,12.5,0.001,14,20,cuda:0,0.0544114743863301,psf_aware_plus50,18.75,0.0835710078388763,-0.5359077985189076,170666,174106,48.0,65536.0,174106.0,3145728.0,0.0002756941173767,0.4351046960800886,0.0809743548743426,1.7215492487885058,0.5160790509544313,2.237628299742937,computed,12,True
urban__nairobi__r0c2,urban,nairobi,"Nairobi, Kenya",-1.2864,36.8172,-1.3225941835392068,36.85309949078891,00-15,32737,4000.0,-4000.0,12.5,0.001,14,20,cuda:0,0.0544114743863301,psf_aware_minus50,6.25,0.0624307551200194,-0.1473821620188244,170218,170218,9.0,65536.0,170218.0,589824.0,5.287337414374508e-05,0.1754789422266185,0.0223123109899461,1.648515170905739,0.1977912532165646,1.846306424122304,computed,12,True
urban__nairobi__r0c2,urban,nairobi,"Nairobi, Kenya",-1.2864,36.8172,-1.3225941835392068,36.85309949078891,00-15,32737,4000.0,-4000.0,12.5,0.001,14,20,cuda:0,0.0544114743863301,nearest,,0.0653109158902005,-0.2003151288730502,169865,170666,,,,,,0.0,0.3139578392729163,0.0,0.3139578392729163,0.3139578392729163,computed,12,True
urban__nairobi__r0c2,urban,nairobi,"Nairobi, Kenya",-1.2864,36.8172,-1.3225941835392068,36.85309949078891,00-15,32737,4000.0,-4000.0,12.5,0.001,14,20,cuda:0,0.0544114743863301,bilinear,,0.0678596856279409,-0.2471576334455913,169865,170666,,,,,,0.0,0.3095769728533923,0.0,0.3095769728533923,0.3095769728533923,computed,12,True
urban__nairobi__r0c2,urban,nairobi,"Nairobi, Kenya",-1.2864,36.8172,-1.3225941835392068,36.85309949078891,00-15,32737,4000.0,-4000.0,12.5,0.001,14,20,cuda:0,0.0544114743863301,bicubic,,0.0618941780512885,-0.1375206930036481,169865,170666,,,,,,0.0,0.7578420988284051,0.0,0.7578420988284051,0.7578420988284051,computed,12,True
urban__nairobi__r1c0,urban,nairobi,"Nairobi, Kenya",-1.2864,36.8172,-1.286368801375594,36.781270708793215,00-15,32737,-4000.0,0.0,12.5,0.001,14,20,cuda:0,0.0669008504112668,blurred_observation,12.5,0.0669008504112668,0.0,170711,170711,,,,,,0.0,0.0,0.0,0.0,0.0,computed,13,True
urban__nairobi__r1c0,urban,nairobi,"Nairobi, Kenya",-1.2864,36.8172,-1.286368801375594,36.781270708793215,00-15,32737,-4000.0,0.0,12.5,0.001,14,20,cuda:0,0.0669008504112668,psf_aware_matched,12.5,0.0545586843970481,0.1844844413538306,170711,172127,22.0,65536.0,172127.0,1441792.0,0.0001278126034846,0.2758893310092389,0.0409893384203314,1.6713941250927746,0.3168786694295704,1.988272794522345,computed,13,True
urban__nairobi__r1c0,urban,nairobi,"Nairobi, Kenya",-1.2864,36.8172,-1.286368801375594,36.781270708793215,00-15,32737,-4000.0,0.0,12.5,0.001,14,20,cuda:0,0.0669008504112668,psf_aware_plus50,18.75,0.1040204462035299,-0.5548449020314958,170711,174127,48.0,65536.0,174127.0,3145728.0,0.0002756608682168,0.4572991421446204,0.080594137776643,1.6860552299767733,0.5378932799212635,2.2239485098980367,computed,13,True
urban__nairobi__r1c0,urban,nairobi,"Nairobi, Kenya",-1.2864,36.8172,-1.286368801375594,36.781270708793215,00-15,32737,-4000.0,0.0,12.5,0.001,14,20,cuda:0,0.0669008504112668,psf_aware_minus50,6.25,0.0770963287878087,-0.1523968426988018,170131,170131,9.0,65536.0,170131.0,589824.0,5.290041203543152e-05,0.1706712651066482,0.0231788409873843,1.6349549549631774,0.1938501060940325,1.82880506105721,computed,13,True
urban__nairobi__r1c0,urban,nairobi,"Nairobi, Kenya",-1.2864,36.8172,-1.286368801375594,36.781270708793215,00-15,32737,-4000.0,0.0,12.5,0.001,14,20,cuda:0,0.0669008504112668,nearest,,0.0806491130744041,-0.205502061313437,169763,170711,,,,,,0.0,0.1204599137417972,0.0,0.1204599137417972,0.1204599137417972,computed,13,True
urban__nairobi__r1c0,urban,nairobi,"Nairobi, Kenya",-1.2864,36.8172,-1.286368801375594,36.781270708793215,00-15,32737,-4000.0,0.0,12.5,0.001,14,20,cuda:0,0.0669008504112668,bilinear,,0.0838230907702706,-0.2529450710263905,169763,170711,,,,,,0.0,0.1095532970502972,0.0,0.1095532970502972,0.1095532970502972,computed,13,True
urban__nairobi__r1c0,urban,nairobi,"Nairobi, Kenya",-1.2864,36.8172,-1.286368801375594,36.781270708793215,00-15,32737,-4000.0,0.0,12.5,0.001,14,20,cuda:0,0.0669008504112668,bicubic,,0.0763884407032138,-0.1418156904377587,169763,170711,,,,,,0.0,0.7583058099262416,0.0,0.7583058099262416,0.7583058099262416,computed,13,True
urban__nairobi__r1c1,urban,nairobi,"Nairobi, Kenya",-1.2864,36.8172,-1.2863999999999969,36.8172,00-15,32737,0.0,0.0,12.5,0.001,14,20,cuda:0,0.0609929969711996,blurred_observation,12.5,0.0609929969711996,0.0,170798,170798,,,,,,0.0,0.0,0.0,0.0,0.0,computed,14,True
urban__nairobi__r1c1,urban,nairobi,"Nairobi, Kenya",-1.2864,36.8172,-1.2863999999999969,36.8172,00-15,32737,0.0,0.0,12.5,0.001,14,20,cuda:0,0.0609929969711996,psf_aware_matched,12.5,0.0485815183228643,0.2034902245284956,170798,172154,22.0,65536.0,172154.0,1441792.0,0.0001277925578261,0.4217772567644715,0.0405152169987559,1.6732247788459065,0.4622924737632274,2.1355172526091337,computed,14,True
urban__nairobi__r1c1,urban,nairobi,"Nairobi, Kenya",-1.2864,36.8172,-1.2863999999999969,36.8172,00-15,32737,0.0,0.0,12.5,0.001,14,20,cuda:0,0.0609929969711996,psf_aware_plus50,18.75,0.0942439080865055,-0.5451594898838419,170798,174049,48.0,65536.0,174049.0,3145728.0,0.0002757844055409,0.4326823512092232,0.0803547636605799,1.6978130200877786,0.5130371148698032,2.2108501349575818,computed,14,True
urban__nairobi__r1c1,urban,nairobi,"Nairobi, Kenya",-1.2864,36.8172,-1.2863999999999969,36.8172,00-15,32737,0.0,0.0,12.5,0.001,14,20,cuda:0,0.0609929969711996,psf_aware_minus50,6.25,0.070439183507639,-0.1548732970262103,170112,170112,9.0,65536.0,170112.0,589824.0,5.290632054176072e-05,0.1770274848677218,0.0232405881397426,1.7696807100437582,0.2002680730074644,1.9699487830512223,computed,14,True
urban__nairobi__r1c1,urban,nairobi,"Nairobi, Kenya",-1.2864,36.8172,-1.2863999999999969,36.8172,00-15,32737,0.0,0.0,12.5,0.001,14,20,cuda:0,0.0609929969711996,nearest,,0.0737783353266431,-0.2096197758814935,169697,170798,,,,,,0.0,0.1214097831398248,0.0,0.1214097831398248,0.1214097831398248,computed,14,True
urban__nairobi__r1c1,urban,nairobi,"Nairobi, Kenya",-1.2864,36.8172,-1.2863999999999969,36.8172,00-15,32737,0.0,0.0,12.5,0.001,14,20,cuda:0,0.0609929969711996,bilinear,,0.0767180384856751,-0.25781716418855,169697,170798,,,,,,0.0,0.1081301011145114,0.0,0.1081301011145114,0.1081301011145114,computed,14,True
urban__nairobi__r1c1,urban,nairobi,"Nairobi, Kenya",-1.2864,36.8172,-1.2863999999999969,36.8172,00-15,32737,0.0,0.0,12.5,0.001,14,20,cuda:0,0.0609929969711996,bicubic,,0.0694829308907393,-0.1391952247165115,169697,170798,,,,,,0.0,0.7634738790802658,0.0,0.7634738790802658,0.7634738790802658,computed,14,True
urban__nairobi__r1c2,urban,nairobi,"Nairobi, Kenya",-1.2864,36.8172,-1.2864306902526317,36.85313015621936,00-15,32737,4000.0,0.0,12.5,0.001,14,20,cuda:0,0.0596766004981914,blurred_observation,12.5,0.0596766004981914,0.0,170763,170763,,,,,,0.0,0.0,0.0,0.0,0.0,computed,15,True
urban__nairobi__r1c2,urban,nairobi,"Nairobi, Kenya",-1.2864,36.8172,-1.2864306902526317,36.85313015621936,00-15,32737,4000.0,0.0,12.5,0.001,14,20,cuda:0,0.0596766004981914,psf_aware_matched,12.5,0.0503541018850477,0.1562169851385264,170763,172085,22.0,65536.0,172085.0,1441792.0,0.000127843798123,0.2796113207004964,0.040385662112385,1.675572546198964,0.3199969828128814,1.9955695290118456,computed,15,True
urban__nairobi__r1c2,urban,nairobi,"Nairobi, Kenya",-1.2864,36.8172,-1.2864306902526317,36.85313015621936,00-15,32737,4000.0,0.0,12.5,0.001,14,20,cuda:0,0.0596766004981914,psf_aware_plus50,18.75,0.090264584943238,-0.5125624480900781,170763,173988,48.0,65536.0,173988.0,3145728.0,0.0002758810952479,0.6996642611920834,0.0806258269585669,1.6926556518301368,0.7802900881506503,2.472945739980787,computed,15,True
urban__nairobi__r1c2,urban,nairobi,"Nairobi, Kenya",-1.2864,36.8172,-1.2864306902526317,36.85313015621936,00-15,32737,4000.0,0.0,12.5,0.001,14,20,cuda:0,0.0596766004981914,psf_aware_minus50,6.25,0.0682118578548754,-0.1430251938855427,170190,170190,9.0,65536.0,170190.0,589824.0,5.288207297726071e-05,0.1732443487271666,0.0222594803199172,1.723333917092532,0.1955038290470838,1.918837746139616,computed,15,True
urban__nairobi__r1c2,urban,nairobi,"Nairobi, Kenya",-1.2864,36.8172,-1.2864306902526317,36.85313015621936,00-15,32737,4000.0,0.0,12.5,0.001,14,20,cuda:0,0.0596766004981914,nearest,,0.0710055240150204,-0.1898386205355695,169638,170763,,,,,,0.0,0.1220583510585129,0.0,0.1220583510585129,0.1220583510585129,computed,15,True
urban__nairobi__r1c2,urban,nairobi,"Nairobi, Kenya",-1.2864,36.8172,-1.2864306902526317,36.85313015621936,00-15,32737,4000.0,0.0,12.5,0.001,14,20,cuda:0,0.0596766004981914,bilinear,,0.0736128317477536,-0.2335292414986751,169638,170763,,,,,,0.0,0.1080147325992584,0.0,0.1080147325992584,0.1080147325992584,computed,15,True
urban__nairobi__r1c2,urban,nairobi,"Nairobi, Kenya",-1.2864,36.8172,-1.2864306902526317,36.85313015621936,00-15,32737,4000.0,0.0,12.5,0.001,14,20,cuda:0,0.0596766004981914,bicubic,,0.0677295023061456,-0.1349423683776733,169638,170763,,,,,,0.0,0.7930237166583538,0.0,0.7930237166583538,0.7930237166583538,computed,15,True
urban__nairobi__r2c0,urban,nairobi,"Nairobi, Kenya",-1.2864,36.8172,-1.2502070374169012,36.78130151940616,00-15,32737,-4000.0,4000.0,12.5,0.001,14,20,cuda:0,0.0550523048067277,blurred_observation,12.5,0.0550523048067277,0.0,170600,170600,,,,,,0.0,0.0,0.0,0.0,0.0,computed,16,True
urban__nairobi__r2c0,urban,nairobi,"Nairobi, Kenya",-1.2864,36.8172,-1.2502070374169012,36.78130151940616,00-15,32737,-4000.0,4000.0,12.5,0.001,14,20,cuda:0,0.0550523048067277,psf_aware_matched,12.5,0.0453922335390954,0.1754707873093763,170600,171873,22.0,65536.0,171873.0,1441792.0,0.0001280014894718,0.2759670289233327,0.0404098378494381,1.677324233110994,0.3163768667727709,1.993701099883765,computed,16,True
urban__nairobi__r2c0,urban,nairobi,"Nairobi, Kenya",-1.2864,36.8172,-1.2502070374169012,36.78130151940616,00-15,32737,-4000.0,4000.0,12.5,0.001,14,20,cuda:0,0.0550523048067277,psf_aware_plus50,18.75,0.0842433760352507,-0.5302424908639931,170600,173969,48.0,65536.0,173969.0,3145728.0,0.0002759112255631,0.4309766399674117,0.0806699809618294,1.6971467677503824,0.5116466209292412,2.208793388679624,computed,16,True
urban__nairobi__r2c0,urban,nairobi,"Nairobi, Kenya",-1.2864,36.8172,-1.2502070374169012,36.78130151940616,00-15,32737,-4000.0,4000.0,12.5,0.001,14,20,cuda:0,0.0550523048067277,psf_aware_minus50,6.25,0.0631665969093805,-0.147392414016811,170265,170265,9.0,65536.0,170265.0,589824.0,5.285877896220597e-05,0.3741557812318206,0.0247623310424387,1.672081703785807,0.3989181122742593,2.0709998160600662,computed,16,True
urban__nairobi__r2c0,urban,nairobi,"Nairobi, Kenya",-1.2864,36.8172,-1.2502070374169012,36.78130151940616,00-15,32737,-4000.0,4000.0,12.5,0.001,14,20,cuda:0,0.0550523048067277,nearest,,0.0659602932795463,-0.1981386339974937,169741,170600,,,,,,0.0,0.1214579041115939,0.0,0.1214579041115939,0.1214579041115939,computed,16,True
urban__nairobi__r2c0,urban,nairobi,"Nairobi, Kenya",-1.2864,36.8172,-1.2502070374169012,36.78130151940616,00-15,32737,-4000.0,4000.0,12.5,0.001,14,20,cuda:0,0.0550523048067277,bilinear,,0.0684706484514566,-0.2437380903821688,169741,170600,,,,,,0.0,0.1080854968167841,0.0,0.1080854968167841,0.1080854968167841,computed,16,True
urban__nairobi__r2c0,urban,nairobi,"Nairobi, Kenya",-1.2864,36.8172,-1.2502070374169012,36.78130151940616,00-15,32737,-4000.0,4000.0,12.5,0.001,14,20,cuda:0,0.0550523048067277,bicubic,,0.0626465591735055,-0.1379461658043024,169741,170600,,,,,,0.0,0.7612110730260611,0.0,0.7612110730260611,0.7612110730260611,computed,16,True
urban__nairobi__r2c1,urban,nairobi,"Nairobi, Kenya",-1.2864,36.8172,-1.2502373587298494,36.81723031265096,00-15,32737,0.0,4000.0,12.5,0.001,14,20,cuda:0,0.0528945755146262,blurred_observation,12.5,0.0528945755146262,0.0,170636,170636,,,,,,0.0,0.0,0.0,0.0,0.0,computed,17,True
urban__nairobi__r2c1,urban,nairobi,"Nairobi, Kenya",-1.2864,36.8172,-1.2502373587298494,36.81723031265096,00-15,32737,0.0,4000.0,12.5,0.001,14,20,cuda:0,0.0528945755146262,psf_aware_matched,12.5,0.042559715130533,0.1953860161187127,170636,171931,22.0,65536.0,171931.0,1441792.0,0.0001279583088564,0.2749545508995652,0.0403859918005764,1.7642335621640086,0.3153405427001416,2.0795741048641503,computed,17,True
urban__nairobi__r2c1,urban,nairobi,"Nairobi, Kenya",-1.2864,36.8172,-1.2502373587298494,36.81723031265096,00-15,32737,0.0,4000.0,12.5,0.001,14,20,cuda:0,0.0528945755146262,psf_aware_plus50,18.75,0.080911882315352,-0.5296820425939233,170636,174009,48.0,65536.0,174009.0,3145728.0,0.0002758478009758,0.4318332429975271,0.0808934536762535,1.707545984070748,0.5127266966737807,2.2202726807445288,computed,17,True
urban__nairobi__r2c1,urban,nairobi,"Nairobi, Kenya",-1.2864,36.8172,-1.2502373587298494,36.81723031265096,00-15,32737,0.0,4000.0,12.5,0.001,14,20,cuda:0,0.0528945755146262,psf_aware_minus50,6.25,0.0606768727832537,-0.1471284568013124,170242,170242,9.0,65536.0,170242.0,589824.0,5.286592027819222e-05,0.1786360410042107,0.0234543727710843,1.6636345647275448,0.202090413775295,1.86572497850284,computed,17,True
urban__nairobi__r2c1,urban,nairobi,"Nairobi, Kenya",-1.2864,36.8172,-1.2502373587298494,36.81723031265096,00-15,32737,0.0,4000.0,12.5,0.001,14,20,cuda:0,0.0528945755146262,nearest,,0.0634977243594215,-0.2004581517411601,169729,170636,,,,,,0.0,0.329550898168236,0.0,0.329550898168236,0.329550898168236,computed,17,True
urban__nairobi__r2c1,urban,nairobi,"Nairobi, Kenya",-1.2864,36.8172,-1.2502373587298494,36.81723031265096,00-15,32737,0.0,4000.0,12.5,0.001,14,20,cuda:0,0.0528945755146262,bilinear,,0.0659619861024551,-0.2470463267866762,169729,170636,,,,,,0.0,0.3570378678850829,0.0,0.3570378678850829,0.3570378678850829,computed,17,True
urban__nairobi__r2c1,urban,nairobi,"Nairobi, Kenya",-1.2864,36.8172,-1.2502373587298494,36.81723031265096,00-15,32737,0.0,4000.0,12.5,0.001,14,20,cuda:0,0.0528945755146262,bicubic,,0.0601046628903454,-0.1363105253340295,169729,170636,,,,,,0.0,0.7676329361274838,0.0,0.7676329361274838,0.7676329361274838,computed,17,True
urban__nairobi__r2c2,urban,nairobi,"Nairobi, Kenya",-1.2864,36.8172,-1.2502671859665244,36.85315997084865,00-15,32737,4000.0,4000.0,12.5,0.001,14,20,cuda:0,0.0464142670717294,blurred_observation,12.5,0.0464142670717294,0.0,170809,170809,,,,,,0.0,0.0,0.0,0.0,0.0,computed,18,True
urban__nairobi__r2c2,urban,nairobi,"Nairobi, Kenya",-1.2864,36.8172,-1.2502671859665244,36.85315997084865,00-15,32737,4000.0,4000.0,12.5,0.001,14,20,cuda:0,0.0464142670717294,psf_aware_matched,12.5,0.0385187316883937,0.170110095051889,170809,172156,22.0,65536.0,172156.0,1441792.0,0.0001277910732126,0.2743667270988226,0.0402755532413721,1.7298814980313182,0.3146422803401947,2.044523778371513,computed,18,True
urban__nairobi__r2c2,urban,nairobi,"Nairobi, Kenya",-1.2864,36.8172,-1.2502671859665244,36.85315997084865,00-15,32737,4000.0,4000.0,12.5,0.001,14,20,cuda:0,0.0464142670717294,psf_aware_plus50,18.75,0.0702476331610562,-0.5134922426437181,170809,174049,48.0,65536.0,174049.0,3145728.0,0.0002757844055409,0.4303626269102096,0.0804019831120967,1.7064864384010434,0.5107646100223064,2.21725104842335,computed,18,True
urban__nairobi__r2c2,urban,nairobi,"Nairobi, Kenya",-1.2864,36.8172,-1.2502671859665244,36.85315997084865,00-15,32737,4000.0,4000.0,12.5,0.001,14,20,cuda:0,0.0464142670717294,psf_aware_minus50,6.25,0.0528549849049129,-0.1387659062509789,170141,170141,9.0,65536.0,170141.0,589824.0,5.289730282530372e-05,0.1783267352730035,0.0231174249202013,1.7102254200726748,0.2014441601932048,1.91166958026588,computed,18,True
urban__nairobi__r2c2,urban,nairobi,"Nairobi, Kenya",-1.2864,36.8172,-1.2502671859665244,36.85315997084865,00-15,32737,4000.0,4000.0,12.5,0.001,14,20,cuda:0,0.0464142670717294,nearest,,0.0551520453595616,-0.1882563021910626,169694,170809,,,,,,0.0,0.1220714463852346,0.0,0.1220714463852346,0.1220714463852346,computed,18,True
urban__nairobi__r2c2,urban,nairobi,"Nairobi, Kenya",-1.2864,36.8172,-1.2502671859665244,36.85315997084865,00-15,32737,4000.0,4000.0,12.5,0.001,14,20,cuda:0,0.0464142670717294,bilinear,,0.0572292269005486,-0.2330093850691545,169694,170809,,,,,,0.0,0.1091510448604822,0.0,0.1091510448604822,0.1091510448604822,computed,18,True
urban__nairobi__r2c2,urban,nairobi,"Nairobi, Kenya",-1.2864,36.8172,-1.2502671859665244,36.85315997084865,00-15,32737,4000.0,4000.0,12.5,0.001,14,20,cuda:0,0.0464142670717294,bicubic,,0.0525275948500941,-0.131712254960679,169694,170809,,,,,,0.0,0.7642649868503213,0.0,0.7642649868503213,0.7642649868503213,computed,18,True
urban__sao_paulo__r0c0,urban,sao_paulo,"Sao Paulo, Brazil",-23.5505,-46.6333,-23.586199295303587,-46.672933198899024,15-30,32723,-4000.0,-4000.0,12.5,0.001,14,20,cuda:0,0.0877150569908932,blurred_observation,12.5,0.0877150569908932,0.0,170469,170469,,,,,,0.0,0.0,0.0,0.0,0.0,computed,19,True
urban__sao_paulo__r0c0,urban,sao_paulo,"Sao Paulo, Brazil",-23.5505,-46.6333,-23.586199295303587,-46.672933198899024,15-30,32723,-4000.0,-4000.0,12.5,0.001,14,20,cuda:0,0.0877150569908932,psf_aware_matched,12.5,0.0695381753355399,0.2072264703338279,170469,171805,22.0,65536.0,171805.0,1441792.0,0.0001280521521492,0.2721701166592538,0.0402933661825954,2.8206048058345914,0.3124634828418493,3.1330682886764407,computed,19,True
urban__sao_paulo__r0c0,urban,sao_paulo,"Sao Paulo, Brazil",-23.5505,-46.6333,-23.586199295303587,-46.672933198899024,15-30,32723,-4000.0,-4000.0,12.5,0.001,14,20,cuda:0,0.0877150569908932,psf_aware_plus50,18.75,0.1348822037797305,-0.5377314728728302,170469,173799,48.0,65536.0,173799.0,3145728.0,0.0002761811057601,0.4338562251068651,0.0810142429545521,2.86507358122617,0.5148704680614173,3.3799440492875874,computed,19,True
urban__sao_paulo__r0c0,urban,sao_paulo,"Sao Paulo, Brazil",-23.5505,-46.6333,-23.586199295303587,-46.672933198899024,15-30,32723,-4000.0,-4000.0,12.5,0.001,14,20,cuda:0,0.0877150569908932,psf_aware_minus50,6.25,0.1022362726623363,-0.1655498630406253,169949,169949,9.0,65536.0,169949.0,589824.0,5.295706358966514e-05,0.1728494009003043,0.0222732461988925,2.69478730391711,0.1951226470991969,2.889909951016307,computed,19,True
urban__sao_paulo__r0c0,urban,sao_paulo,"Sao Paulo, Brazil",-23.5505,-46.6333,-23.586199295303587,-46.672933198899024,15-30,32723,-4000.0,-4000.0,12.5,0.001,14,20,cuda:0,0.0877150569908932,nearest,,0.1072566108498996,-0.2227844856902414,169473,170469,,,,,,0.0,0.1224044766277074,0.0,0.1224044766277074,0.1224044766277074,computed,19,True
urban__sao_paulo__r0c0,urban,sao_paulo,"Sao Paulo, Brazil",-23.5505,-46.6333,-23.586199295303587,-46.672933198899024,15-30,32723,-4000.0,-4000.0,12.5,0.001,14,20,cuda:0,0.0877150569908932,bilinear,,0.1118475681102608,-0.2751239290863492,169473,170469,,,,,,0.0,0.1078912089578807,0.0,0.1078912089578807,0.1078912089578807,computed,19,True
urban__sao_paulo__r0c0,urban,sao_paulo,"Sao Paulo, Brazil",-23.5505,-46.6333,-23.586199295303587,-46.672933198899024,15-30,32723,-4000.0,-4000.0,12.5,0.001,14,20,cuda:0,0.0877150569908932,bicubic,,0.1003552909361458,-0.1441056345270901,169473,170469,,,,,,0.0,0.7605291209183633,0.0,0.7605291209183633,0.7605291209183633,computed,19,True
urban__sao_paulo__r0c1,urban,sao_paulo,"Sao Paulo, Brazil",-23.5505,-46.6333,-23.58661641824638,-46.63374678250688,15-30,32723,0.0,-4000.0,12.5,0.001,14,20,cuda:0,0.0724796843716702,blurred_observation,12.5,0.0724796843716702,0.0,170476,170476,,,,,,0.0,0.0,0.0,0.0,0.0,computed,20,True
urban__sao_paulo__r0c1,urban,sao_paulo,"Sao Paulo, Brazil",-23.5505,-46.6333,-23.58661641824638,-46.63374678250688,15-30,32723,0.0,-4000.0,12.5,0.001,14,20,cuda:0,0.0724796843716702,psf_aware_matched,12.5,0.0577778900886711,0.2028402084039094,170476,171815,22.0,65536.0,171815.0,1441792.0,0.0001280446992404,0.2729065720923245,0.0402905410155653,2.8216494447551668,0.3131971131078899,3.1348465578630567,computed,20,True
urban__sao_paulo__r0c1,urban,sao_paulo,"Sao Paulo, Brazil",-23.5505,-46.6333,-23.58661641824638,-46.63374678250688,15-30,32723,0.0,-4000.0,12.5,0.001,14,20,cuda:0,0.0724796843716702,psf_aware_plus50,18.75,0.1124173943399866,-0.551019369283106,170476,173808,48.0,65536.0,173808.0,3145728.0,0.00027616680475,0.4400163819082081,0.080634684767574,2.7844771491363645,0.5206510666757822,3.3051282158121467,computed,20,True
urban__sao_paulo__r0c1,urban,sao_paulo,"Sao Paulo, Brazil",-23.5505,-46.6333,-23.58661641824638,-46.63374678250688,15-30,32723,0.0,-4000.0,12.5,0.001,14,20,cuda:0,0.0724796843716702,psf_aware_minus50,6.25,0.0836614838635528,-0.1542749473706752,169949,169949,9.0,65536.0,169949.0,589824.0,5.295706358966514e-05,0.1733626229688525,0.0221782457083463,2.7287827120162547,0.1955408686771989,2.9243235806934536,computed,20,True
urban__sao_paulo__r0c1,urban,sao_paulo,"Sao Paulo, Brazil",-23.5505,-46.6333,-23.58661641824638,-46.63374678250688,15-30,32723,0.0,-4000.0,12.5,0.001,14,20,cuda:0,0.0724796843716702,nearest,,0.0877005373490399,-0.2100016454171946,169484,170476,,,,,,0.0,0.3661057739518583,0.0,0.3661057739518583,0.3661057739518583,computed,20,True
urban__sao_paulo__r0c1,urban,sao_paulo,"Sao Paulo, Brazil",-23.5505,-46.6333,-23.58661641824638,-46.63374678250688,15-30,32723,0.0,-4000.0,12.5,0.001,14,20,cuda:0,0.0724796843716702,bilinear,,0.0913505631674396,-0.2603609405775136,169484,170476,,,,,,0.0,0.1101895021274685,0.0,0.1101895021274685,0.1101895021274685,computed,20,True
urban__sao_paulo__r0c1,urban,sao_paulo,"Sao Paulo, Brazil",-23.5505,-46.6333,-23.58661641824638,-46.63374678250688,15-30,32723,0.0,-4000.0,12.5,0.001,14,20,cuda:0,0.0724796843716702,bicubic,,0.0826699225474175,-0.1405944060613253,169484,170476,,,,,,0.0,0.7668692991137505,0.0,0.7668692991137505,0.7668692991137505,computed,20,True
urban__sao_paulo__r0c2,urban,sao_paulo,"Sao Paulo, Brazil",-23.5505,-46.6333,-23.58702366399111,-46.59455947565485,15-30,32723,4000.0,-4000.0,12.5,0.001,14,20,cuda:0,0.0736566249988059,blurred_observation,12.5,0.0736566249988059,0.0,170487,170487,,,,,,0.0,0.0,0.0,0.0,0.0,computed,21,True
urban__sao_paulo__r0c2,urban,sao_paulo,"Sao Paulo, Brazil",-23.5505,-46.6333,-23.58702366399111,-46.59455947565485,15-30,32723,4000.0,-4000.0,12.5,0.001,14,20,cuda:0,0.0736566249988059,psf_aware_matched,12.5,0.059132422767749,0.1971879953947439,170487,171821,22.0,65536.0,171821.0,1441792.0,0.0001280402279116,0.2816832950338721,0.0404077833518385,2.7501769228838384,0.3220910783857107,3.072268001269549,computed,21,True
urban__sao_paulo__r0c2,urban,sao_paulo,"Sao Paulo, Brazil",-23.5505,-46.6333,-23.58702366399111,-46.59455947565485,15-30,32723,4000.0,-4000.0,12.5,0.001,14,20,cuda:0,0.0736566249988059,psf_aware_plus50,18.75,0.1136774035607718,-0.5433425515032042,170487,173809,48.0,65536.0,173809.0,3145728.0,0.0002761652158403,0.5590650029480457,0.0806543221697211,2.789395954925567,0.6397193251177669,3.4291152800433338,computed,21,True
urban__sao_paulo__r0c2,urban,sao_paulo,"Sao Paulo, Brazil",-23.5505,-46.6333,-23.58702366399111,-46.59455947565485,15-30,32723,4000.0,-4000.0,12.5,0.001,14,20,cuda:0,0.0736566249988059,psf_aware_minus50,6.25,0.0848126911412248,-0.1514604578013141,169956,169956,9.0,65536.0,169956.0,589824.0,5.295488244016098e-05,0.1727958302944898,0.0221400042064487,2.8750104210339487,0.1949358345009386,3.0699462555348878,computed,21,True
urban__sao_paulo__r0c2,urban,sao_paulo,"Sao Paulo, Brazil",-23.5505,-46.6333,-23.58702366399111,-46.59455947565485,15-30,32723,4000.0,-4000.0,12.5,0.001,14,20,cuda:0,0.0736566249988059,nearest,,0.0888215939263824,-0.2058873716766467,169492,170487,,,,,,0.0,0.1222425997257232,0.0,0.1222425997257232,0.1222425997257232,computed,21,True
urban__sao_paulo__r0c2,urban,sao_paulo,"Sao Paulo, Brazil",-23.5505,-46.6333,-23.58702366399111,-46.59455947565485,15-30,32723,4000.0,-4000.0,12.5,0.001,14,20,cuda:0,0.0736566249988059,bilinear,,0.0923896794008074,-0.2543295243612535,169492,170487,,,,,,0.0,0.108724377118051,0.0,0.108724377118051,0.108724377118051,computed,21,True
urban__sao_paulo__r0c2,urban,sao_paulo,"Sao Paulo, Brazil",-23.5505,-46.6333,-23.58702366399111,-46.59455947565485,15-30,32723,4000.0,-4000.0,12.5,0.001,14,20,cuda:0,0.0736566249988059,bicubic,,0.083881948421179,-0.1388242187656425,169492,170487,,,,,,0.0,0.7552599920891225,0.0,0.7552599920891225,0.7552599920891225,computed,21,True
urban__sao_paulo__r1c0,urban,sao_paulo,"Sao Paulo, Brazil",-23.5505,-46.6333,-23.55008359129353,-46.67247571207631,15-30,32723,-4000.0,0.0,12.5,0.001,14,20,cuda:0,0.084598695132512,blurred_observation,12.5,0.084598695132512,0.0,170474,170474,,,,,,0.0,0.0,0.0,0.0,0.0,computed,22,True
urban__sao_paulo__r1c0,urban,sao_paulo,"Sao Paulo, Brazil",-23.5505,-46.6333,-23.55008359129353,-46.67247571207631,15-30,32723,-4000.0,0.0,12.5,0.001,14,20,cuda:0,0.084598695132512,psf_aware_matched,12.5,0.0670043190567811,0.2079745562052904,170474,171816,22.0,65536.0,171816.0,1441792.0,0.0001280439539972,0.2729553338140249,0.0403270898386836,2.797474536113441,0.3132824236527085,3.110756959766149,computed,22,True
urban__sao_paulo__r1c0,urban,sao_paulo,"Sao Paulo, Brazil",-23.5505,-46.6333,-23.55008359129353,-46.67247571207631,15-30,32723,-4000.0,0.0,12.5,0.001,14,20,cuda:0,0.084598695132512,psf_aware_plus50,18.75,0.1294387806850744,-0.5300328271296222,170474,173795,48.0,65536.0,173795.0,3145728.0,0.0002761874622399,0.4390083332546055,0.080722470767796,2.833017034921795,0.5197308040224016,3.3527478389441967,computed,22,True
urban__sao_paulo__r1c0,urban,sao_paulo,"Sao Paulo, Brazil",-23.5505,-46.6333,-23.55008359129353,-46.67247571207631,15-30,32723,-4000.0,0.0,12.5,0.001,14,20,cuda:0,0.084598695132512,psf_aware_minus50,6.25,0.0976217587632803,-0.1539392967039212,169945,169945,9.0,65536.0,169945.0,589824.0,5.295831004148401e-05,0.1743345241993665,0.0222796886228024,2.7731058709323406,0.196614212822169,2.9697200837545097,computed,22,True
urban__sao_paulo__r1c0,urban,sao_paulo,"Sao Paulo, Brazil",-23.5505,-46.6333,-23.55008359129353,-46.67247571207631,15-30,32723,-4000.0,0.0,12.5,0.001,14,20,cuda:0,0.084598695132512,nearest,,0.1023873449474061,-0.2102709715206683,169487,170474,,,,,,0.0,0.121823376044631,0.0,0.121823376044631,0.121823376044631,computed,22,True
urban__sao_paulo__r1c0,urban,sao_paulo,"Sao Paulo, Brazil",-23.5505,-46.6333,-23.55008359129353,-46.67247571207631,15-30,32723,-4000.0,0.0,12.5,0.001,14,20,cuda:0,0.084598695132512,bilinear,,0.1066630061478872,-0.2608114815578954,169487,170474,,,,,,0.0,0.1080238199792802,0.0,0.1080238199792802,0.1080238199792802,computed,22,True
urban__sao_paulo__r1c0,urban,sao_paulo,"Sao Paulo, Brazil",-23.5505,-46.6333,-23.55008359129353,-46.67247571207631,15-30,32723,-4000.0,0.0,12.5,0.001,14,20,cuda:0,0.084598695132512,bicubic,,0.0963103401157031,-0.1384376551535044,169487,170474,,,,,,0.0,0.7688167267479002,0.0,0.7688167267479002,0.7688167267479002,computed,22,True
urban__sao_paulo__r1c1,urban,sao_paulo,"Sao Paulo, Brazil",-23.5505,-46.6333,-23.5505,-46.6333,15-30,32723,0.0,0.0,12.5,0.001,14,20,cuda:0,0.0734327111451593,blurred_observation,12.5,0.0734327111451593,0.0,170492,170492,,,,,,0.0,0.0,0.0,0.0,0.0,computed,23,True
urban__sao_paulo__r1c1,urban,sao_paulo,"Sao Paulo, Brazil",-23.5505,-46.6333,-23.5505,-46.6333,15-30,32723,0.0,0.0,12.5,0.001,14,20,cuda:0,0.0734327111451593,psf_aware_matched,12.5,0.0583746128593016,0.2050598166815783,170492,171823,22.0,65536.0,171823.0,1441792.0,0.000128038737538,0.2744215209968388,0.0406057992950081,2.8567224140278995,0.315027320291847,3.1717497343197465,computed,23,True
urban__sao_paulo__r1c1,urban,sao_paulo,"Sao Paulo, Brazil",-23.5505,-46.6333,-23.5505,-46.6333,15-30,32723,0.0,0.0,12.5,0.001,14,20,cuda:0,0.0734327111451593,psf_aware_plus50,18.75,0.114613506032772,-0.5607963296657785,170492,173807,48.0,65536.0,173807.0,3145728.0,0.000276168393678,0.4502304270863533,0.0809712721966207,2.8169596809893847,0.531201699282974,3.3481613802723587,computed,23,True
urban__sao_paulo__r1c1,urban,sao_paulo,"Sao Paulo, Brazil",-23.5505,-46.6333,-23.5505,-46.6333,15-30,32723,0.0,0.0,12.5,0.001,14,20,cuda:0,0.0734327111451593,psf_aware_minus50,6.25,0.0851050397210672,-0.1589527118620797,169950,169950,9.0,65536.0,169950.0,589824.0,5.29567519858782e-05,0.2734902468509972,0.0232767169363796,2.787770366296172,0.2967669637873769,3.084537330083549,computed,23,True
urban__sao_paulo__r1c1,urban,sao_paulo,"Sao Paulo, Brazil",-23.5505,-46.6333,-23.5505,-46.6333,15-30,32723,0.0,0.0,12.5,0.001,14,20,cuda:0,0.0734327111451593,nearest,,0.0891591551477415,-0.2141612880327223,169497,170492,,,,,,0.0,0.1330934730358421,0.0,0.1330934730358421,0.1330934730358421,computed,23,True
urban__sao_paulo__r1c1,urban,sao_paulo,"Sao Paulo, Brazil",-23.5505,-46.6333,-23.5505,-46.6333,15-30,32723,0.0,0.0,12.5,0.001,14,20,cuda:0,0.0734327111451593,bilinear,,0.0928677839510396,-0.2646650587019947,169497,170492,,,,,,0.0,0.1087786704301834,0.0,0.1087786704301834,0.1087786704301834,computed,23,True
urban__sao_paulo__r1c1,urban,sao_paulo,"Sao Paulo, Brazil",-23.5505,-46.6333,-23.5505,-46.6333,15-30,32723,0.0,0.0,12.5,0.001,14,20,cuda:0,0.0734327111451593,bicubic,,0.0838982056164132,-0.142518154485213,169497,170492,,,,,,0.0,0.7659191899001598,0.0,0.7659191899001598,0.7659191899001598,computed,23,True
urban__sao_paulo__r1c2,urban,sao_paulo,"Sao Paulo, Brazil",-23.5505,-46.6333,-23.550906548416812,-46.594123398542685,15-30,32723,4000.0,0.0,12.5,0.001,14,20,cuda:0,0.0737059314681808,blurred_observation,12.5,0.0737059314681808,0.0,170486,170486,,,,,,0.0,0.0,0.0,0.0,0.0,computed,24,True
urban__sao_paulo__r1c2,urban,sao_paulo,"Sao Paulo, Brazil",-23.5505,-46.6333,-23.550906548416812,-46.594123398542685,15-30,32723,4000.0,0.0,12.5,0.001,14,20,cuda:0,0.0737059314681808,psf_aware_matched,12.5,0.058574069293154,0.2053004673247942,170486,171818,22.0,65536.0,171818.0,1441792.0,0.0001280424635369,0.2780974428169429,0.0403810022398829,2.747802014928311,0.3184784450568259,3.066280459985137,computed,24,True
urban__sao_paulo__r1c2,urban,sao_paulo,"Sao Paulo, Brazil",-23.5505,-46.6333,-23.550906548416812,-46.594123398542685,15-30,32723,4000.0,0.0,12.5,0.001,14,20,cuda:0,0.0737059314681808,psf_aware_plus50,18.75,0.1134042991477239,-0.5386047891773957,170486,173808,48.0,65536.0,173808.0,3145728.0,0.00027616680475,0.48066714592278,0.0807123621925711,2.8270164490677416,0.5613795081153512,3.388395957183093,computed,24,True
urban__sao_paulo__r1c2,urban,sao_paulo,"Sao Paulo, Brazil",-23.5505,-46.6333,-23.550906548416812,-46.594123398542685,15-30,32723,4000.0,0.0,12.5,0.001,14,20,cuda:0,0.0737059314681808,psf_aware_minus50,6.25,0.0844492384559631,-0.1457590559373136,169957,169957,9.0,65536.0,169957.0,589824.0,5.295457086204157e-05,0.1745872432366013,0.0224268068559467,2.784020252991468,0.1970140500925481,2.981034303084016,computed,24,True
urban__sao_paulo__r1c2,urban,sao_paulo,"Sao Paulo, Brazil",-23.5505,-46.6333,-23.550906548416812,-46.594123398542685,15-30,32723,4000.0,0.0,12.5,0.001,14,20,cuda:0,0.0737059314681808,nearest,,0.0885334170660573,-0.2011708596923114,169494,170486,,,,,,0.0,0.1227750186808407,0.0,0.1227750186808407,0.1227750186808407,computed,24,True
urban__sao_paulo__r1c2,urban,sao_paulo,"Sao Paulo, Brazil",-23.5505,-46.6333,-23.550906548416812,-46.594123398542685,15-30,32723,4000.0,0.0,12.5,0.001,14,20,cuda:0,0.0737059314681808,bilinear,,0.0921722212866958,-0.2505400779920543,169494,170486,,,,,,0.0,0.1083252411335706,0.0,0.1083252411335706,0.1083252411335706,computed,24,True
urban__sao_paulo__r1c2,urban,sao_paulo,"Sao Paulo, Brazil",-23.5505,-46.6333,-23.550906548416812,-46.594123398542685,15-30,32723,4000.0,0.0,12.5,0.001,14,20,cuda:0,0.0737059314681808,bicubic,,0.0836737331782055,-0.135237443058811,169494,170486,,,,,,0.0,0.7721227202564478,0.0,0.7721227202564478,0.7721227202564478,computed,24,True
urban__sao_paulo__r2c0,urban,sao_paulo,"Sao Paulo, Brazil",-23.5505,-46.6333,-23.513967711274557,-46.67201913593362,15-30,32723,-4000.0,4000.0,12.5,0.001,14,20,cuda:0,0.0813934615029552,blurred_observation,12.5,0.0813934615029552,0.0,170473,170473,,,,,,0.0,0.0,0.0,0.0,0.0,computed,25,True
urban__sao_paulo__r2c0,urban,sao_paulo,"Sao Paulo, Brazil",-23.5505,-46.6333,-23.513967711274557,-46.67201913593362,15-30,32723,-4000.0,4000.0,12.5,0.001,14,20,cuda:0,0.0813934615029552,psf_aware_matched,12.5,0.0665713054285215,0.1821049971427445,170473,171812,22.0,65536.0,171812.0,1441792.0,0.000128046935022,0.2783576562069356,0.0403175218962132,2.739074415061623,0.3186751781031489,3.057749593164772,computed,25,True
urban__sao_paulo__r2c0,urban,sao_paulo,"Sao Paulo, Brazil",-23.5505,-46.6333,-23.513967711274557,-46.67201913593362,15-30,32723,-4000.0,4000.0,12.5,0.001,14,20,cuda:0,0.0813934615029552,psf_aware_plus50,18.75,0.125435450343128,-0.541099838081879,170473,173800,48.0,65536.0,173800.0,3145728.0,0.0002761795166858,0.4724542498588562,0.0811855271458625,2.815226920414716,0.5536397770047188,3.368866697419435,computed,25,True
urban__sao_paulo__r2c0,urban,sao_paulo,"Sao Paulo, Brazil",-23.5505,-46.6333,-23.513967711274557,-46.67201913593362,15-30,32723,-4000.0,4000.0,12.5,0.001,14,20,cuda:0,0.0813934615029552,psf_aware_minus50,6.25,0.0941399415500602,-0.1566032432057473,169950,169950,9.0,65536.0,169950.0,589824.0,5.29567519858782e-05,0.1745474571362137,0.0222619450651109,2.7564654937013984,0.1968094022013247,2.953274895902723,computed,25,True
urban__sao_paulo__r2c0,urban,sao_paulo,"Sao Paulo, Brazil",-23.5505,-46.6333,-23.513967711274557,-46.67201913593362,15-30,32723,-4000.0,4000.0,12.5,0.001,14,20,cuda:0,0.0813934615029552,nearest,,0.0983481687012624,-0.2083055184683542,169481,170473,,,,,,0.0,0.1591845490038395,0.0,0.1591845490038395,0.1591845490038395,computed,25,True
urban__sao_paulo__r2c0,urban,sao_paulo,"Sao Paulo, Brazil",-23.5505,-46.6333,-23.513967711274557,-46.67201913593362,15-30,32723,-4000.0,4000.0,12.5,0.001,14,20,cuda:0,0.0813934615029552,bilinear,,0.1022102636167317,-0.2557552133720309,169481,170473,,,,,,0.0,0.1083736629225313,0.0,0.1083736629225313,0.1083736629225313,computed,25,True
urban__sao_paulo__r2c0,urban,sao_paulo,"Sao Paulo, Brazil",-23.5505,-46.6333,-23.513967711274557,-46.67201913593362,15-30,32723,-4000.0,4000.0,12.5,0.001,14,20,cuda:0,0.0813934615029552,bicubic,,0.0928641113011637,-0.1409283938340924,169481,170473,,,,,,0.0,0.7717418079264462,0.0,0.7717418079264462,0.7717418079264462,computed,25,True
urban__sao_paulo__r2c1,urban,sao_paulo,"Sao Paulo, Brazil",-23.5505,-46.6333,-23.51438340612312,-46.63285410687462,15-30,32723,0.0,4000.0,12.5,0.001,14,20,cuda:0,0.0667344174672773,blurred_observation,12.5,0.0667344174672773,0.0,170491,170491,,,,,,0.0,0.0,0.0,0.0,0.0,computed,26,True
urban__sao_paulo__r2c1,urban,sao_paulo,"Sao Paulo, Brazil",-23.5505,-46.6333,-23.51438340612312,-46.63285410687462,15-30,32723,0.0,4000.0,12.5,0.001,14,20,cuda:0,0.0667344174672773,psf_aware_matched,12.5,0.0535136413958276,0.198110309090993,170491,171822,22.0,65536.0,171822.0,1441792.0,0.0001280394827204,0.277317957021296,0.0404084138572216,2.8325554002076387,0.3177263708785176,3.1502817710861564,computed,26,True
urban__sao_paulo__r2c1,urban,sao_paulo,"Sao Paulo, Brazil",-23.5505,-46.6333,-23.51438340612312,-46.63285410687462,15-30,32723,0.0,4000.0,12.5,0.001,14,20,cuda:0,0.0667344174672773,psf_aware_plus50,18.75,0.1044176270552427,-0.5646742867942613,170491,173811,48.0,65536.0,173811.0,3145728.0,0.0002761620380758,0.5009169392287731,0.0807181219570338,2.7779501671902835,0.581635061185807,3.3595852283760905,computed,26,True
urban__sao_paulo__r2c1,urban,sao_paulo,"Sao Paulo, Brazil",-23.5505,-46.6333,-23.51438340612312,-46.63285410687462,15-30,32723,0.0,4000.0,12.5,0.001,14,20,cuda:0,0.0667344174672773,psf_aware_minus50,6.25,0.0774869830717101,-0.1611247391153925,169951,169951,9.0,65536.0,169951.0,589824.0,5.295644038575825e-05,0.1766406311653554,0.023450406268239,2.76640006992966,0.2000910374335944,2.966491107363254,computed,26,True
urban__sao_paulo__r2c1,urban,sao_paulo,"Sao Paulo, Brazil",-23.5505,-46.6333,-23.51438340612312,-46.63285410687462,15-30,32723,0.0,4000.0,12.5,0.001,14,20,cuda:0,0.0667344174672773,nearest,,0.0810794845393718,-0.2149575528868361,169489,170491,,,,,,0.0,0.144103015307337,0.0,0.144103015307337,0.144103015307337,computed,26,True
urban__sao_paulo__r2c1,urban,sao_paulo,"Sao Paulo, Brazil",-23.5505,-46.6333,-23.51438340612312,-46.63285410687462,15-30,32723,0.0,4000.0,12.5,0.001,14,20,cuda:0,0.0667344174672773,bilinear,,0.0844311841368591,-0.2651820056458751,169489,170491,,,,,,0.0,0.1084948009811341,0.0,0.1084948009811341,0.1084948009811341,computed,26,True
urban__sao_paulo__r2c1,urban,sao_paulo,"Sao Paulo, Brazil",-23.5505,-46.6333,-23.51438340612312,-46.63285410687462,15-30,32723,0.0,4000.0,12.5,0.001,14,20,cuda:0,0.0667344174672773,bicubic,,0.0763826836172566,-0.1445770640720765,169489,170491,,,,,,0.0,0.7674698969349265,0.0,0.7674698969349265,0.7674698969349265,computed,26,True
urban__sao_paulo__r2c2,urban,sao_paulo,"Sao Paulo, Brazil",-23.5505,-46.6333,-23.51478925758149,-46.59368818951062,15-30,32723,4000.0,4000.0,12.5,0.001,14,20,cuda:0,0.0758401235982011,blurred_observation,12.5,0.0758401235982011,0.0,170486,170486,,,,,,0.0,0.0,0.0,0.0,0.0,computed,27,True
urban__sao_paulo__r2c2,urban,sao_paulo,"Sao Paulo, Brazil",-23.5505,-46.6333,-23.51478925758149,-46.59368818951062,15-30,32723,4000.0,4000.0,12.5,0.001,14,20,cuda:0,0.0758401235982011,psf_aware_matched,12.5,0.0600904715573975,0.2076691241201661,170486,171832,22.0,65536.0,171832.0,1441792.0,0.0001280320312863,0.2799913906492293,0.0402959720231592,2.913694088812917,0.3202873626723885,3.233981451485306,computed,27,True
urban__sao_paulo__r2c2,urban,sao_paulo,"Sao Paulo, Brazil",-23.5505,-46.6333,-23.51478925758149,-46.59368818951062,15-30,32723,4000.0,4000.0,12.5,0.001,14,20,cuda:0,0.0758401235982011,psf_aware_plus50,18.75,0.1165464875097329,-0.5367391557428489,170486,173808,48.0,65536.0,173808.0,3145728.0,0.00027616680475,0.4375708196312189,0.080830936320126,2.84533722884953,0.518401755951345,3.363738984800875,computed,27,True
urban__sao_paulo__r2c2,urban,sao_paulo,"Sao Paulo, Brazil",-23.5505,-46.6333,-23.51478925758149,-46.59368818951062,15-30,32723,4000.0,4000.0,12.5,0.001,14,20,cuda:0,0.0758401235982011,psf_aware_minus50,6.25,0.0868096003781747,-0.1446394897520158,169954,169954,9.0,65536.0,169954.0,589824.0,5.295550560739965e-05,0.1935451286844909,0.0222949273884296,2.775772492401302,0.2158400560729205,2.9916125484742224,computed,27,True
urban__sao_paulo__r2c2,urban,sao_paulo,"Sao Paulo, Brazil",-23.5505,-46.6333,-23.51478925758149,-46.59368818951062,15-30,32723,4000.0,4000.0,12.5,0.001,14,20,cuda:0,0.0758401235982011,nearest,,0.0909320739327077,-0.1989969111134799,169502,170486,,,,,,0.0,0.1329866098240018,0.0,0.1329866098240018,0.1329866098240018,computed,27,True
urban__sao_paulo__r2c2,urban,sao_paulo,"Sao Paulo, Brazil",-23.5505,-46.6333,-23.51478925758149,-46.59368818951062,15-30,32723,4000.0,4000.0,12.5,0.001,14,20,cuda:0,0.0758401235982011,bilinear,,0.094660418900985,-0.2481574977711438,169502,170486,,,,,,0.0,0.1088488921523094,0.0,0.1088488921523094,0.1088488921523094,computed,27,True
urban__sao_paulo__r2c2,urban,sao_paulo,"Sao Paulo, Brazil",-23.5505,-46.6333,-23.51478925758149,-46.59368818951062,15-30,32723,4000.0,4000.0,12.5,0.001,14,20,cuda:0,0.0758401235982011,bicubic,,0.0860250506860695,-0.1342947058186223,169502,170486,,,,,,0.0,0.7678607180714607,0.0,0.7678607180714607,0.7678607180714607,computed,27,True
urban__cape_town__r0c0,urban,cape_town,"Cape Town, South Africa",-33.9249,18.4241,-33.960025727460355,18.379763738660497,30-45,32734,-4000.0,-4000.0,12.5,0.001,14,20,cuda:0,0.0470379643324643,blurred_observation,12.5,0.0470379643324643,0.0,170008,170008,,,,,,0.0,0.0,0.0,0.0,0.0,computed,28,True
urban__cape_town__r0c0,urban,cape_town,"Cape Town, South Africa",-33.9249,18.4241,-33.960025727460355,18.379763738660497,30-45,32734,-4000.0,-4000.0,12.5,0.001,14,20,cuda:0,0.0470379643324643,psf_aware_matched,12.5,0.0370202846361323,0.2129700942312703,170008,171340,22.0,65536.0,171340.0,1441792.0,0.0001283996731644,0.2747050579637289,0.0403296151198446,1.7096386891789734,0.3150346730835736,2.024673362262547,computed,28,True
urban__cape_town__r0c0,urban,cape_town,"Cape Town, South Africa",-33.9249,18.4241,-33.960025727460355,18.379763738660497,30-45,32734,-4000.0,-4000.0,12.5,0.001,14,20,cuda:0,0.0470379643324643,psf_aware_plus50,18.75,0.0750126289876577,-0.5947252406049806,170008,173322,48.0,65536.0,173322.0,3145728.0,0.0002769411846159,0.4865478225983679,0.080874728038907,1.690828660968691,0.567422550637275,2.258251211605966,computed,28,True
urban__cape_town__r0c0,urban,cape_town,"Cape Town, South Africa",-33.9249,18.4241,-33.960025727460355,18.379763738660497,30-45,32734,-4000.0,-4000.0,12.5,0.001,14,20,cuda:0,0.0470379643324643,psf_aware_minus50,6.25,0.0541552583065009,-0.1513095661141188,169493,169493,9.0,65536.0,169493.0,589824.0,5.309953803401911e-05,0.1785101918503642,0.0223534177057445,1.7139783976599574,0.2008636095561087,1.914842007216066,computed,28,True
urban__cape_town__r0c0,urban,cape_town,"Cape Town, South Africa",-33.9249,18.4241,-33.960025727460355,18.379763738660497,30-45,32734,-4000.0,-4000.0,12.5,0.001,14,20,cuda:0,0.0470379643324643,nearest,,0.0568758499111686,-0.2091477749583312,169024,170008,,,,,,0.0,0.1312011377885937,0.0,0.1312011377885937,0.1312011377885937,computed,28,True
urban__cape_town__r0c0,urban,cape_town,"Cape Town, South Africa",-33.9249,18.4241,-33.960025727460355,18.379763738660497,30-45,32734,-4000.0,-4000.0,12.5,0.001,14,20,cuda:0,0.0470379643324643,bilinear,,0.0592914699657224,-0.2605024644912417,169024,170008,,,,,,0.0,0.1081044627353549,0.0,0.1081044627353549,0.1081044627353549,computed,28,True
urban__cape_town__r0c0,urban,cape_town,"Cape Town, South Africa",-33.9249,18.4241,-33.960025727460355,18.379763738660497,30-45,32734,-4000.0,-4000.0,12.5,0.001,14,20,cuda:0,0.0470379643324643,bicubic,,0.0537945093734384,-0.1436402518021142,169024,170008,,,,,,0.0,0.7718596211634576,0.0,0.7718596211634576,0.7718596211634576,computed,28,True
urban__cape_town__r0c1,urban,cape_town,"Cape Town, South Africa",-33.9249,18.4241,-33.9609394320875,18.423013535287144,30-45,32734,0.0,-4000.0,12.5,0.001,14,20,cuda:0,0.0268597140394641,blurred_observation,12.5,0.0268597140394641,0.0,170012,170012,,,,,,0.0,0.0,0.0,0.0,0.0,computed,29,True
urban__cape_town__r0c1,urban,cape_town,"Cape Town, South Africa",-33.9249,18.4241,-33.9609394320875,18.423013535287144,30-45,32734,0.0,-4000.0,12.5,0.001,14,20,cuda:0,0.0268597140394641,psf_aware_matched,12.5,0.0221683619963974,0.1746612803164573,170012,171353,22.0,65536.0,171353.0,1441792.0,0.0001283899318949,0.2736065280623734,0.0407769628800451,1.658934613224119,0.3143834909424186,1.9733181041665373,computed,29,True
urban__cape_town__r0c1,urban,cape_town,"Cape Town, South Africa",-33.9249,18.4241,-33.9609394320875,18.423013535287144,30-45,32734,0.0,-4000.0,12.5,0.001,14,20,cuda:0,0.0268597140394641,psf_aware_plus50,18.75,0.0398330378231214,-0.4830030492728263,170012,173332,48.0,65536.0,173332.0,3145728.0,0.0002769252071169,0.4295151019468903,0.0803696331568062,1.6936741610988977,0.5098847351036966,2.203558896202594,computed,29,True
urban__cape_town__r0c1,urban,cape_town,"Cape Town, South Africa",-33.9249,18.4241,-33.9609394320875,18.423013535287144,30-45,32734,0.0,-4000.0,12.5,0.001,14,20,cuda:0,0.0268597140394641,psf_aware_minus50,6.25,0.0307008740894652,-0.143008225789649,169488,169488,9.0,65536.0,169488.0,589824.0,5.310110450297366e-05,0.1765979412011802,0.0222879028879106,1.6318896901793778,0.1988858440890908,1.8307755342684688,computed,29,True
urban__cape_town__r0c1,urban,cape_town,"Cape Town, South Africa",-33.9249,18.4241,-33.9609394320875,18.423013535287144,30-45,32734,0.0,-4000.0,12.5,0.001,14,20,cuda:0,0.0268597140394641,nearest,,0.0319172952265707,-0.188296166507047,169031,170012,,,,,,0.0,0.1220082771033048,0.0,0.1220082771033048,0.1220082771033048,computed,29,True
urban__cape_town__r0c1,urban,cape_town,"Cape Town, South Africa",-33.9249,18.4241,-33.9609394320875,18.423013535287144,30-45,32734,0.0,-4000.0,12.5,0.001,14,20,cuda:0,0.0268597140394641,bilinear,,0.0330487662958832,-0.2304213755710795,169031,170012,,,,,,0.0,0.1095689861103892,0.0,0.1095689861103892,0.1095689861103892,computed,29,True
urban__cape_town__r0c1,urban,cape_town,"Cape Town, South Africa",-33.9249,18.4241,-33.9609394320875,18.423013535287144,30-45,32734,0.0,-4000.0,12.5,0.001,14,20,cuda:0,0.0268597140394641,bicubic,,0.0302088716132108,-0.1246907382865611,169031,170012,,,,,,0.0,0.7597622689791024,0.0,0.7597622689791024,0.7597622689791024,computed,29,True
urban__cape_town__r0c2,urban,cape_town,"Cape Town, South Africa",-33.9249,18.4241,-33.96183796023641,18.466265264593428,30-45,32734,4000.0,-4000.0,12.5,0.001,14,20,cuda:0,0.0576788426647663,blurred_observation,12.5,0.0576788426647663,0.0,170022,170022,,,,,,0.0,0.0,0.0,0.0,0.0,computed,30,True
urban__cape_town__r0c2,urban,cape_town,"Cape Town, South Africa",-33.9249,18.4241,-33.96183796023641,18.466265264593428,30-45,32734,4000.0,-4000.0,12.5,0.001,14,20,cuda:0,0.0576788426647663,psf_aware_matched,12.5,0.0463104485234339,0.1970981666086183,170022,171361,22.0,65536.0,171361.0,1441792.0,0.0001283839380022,0.3024532939307391,0.0404574070125818,1.6609544092789292,0.342910700943321,2.0038651102222502,computed,30,True
urban__cape_town__r0c2,urban,cape_town,"Cape Town, South Africa",-33.9249,18.4241,-33.96183796023641,18.466265264593428,30-45,32734,4000.0,-4000.0,12.5,0.001,14,20,cuda:0,0.0576788426647663,psf_aware_plus50,18.75,0.0903734849541813,-0.5668394298311186,170022,173344,48.0,65536.0,173344.0,3145728.0,0.0002769060365515,0.4314703461714089,0.0807110089808702,1.6724594100378454,0.5121813551522791,2.1846407651901245,computed,30,True
urban__cape_town__r0c2,urban,cape_town,"Cape Town, South Africa",-33.9249,18.4241,-33.96183796023641,18.466265264593428,30-45,32734,4000.0,-4000.0,12.5,0.001,14,20,cuda:0,0.0576788426647663,psf_aware_minus50,6.25,0.0664522925640859,-0.1521086328016592,169478,169478,9.0,65536.0,169478.0,589824.0,5.310423771816991e-05,0.1738002323545515,0.0222619953565299,1.626013751141727,0.1960622277110815,1.8220759788528085,computed,30,True
urban__cape_town__r0c2,urban,cape_town,"Cape Town, South Africa",-33.9249,18.4241,-33.96183796023641,18.466265264593428,30-45,32734,4000.0,-4000.0,12.5,0.001,14,20,cuda:0,0.0576788426647663,nearest,,0.0695836984894066,-0.2063990065444296,169033,170022,,,,,,0.0,0.1204729489982128,0.0,0.1204729489982128,0.1204729489982128,computed,30,True
urban__cape_town__r0c2,urban,cape_town,"Cape Town, South Africa",-33.9249,18.4241,-33.96183796023641,18.466265264593428,30-45,32734,4000.0,-4000.0,12.5,0.001,14,20,cuda:0,0.0576788426647663,bilinear,,0.0724789821871029,-0.2565956395546296,169033,170022,,,,,,0.0,0.108226453885436,0.0,0.108226453885436,0.108226453885436,computed,30,True
urban__cape_town__r0c2,urban,cape_town,"Cape Town, South Africa",-33.9249,18.4241,-33.96183796023641,18.466265264593428,30-45,32734,4000.0,-4000.0,12.5,0.001,14,20,cuda:0,0.0576788426647663,bicubic,,0.0658531336029398,-0.1417207863493905,169033,170022,,,,,,0.0,0.7583027742803097,0.0,0.7583027742803097,0.7583027742803097,computed,30,True
urban__cape_town__r1c0,urban,cape_town,"Cape Town, South Africa",-33.9249,18.4241,-33.923987528109855,18.38086838718791,30-45,32734,-4000.0,0.0,12.5,0.001,14,20,cuda:0,0.0540276930845306,blurred_observation,12.5,0.0540276930845306,0.0,170012,170012,,,,,,0.0,0.0,0.0,0.0,0.0,computed,31,True
urban__cape_town__r1c0,urban,cape_town,"Cape Town, South Africa",-33.9249,18.4241,-33.923987528109855,18.38086838718791,30-45,32734,-4000.0,0.0,12.5,0.001,14,20,cuda:0,0.0540276930845306,psf_aware_matched,12.5,0.0414636915923495,0.2325474358589351,170012,171351,22.0,65536.0,171351.0,1441792.0,0.0001283914304556,0.2728398749604821,0.0403789789415895,1.670831826981157,0.3132188539020717,1.9840506808832288,computed,31,True
urban__cape_town__r1c0,urban,cape_town,"Cape Town, South Africa",-33.9249,18.4241,-33.923987528109855,18.38086838718791,30-45,32734,-4000.0,0.0,12.5,0.001,14,20,cuda:0,0.0540276930845306,psf_aware_plus50,18.75,0.0851794114771083,-0.5765879794985567,170012,173328,48.0,65536.0,173328.0,3145728.0,0.0002769315978953,0.4305485500954091,0.0807120399549603,1.665097075048834,0.5112605900503695,2.176357665099204,computed,31,True
urban__cape_town__r1c0,urban,cape_town,"Cape Town, South Africa",-33.9249,18.4241,-33.923987528109855,18.38086838718791,30-45,32734,-4000.0,0.0,12.5,0.001,14,20,cuda:0,0.0540276930845306,psf_aware_minus50,6.25,0.0620976283424831,-0.1493666450893334,169465,169465,9.0,65536.0,169465.0,589824.0,5.310831145074204e-05,0.1836627419106662,0.0223139133304357,1.6207896759733558,0.2059766552411019,1.8267663312144575,computed,31,True
urban__cape_town__r1c0,urban,cape_town,"Cape Town, South Africa",-33.9249,18.4241,-33.923987528109855,18.38086838718791,30-45,32734,-4000.0,0.0,12.5,0.001,14,20,cuda:0,0.0540276930845306,nearest,,0.0653652917033876,-0.209847912645805,169021,170012,,,,,,0.0,0.1213657888583839,0.0,0.1213657888583839,0.1213657888583839,computed,31,True
urban__cape_town__r1c0,urban,cape_town,"Cape Town, South Africa",-33.9249,18.4241,-33.923987528109855,18.38086838718791,30-45,32734,-4000.0,0.0,12.5,0.001,14,20,cuda:0,0.0540276930845306,bilinear,,0.06826215148048,-0.2634659668640371,169021,170012,,,,,,0.0,0.1091718440875411,0.0,0.1091718440875411,0.1091718440875411,computed,31,True
urban__cape_town__r1c0,urban,cape_town,"Cape Town, South Africa",-33.9249,18.4241,-33.923987528109855,18.38086838718791,30-45,32734,-4000.0,0.0,12.5,0.001,14,20,cuda:0,0.0540276930845306,bicubic,,0.0615050754383986,-0.1383990677182722,169021,170012,,,,,,0.0,0.7658200017176569,0.0,0.7658200017176569,0.7658200017176569,computed,31,True
urban__cape_town__r1c1,urban,cape_town,"Cape Town, South Africa",-33.9249,18.4241,-33.924899999999994,18.4241,30-45,32734,0.0,0.0,12.5,0.001,14,20,cuda:0,0.0699518198356711,blurred_observation,12.5,0.0699518198356711,0.0,170020,170020,,,,,,0.0,0.0,0.0,0.0,0.0,computed,32,True
urban__cape_town__r1c1,urban,cape_town,"Cape Town, South Africa",-33.9249,18.4241,-33.924899999999994,18.4241,30-45,32734,0.0,0.0,12.5,0.001,14,20,cuda:0,0.0699518198356711,psf_aware_matched,12.5,0.0526663923633931,0.2471047574299624,170020,171355,22.0,65536.0,171355.0,1441792.0,0.0001283884333693,0.2783256359398365,0.0404282831586897,1.70146764209494,0.3187539190985262,2.020221561193466,computed,32,True
urban__cape_town__r1c1,urban,cape_town,"Cape Town, South Africa",-33.9249,18.4241,-33.924899999999994,18.4241,30-45,32734,0.0,0.0,12.5,0.001,14,20,cuda:0,0.0699518198356711,psf_aware_plus50,18.75,0.1103790525381177,-0.5779296778470837,170020,173338,48.0,65536.0,173338.0,3145728.0,0.0002769156215024,0.4372476269491017,0.080794105771929,1.702462166082114,0.5180417327210307,2.2205038988031447,computed,32,True
urban__cape_town__r1c1,urban,cape_town,"Cape Town, South Africa",-33.9249,18.4241,-33.924899999999994,18.4241,30-45,32734,0.0,0.0,12.5,0.001,14,20,cuda:0,0.0699518198356711,psf_aware_minus50,6.25,0.0812498099368961,-0.1615110246990847,169466,169466,9.0,65536.0,169466.0,589824.0,5.310799806450851e-05,0.1792620071209967,0.0231892811134457,1.6329633928835392,0.2024512882344424,1.8354146811179817,computed,32,True
urban__cape_town__r1c1,urban,cape_town,"Cape Town, South Africa",-33.9249,18.4241,-33.924899999999994,18.4241,30-45,32734,0.0,0.0,12.5,0.001,14,20,cuda:0,0.0699518198356711,nearest,,0.0854448473773728,-0.2214814078904243,169026,170020,,,,,,0.0,0.14719990035519,0.0,0.14719990035519,0.14719990035519,computed,32,True
urban__cape_town__r1c1,urban,cape_town,"Cape Town, South Africa",-33.9249,18.4241,-33.924899999999994,18.4241,30-45,32734,0.0,0.0,12.5,0.001,14,20,cuda:0,0.0699518198356711,bilinear,,0.0891716640374118,-0.274758315750633,169026,170020,,,,,,0.0,0.1086675887927413,0.0,0.1086675887927413,0.1086675887927413,computed,32,True
urban__cape_town__r1c1,urban,cape_town,"Cape Town, South Africa",-33.9249,18.4241,-33.924899999999994,18.4241,30-45,32734,0.0,0.0,12.5,0.001,14,20,cuda:0,0.0699518198356711,bicubic,,0.0799461726736268,-0.1428748081384336,169026,170020,,,,,,0.0,0.7614304078742862,0.0,0.7614304078742862,0.7614304078742862,computed,32,True
urban__cape_town__r1c2,urban,cape_town,"Cape Town, South Africa",-33.9249,18.4241,-33.9257973158621,18.46733354220432,30-45,32734,4000.0,0.0,12.5,0.001,14,20,cuda:0,0.0675211816732655,blurred_observation,12.5,0.0675211816732655,0.0,170033,170033,,,,,,0.0,0.0,0.0,0.0,0.0,computed,33,True
urban__cape_town__r1c2,urban,cape_town,"Cape Town, South Africa",-33.9249,18.4241,-33.9257973158621,18.46733354220432,30-45,32734,4000.0,0.0,12.5,0.001,14,20,cuda:0,0.0675211816732655,psf_aware_matched,12.5,0.0540997745749538,0.1987732851486182,170033,171359,22.0,65536.0,171359.0,1441792.0,0.0001283854364229,0.2749399929307401,0.0404601134359836,1.6557184718549252,0.3154001063667238,1.971118578221649,computed,33,True
urban__cape_town__r1c2,urban,cape_town,"Cape Town, South Africa",-33.9249,18.4241,-33.9257973158621,18.46733354220432,30-45,32734,4000.0,0.0,12.5,0.001,14,20,cuda:0,0.0675211816732655,psf_aware_plus50,18.75,0.1049428145324732,-0.5542206450161182,170033,173340,48.0,65536.0,173340.0,3145728.0,0.0002769124264451,0.48050934728235,0.0807925933040678,1.6797839221544564,0.5613019405864179,2.2410858627408743,computed,33,True
urban__cape_town__r1c2,urban,cape_town,"Cape Town, South Africa",-33.9249,18.4241,-33.9257973158621,18.46733354220432,30-45,32734,4000.0,0.0,12.5,0.001,14,20,cuda:0,0.0675211816732655,psf_aware_minus50,6.25,0.0775140490039433,-0.1479960374365672,169484,169484,9.0,65536.0,169484.0,589824.0,5.3102357744683866e-05,0.1875149081461131,0.0236086552031338,1.7190041560679674,0.2111235633492469,1.9301277194172144,computed,33,True
urban__cape_town__r1c2,urban,cape_town,"Cape Town, South Africa",-33.9249,18.4241,-33.9257973158621,18.46733354220432,30-45,32734,4000.0,0.0,12.5,0.001,14,20,cuda:0,0.0675211816732655,nearest,,0.0811732037126992,-0.2021887310191896,169037,170033,,,,,,0.0,0.1202239077538251,0.0,0.1202239077538251,0.1202239077538251,computed,33,True
urban__cape_town__r1c2,urban,cape_town,"Cape Town, South Africa",-33.9249,18.4241,-33.9257973158621,18.46733354220432,30-45,32734,4000.0,0.0,12.5,0.001,14,20,cuda:0,0.0675211816732655,bilinear,,0.084538983351276,-0.2520364907172325,169037,170033,,,,,,0.0,0.1092851087450981,0.0,0.1092851087450981,0.1092851087450981,computed,33,True
urban__cape_town__r1c2,urban,cape_town,"Cape Town, South Africa",-33.9249,18.4241,-33.9257973158621,18.46733354220432,30-45,32734,4000.0,0.0,12.5,0.001,14,20,cuda:0,0.0675211816732655,bicubic,,0.0767848102051194,-0.1371958887905808,169037,170033,,,,,,0.0,0.7686977623961866,0.0,0.7686977623961866,0.7686977623961866,computed,33,True
urban__cape_town__r2c0,urban,cape_town,"Cape Town, South Africa",-33.9249,18.4241,-33.88794908584836,18.38197107409353,30-45,32734,-4000.0,4000.0,12.5,0.001,14,20,cuda:0,0.0005350902373399,blurred_observation,12.5,0.0005350902373399,0.0,170013,170013,,,,,,0.0,0.0,0.0,0.0,0.0,computed,34,True
urban__cape_town__r2c0,urban,cape_town,"Cape Town, South Africa",-33.9249,18.4241,-33.88794908584836,18.38197107409353,30-45,32734,-4000.0,4000.0,12.5,0.001,14,20,cuda:0,0.0005350902373399,psf_aware_matched,12.5,0.0004650686684638,0.1308593653739492,170013,171351,22.0,65536.0,171351.0,1441792.0,0.0001283914304556,0.2730491119436919,0.0402590320445597,1.6585110910236835,0.3133081439882517,1.9718192350119352,computed,34,True
urban__cape_town__r2c0,urban,cape_town,"Cape Town, South Africa",-33.9249,18.4241,-33.88794908584836,18.38197107409353,30-45,32734,-4000.0,4000.0,12.5,0.001,14,20,cuda:0,0.0005350902373399,psf_aware_plus50,18.75,0.0007636438073839,-0.4271308913804523,170013,173324,48.0,65536.0,173324.0,3145728.0,0.0002769379889686,0.4289836059324443,0.0807844782248139,1.6715318718925118,0.5097680841572583,2.18129995604977,computed,34,True
urban__cape_town__r2c0,urban,cape_town,"Cape Town, South Africa",-33.9249,18.4241,-33.88794908584836,18.38197107409353,30-45,32734,-4000.0,4000.0,12.5,0.001,14,20,cuda:0,0.0005350902373399,psf_aware_minus50,6.25,0.0006048637048837,-0.1303957027709217,169482,169482,9.0,65536.0,169482.0,589824.0,5.310298438772259e-05,0.1780546600930392,0.0222448529675602,1.6191723928786814,0.2002995130605995,1.819471905939281,computed,34,True
urban__cape_town__r2c0,urban,cape_town,"Cape Town, South Africa",-33.9249,18.4241,-33.88794908584836,18.38197107409353,30-45,32734,-4000.0,4000.0,12.5,0.001,14,20,cuda:0,0.0005350902373399,nearest,,0.0006208612321506,-0.1602925802517223,169019,170013,,,,,,0.0,0.121293734293431,0.0,0.121293734293431,0.121293734293431,computed,34,True
urban__cape_town__r2c0,urban,cape_town,"Cape Town, South Africa",-33.9249,18.4241,-33.88794908584836,18.38197107409353,30-45,32734,-4000.0,4000.0,12.5,0.001,14,20,cuda:0,0.0005350902373399,bilinear,,0.0006357629085804,-0.188141483838347,169019,170013,,,,,,0.0,0.1076039341278374,0.0,0.1076039341278374,0.1076039341278374,computed,34,True
urban__cape_town__r2c0,urban,cape_town,"Cape Town, South Africa",-33.9249,18.4241,-33.88794908584836,18.38197107409353,30-45,32734,-4000.0,4000.0,12.5,0.001,14,20,cuda:0,0.0005350902373399,bicubic,,0.0005942074961907,-0.1104809146671881,169019,170013,,,,,,0.0,0.7579033370129764,0.0,0.7579033370129764,0.7579033370129764,computed,34,True
urban__cape_town__r2c1,urban,cape_town,"Cape Town, South Africa",-33.9249,18.4241,-33.88886032601885,18.42518453531914,30-45,32734,0.0,4000.0,12.5,0.001,14,20,cuda:0,0.0104772762864078,blurred_observation,12.5,0.0104772762864078,0.0,170020,170020,,,,,,0.0,0.0,0.0,0.0,0.0,computed,35,True
urban__cape_town__r2c1,urban,cape_town,"Cape Town, South Africa",-33.9249,18.4241,-33.88886032601885,18.42518453531914,30-45,32734,0.0,4000.0,12.5,0.001,14,20,cuda:0,0.0104772762864078,psf_aware_matched,12.5,0.0077520844301483,0.2601049911984153,170020,171356,22.0,65536.0,171356.0,1441792.0,0.0001283876841196,0.3016938650980592,0.0405759518034756,1.6614625011570752,0.3422698169015348,2.00373231805861,computed,35,True
urban__cape_town__r2c1,urban,cape_town,"Cape Town, South Africa",-33.9249,18.4241,-33.88886032601885,18.42518453531914,30-45,32734,0.0,4000.0,12.5,0.001,14,20,cuda:0,0.0104772762864078,psf_aware_plus50,18.75,0.0173190832262555,-0.6530138895662696,170020,173336,48.0,65536.0,173336.0,3145728.0,0.0002769188166335,0.4344099932350218,0.080862546339631,1.691238608211279,0.5152725395746529,2.206511147785932,computed,35,True
urban__cape_town__r2c1,urban,cape_town,"Cape Town, South Africa",-33.9249,18.4241,-33.88886032601885,18.42518453531914,30-45,32734,0.0,4000.0,12.5,0.001,14,20,cuda:0,0.0104772762864078,psf_aware_minus50,6.25,0.0124214386309086,-0.1855599004316503,169477,169477,9.0,65536.0,169477.0,589824.0,5.310455106002584e-05,0.176208873745054,0.0223530968651175,1.6405085138976574,0.1985619706101715,1.839070484507829,computed,35,True
urban__cape_town__r2c1,urban,cape_town,"Cape Town, South Africa",-33.9249,18.4241,-33.88886032601885,18.42518453531914,30-45,32734,0.0,4000.0,12.5,0.001,14,20,cuda:0,0.0104772762864078,nearest,,0.0130064692104552,-0.2413979411164848,169027,170020,,,,,,0.0,0.1217101518996059,0.0,0.1217101518996059,0.1217101518996059,computed,35,True
urban__cape_town__r2c1,urban,cape_town,"Cape Town, South Africa",-33.9249,18.4241,-33.88886032601885,18.42518453531914,30-45,32734,0.0,4000.0,12.5,0.001,14,20,cuda:0,0.0104772762864078,bilinear,,0.0136199355527739,-0.2999500233131198,169027,170020,,,,,,0.0,0.1082744337618351,0.0,0.1082744337618351,0.1082744337618351,computed,35,True
urban__cape_town__r2c1,urban,cape_town,"Cape Town, South Africa",-33.9249,18.4241,-33.88886032601885,18.42518453531914,30-45,32734,0.0,4000.0,12.5,0.001,14,20,cuda:0,0.0104772762864078,bicubic,,0.0120270645676994,-0.147919004799188,169027,170020,,,,,,0.0,0.7663785698823631,0.0,0.7663785698823631,0.7663785698823631,computed,35,True
urban__cape_town__r2c2,urban,cape_town,"Cape Town, South Africa",-33.9249,18.4241,-33.88975643059475,18.46839992265851,30-45,32734,4000.0,4000.0,12.5,0.001,14,20,cuda:0,0.0139057234149268,blurred_observation,12.5,0.0139057234149268,0.0,170027,170027,,,,,,0.0,0.0,0.0,0.0,0.0,computed,36,True
urban__cape_town__r2c2,urban,cape_town,"Cape Town, South Africa",-33.9249,18.4241,-33.88975643059475,18.46839992265851,30-45,32734,4000.0,4000.0,12.5,0.001,14,20,cuda:0,0.0139057234149268,psf_aware_matched,12.5,0.0109077228810579,0.2155947191248407,170027,171362,22.0,65536.0,171362.0,1441792.0,0.0001283831888049,0.2761162612587213,0.0403664051555097,1.6590170501731336,0.316482666414231,1.975499716587365,computed,36,True
urban__cape_town__r2c2,urban,cape_town,"Cape Town, South Africa",-33.9249,18.4241,-33.88975643059475,18.46839992265851,30-45,32734,4000.0,4000.0,12.5,0.001,14,20,cuda:0,0.0139057234149268,psf_aware_plus50,18.75,0.0213989539303863,-0.5388594531814148,170027,173346,48.0,65536.0,173346.0,3145728.0,0.0002769028417154,0.4495816887356341,0.0806918330490589,1.690607543103397,0.530273521784693,2.22088106488809,computed,36,True
urban__cape_town__r2c2,urban,cape_town,"Cape Town, South Africa",-33.9249,18.4241,-33.88975643059475,18.46839992265851,30-45,32734,4000.0,4000.0,12.5,0.001,14,20,cuda:0,0.0139057234149268,psf_aware_minus50,6.25,0.0162400837682753,-0.1678704720131816,169489,169489,9.0,65536.0,169489.0,589824.0,5.310079120178891e-05,0.176271703094244,0.0223068399354815,1.7709055691957474,0.1985785430297255,1.969484112225473,computed,36,True
urban__cape_town__r2c2,urban,cape_town,"Cape Town, South Africa",-33.9249,18.4241,-33.88975643059475,18.46839992265851,30-45,32734,4000.0,4000.0,12.5,0.001,14,20,cuda:0,0.0139057234149268,nearest,,0.0169596055598832,-0.2196133242286555,169042,170027,,,,,,0.0,0.1213877112604677,0.0,0.1213877112604677,0.1213877112604677,computed,36,True
urban__cape_town__r2c2,urban,cape_town,"Cape Town, South Africa",-33.9249,18.4241,-33.88975643059475,18.46839992265851,30-45,32734,4000.0,4000.0,12.5,0.001,14,20,cuda:0,0.0139057234149268,bilinear,,0.0175789054340883,-0.2641489341876712,169042,170027,,,,,,0.0,0.1091927029192447,0.0,0.1091927029192447,0.1091927029192447,computed,36,True
urban__cape_town__r2c2,urban,cape_town,"Cape Town, South Africa",-33.9249,18.4241,-33.88975643059475,18.46839992265851,30-45,32734,4000.0,4000.0,12.5,0.001,14,20,cuda:0,0.0139057234149268,bicubic,,0.0157662282503566,-0.1337941781175242,169042,170027,,,,,,0.0,0.7663354789838195,0.0,0.7663354789838195,0.7663354789838195,computed,36,True
urban__sydney__r0c0,urban,sydney,"Sydney, Australia",-33.8688,151.2093,-33.904221970944,151.16530175038037,30-45,32756,-4000.0,-4000.0,12.5,0.001,14,20,cuda:0,0.0824150546048994,blurred_observation,12.5,0.0824150546048994,0.0,170139,170139,,,,,,0.0,0.0,0.0,0.0,0.0,computed,37,True
urban__sydney__r0c0,urban,sydney,"Sydney, Australia",-33.8688,151.2093,-33.904221970944,151.16530175038037,30-45,32756,-4000.0,-4000.0,12.5,0.001,14,20,cuda:0,0.0824150546048994,psf_aware_matched,12.5,0.066565741816853,0.1923108934894063,170139,171472,22.0,65536.0,171472.0,1441792.0,0.0001283008304562,0.2769344509579241,0.0409310651011765,2.521847903262824,0.3178655160591006,2.8397134193219244,computed,37,True
urban__sydney__r0c0,urban,sydney,"Sydney, Australia",-33.8688,151.2093,-33.904221970944,151.16530175038037,30-45,32756,-4000.0,-4000.0,12.5,0.001,14,20,cuda:0,0.0824150546048994,psf_aware_plus50,18.75,0.1249813037496438,-0.5164863306686927,170139,173451,48.0,65536.0,173451.0,3145728.0,0.0002767352162858,0.4364230060018599,0.0809414149262011,2.434139781165868,0.517364420928061,2.951504202093929,computed,37,True
urban__sydney__r0c0,urban,sydney,"Sydney, Australia",-33.8688,151.2093,-33.904221970944,151.16530175038037,30-45,32756,-4000.0,-4000.0,12.5,0.001,14,20,cuda:0,0.0824150546048994,psf_aware_minus50,6.25,0.0942638933926588,-0.1437703201746709,169610,169610,9.0,65536.0,169610.0,589824.0,5.306290902659041e-05,0.1925234841182828,0.0223373780027031,2.397678080946207,0.2148608621209859,2.612538943067193,computed,37,True
urban__sydney__r0c0,urban,sydney,"Sydney, Australia",-33.8688,151.2093,-33.904221970944,151.16530175038037,30-45,32756,-4000.0,-4000.0,12.5,0.001,14,20,cuda:0,0.0824150546048994,nearest,,0.0986241501852465,-0.1966763919292915,169146,170139,,,,,,0.0,0.1316772000864148,0.0,0.1316772000864148,0.1316772000864148,computed,37,True
urban__sydney__r0c0,urban,sydney,"Sydney, Australia",-33.8688,151.2093,-33.904221970944,151.16530175038037,30-45,32756,-4000.0,-4000.0,12.5,0.001,14,20,cuda:0,0.0824150546048994,bilinear,,0.1025847723778969,-0.2447334151471698,169146,170139,,,,,,0.0,0.1096689659170806,0.0,0.1096689659170806,0.1096689659170806,computed,37,True
urban__sydney__r0c0,urban,sydney,"Sydney, Australia",-33.8688,151.2093,-33.904221970944,151.16530175038037,30-45,32756,-4000.0,-4000.0,12.5,0.001,14,20,cuda:0,0.0824150546048994,bicubic,,0.0933452639437476,-0.1326239409929168,169146,170139,,,,,,0.0,0.772735089994967,0.0,0.772735089994967,0.772735089994967,computed,37,True
urban__sydney__r0c1,urban,sydney,"Sydney, Australia",-33.8688,151.2093,-33.904858663668826,151.20854618059698,30-45,32756,0.0,-4000.0,12.5,0.001,14,20,cuda:0,0.0797654763601811,blurred_observation,12.5,0.0797654763601811,0.0,170135,170135,,,,,,0.0,0.0,0.0,0.0,0.0,computed,38,True
urban__sydney__r0c1,urban,sydney,"Sydney, Australia",-33.8688,151.2093,-33.904858663668826,151.20854618059698,30-45,32756,0.0,-4000.0,12.5,0.001,14,20,cuda:0,0.0797654763601811,psf_aware_matched,12.5,0.0635760475201071,0.202962855345721,170135,171480,22.0,65536.0,171480.0,1441792.0,0.0001282948448798,0.2847736580297351,0.0401386227458715,2.412558795884252,0.3249122807756066,2.7374710766598582,computed,38,True
urban__sydney__r0c1,urban,sydney,"Sydney, Australia",-33.8688,151.2093,-33.904858663668826,151.20854618059698,30-45,32756,0.0,-4000.0,12.5,0.001,14,20,cuda:0,0.0797654763601811,psf_aware_plus50,18.75,0.1228210123295819,-0.5397765792181013,170135,173463,48.0,65536.0,173463.0,3145728.0,0.0002767160720153,0.4899642742238939,0.0810520048253238,2.444451332092285,0.5710162790492177,3.015467611141503,computed,38,True
urban__sydney__r0c1,urban,sydney,"Sydney, Australia",-33.8688,151.2093,-33.904858663668826,151.20854618059698,30-45,32756,0.0,-4000.0,12.5,0.001,14,20,cuda:0,0.0797654763601811,psf_aware_minus50,6.25,0.0929830529261448,-0.1657054802290627,169623,169623,9.0,65536.0,169623.0,589824.0,5.305884225606197e-05,0.1738385348580777,0.0225355727598071,2.4168780860491097,0.1963741076178848,2.6132521936669946,computed,38,True
urban__sydney__r0c1,urban,sydney,"Sydney, Australia",-33.8688,151.2093,-33.904858663668826,151.20854618059698,30-45,32756,0.0,-4000.0,12.5,0.001,14,20,cuda:0,0.0797654763601811,nearest,,0.0974315819916052,-0.2214755861502386,169154,170135,,,,,,0.0,0.1204202091321349,0.0,0.1204202091321349,0.1204202091321349,computed,38,True
urban__sydney__r0c1,urban,sydney,"Sydney, Australia",-33.8688,151.2093,-33.904858663668826,151.20854618059698,30-45,32756,0.0,-4000.0,12.5,0.001,14,20,cuda:0,0.0797654763601811,bilinear,,0.1013934662020111,-0.2711447461827829,169154,170135,,,,,,0.0,0.1074766740202903,0.0,0.1074766740202903,0.1074766740202903,computed,38,True
urban__sydney__r0c1,urban,sydney,"Sydney, Australia",-33.8688,151.2093,-33.904858663668826,151.20854618059698,30-45,32756,0.0,-4000.0,12.5,0.001,14,20,cuda:0,0.0797654763601811,bicubic,,0.091226263506331,-0.1436810468528855,169154,170135,,,,,,0.0,0.7699770559556782,0.0,0.7699770559556782,0.7699770559556782,computed,38,True
urban__sydney__r0c2,urban,sydney,"Sydney, Australia",-33.8688,151.2093,-33.90548018506739,151.25179195262064,30-45,32756,4000.0,-4000.0,12.5,0.001,14,20,cuda:0,0.0815321527144279,blurred_observation,12.5,0.0815321527144279,0.0,170147,170147,,,,,,0.0,0.0,0.0,0.0,0.0,computed,39,True
urban__sydney__r0c2,urban,sydney,"Sydney, Australia",-33.8688,151.2093,-33.90548018506739,151.25179195262064,30-45,32756,4000.0,-4000.0,12.5,0.001,14,20,cuda:0,0.0815321527144279,psf_aware_matched,12.5,0.0684498661896311,0.1604555514511978,170147,171486,22.0,65536.0,171486.0,1441792.0,0.000128290356064,0.2761152391321957,0.040455644018948,2.5406855707988143,0.3165708831511438,2.857256453949958,computed,39,True
urban__sydney__r0c2,urban,sydney,"Sydney, Australia",-33.8688,151.2093,-33.90548018506739,151.25179195262064,30-45,32756,4000.0,-4000.0,12.5,0.001,14,20,cuda:0,0.0815321527144279,psf_aware_plus50,18.75,0.1234740396866611,-0.5144214346840261,170147,173468,48.0,65536.0,173468.0,3145728.0,0.0002767080960177,0.4688421790488064,0.0808454728685319,2.4314817073754966,0.5496876519173384,2.981169359292835,computed,39,True
urban__sydney__r0c2,urban,sydney,"Sydney, Australia",-33.8688,151.2093,-33.90548018506739,151.25179195262064,30-45,32756,4000.0,-4000.0,12.5,0.001,14,20,cuda:0,0.0815321527144279,psf_aware_minus50,6.25,0.0930068216339359,-0.1407379608839574,169633,169633,9.0,65536.0,169633.0,589824.0,5.3055714395194334e-05,0.1747532472945749,0.0223654410801827,2.416917792055756,0.1971186883747577,2.6140364804305136,computed,39,True
urban__sydney__r0c2,urban,sydney,"Sydney, Australia",-33.8688,151.2093,-33.90548018506739,151.25179195262064,30-45,32756,4000.0,-4000.0,12.5,0.001,14,20,cuda:0,0.0815321527144279,nearest,,0.096960379110724,-0.1892287383890678,169153,170147,,,,,,0.0,0.1210498507134616,0.0,0.1210498507134616,0.1210498507134616,computed,39,True
urban__sydney__r0c2,urban,sydney,"Sydney, Australia",-33.8688,151.2093,-33.90548018506739,151.25179195262064,30-45,32756,4000.0,-4000.0,12.5,0.001,14,20,cuda:0,0.0815321527144279,bilinear,,0.1005879793928826,-0.2337216183313475,169153,170147,,,,,,0.0,0.1100422218441963,0.0,0.1100422218441963,0.1100422218441963,computed,39,True
urban__sydney__r0c2,urban,sydney,"Sydney, Australia",-33.8688,151.2093,-33.90548018506739,151.25179195262064,30-45,32756,4000.0,-4000.0,12.5,0.001,14,20,cuda:0,0.0815321527144279,bicubic,,0.0923497943953723,-0.1326794561506781,169153,170147,,,,,,0.0,0.7697288547642529,0.0,0.7697288547642529,0.7697288547642529,computed,39,True
urban__sydney__r1c0,urban,sydney,"Sydney, Australia",-33.8688,151.2093,-33.86816416743214,151.16607374187643,30-45,32756,-4000.0,0.0,12.5,0.001,14,20,cuda:0,0.0763487616298587,blurred_observation,12.5,0.0763487616298587,0.0,170138,170138,,,,,,0.0,0.0,0.0,0.0,0.0,computed,40,True
urban__sydney__r1c0,urban,sydney,"Sydney, Australia",-33.8688,151.2093,-33.86816416743214,151.16607374187643,30-45,32756,-4000.0,0.0,12.5,0.001,14,20,cuda:0,0.0763487616298587,psf_aware_matched,12.5,0.06124520639922,0.1978231854481306,170138,171470,22.0,65536.0,171470.0,1441792.0,0.0001283023269376,0.2778337942436337,0.0404342128895223,2.432077495381236,0.318268007133156,2.750345502514392,computed,40,True
urban__sydney__r1c0,urban,sydney,"Sydney, Australia",-33.8688,151.2093,-33.86816416743214,151.16607374187643,30-45,32756,-4000.0,0.0,12.5,0.001,14,20,cuda:0,0.0763487616298587,psf_aware_plus50,18.75,0.1170295891504736,-0.5328289110678306,170138,173452,48.0,65536.0,173452.0,3145728.0,0.0002767336208288,0.494806005153805,0.0806256071664393,2.4386042868718505,0.5754316123202443,3.014035899192095,computed,40,True
urban__sydney__r1c0,urban,sydney,"Sydney, Australia",-33.8688,151.2093,-33.86816416743214,151.16607374187643,30-45,32756,-4000.0,0.0,12.5,0.001,14,20,cuda:0,0.0763487616298587,psf_aware_minus50,6.25,0.087648532446201,-0.1480020183054704,169608,169608,9.0,65536.0,169608.0,589824.0,5.306353473892741e-05,0.1843992271460592,0.0223983330652117,2.587497633881867,0.206797560211271,2.794295194093138,computed,40,True
urban__sydney__r1c0,urban,sydney,"Sydney, Australia",-33.8688,151.2093,-33.86816416743214,151.16607374187643,30-45,32756,-4000.0,0.0,12.5,0.001,14,20,cuda:0,0.0763487616298587,nearest,,0.0918024017281932,-0.2024085233137678,169146,170138,,,,,,0.0,0.121324511244893,0.0,0.121324511244893,0.121324511244893,computed,40,True
urban__sydney__r1c0,urban,sydney,"Sydney, Australia",-33.8688,151.2093,-33.86816416743214,151.16607374187643,30-45,32756,-4000.0,0.0,12.5,0.001,14,20,cuda:0,0.0763487616298587,bilinear,,0.0956245190870479,-0.2524698115031487,169146,170138,,,,,,0.0,0.1075468468479812,0.0,0.1075468468479812,0.1075468468479812,computed,40,True
urban__sydney__r1c0,urban,sydney,"Sydney, Australia",-33.8688,151.2093,-33.86816416743214,151.16607374187643,30-45,32756,-4000.0,0.0,12.5,0.001,14,20,cuda:0,0.0763487616298587,bicubic,,0.0866960450447374,-0.1355265389246607,169146,170138,,,,,,0.0,0.7666320903226733,0.0,0.7666320903226733,0.7666320903226733,computed,40,True
urban__sydney__r1c1,urban,sydney,"Sydney, Australia",-33.8688,151.2093,-33.86879999999999,151.2093,30-45,32756,0.0,0.0,12.5,0.001,14,20,cuda:0,0.0763070751331412,blurred_observation,12.5,0.0763070751331412,0.0,170144,170144,,,,,,0.0,0.0,0.0,0.0,0.0,computed,41,True
urban__sydney__r1c1,urban,sydney,"Sydney, Australia",-33.8688,151.2093,-33.86879999999999,151.2093,30-45,32756,0.0,0.0,12.5,0.001,14,20,cuda:0,0.0763070751331412,psf_aware_matched,12.5,0.0604965764367657,0.2071957111288722,170144,171475,22.0,65536.0,171475.0,1441792.0,0.0001282985857996,0.2792655560187995,0.0409653303213417,2.669276596046984,0.3202308863401413,2.989507482387125,computed,41,True
urban__sydney__r1c1,urban,sydney,"Sydney, Australia",-33.8688,151.2093,-33.86879999999999,151.2093,30-45,32756,0.0,0.0,12.5,0.001,14,20,cuda:0,0.0763070751331412,psf_aware_plus50,18.75,0.1181087883251966,-0.5478091398355842,170144,173465,48.0,65536.0,173465.0,3145728.0,0.0002767128815611,0.4383158809505403,0.0805368591099977,2.4279925380833447,0.518852740060538,2.9468452781438828,computed,41,True
urban__sydney__r1c1,urban,sydney,"Sydney, Australia",-33.8688,151.2093,-33.86879999999999,151.2093,30-45,32756,0.0,0.0,12.5,0.001,14,20,cuda:0,0.0763070751331412,psf_aware_minus50,6.25,0.0894965903013546,-0.172847866927152,169630,169630,9.0,65536.0,169630.0,589824.0,5.3056652714732064e-05,0.199297864921391,0.0233933078125119,2.4173189220018685,0.2226911727339029,2.6400100947357714,computed,41,True
urban__sydney__r1c1,urban,sydney,"Sydney, Australia",-33.8688,151.2093,-33.86879999999999,151.2093,30-45,32756,0.0,0.0,12.5,0.001,14,20,cuda:0,0.0763070751331412,nearest,,0.0938015242621664,-0.2292637884298505,169156,170144,,,,,,0.0,0.1318479930050671,0.0,0.1318479930050671,0.1318479930050671,computed,41,True
urban__sydney__r1c1,urban,sydney,"Sydney, Australia",-33.8688,151.2093,-33.86879999999999,151.2093,30-45,32756,0.0,0.0,12.5,0.001,14,20,cuda:0,0.0763070751331412,bilinear,,0.0976327000924968,-0.2794711358304123,169156,170144,,,,,,0.0,0.1093256850726902,0.0,0.1093256850726902,0.1093256850726902,computed,41,True
urban__sydney__r1c1,urban,sydney,"Sydney, Australia",-33.8688,151.2093,-33.86879999999999,151.2093,30-45,32756,0.0,0.0,12.5,0.001,14,20,cuda:0,0.0763070751331412,bicubic,,0.087477112018534,-0.1463827157036648,169156,170144,,,,,,0.0,0.7670230912044644,0.0,0.7670230912044644,0.7670230912044644,computed,41,True
urban__sydney__r1c2,urban,sydney,"Sydney, Australia",-33.8688,151.2093,-33.869420681725536,151.25252759765013,30-45,32756,4000.0,0.0,12.5,0.001,14,20,cuda:0,0.0607041260652719,blurred_observation,12.5,0.0607041260652719,0.0,170146,170146,,,,,,0.0,0.0,0.0,0.0,0.0,computed,42,True
urban__sydney__r1c2,urban,sydney,"Sydney, Australia",-33.8688,151.2093,-33.869420681725536,151.25252759765013,30-45,32756,4000.0,0.0,12.5,0.001,14,20,cuda:0,0.0607041260652719,psf_aware_matched,12.5,0.0496858956734241,0.181507108429508,170146,171483,22.0,65536.0,171483.0,1441792.0,0.0001282926004326,0.2750766919925809,0.0403599222190678,2.4138011187314987,0.3154366142116487,2.7292377329431474,computed,42,True
urban__sydney__r1c2,urban,sydney,"Sydney, Australia",-33.8688,151.2093,-33.869420681725536,151.25252759765013,30-45,32756,4000.0,0.0,12.5,0.001,14,20,cuda:0,0.0607041260652719,psf_aware_plus50,18.75,0.0922970115737846,-0.5204404964918279,170146,173466,48.0,65536.0,173466.0,3145728.0,0.0002767112863615,0.5696350829675794,0.0806698910892009,2.4478651569224894,0.6503049740567803,3.0981701309792697,computed,42,True
urban__sydney__r1c2,urban,sydney,"Sydney, Australia",-33.8688,151.2093,-33.869420681725536,151.25252759765013,30-45,32756,4000.0,0.0,12.5,0.001,14,20,cuda:0,0.0607041260652719,psf_aware_minus50,6.25,0.0693775352198054,-0.1428800596718475,169621,169621,9.0,65536.0,169621.0,589824.0,5.30594678724922e-05,0.1780835450626909,0.0223900582641363,2.5312262061052024,0.2004736033268273,2.7316998094320297,computed,42,True
urban__sydney__r1c2,urban,sydney,"Sydney, Australia",-33.8688,151.2093,-33.869420681725536,151.25252759765013,30-45,32756,4000.0,0.0,12.5,0.001,14,20,cuda:0,0.0607041260652719,nearest,,0.0724424297154366,-0.1933691235014742,169160,170146,,,,,,0.0,0.1231275158934295,0.0,0.1231275158934295,0.1231275158934295,computed,42,True
urban__sydney__r1c2,urban,sydney,"Sydney, Australia",-33.8688,151.2093,-33.869420681725536,151.25252759765013,30-45,32756,4000.0,0.0,12.5,0.001,14,20,cuda:0,0.0607041260652719,bilinear,,0.0752205095658109,-0.239133390783524,169160,170146,,,,,,0.0,0.1090753506869077,0.0,0.1090753506869077,0.1090753506869077,computed,42,True
urban__sydney__r1c2,urban,sydney,"Sydney, Australia",-33.8688,151.2093,-33.869420681725536,151.25252759765013,30-45,32756,4000.0,0.0,12.5,0.001,14,20,cuda:0,0.0607041260652719,bicubic,,0.0687764097281619,-0.1329775121745473,169160,170146,,,,,,0.0,0.7803275901824236,0.0,0.7803275901824236,0.7803275901824236,computed,42,True
urban__sydney__r2c0,urban,sydney,"Sydney, Australia",-33.8688,151.2093,-33.83210613711003,151.16684436158428,30-45,32756,-4000.0,4000.0,12.5,0.001,14,20,cuda:0,0.05851575732237,blurred_observation,12.5,0.05851575732237,0.0,170139,170139,,,,,,0.0,0.0,0.0,0.0,0.0,computed,43,True
urban__sydney__r2c0,urban,sydney,"Sydney, Australia",-33.8688,151.2093,-33.83210613711003,151.16684436158428,30-45,32756,-4000.0,4000.0,12.5,0.001,14,20,cuda:0,0.05851575732237,psf_aware_matched,12.5,0.0484280373418076,0.1723932226492088,170139,171472,22.0,65536.0,171472.0,1441792.0,0.0001283008304562,0.2765898280777037,0.0403807219117879,2.407530512660742,0.3169705499894917,2.724501062650233,computed,43,True
urban__sydney__r2c0,urban,sydney,"Sydney, Australia",-33.8688,151.2093,-33.83210613711003,151.16684436158428,30-45,32756,-4000.0,4000.0,12.5,0.001,14,20,cuda:0,0.05851575732237,psf_aware_plus50,18.75,0.0888373514764046,-0.5181782743917926,170139,173462,48.0,65536.0,173462.0,3145728.0,0.00027671766727,0.4686923651024699,0.0806070007383823,2.4457832337357104,0.5492993658408523,2.995082599576562,computed,43,True
urban__sydney__r2c0,urban,sydney,"Sydney, Australia",-33.8688,151.2093,-33.83210613711003,151.16684436158428,30-45,32756,-4000.0,4000.0,12.5,0.001,14,20,cuda:0,0.05851575732237,psf_aware_minus50,6.25,0.0665223104748088,-0.136827301205892,169622,169622,9.0,65536.0,169622.0,589824.0,5.305915506243294e-05,0.1752429851330816,0.0223924717865884,2.591775566805154,0.1976354569196701,2.789411023724824,computed,43,True
urban__sydney__r2c0,urban,sydney,"Sydney, Australia",-33.8688,151.2093,-33.83210613711003,151.16684436158428,30-45,32756,-4000.0,4000.0,12.5,0.001,14,20,cuda:0,0.05851575732237,nearest,,0.0693770124775915,-0.1856124854607215,169146,170139,,,,,,0.0,0.122224235907197,0.0,0.122224235907197,0.122224235907197,computed,43,True
urban__sydney__r2c0,urban,sydney,"Sydney, Australia",-33.8688,151.2093,-33.83210613711003,151.16684436158428,30-45,32756,-4000.0,4000.0,12.5,0.001,14,20,cuda:0,0.05851575732237,bilinear,,0.0719979640203404,-0.2304030113409523,169146,170139,,,,,,0.0,0.1094218879006803,0.0,0.1094218879006803,0.1094218879006803,computed,43,True
urban__sydney__r2c0,urban,sydney,"Sydney, Australia",-33.8688,151.2093,-33.83210613711003,151.16684436158428,30-45,32756,-4000.0,4000.0,12.5,0.001,14,20,cuda:0,0.05851575732237,bicubic,,0.0662156831306457,-0.1315872195903735,169146,170139,,,,,,0.0,0.7675792151130736,0.0,0.7675792151130736,0.7675792151130736,computed,43,True
urban__sydney__r2c1,urban,sydney,"Sydney, Australia",-33.8688,151.2093,-33.83274111023,151.2100524798755,30-45,32756,0.0,4000.0,12.5,0.001,14,20,cuda:0,0.0763383817302657,blurred_observation,12.5,0.0763383817302657,0.0,170144,170144,,,,,,0.0,0.0,0.0,0.0,0.0,computed,44,True
urban__sydney__r2c1,urban,sydney,"Sydney, Australia",-33.8688,151.2093,-33.83274111023,151.2100524798755,30-45,32756,0.0,4000.0,12.5,0.001,14,20,cuda:0,0.0763383817302657,psf_aware_matched,12.5,0.0625164522263381,0.1810613375689054,170144,171477,22.0,65536.0,171477.0,1441792.0,0.0001282970894055,0.2769457120448351,0.0405135443434119,2.4310337388888,0.317459256388247,2.748492995277047,computed,44,True
urban__sydney__r2c1,urban,sydney,"Sydney, Australia",-33.8688,151.2093,-33.83274111023,151.2100524798755,30-45,32756,0.0,4000.0,12.5,0.001,14,20,cuda:0,0.0763383817302657,psf_aware_plus50,18.75,0.1173689417265042,-0.5374827061597403,170144,173459,48.0,65536.0,173459.0,3145728.0,0.0002767224531445,0.4385343552567065,0.0809131818823516,2.437419923953712,0.5194475371390581,2.95686746109277,computed,44,True
urban__sydney__r2c1,urban,sydney,"Sydney, Australia",-33.8688,151.2093,-33.83274111023,151.2100524798755,30-45,32756,0.0,4000.0,12.5,0.001,14,20,cuda:0,0.0763383817302657,psf_aware_minus50,6.25,0.0877697764935781,-0.1497463596189934,169620,169620,9.0,65536.0,169620.0,589824.0,5.305978068623983e-05,0.1876374999992549,0.0237304056063294,2.5206297850236297,0.2113679056055843,2.731997690629214,computed,44,True
urban__sydney__r2c1,urban,sydney,"Sydney, Australia",-33.8688,151.2093,-33.83274111023,151.2100524798755,30-45,32756,0.0,4000.0,12.5,0.001,14,20,cuda:0,0.0763383817302657,nearest,,0.0916972230616242,-0.2011942221362179,169152,170144,,,,,,0.0,0.1210869019851088,0.0,0.1210869019851088,0.1210869019851088,computed,44,True
urban__sydney__r2c1,urban,sydney,"Sydney, Australia",-33.8688,151.2093,-33.83274111023,151.2100524798755,30-45,32756,0.0,4000.0,12.5,0.001,14,20,cuda:0,0.0763383817302657,bilinear,,0.0952712662595514,-0.2480126523533494,169152,170144,,,,,,0.0,0.1080133998766541,0.0,0.1080133998766541,0.1080133998766541,computed,44,True
urban__sydney__r2c1,urban,sydney,"Sydney, Australia",-33.8688,151.2093,-33.83274111023,151.2100524798755,30-45,32756,0.0,4000.0,12.5,0.001,14,20,cuda:0,0.0763383817302657,bicubic,,0.0868615227202182,-0.1378486254415896,169152,170144,,,,,,0.0,0.7692418731749058,0.0,0.7692418731749058,0.7692418731749058,computed,44,True
urban__sydney__r2c2,urban,sydney,"Sydney, Australia",-33.8688,151.2093,-33.83336095297478,151.2532619354189,30-45,32756,4000.0,4000.0,12.5,0.001,14,20,cuda:0,0.0600811564233354,blurred_observation,12.5,0.0600811564233354,0.0,170148,170148,,,,,,0.0,0.0,0.0,0.0,0.0,computed,45,True
urban__sydney__r2c2,urban,sydney,"Sydney, Australia",-33.8688,151.2093,-33.83336095297478,151.2532619354189,30-45,32756,4000.0,4000.0,12.5,0.001,14,20,cuda:0,0.0600811564233354,psf_aware_matched,12.5,0.050275378107016,0.1632088811211839,170148,171485,22.0,65536.0,171485.0,1441792.0,0.0001282911041782,0.2753439876250922,0.040309427306056,2.556122199166566,0.3156534149311483,2.8717756140977144,computed,45,True
urban__sydney__r2c2,urban,sydney,"Sydney, Australia",-33.8688,151.2093,-33.83336095297478,151.2532619354189,30-45,32756,4000.0,4000.0,12.5,0.001,14,20,cuda:0,0.0600811564233354,psf_aware_plus50,18.75,0.0903113228778472,-0.503155535847351,170148,173471,48.0,65536.0,173471.0,3145728.0,0.0002767033106398,0.4432615991681814,0.0806883559562265,2.516474014148116,0.523949955124408,3.040423969272524,computed,45,True
urban__sydney__r2c2,urban,sydney,"Sydney, Australia",-33.8688,151.2093,-33.83336095297478,151.2532619354189,30-45,32756,4000.0,4000.0,12.5,0.001,14,20,cuda:0,0.0600811564233354,psf_aware_minus50,6.25,0.0683447980680057,-0.1375413213827669,169611,169611,9.0,65536.0,169611.0,589824.0,5.306259617595557e-05,0.1768733928911388,0.0225061471574008,2.445557737257332,0.1993795400485396,2.6449372773058712,computed,45,True
urban__sydney__r2c2,urban,sydney,"Sydney, Australia",-33.8688,151.2093,-33.83336095297478,151.2532619354189,30-45,32756,4000.0,4000.0,12.5,0.001,14,20,cuda:0,0.0600811564233354,nearest,,0.0711791478272321,-0.1847166743213064,169159,170148,,,,,,0.0,0.1481107748113572,0.0,0.1481107748113572,0.1481107748113572,computed,45,True
urban__sydney__r2c2,urban,sydney,"Sydney, Australia",-33.8688,151.2093,-33.83336095297478,151.2532619354189,30-45,32756,4000.0,4000.0,12.5,0.001,14,20,cuda:0,0.0600811564233354,bilinear,,0.0737932123824325,-0.2282255664734738,169159,170148,,,,,,0.0,0.1087518190033733,0.0,0.1087518190033733,0.1087518190033733,computed,45,True
urban__sydney__r2c2,urban,sydney,"Sydney, Australia",-33.8688,151.2093,-33.83336095297478,151.2532619354189,30-45,32756,4000.0,4000.0,12.5,0.001,14,20,cuda:0,0.0600811564233354,bicubic,,0.0678628777903256,-0.129520166225826,169159,170148,,,,,,0.0,0.7686188528314233,0.0,0.7686188528314233,0.7686188528314233,computed,45,True
urban__mexico_city__r0c0,urban,mexico_city,"Mexico City, Mexico",19.4326,-99.1332,19.396419093262978,-99.17126634016444,15-30,32614,-4000.0,-4000.0,12.5,0.001,14,20,cuda:0,0.0822499833142233,blurred_observation,12.5,0.0822499833142233,0.0,170700,170700,,,,,,0.0,0.0,0.0,0.0,0.0,computed,46,True
urban__mexico_city__r0c0,urban,mexico_city,"Mexico City, Mexico",19.4326,-99.1332,19.396419093262978,-99.17126634016444,15-30,32614,-4000.0,-4000.0,12.5,0.001,14,20,cuda:0,0.0822499833142233,psf_aware_matched,12.5,0.0685957356858495,0.1660091233843769,170700,171874,22.0,65536.0,171874.0,1441792.0,0.0001280007447316,0.2760244766250253,0.0402923943474888,2.5191786671057343,0.3163168709725141,2.8354955380782485,computed,46,True
urban__mexico_city__r0c0,urban,mexico_city,"Mexico City, Mexico",19.4326,-99.1332,19.396419093262978,-99.17126634016444,15-30,32614,-4000.0,-4000.0,12.5,0.001,14,20,cuda:0,0.0822499833142233,psf_aware_plus50,18.75,0.1254185770582613,-0.5248462310213373,170700,174201,48.0,65536.0,174201.0,3145728.0,0.0002755437684054,0.5065811770036817,0.0797959649935364,2.577995997853577,0.5863771419972181,3.1643731398507957,computed,46,True
urban__mexico_city__r0c0,urban,mexico_city,"Mexico City, Mexico",19.4326,-99.1332,19.396419093262978,-99.17126634016444,15-30,32614,-4000.0,-4000.0,12.5,0.001,14,20,cuda:0,0.0822499833142233,psf_aware_minus50,6.25,0.0937933604248661,-0.1403450389350604,170230,170230,9.0,65536.0,170230.0,589824.0,5.286964694824649e-05,0.1763370470143854,0.0223266268149018,2.4999720887281,0.1986636738292873,2.698635762557388,computed,46,True
urban__mexico_city__r0c0,urban,mexico_city,"Mexico City, Mexico",19.4326,-99.1332,19.396419093262978,-99.17126634016444,15-30,32614,-4000.0,-4000.0,12.5,0.001,14,20,cuda:0,0.0822499833142233,nearest,,0.0979192254233115,-0.1905075414936721,169533,170700,,,,,,0.0,0.1218287171795964,0.0,0.1218287171795964,0.1218287171795964,computed,46,True
urban__mexico_city__r0c0,urban,mexico_city,"Mexico City, Mexico",19.4326,-99.1332,19.396419093262978,-99.17126634016444,15-30,32614,-4000.0,-4000.0,12.5,0.001,14,20,cuda:0,0.0822499833142233,bilinear,,0.1016827234272209,-0.2362643654133984,169533,170700,,,,,,0.0,0.1086620176210999,0.0,0.1086620176210999,0.1086620176210999,computed,46,True
urban__mexico_city__r0c0,urban,mexico_city,"Mexico City, Mexico",19.4326,-99.1332,19.396419093262978,-99.17126634016444,15-30,32614,-4000.0,-4000.0,12.5,0.001,14,20,cuda:0,0.0822499833142233,bicubic,,0.0932618276312653,-0.1338826328386348,169533,170700,,,,,,0.0,0.7679503173567355,0.0,0.7679503173567355,0.7679503173567355,computed,46,True
urban__mexico_city__r0c1,urban,mexico_city,"Mexico City, Mexico",19.4326,-99.1332,19.396450987683966,-99.13317056114028,15-30,32614,0.0,-4000.0,12.5,0.001,14,20,cuda:0,0.0787906813161825,blurred_observation,12.5,0.0787906813161825,0.0,170743,170743,,,,,,0.0,0.0,0.0,0.0,0.0,computed,47,True
urban__mexico_city__r0c1,urban,mexico_city,"Mexico City, Mexico",19.4326,-99.1332,19.396450987683966,-99.13317056114028,15-30,32614,0.0,-4000.0,12.5,0.001,14,20,cuda:0,0.0787906813161825,psf_aware_matched,12.5,0.0670682355739329,0.1487795960947214,170743,171996,22.0,65536.0,171996.0,1441792.0,0.0001279099513942,0.2783937039785087,0.0402879668399691,2.7536494699306786,0.3186816708184778,3.0723311407491565,computed,47,True
urban__mexico_city__r0c1,urban,mexico_city,"Mexico City, Mexico",19.4326,-99.1332,19.396450987683966,-99.13317056114028,15-30,32614,0.0,-4000.0,12.5,0.001,14,20,cuda:0,0.0787906813161825,psf_aware_plus50,18.75,0.1196729322950579,-0.5188716520271899,170743,174054,48.0,65536.0,174054.0,3145728.0,0.0002757764831603,0.4393575638532638,0.0810225987806916,2.511369636282325,0.5203801626339555,3.0317497989162803,computed,47,True
urban__mexico_city__r0c1,urban,mexico_city,"Mexico City, Mexico",19.4326,-99.1332,19.396450987683966,-99.13317056114028,15-30,32614,0.0,-4000.0,12.5,0.001,14,20,cuda:0,0.0787906813161825,psf_aware_minus50,6.25,0.0894415715818772,-0.135179568037409,170179,170179,9.0,65536.0,170179.0,589824.0,5.2885491159308726e-05,0.1739510181359946,0.022234593052417,2.481704148929566,0.1961856111884117,2.677889760117978,computed,47,True
urban__mexico_city__r0c1,urban,mexico_city,"Mexico City, Mexico",19.4326,-99.1332,19.396450987683966,-99.13317056114028,15-30,32614,0.0,-4000.0,12.5,0.001,14,20,cuda:0,0.0787906813161825,nearest,,0.0930970492130281,-0.1815743646058218,169683,170743,,,,,,0.0,0.1239026635885238,0.0,0.1239026635885238,0.1239026635885238,computed,47,True
urban__mexico_city__r0c1,urban,mexico_city,"Mexico City, Mexico",19.4326,-99.1332,19.396450987683966,-99.13317056114028,15-30,32614,0.0,-4000.0,12.5,0.001,14,20,cuda:0,0.0787906813161825,bilinear,,0.0965661567773848,-0.2256037790797922,169683,170743,,,,,,0.0,0.1087458180263638,0.0,0.1087458180263638,0.1087458180263638,computed,47,True
urban__mexico_city__r0c1,urban,mexico_city,"Mexico City, Mexico",19.4326,-99.1332,19.396450987683966,-99.13317056114028,15-30,32614,0.0,-4000.0,12.5,0.001,14,20,cuda:0,0.0787906813161825,bicubic,,0.089140515947789,-0.1313586132105297,169683,170743,,,,,,0.0,0.7735660332255065,0.0,0.7735660332255065,0.7735660332255065,computed,47,True
urban__mexico_city__r0c2,urban,mexico_city,"Mexico City, Mexico",19.4326,-99.1332,19.396474899912334,-99.0950747164355,15-30,32614,4000.0,-4000.0,12.5,0.001,14,20,cuda:0,0.0753053306264438,blurred_observation,12.5,0.0753053306264438,0.0,170713,170713,,,,,,0.0,0.0,0.0,0.0,0.0,computed,48,True
urban__mexico_city__r0c2,urban,mexico_city,"Mexico City, Mexico",19.4326,-99.1332,19.396474899912334,-99.0950747164355,15-30,32614,4000.0,-4000.0,12.5,0.001,14,20,cuda:0,0.0753053306264438,psf_aware_matched,12.5,0.0643040915529153,0.1460884506051876,170713,172336,22.0,65536.0,172336.0,1441792.0,0.0001276575991087,0.2683307253755629,0.0402484121732413,2.47657521488145,0.3085791375488043,2.785154352430254,computed,48,True
urban__mexico_city__r0c2,urban,mexico_city,"Mexico City, Mexico",19.4326,-99.1332,19.396474899912334,-99.0950747164355,15-30,32614,4000.0,-4000.0,12.5,0.001,14,20,cuda:0,0.0753053306264438,psf_aware_plus50,18.75,0.1124789436680737,-0.4936385343825342,170713,173820,48.0,65536.0,173820.0,3145728.0,0.0002761477390403,0.459187522996217,0.0802529407665133,2.735182594042272,0.5394404637627304,3.2746230578050017,computed,48,True
urban__mexico_city__r0c2,urban,mexico_city,"Mexico City, Mexico",19.4326,-99.1332,19.396474899912334,-99.0950747164355,15-30,32614,4000.0,-4000.0,12.5,0.001,14,20,cuda:0,0.0753053306264438,psf_aware_minus50,6.25,0.0856468643289674,-0.1373280432672594,170116,170116,9.0,65536.0,170116.0,589824.0,5.290507653601072e-05,0.1831211661919951,0.0223474968224763,2.514777942094952,0.2054686630144715,2.7202466051094234,computed,48,True
urban__mexico_city__r0c2,urban,mexico_city,"Mexico City, Mexico",19.4326,-99.1332,19.396474899912334,-99.0950747164355,15-30,32614,4000.0,-4000.0,12.5,0.001,14,20,cuda:0,0.0753053306264438,nearest,,0.0891091397218082,-0.1833045413987875,169984,170713,,,,,,0.0,0.1217050328850746,0.0,0.1217050328850746,0.1217050328850746,computed,48,True
urban__mexico_city__r0c2,urban,mexico_city,"Mexico City, Mexico",19.4326,-99.1332,19.396474899912334,-99.0950747164355,15-30,32614,4000.0,-4000.0,12.5,0.001,14,20,cuda:0,0.0753053306264438,bilinear,,0.0922132479139992,-0.2245248397012953,169984,170713,,,,,,0.0,0.1110307853668928,0.0,0.1110307853668928,0.1110307853668928,computed,48,True
urban__mexico_city__r0c2,urban,mexico_city,"Mexico City, Mexico",19.4326,-99.1332,19.396474899912334,-99.0950747164355,15-30,32614,4000.0,-4000.0,12.5,0.001,14,20,cuda:0,0.0753053306264438,bicubic,,0.0851000342350104,-0.1300665374826344,169984,170713,,,,,,0.0,0.7663724981248379,0.0,0.7663724981248379,0.7663724981248379,computed,48,True
urban__mexico_city__r1c0,urban,mexico_city,"Mexico City, Mexico",19.4326,-99.1332,19.432568041496072,-99.17130420043806,15-30,32614,-4000.0,0.0,12.5,0.001,14,20,cuda:0,0.0773040053916075,blurred_observation,12.5,0.0773040053916075,0.0,170700,170700,,,,,,0.0,0.0,0.0,0.0,0.0,computed,49,True
urban__mexico_city__r1c0,urban,mexico_city,"Mexico City, Mexico",19.4326,-99.1332,19.432568041496072,-99.17130420043806,15-30,32614,-4000.0,0.0,12.5,0.001,14,20,cuda:0,0.0773040053916075,psf_aware_matched,12.5,0.0626409210260358,0.1896807842141075,170700,171915,22.0,65536.0,171915.0,1441792.0,0.0001279702178402,0.2760943691246211,0.0404266892001032,2.515087918844074,0.3165210583247244,2.8316089771687984,computed,49,True
urban__mexico_city__r1c0,urban,mexico_city,"Mexico City, Mexico",19.4326,-99.1332,19.432568041496072,-99.17130420043806,15-30,32614,-4000.0,0.0,12.5,0.001,14,20,cuda:0,0.0773040053916075,psf_aware_plus50,18.75,0.1182992186469081,-0.5303116319474859,170700,174173,48.0,65536.0,174173.0,3145728.0,0.0002755880647402,0.4407479078508913,0.0806739777326583,2.5278326477855444,0.5214218855835497,3.049254533369094,computed,49,True
urban__mexico_city__r1c0,urban,mexico_city,"Mexico City, Mexico",19.4326,-99.1332,19.432568041496072,-99.17130420043806,15-30,32614,-4000.0,0.0,12.5,0.001,14,20,cuda:0,0.0773040053916075,psf_aware_minus50,6.25,0.088921902050799,-0.1502884177907404,170199,170199,9.0,65536.0,170199.0,589824.0,5.287927661149596e-05,0.1862749797292053,0.0224017696455121,2.452948465012014,0.2086767493747174,2.6616252143867314,computed,49,True
urban__mexico_city__r1c0,urban,mexico_city,"Mexico City, Mexico",19.4326,-99.1332,19.432568041496072,-99.17130420043806,15-30,32614,-4000.0,0.0,12.5,0.001,14,20,cuda:0,0.0773040053916075,nearest,,0.093055867298752,-0.2037651455102309,169619,170700,,,,,,0.0,0.1377090951427817,0.0,0.1377090951427817,0.1377090951427817,computed,49,True
urban__mexico_city__r1c0,urban,mexico_city,"Mexico City, Mexico",19.4326,-99.1332,19.432568041496072,-99.17130420043806,15-30,32614,-4000.0,0.0,12.5,0.001,14,20,cuda:0,0.0773040053916075,bilinear,,0.0967289673077727,-0.2512801480047777,169619,170700,,,,,,0.0,0.1084146499633789,0.0,0.1084146499633789,0.1084146499633789,computed,49,True
urban__mexico_city__r1c0,urban,mexico_city,"Mexico City, Mexico",19.4326,-99.1332,19.432568041496072,-99.17130420043806,15-30,32614,-4000.0,0.0,12.5,0.001,14,20,cuda:0,0.0773040053916075,bicubic,,0.0878931434676964,-0.1369804581592688,169619,170700,,,,,,0.0,0.7695502573624253,0.0,0.7695502573624253,0.7695502573624253,computed,49,True
urban__mexico_city__r1c1,urban,mexico_city,"Mexico City, Mexico",19.4326,-99.1332,19.4326,-99.1332,15-30,32614,0.0,0.0,12.5,0.001,14,20,cuda:0,0.0798845485350789,blurred_observation,12.5,0.0798845485350789,0.0,170688,170688,,,,,,0.0,0.0,0.0,0.0,0.0,computed,50,True
urban__mexico_city__r1c1,urban,mexico_city,"Mexico City, Mexico",19.4326,-99.1332,19.4326,-99.1332,15-30,32614,0.0,0.0,12.5,0.001,14,20,cuda:0,0.0798845485350789,psf_aware_matched,12.5,0.0673609332810813,0.1567714343218483,170688,171891,22.0,65536.0,171891.0,1441792.0,0.0001279880854727,0.2750764722004533,0.0402952996082603,2.4848002828657627,0.3153717718087137,2.8001720546744764,computed,50,True
urban__mexico_city__r1c1,urban,mexico_city,"Mexico City, Mexico",19.4326,-99.1332,19.4326,-99.1332,15-30,32614,0.0,0.0,12.5,0.001,14,20,cuda:0,0.0798845485350789,psf_aware_plus50,18.75,0.1238290502984964,-0.5501001453881975,170688,174156,48.0,65536.0,174156.0,3145728.0,0.0002756149658926,0.510602633934468,0.0797258727252483,2.546942201908678,0.5903285066597164,3.137270708568394,computed,50,True
urban__mexico_city__r1c1,urban,mexico_city,"Mexico City, Mexico",19.4326,-99.1332,19.4326,-99.1332,15-30,32614,0.0,0.0,12.5,0.001,14,20,cuda:0,0.0798845485350789,psf_aware_minus50,6.25,0.0916182020819429,-0.1468826420382345,170257,170257,9.0,65536.0,170257.0,589824.0,5.28612626793612e-05,0.1747905882075429,0.0222659432329237,2.4835635614581406,0.1970565314404666,2.6806200928986077,computed,50,True
urban__mexico_city__r1c1,urban,mexico_city,"Mexico City, Mexico",19.4326,-99.1332,19.4326,-99.1332,15-30,32614,0.0,0.0,12.5,0.001,14,20,cuda:0,0.0798845485350789,nearest,,0.0954979881759254,-0.1954500579544533,169533,170688,,,,,,0.0,0.1226168093271553,0.0,0.1226168093271553,0.1226168093271553,computed,50,True
urban__mexico_city__r1c1,urban,mexico_city,"Mexico City, Mexico",19.4326,-99.1332,19.4326,-99.1332,15-30,32614,0.0,0.0,12.5,0.001,14,20,cuda:0,0.0798845485350789,bilinear,,0.0991324214388896,-0.2409461310951588,169533,170688,,,,,,0.0,0.1087156101129949,0.0,0.1087156101129949,0.1087156101129949,computed,50,True
urban__mexico_city__r1c1,urban,mexico_city,"Mexico City, Mexico",19.4326,-99.1332,19.4326,-99.1332,15-30,32614,0.0,0.0,12.5,0.001,14,20,cuda:0,0.0798845485350789,bicubic,,0.0909746434641184,-0.1388265331958353,169533,170688,,,,,,0.0,0.7704236921854317,0.0,0.7704236921854317,0.7704236921854317,computed,50,True
urban__mexico_city__r1c2,urban,mexico_city,"Mexico City, Mexico",19.4326,-99.1332,19.43262396027334,-99.09509573381472,15-30,32614,4000.0,0.0,12.5,0.001,14,20,cuda:0,0.0759303208790946,blurred_observation,12.5,0.0759303208790946,0.0,170552,170552,,,,,,0.0,0.0,0.0,0.0,0.0,computed,51,True
urban__mexico_city__r1c2,urban,mexico_city,"Mexico City, Mexico",19.4326,-99.1332,19.43262396027334,-99.09509573381472,15-30,32614,4000.0,0.0,12.5,0.001,14,20,cuda:0,0.0759303208790946,psf_aware_matched,12.5,0.0624299803883287,0.1777990707067182,170552,172035,22.0,65536.0,172035.0,1441792.0,0.0001278809544569,0.2793223229236901,0.0403367592953145,2.4770190357230604,0.3196590822190046,2.796678117942065,computed,51,True
urban__mexico_city__r1c2,urban,mexico_city,"Mexico City, Mexico",19.4326,-99.1332,19.43262396027334,-99.09509573381472,15-30,32614,4000.0,0.0,12.5,0.001,14,20,cuda:0,0.0759303208790946,psf_aware_plus50,18.75,0.1129222945633967,-0.4871831602451024,170552,173998,48.0,65536.0,173998.0,3145728.0,0.0002758652398303,0.4354471168480813,0.08183702128008,2.4766446258872747,0.5172841381281614,2.993928764015436,computed,51,True
urban__mexico_city__r1c2,urban,mexico_city,"Mexico City, Mexico",19.4326,-99.1332,19.43262396027334,-99.09509573381472,15-30,32614,4000.0,0.0,12.5,0.001,14,20,cuda:0,0.0759303208790946,psf_aware_minus50,6.25,0.0863093816330086,-0.1366919121867111,170272,170272,9.0,65536.0,170272.0,589824.0,5.28566059011464e-05,0.1730293706059456,0.0222435500472784,2.423399928957224,0.195272920653224,2.618672849610448,computed,51,True
urban__mexico_city__r1c2,urban,mexico_city,"Mexico City, Mexico",19.4326,-99.1332,19.43262396027334,-99.09509573381472,15-30,32614,4000.0,0.0,12.5,0.001,14,20,cuda:0,0.0759303208790946,nearest,,0.0900599514537175,-0.1860868018340364,169639,170552,,,,,,0.0,0.1239320309832692,0.0,0.1239320309832692,0.1239320309832692,computed,51,True
urban__mexico_city__r1c2,urban,mexico_city,"Mexico City, Mexico",19.4326,-99.1332,19.43262396027334,-99.09509573381472,15-30,32614,4000.0,0.0,12.5,0.001,14,20,cuda:0,0.0759303208790946,bilinear,,0.0934190509118471,-0.2303260387981256,169639,170552,,,,,,0.0,0.1078638262115418,0.0,0.1078638262115418,0.1078638262115418,computed,51,True
urban__mexico_city__r1c2,urban,mexico_city,"Mexico City, Mexico",19.4326,-99.1332,19.43262396027334,-99.09509573381472,15-30,32614,4000.0,0.0,12.5,0.001,14,20,cuda:0,0.0759303208790946,bicubic,,0.0857567191404561,-0.129413364089534,169639,170552,,,,,,0.0,0.7597440844401717,0.0,0.7597440844401717,0.7597440844401717,computed,51,True
urban__mexico_city__r2c0,urban,mexico_city,"Mexico City, Mexico",19.4326,-99.1332,19.46871684584549,-99.17134214526682,15-30,32614,-4000.0,4000.0,12.5,0.001,14,20,cuda:0,0.083465120954847,blurred_observation,12.5,0.083465120954847,0.0,170665,170665,,,,,,0.0,0.0,0.0,0.0,0.0,computed,52,True
urban__mexico_city__r2c0,urban,mexico_city,"Mexico City, Mexico",19.4326,-99.1332,19.46871684584549,-99.17134214526682,15-30,32614,-4000.0,4000.0,12.5,0.001,14,20,cuda:0,0.083465120954847,psf_aware_matched,12.5,0.0703276644274374,0.1574005569885493,170665,172051,22.0,65536.0,172051.0,1441792.0,0.0001278690620804,0.2949651009403169,0.0404107989743351,2.4903165311552584,0.3353758999146521,2.8256924310699105,computed,52,True
urban__mexico_city__r2c0,urban,mexico_city,"Mexico City, Mexico",19.4326,-99.1332,19.46871684584549,-99.17134214526682,15-30,32614,-4000.0,4000.0,12.5,0.001,14,20,cuda:0,0.083465120954847,psf_aware_plus50,18.75,0.1276149641405064,-0.5289615911482777,170665,173990,48.0,65536.0,173990.0,3145728.0,0.0002758779240186,0.4349055620841682,0.0805527879856526,2.4918971648439765,0.5154583500698209,3.0073555149137974,computed,52,True
urban__mexico_city__r2c0,urban,mexico_city,"Mexico City, Mexico",19.4326,-99.1332,19.46871684584549,-99.17134214526682,15-30,32614,-4000.0,4000.0,12.5,0.001,14,20,cuda:0,0.083465120954847,psf_aware_minus50,6.25,0.0949658173906912,-0.1377904483247061,170204,170204,9.0,65536.0,170204.0,589824.0,5.287772320274494e-05,0.1782360738143324,0.0234915339387953,2.5423718160018325,0.2017276077531278,2.7440994237549603,computed,52,True
urban__mexico_city__r2c0,urban,mexico_city,"Mexico City, Mexico",19.4326,-99.1332,19.46871684584549,-99.17134214526682,15-30,32614,-4000.0,4000.0,12.5,0.001,14,20,cuda:0,0.083465120954847,nearest,,0.0989888370708834,-0.1859904585106209,169696,170665,,,,,,0.0,0.1221545939333736,0.0,0.1221545939333736,0.1221545939333736,computed,52,True
urban__mexico_city__r2c0,urban,mexico_city,"Mexico City, Mexico",19.4326,-99.1332,19.46871684584549,-99.17134214526682,15-30,32614,-4000.0,4000.0,12.5,0.001,14,20,cuda:0,0.083465120954847,bilinear,,0.1026106415529305,-0.229383488324911,169696,170665,,,,,,0.0,0.1078220177441835,0.0,0.1078220177441835,0.1078220177441835,computed,52,True
urban__mexico_city__r2c0,urban,mexico_city,"Mexico City, Mexico",19.4326,-99.1332,19.46871684584549,-99.17134214526682,15-30,32614,-4000.0,4000.0,12.5,0.001,14,20,cuda:0,0.083465120954847,bicubic,,0.0946020292536186,-0.1334318835384718,169696,170665,,,,,,0.0,0.7692745351232588,0.0,0.7692745351232588,0.7692745351232588,computed,52,True
urban__mexico_city__r2c1,urban,mexico_city,"Mexico City, Mexico",19.4326,-99.1332,19.46874886845976,-99.13322950460694,15-30,32614,0.0,4000.0,12.5,0.001,14,20,cuda:0,0.0788009238370296,blurred_observation,12.5,0.0788009238370296,0.0,170658,170658,,,,,,0.0,0.0,0.0,0.0,0.0,computed,53,True
urban__mexico_city__r2c1,urban,mexico_city,"Mexico City, Mexico",19.4326,-99.1332,19.46874886845976,-99.13322950460694,15-30,32614,0.0,4000.0,12.5,0.001,14,20,cuda:0,0.0788009238370296,psf_aware_matched,12.5,0.0664346042658789,0.1569311496490297,170658,172128,22.0,65536.0,172128.0,1441792.0,0.0001278118609406,0.2884705709293484,0.0403232942335307,2.4792274977080524,0.3287938651628792,2.808021362870932,computed,53,True
urban__mexico_city__r2c1,urban,mexico_city,"Mexico City, Mexico",19.4326,-99.1332,19.46874886845976,-99.13322950460694,15-30,32614,0.0,4000.0,12.5,0.001,14,20,cuda:0,0.0788009238370296,psf_aware_plus50,18.75,0.1204374039462056,-0.528375532694078,170658,173839,48.0,65536.0,173839.0,3145728.0,0.0002761175570499,0.4354560151696205,0.0835109208710491,2.5803197296336293,0.5189669360406697,3.099286665674299,computed,53,True
urban__mexico_city__r2c1,urban,mexico_city,"Mexico City, Mexico",19.4326,-99.1332,19.46874886845976,-99.13322950460694,15-30,32614,0.0,4000.0,12.5,0.001,14,20,cuda:0,0.0788009238370296,psf_aware_minus50,6.25,0.0893166274237117,-0.1334464505572286,170183,170183,9.0,65536.0,170183.0,589824.0,5.288424813289224e-05,0.3517848500050604,0.0227339789271354,2.592401403002441,0.3745188289321959,2.966920231934637,computed,53,True
urban__mexico_city__r2c1,urban,mexico_city,"Mexico City, Mexico",19.4326,-99.1332,19.46874886845976,-99.13322950460694,15-30,32614,0.0,4000.0,12.5,0.001,14,20,cuda:0,0.0788009238370296,nearest,,0.0930409817793613,-0.1807092766041926,169768,170658,,,,,,0.0,0.1237148493528366,0.0,0.1237148493528366,0.1237148493528366,computed,53,True
urban__mexico_city__r2c1,urban,mexico_city,"Mexico City, Mexico",19.4326,-99.1332,19.46874886845976,-99.13322950460694,15-30,32614,0.0,4000.0,12.5,0.001,14,20,cuda:0,0.0788009238370296,bilinear,,0.0964279195365406,-0.2236902163224112,169768,170658,,,,,,0.0,0.1085089580155909,0.0,0.1085089580155909,0.1085089580155909,computed,53,True
urban__mexico_city__r2c1,urban,mexico_city,"Mexico City, Mexico",19.4326,-99.1332,19.46874886845976,-99.13322950460694,15-30,32614,0.0,4000.0,12.5,0.001,14,20,cuda:0,0.0788009238370296,bicubic,,0.0890354666927489,-0.1298784628069291,169768,170658,,,,,,0.0,0.7734675062820315,0.0,0.7734675062820315,0.7734675062820315,computed,53,True
urban__mexico_city__r2c2,urban,mexico_city,"Mexico City, Mexico",19.4326,-99.1332,19.468772876798614,-99.09511679813308,15-30,32614,4000.0,4000.0,12.5,0.001,14,20,cuda:0,0.0796063449687715,blurred_observation,12.5,0.0796063449687715,0.0,170933,170933,,,,,,0.0,0.0,0.0,0.0,0.0,computed,54,True
urban__mexico_city__r2c2,urban,mexico_city,"Mexico City, Mexico",19.4326,-99.1332,19.468772876798614,-99.09511679813308,15-30,32614,4000.0,4000.0,12.5,0.001,14,20,cuda:0,0.0796063449687715,psf_aware_matched,12.5,0.0671310098603437,0.156712823749434,170933,172167,22.0,65536.0,172167.0,1441792.0,0.0001277829084551,0.4386904300190508,0.0418047788552939,2.494347426109016,0.4804952088743448,2.9748426349833608,computed,54,True
urban__mexico_city__r2c2,urban,mexico_city,"Mexico City, Mexico",19.4326,-99.1332,19.468772876798614,-99.09511679813308,15-30,32614,4000.0,4000.0,12.5,0.001,14,20,cuda:0,0.0796063449687715,psf_aware_plus50,18.75,0.1218562870082731,-0.530735861018059,170933,174048,48.0,65536.0,174048.0,3145728.0,0.0002757859900717,0.4653123328462243,0.0805829861201345,2.678669625893235,0.5458953189663589,3.224564944859594,computed,54,True
urban__mexico_city__r2c2,urban,mexico_city,"Mexico City, Mexico",19.4326,-99.1332,19.468772876798614,-99.09511679813308,15-30,32614,4000.0,4000.0,12.5,0.001,14,20,cuda:0,0.0796063449687715,psf_aware_minus50,6.25,0.0901831875689905,-0.1328643163351883,170041,170041,9.0,65536.0,170041.0,589824.0,5.292841138313701e-05,0.1834120671264827,0.0222826241515576,2.598010415676981,0.2056946912780404,2.8037051069550216,computed,54,True
urban__mexico_city__r2c2,urban,mexico_city,"Mexico City, Mexico",19.4326,-99.1332,19.468772876798614,-99.09511679813308,15-30,32614,4000.0,4000.0,12.5,0.001,14,20,cuda:0,0.0796063449687715,nearest,,0.0939011147162778,-0.179568221014468,169831,170933,,,,,,0.0,0.1212588180787861,0.0,0.1212588180787861,0.1212588180787861,computed,54,True
urban__mexico_city__r2c2,urban,mexico_city,"Mexico City, Mexico",19.4326,-99.1332,19.468772876798614,-99.09511679813308,15-30,32614,4000.0,4000.0,12.5,0.001,14,20,cuda:0,0.0796063449687715,bilinear,,0.0972634683474275,-0.2218054777616369,169831,170933,,,,,,0.0,0.1074223509058356,0.0,0.1074223509058356,0.1074223509058356,computed,54,True
urban__mexico_city__r2c2,urban,mexico_city,"Mexico City, Mexico",19.4326,-99.1332,19.468772876798614,-99.09511679813308,15-30,32614,4000.0,4000.0,12.5,0.001,14,20,cuda:0,0.0796063449687715,bicubic,,0.0898180538814511,-0.1282775753199758,169831,170933,,,,,,0.0,0.7655437891371548,0.0,0.7655437891371548,0.7655437891371548,computed,54,True
urban__tokyo__r0c0,urban,tokyo,"Tokyo, Japan",35.6762,139.6503,35.63964131912426,139.6067378271551,30-45,32654,-4000.0,-4000.0,12.5,0.001,14,20,cuda:0,0.0840436431402729,blurred_observation,12.5,0.0840436431402729,0.0,170128,170128,,,,,,0.0,0.0,0.0,0.0,0.0,computed,55,True
urban__tokyo__r0c0,urban,tokyo,"Tokyo, Japan",35.6762,139.6503,35.63964131912426,139.6067378271551,30-45,32654,-4000.0,-4000.0,12.5,0.001,14,20,cuda:0,0.0840436431402729,psf_aware_matched,12.5,0.069727360298909,0.1703434347493638,170128,171464,22.0,65536.0,171464.0,1441792.0,0.0001283068165912,0.2871239399537444,0.0402283840812742,2.45612801797688,0.3273523240350187,2.7834803420118988,computed,55,True
urban__tokyo__r0c0,urban,tokyo,"Tokyo, Japan",35.6762,139.6503,35.63964131912426,139.6067378271551,30-45,32654,-4000.0,-4000.0,12.5,0.001,14,20,cuda:0,0.0840436431402729,psf_aware_plus50,18.75,0.1317234946224182,-0.5673225207832233,170128,173440,48.0,65536.0,173440.0,3145728.0,0.0002767527675276,0.771635266020894,0.0811537280678749,2.360147446859628,0.852788994088769,3.212936440948397,computed,55,True
urban__tokyo__r0c0,urban,tokyo,"Tokyo, Japan",35.6762,139.6503,35.63964131912426,139.6067378271551,30-45,32654,-4000.0,-4000.0,12.5,0.001,14,20,cuda:0,0.0840436431402729,psf_aware_minus50,6.25,0.0955710410823494,-0.1371596650425626,169596,169596,9.0,65536.0,169596.0,589824.0,5.306728932286139e-05,0.1971642533317208,0.0223840558901429,2.297662299126386,0.2195483092218637,2.5172106083482504,computed,55,True
urban__tokyo__r0c0,urban,tokyo,"Tokyo, Japan",35.6762,139.6503,35.63964131912426,139.6067378271551,30-45,32654,-4000.0,-4000.0,12.5,0.001,14,20,cuda:0,0.0840436431402729,nearest,,0.0997994614275501,-0.1874718622202038,169136,170128,,,,,,0.0,0.1501792939379811,0.0,0.1501792939379811,0.1501792939379811,computed,55,True
urban__tokyo__r0c0,urban,tokyo,"Tokyo, Japan",35.6762,139.6503,35.63964131912426,139.6067378271551,30-45,32654,-4000.0,-4000.0,12.5,0.001,14,20,cuda:0,0.0840436431402729,bilinear,,0.1037278222464208,-0.2342137771597323,169136,170128,,,,,,0.0,0.1423709439113736,0.0,0.1423709439113736,0.1423709439113736,computed,55,True
urban__tokyo__r0c0,urban,tokyo,"Tokyo, Japan",35.6762,139.6503,35.63964131912426,139.6067378271551,30-45,32654,-4000.0,-4000.0,12.5,0.001,14,20,cuda:0,0.0840436431402729,bicubic,,0.0956002969882185,-0.1375077687750512,169136,170128,,,,,,0.0,0.7815081556327641,0.0,0.7815081556327641,0.7815081556327641,computed,55,True
urban__tokyo__r0c1,urban,tokyo,"Tokyo, Japan",35.6762,139.6503,35.640144198849526,139.65090666203452,30-45,32654,0.0,-4000.0,12.5,0.001,14,20,cuda:0,0.0930816582637521,blurred_observation,12.5,0.0930816582637521,0.0,170130,170130,,,,,,0.0,0.0,0.0,0.0,0.0,computed,56,True
urban__tokyo__r0c1,urban,tokyo,"Tokyo, Japan",35.6762,139.6503,35.640144198849526,139.65090666203452,30-45,32654,0.0,-4000.0,12.5,0.001,14,20,cuda:0,0.0930816582637521,psf_aware_matched,12.5,0.0773470964532803,0.1690404114405337,170130,171465,22.0,65536.0,171465.0,1441792.0,0.0001283060682938,0.3699897797778249,0.0414321729913353,2.2871938720345497,0.4114219527691602,2.69861582480371,computed,56,True
urban__tokyo__r0c1,urban,tokyo,"Tokyo, Japan",35.6762,139.6503,35.640144198849526,139.65090666203452,30-45,32654,0.0,-4000.0,12.5,0.001,14,20,cuda:0,0.0930816582637521,psf_aware_plus50,18.75,0.1463797416631677,-0.5725949063820113,170130,173449,48.0,65536.0,173449.0,3145728.0,0.0002767384072551,0.6267768307588995,0.0818508071824908,2.3562675090506677,0.7086276379413903,3.0648951469920576,computed,56,True
urban__tokyo__r0c1,urban,tokyo,"Tokyo, Japan",35.6762,139.6503,35.640144198849526,139.65090666203452,30-45,32654,0.0,-4000.0,12.5,0.001,14,20,cuda:0,0.0930816582637521,psf_aware_minus50,6.25,0.1053924347744043,-0.1322578125517373,169600,169600,9.0,65536.0,169600.0,589824.0,5.3066037735849056e-05,0.1989944200031459,0.0225069778971374,2.2929196362383664,0.2215013979002833,2.5144210341386497,computed,56,True
urban__tokyo__r0c1,urban,tokyo,"Tokyo, Japan",35.6762,139.6503,35.640144198849526,139.65090666203452,30-45,32654,0.0,-4000.0,12.5,0.001,14,20,cuda:0,0.0930816582637521,nearest,,0.1101120965874128,-0.1829623434017901,169138,170130,,,,,,0.0,0.1358883148059249,0.0,0.1358883148059249,0.1358883148059249,computed,56,True
urban__tokyo__r0c1,urban,tokyo,"Tokyo, Japan",35.6762,139.6503,35.640144198849526,139.65090666203452,30-45,32654,0.0,-4000.0,12.5,0.001,14,20,cuda:0,0.0930816582637521,bilinear,,0.1145521338005928,-0.2306627958432245,169138,170130,,,,,,0.0,0.1073488919064402,0.0,0.1073488919064402,0.1073488919064402,computed,56,True
urban__tokyo__r0c1,urban,tokyo,"Tokyo, Japan",35.6762,139.6503,35.640144198849526,139.65090666203452,30-45,32654,0.0,-4000.0,12.5,0.001,14,20,cuda:0,0.0930816582637521,bicubic,,0.1057380799991213,-0.1359711673754933,169138,170130,,,,,,0.0,0.7693406199105084,0.0,0.7693406199105084,0.7693406199105084,computed,56,True
urban__tokyo__r0c2,urban,tokyo,"Tokyo, Japan",35.6762,139.6503,35.64063088818847,139.69507657344073,30-45,32654,4000.0,-4000.0,12.5,0.001,14,20,cuda:0,0.0925960626835178,blurred_observation,12.5,0.0925960626835178,0.0,170130,170130,,,,,,0.0,0.0,0.0,0.0,0.0,computed,57,True
urban__tokyo__r0c2,urban,tokyo,"Tokyo, Japan",35.6762,139.6503,35.64063088818847,139.69507657344073,30-45,32654,4000.0,-4000.0,12.5,0.001,14,20,cuda:0,0.0925960626835178,psf_aware_matched,12.5,0.0739899718019218,0.2009382509620241,170130,171464,22.0,65536.0,171464.0,1441792.0,0.0001283068165912,0.2784193330444395,0.0403938768431544,2.254844180773944,0.318813209887594,2.5736573906615376,computed,57,True
urban__tokyo__r0c2,urban,tokyo,"Tokyo, Japan",35.6762,139.6503,35.64063088818847,139.69507657344073,30-45,32654,4000.0,-4000.0,12.5,0.001,14,20,cuda:0,0.0925960626835178,psf_aware_plus50,18.75,0.1448243505441863,-0.5640443702145135,170130,173460,48.0,65536.0,173460.0,3145728.0,0.0002767208578346,0.4899169849231839,0.0806989260017871,2.286721778102219,0.5706159109249711,2.85733768902719,computed,57,True
urban__tokyo__r0c2,urban,tokyo,"Tokyo, Japan",35.6762,139.6503,35.64063088818847,139.69507657344073,30-45,32654,4000.0,-4000.0,12.5,0.001,14,20,cuda:0,0.0925960626835178,psf_aware_minus50,6.25,0.1052549429810942,-0.1367107837062455,169598,169598,9.0,65536.0,169598.0,589824.0,5.306666352197549e-05,0.1820094808936119,0.0223445608280599,2.2966850181110203,0.2043540417216718,2.501039059832692,computed,57,True
urban__tokyo__r0c2,urban,tokyo,"Tokyo, Japan",35.6762,139.6503,35.64063088818847,139.69507657344073,30-45,32654,4000.0,-4000.0,12.5,0.001,14,20,cuda:0,0.0925960626835178,nearest,,0.1103509192262756,-0.1917452646279542,169145,170130,,,,,,0.0,0.1205930658616125,0.0,0.1205930658616125,0.1205930658616125,computed,57,True
urban__tokyo__r0c2,urban,tokyo,"Tokyo, Japan",35.6762,139.6503,35.64063088818847,139.69507657344073,30-45,32654,4000.0,-4000.0,12.5,0.001,14,20,cuda:0,0.0925960626835178,bilinear,,0.1149864968898341,-0.2418076272081246,169145,170130,,,,,,0.0,0.107032602187246,0.0,0.107032602187246,0.107032602187246,computed,57,True
urban__tokyo__r0c2,urban,tokyo,"Tokyo, Japan",35.6762,139.6503,35.64063088818847,139.69507657344073,30-45,32654,4000.0,-4000.0,12.5,0.001,14,20,cuda:0,0.0925960626835178,bicubic,,0.1051265769586256,-0.1353244826179649,169145,170130,,,,,,0.0,0.7671658811159432,0.0,0.7671658811159432,0.7671658811159432,computed,57,True
urban__tokyo__r1c0,urban,tokyo,"Tokyo, Japan",35.6762,139.6503,35.67569645573704,139.6061113186456,30-45,32654,-4000.0,0.0,12.5,0.001,14,20,cuda:0,0.0854622666264532,blurred_observation,12.5,0.0854622666264532,0.0,170128,170128,,,,,,0.0,0.0,0.0,0.0,0.0,computed,58,True
urban__tokyo__r1c0,urban,tokyo,"Tokyo, Japan",35.6762,139.6503,35.67569645573704,139.6061113186456,30-45,32654,-4000.0,0.0,12.5,0.001,14,20,cuda:0,0.0854622666264532,psf_aware_matched,12.5,0.0700728485699643,0.1800726643929826,170128,171464,22.0,65536.0,171464.0,1441792.0,0.0001283068165912,0.2799451942555606,0.0405441806651651,2.2746728472411637,0.3204893749207258,2.595162222161889,computed,58,True
urban__tokyo__r1c0,urban,tokyo,"Tokyo, Japan",35.6762,139.6503,35.67569645573704,139.6061113186456,30-45,32654,-4000.0,0.0,12.5,0.001,14,20,cuda:0,0.0854622666264532,psf_aware_plus50,18.75,0.1335273273890109,-0.5624126606967392,170128,173436,48.0,65536.0,173436.0,3145728.0,0.0002767591503494,0.4319392740726471,0.0808498719707131,2.389631612226367,0.5127891460433602,2.9024207582697272,computed,58,True
urban__tokyo__r1c0,urban,tokyo,"Tokyo, Japan",35.6762,139.6503,35.67569645573704,139.6061113186456,30-45,32654,-4000.0,0.0,12.5,0.001,14,20,cuda:0,0.0854622666264532,psf_aware_minus50,6.25,0.0972623918190864,-0.1380740958370594,169584,169584,9.0,65536.0,169584.0,589824.0,5.307104443815455e-05,0.1743046883493662,0.0247135180979967,2.22753725014627,0.1990182064473629,2.4265554565936327,computed,58,True
urban__tokyo__r1c0,urban,tokyo,"Tokyo, Japan",35.6762,139.6503,35.67569645573704,139.6061113186456,30-45,32654,-4000.0,0.0,12.5,0.001,14,20,cuda:0,0.0854622666264532,nearest,,0.1017086780219179,-0.1901004038013189,169138,170128,,,,,,0.0,0.1462405826896429,0.0,0.1462405826896429,0.1462405826896429,computed,58,True
urban__tokyo__r1c0,urban,tokyo,"Tokyo, Japan",35.6762,139.6503,35.67569645573704,139.6061113186456,30-45,32654,-4000.0,0.0,12.5,0.001,14,20,cuda:0,0.0854622666264532,bilinear,,0.1058526665345669,-0.2385895052051225,169138,170128,,,,,,0.0,0.1077773720026016,0.0,0.1077773720026016,0.1077773720026016,computed,58,True
urban__tokyo__r1c0,urban,tokyo,"Tokyo, Japan",35.6762,139.6503,35.67569645573704,139.6061113186456,30-45,32654,-4000.0,0.0,12.5,0.001,14,20,cuda:0,0.0854622666264532,bicubic,,0.0971803406302475,-0.1371140090984577,169138,170128,,,,,,0.0,0.7704809200949967,0.0,0.7704809200949967,0.7704809200949967,computed,58,True
urban__tokyo__r1c1,urban,tokyo,"Tokyo, Japan",35.6762,139.6503,35.676200000000016,139.6503,30-45,32654,0.0,0.0,12.5,0.001,14,20,cuda:0,0.0877875688904235,blurred_observation,12.5,0.0877875688904235,0.0,170132,170132,,,,,,0.0,0.0,0.0,0.0,0.0,computed,59,True
urban__tokyo__r1c1,urban,tokyo,"Tokyo, Japan",35.6762,139.6503,35.676200000000016,139.6503,30-45,32654,0.0,0.0,12.5,0.001,14,20,cuda:0,0.0877875688904235,psf_aware_matched,12.5,0.0737365238727165,0.1600573429165755,170132,171464,22.0,65536.0,171464.0,1441792.0,0.0001283068165912,0.2791861752048135,0.0403147069737315,2.2366160061210394,0.319500882178545,2.5561168882995844,computed,59,True
urban__tokyo__r1c1,urban,tokyo,"Tokyo, Japan",35.6762,139.6503,35.676200000000016,139.6503,30-45,32654,0.0,0.0,12.5,0.001,14,20,cuda:0,0.0877875688904235,psf_aware_plus50,18.75,0.1351485564600018,-0.5394953769444777,170132,173445,48.0,65536.0,173445.0,3145728.0,0.0002767447894145,0.5125435199588537,0.0810011480934917,2.31525044888258,0.5935446680523455,2.9087951169349253,computed,59,True
urban__tokyo__r1c1,urban,tokyo,"Tokyo, Japan",35.6762,139.6503,35.676200000000016,139.6503,30-45,32654,0.0,0.0,12.5,0.001,14,20,cuda:0,0.0877875688904235,psf_aware_minus50,6.25,0.0992730352919373,-0.1308324919653485,169597,169597,9.0,65536.0,169597.0,589824.0,5.3066976420573474e-05,0.1785758719779551,0.022310356143862,2.307294444181025,0.2008862281218171,2.508180672302842,computed,59,True
urban__tokyo__r1c1,urban,tokyo,"Tokyo, Japan",35.6762,139.6503,35.676200000000016,139.6503,30-45,32654,0.0,0.0,12.5,0.001,14,20,cuda:0,0.0877875688904235,nearest,,0.103504676563278,-0.1790356866183706,169141,170132,,,,,,0.0,0.1223068591207265,0.0,0.1223068591207265,0.1223068591207265,computed,59,True
urban__tokyo__r1c1,urban,tokyo,"Tokyo, Japan",35.6762,139.6503,35.676200000000016,139.6503,30-45,32654,0.0,0.0,12.5,0.001,14,20,cuda:0,0.0877875688904235,bilinear,,0.1074213647850907,-0.2236512087397488,169141,170132,,,,,,0.0,0.1088353642262518,0.0,0.1088353642262518,0.1088353642262518,computed,59,True
urban__tokyo__r1c1,urban,tokyo,"Tokyo, Japan",35.6762,139.6503,35.676200000000016,139.6503,30-45,32654,0.0,0.0,12.5,0.001,14,20,cuda:0,0.0877875688904235,bicubic,,0.0993741590450636,-0.1319844062329889,169141,170132,,,,,,0.0,0.7805532068014145,0.0,0.7805532068014145,0.7805532068014145,computed,59,True
urban__tokyo__r1c2,urban,tokyo,"Tokyo, Japan",35.6762,139.6503,35.67668733248947,139.69448975980802,30-45,32654,4000.0,0.0,12.5,0.001,14,20,cuda:0,0.0808586039173037,blurred_observation,12.5,0.0808586039173037,0.0,170131,170131,,,,,,0.0,0.0,0.0,0.0,0.0,computed,60,True
urban__tokyo__r1c2,urban,tokyo,"Tokyo, Japan",35.6762,139.6503,35.67668733248947,139.69448975980802,30-45,32654,4000.0,0.0,12.5,0.001,14,20,cuda:0,0.0808586039173037,psf_aware_matched,12.5,0.0639015082972018,0.2097129408447907,170131,171460,22.0,65536.0,171460.0,1441792.0,0.0001283098098681,0.2735435510985553,0.0402627578005194,2.2778504779562354,0.3138063088990748,2.59165678685531,computed,60,True
urban__tokyo__r1c2,urban,tokyo,"Tokyo, Japan",35.6762,139.6503,35.67668733248947,139.69448975980802,30-45,32654,4000.0,0.0,12.5,0.001,14,20,cuda:0,0.0808586039173037,psf_aware_plus50,18.75,0.1269626334803368,-0.5701808753733231,170131,173453,48.0,65536.0,173453.0,3145728.0,0.0002767320253901,0.458179812412709,0.08089184993878,2.3391912360675637,0.5390716623514891,2.8782628984190524,computed,60,True
urban__tokyo__r1c2,urban,tokyo,"Tokyo, Japan",35.6762,139.6503,35.67668733248947,139.69448975980802,30-45,32654,4000.0,0.0,12.5,0.001,14,20,cuda:0,0.0808586039173037,psf_aware_minus50,6.25,0.0924168294173005,-0.1429436688248739,169600,169600,9.0,65536.0,169600.0,589824.0,5.3066037735849056e-05,0.1782930269837379,0.0233087269589304,2.3073967583477497,0.2016017539426684,2.508998512290418,computed,60,True
urban__tokyo__r1c2,urban,tokyo,"Tokyo, Japan",35.6762,139.6503,35.67668733248947,139.69448975980802,30-45,32654,4000.0,0.0,12.5,0.001,14,20,cuda:0,0.0808586039173037,nearest,,0.0968842119690579,-0.1981929847334986,169147,170131,,,,,,0.0,0.1222149450331926,0.0,0.1222149450331926,0.1222149450331926,computed,60,True
urban__tokyo__r1c2,urban,tokyo,"Tokyo, Japan",35.6762,139.6503,35.67668733248947,139.69448975980802,30-45,32654,4000.0,0.0,12.5,0.001,14,20,cuda:0,0.0808586039173037,bilinear,,0.1009747688690394,-0.2487819969326832,169147,170131,,,,,,0.0,0.1103677069768309,0.0,0.1103677069768309,0.1103677069768309,computed,60,True
urban__tokyo__r1c2,urban,tokyo,"Tokyo, Japan",35.6762,139.6503,35.67668733248947,139.69448975980802,30-45,32654,4000.0,0.0,12.5,0.001,14,20,cuda:0,0.0808586039173037,bicubic,,0.0919223015078352,-0.1368277097864141,169147,170131,,,,,,0.0,0.7654299340210855,0.0,0.7654299340210855,0.7654299340210855,computed,60,True
urban__tokyo__r2c0,urban,tokyo,"Tokyo, Japan",35.6762,139.6503,35.711751366415804,139.60548369642157,30-45,32654,-4000.0,4000.0,12.5,0.001,14,20,cuda:0,0.0886586346850829,blurred_observation,12.5,0.0886586346850829,0.0,170130,170130,,,,,,0.0,0.0,0.0,0.0,0.0,computed,61,True
urban__tokyo__r2c0,urban,tokyo,"Tokyo, Japan",35.6762,139.6503,35.711751366415804,139.60548369642157,30-45,32654,-4000.0,4000.0,12.5,0.001,14,20,cuda:0,0.0886586346850829,psf_aware_matched,12.5,0.0745505232422068,0.159128453680664,170130,171459,22.0,65536.0,171459.0,1441792.0,0.0001283105582092,0.280016059987247,0.0407947646453976,2.2781619778834283,0.3208108246326446,2.598972802516073,computed,61,True
urban__tokyo__r2c0,urban,tokyo,"Tokyo, Japan",35.6762,139.6503,35.711751366415804,139.60548369642157,30-45,32654,-4000.0,4000.0,12.5,0.001,14,20,cuda:0,0.0886586346850829,psf_aware_plus50,18.75,0.1383064143003795,-0.5599880913082673,170130,173443,48.0,65536.0,173443.0,3145728.0,0.0002767479806045,0.4701118106022477,0.0808775820769369,2.284688148181885,0.5509893926791847,2.83567754086107,computed,61,True
urban__tokyo__r2c0,urban,tokyo,"Tokyo, Japan",35.6762,139.6503,35.711751366415804,139.60548369642157,30-45,32654,-4000.0,4000.0,12.5,0.001,14,20,cuda:0,0.0886586346850829,psf_aware_minus50,6.25,0.1003312784414959,-0.1316582845864298,169590,169590,9.0,65536.0,169590.0,589824.0,5.306916681408102e-05,0.1752335117198526,0.0223040240816772,2.27781851682812,0.1975375358015298,2.4753560526296496,computed,61,True
urban__tokyo__r2c0,urban,tokyo,"Tokyo, Japan",35.6762,139.6503,35.711751366415804,139.60548369642157,30-45,32654,-4000.0,4000.0,12.5,0.001,14,20,cuda:0,0.0886586346850829,nearest,,0.1046203616112546,-0.1800357853791458,169140,170130,,,,,,0.0,0.1320467661134898,0.0,0.1320467661134898,0.1320467661134898,computed,61,True
urban__tokyo__r2c0,urban,tokyo,"Tokyo, Japan",35.6762,139.6503,35.711751366415804,139.60548369642157,30-45,32654,-4000.0,4000.0,12.5,0.001,14,20,cuda:0,0.0886586346850829,bilinear,,0.108645785292854,-0.2254394135299489,169140,170130,,,,,,0.0,0.1080148201435804,0.0,0.1080148201435804,0.1080148201435804,computed,61,True
urban__tokyo__r2c0,urban,tokyo,"Tokyo, Japan",35.6762,139.6503,35.711751366415804,139.60548369642157,30-45,32654,-4000.0,4000.0,12.5,0.001,14,20,cuda:0,0.0886586346850829,bicubic,,0.1006220573968496,-0.1349380435900127,169140,170130,,,,,,0.0,0.7740516033954918,0.0,0.7740516033954918,0.7740516033954918,computed,61,True
urban__tokyo__r2c1,urban,tokyo,"Tokyo, Japan",35.6762,139.6503,35.71225557580426,139.6496922595109,30-45,32654,0.0,4000.0,12.5,0.001,14,20,cuda:0,0.0929665490191419,blurred_observation,12.5,0.0929665490191419,0.0,170129,170129,,,,,,0.0,0.0,0.0,0.0,0.0,computed,62,True
urban__tokyo__r2c1,urban,tokyo,"Tokyo, Japan",35.6762,139.6503,35.71225557580426,139.6496922595109,30-45,32654,0.0,4000.0,12.5,0.001,14,20,cuda:0,0.0929665490191419,psf_aware_matched,12.5,0.0797256888853864,0.1424260690910366,170129,171459,22.0,65536.0,171459.0,1441792.0,0.0001283105582092,0.3884699218906462,0.0404119207523763,2.215591908898205,0.4288818426430225,2.644473751541227,computed,62,True
urban__tokyo__r2c1,urban,tokyo,"Tokyo, Japan",35.6762,139.6503,35.71225557580426,139.6496922595109,30-45,32654,0.0,4000.0,12.5,0.001,14,20,cuda:0,0.0929665490191419,psf_aware_plus50,18.75,0.1429911184651504,-0.5380921414616389,170129,173447,48.0,65536.0,173447.0,3145728.0,0.000276741598298,0.4777089711278677,0.0808800659142434,2.2275514006614685,0.5585890370421112,2.78614043770358,computed,62,True
urban__tokyo__r2c1,urban,tokyo,"Tokyo, Japan",35.6762,139.6503,35.71225557580426,139.6496922595109,30-45,32654,0.0,4000.0,12.5,0.001,14,20,cuda:0,0.0929665490191419,psf_aware_minus50,6.25,0.1044935411332277,-0.1239907497449688,169600,169600,9.0,65536.0,169600.0,589824.0,5.3066037735849056e-05,0.2176046227104962,0.02321701310575,2.253114176914096,0.2408216358162462,2.493935812730342,computed,62,True
urban__tokyo__r2c1,urban,tokyo,"Tokyo, Japan",35.6762,139.6503,35.71225557580426,139.6496922595109,30-45,32654,0.0,4000.0,12.5,0.001,14,20,cuda:0,0.0929665490191419,nearest,,0.1087044099461946,-0.1692852008931968,169136,170129,,,,,,0.0,0.1210080590099096,0.0,0.1210080590099096,0.1210080590099096,computed,62,True
urban__tokyo__r2c1,urban,tokyo,"Tokyo, Japan",35.6762,139.6503,35.71225557580426,139.6496922595109,30-45,32654,0.0,4000.0,12.5,0.001,14,20,cuda:0,0.0929665490191419,bilinear,,0.1127038079401777,-0.2123049540859245,169136,170129,,,,,,0.0,0.1081793108023703,0.0,0.1081793108023703,0.1081793108023703,computed,62,True
urban__tokyo__r2c1,urban,tokyo,"Tokyo, Japan",35.6762,139.6503,35.71225557580426,139.6496922595109,30-45,32654,0.0,4000.0,12.5,0.001,14,20,cuda:0,0.0929665490191419,bicubic,,0.105034546008105,-0.1298100996141991,169136,170129,,,,,,0.0,0.7686854498460889,0.0,0.7686854498460889,0.7686854498460889,computed,62,True
urban__tokyo__r2c2,urban,tokyo,"Tokyo, Japan",35.6762,139.6503,35.71274355201317,139.69390190298608,30-45,32654,4000.0,4000.0,12.5,0.001,14,20,cuda:0,0.0946886101347851,blurred_observation,12.5,0.0946886101347851,0.0,170128,170128,,,,,,0.0,0.0,0.0,0.0,0.0,computed,63,True
urban__tokyo__r2c2,urban,tokyo,"Tokyo, Japan",35.6762,139.6503,35.71274355201317,139.69390190298608,30-45,32654,4000.0,4000.0,12.5,0.001,14,20,cuda:0,0.0946886101347851,psf_aware_matched,12.5,0.0772564949910036,0.1840993876556811,170128,171458,22.0,65536.0,171458.0,1441792.0,0.000128311306559,0.3870473867282271,0.0402466668747365,2.1644121459685266,0.4272940536029637,2.5917061995714903,computed,63,True
urban__tokyo__r2c2,urban,tokyo,"Tokyo, Japan",35.6762,139.6503,35.71274355201317,139.69390190298608,30-45,32654,4000.0,4000.0,12.5,0.001,14,20,cuda:0,0.0946886101347851,psf_aware_plus50,18.75,0.1488568532428903,-0.5720671475798309,170128,173454,48.0,65536.0,173454.0,3145728.0,0.0002767304299699,0.4344874592497945,0.0807528560981154,2.1996764061041176,0.5152403153479099,2.714916721452028,computed,63,True
urban__tokyo__r2c2,urban,tokyo,"Tokyo, Japan",35.6762,139.6503,35.71274355201317,139.69390190298608,30-45,32654,4000.0,4000.0,12.5,0.001,14,20,cuda:0,0.0946886101347851,psf_aware_minus50,6.25,0.1078948369776768,-0.1394700674568265,169607,169607,9.0,65536.0,169607.0,589824.0,5.306384760062969e-05,0.5328646847046912,0.0322027220390737,2.140689624939114,0.5650674067437649,2.7057570316828787,computed,63,True
urban__tokyo__r2c2,urban,tokyo,"Tokyo, Japan",35.6762,139.6503,35.71274355201317,139.69390190298608,30-45,32654,4000.0,4000.0,12.5,0.001,14,20,cuda:0,0.0946886101347851,nearest,,0.1129732139437043,-0.1931024627237831,169144,170128,,,,,,0.0,0.1227904139086604,0.0,0.1227904139086604,0.1227904139086604,computed,63,True
urban__tokyo__r2c2,urban,tokyo,"Tokyo, Japan",35.6762,139.6503,35.71274355201317,139.69390190298608,30-45,32654,4000.0,4000.0,12.5,0.001,14,20,cuda:0,0.0946886101347851,bilinear,,0.1176820975325985,-0.2428326634542756,169144,170128,,,,,,0.0,0.1086577177047729,0.0,0.1086577177047729,0.1086577177047729,computed,63,True
urban__tokyo__r2c2,urban,tokyo,"Tokyo, Japan",35.6762,139.6503,35.71274355201317,139.69390190298608,30-45,32654,4000.0,4000.0,12.5,0.001,14,20,cuda:0,0.0946886101347851,bicubic,,0.1077655267865499,-0.1381044312842942,169144,170128,,,,,,0.0,0.7626528539694846,0.0,0.7626528539694846,0.7626528539694846,computed,63,True
urban__montreal__r0c0,urban,montreal,"Montreal, Canada",45.5019,-73.5674,45.46653642245644,-73.61946497358554,45-60,32618,-4000.0,-4000.0,12.5,0.001,14,20,cuda:0,0.072437892633188,blurred_observation,12.5,0.072437892633188,0.0,169768,169768,,,,,,0.0,0.0,0.0,0.0,0.0,computed,64,True
urban__montreal__r0c0,urban,montreal,"Montreal, Canada",45.5019,-73.5674,45.46653642245644,-73.61946497358554,45-60,32618,-4000.0,-4000.0,12.5,0.001,14,20,cuda:0,0.072437892633188,psf_aware_matched,12.5,0.054680454784544,0.2451401773732476,169768,171098,22.0,65536.0,171098.0,1441792.0,0.0001285812809033,0.5421806504018605,0.0412200009450316,2.170702479314059,0.5834006513468921,2.754103130660951,computed,64,True
urban__montreal__r0c0,urban,montreal,"Montreal, Canada",45.5019,-73.5674,45.46653642245644,-73.61946497358554,45-60,32618,-4000.0,-4000.0,12.5,0.001,14,20,cuda:0,0.072437892633188,psf_aware_plus50,18.75,0.1159535435063403,-0.6007304918919647,169768,173065,48.0,65536.0,173065.0,3145728.0,0.0002773524398347,0.438237733207643,0.0805359850637614,2.133575370069593,0.5187737182714045,2.6523490883409977,computed,64,True
urban__montreal__r0c0,urban,montreal,"Montreal, Canada",45.5019,-73.5674,45.46653642245644,-73.61946497358554,45-60,32618,-4000.0,-4000.0,12.5,0.001,14,20,cuda:0,0.072437892633188,psf_aware_minus50,6.25,0.0831894299635162,-0.1484242147238044,169230,169230,9.0,65536.0,169230.0,589824.0,5.318205991845418e-05,0.1807137709110975,0.0218242849223315,2.076387917622924,0.2025380558334291,2.278925973456353,computed,64,True
urban__montreal__r0c0,urban,montreal,"Montreal, Canada",45.5019,-73.5674,45.46653642245644,-73.61946497358554,45-60,32618,-4000.0,-4000.0,12.5,0.001,14,20,cuda:0,0.072437892633188,nearest,,0.0876465682660383,-0.2099546947046653,168776,169768,,,,,,0.0,0.1237427489832043,0.0,0.1237427489832043,0.1237427489832043,computed,64,True
urban__montreal__r0c0,urban,montreal,"Montreal, Canada",45.5019,-73.5674,45.46653642245644,-73.61946497358554,45-60,32618,-4000.0,-4000.0,12.5,0.001,14,20,cuda:0,0.072437892633188,bilinear,,0.0917080853289896,-0.2660236513696266,168776,169768,,,,,,0.0,0.1109541971236467,0.0,0.1109541971236467,0.1109541971236467,computed,64,True
urban__montreal__r0c0,urban,montreal,"Montreal, Canada",45.5019,-73.5674,45.46653642245644,-73.61946497358554,45-60,32618,-4000.0,-4000.0,12.5,0.001,14,20,cuda:0,0.072437892633188,bicubic,,0.0825485166656009,-0.1395764518386972,168776,169768,,,,,,0.0,0.7700339639559388,0.0,0.7700339639559388,0.7700339639559388,computed,64,True
urban__montreal__r0c1,urban,montreal,"Montreal, Canada",45.5019,-73.5674,45.46590662060698,-73.56831217339206,45-60,32618,0.0,-4000.0,12.5,0.001,14,20,cuda:0,0.0704248832869891,blurred_observation,12.5,0.0704248832869891,0.0,169768,169768,,,,,,0.0,0.0,0.0,0.0,0.0,computed,65,True
urban__montreal__r0c1,urban,montreal,"Montreal, Canada",45.5019,-73.5674,45.46590662060698,-73.56831217339206,45-60,32618,0.0,-4000.0,12.5,0.001,14,20,cuda:0,0.0704248832869891,psf_aware_matched,12.5,0.055407674180268,0.213237259414748,169768,171095,22.0,65536.0,171095.0,1441792.0,0.0001285835354627,0.2784589612856507,0.0403446615673601,2.120032660663128,0.3188036228530109,2.438836283516139,computed,65,True
urban__montreal__r0c1,urban,montreal,"Montreal, Canada",45.5019,-73.5674,45.46590662060698,-73.56831217339206,45-60,32618,0.0,-4000.0,12.5,0.001,14,20,cuda:0,0.0704248832869891,psf_aware_plus50,18.75,0.11607377884884,-0.6481927044994393,169768,173059,48.0,65536.0,173059.0,3145728.0,0.0002773620557151,0.4368728571571409,0.0805366258136928,2.109320792835206,0.5174094829708338,2.62673027580604,computed,65,True
urban__montreal__r0c1,urban,montreal,"Montreal, Canada",45.5019,-73.5674,45.46590662060698,-73.56831217339206,45-60,32618,0.0,-4000.0,12.5,0.001,14,20,cuda:0,0.0704248832869891,psf_aware_minus50,6.25,0.0810969319085698,-0.1515380377428665,169236,169236,9.0,65536.0,169236.0,589824.0,5.318017443097213e-05,0.2037208671681583,0.0219483599066734,2.1078483727760613,0.2256692270748317,2.333517599850893,computed,65,True
urban__montreal__r0c1,urban,montreal,"Montreal, Canada",45.5019,-73.5674,45.46590662060698,-73.56831217339206,45-60,32618,0.0,-4000.0,12.5,0.001,14,20,cuda:0,0.0704248832869891,nearest,,0.0855416790790591,-0.2146513431973662,168772,169768,,,,,,0.0,0.1203306959941983,0.0,0.1203306959941983,0.1203306959941983,computed,65,True
urban__montreal__r0c1,urban,montreal,"Montreal, Canada",45.5019,-73.5674,45.46590662060698,-73.56831217339206,45-60,32618,0.0,-4000.0,12.5,0.001,14,20,cuda:0,0.0704248832869891,bilinear,,0.0895676144481423,-0.2718177193584326,168772,169768,,,,,,0.0,0.1086438810452818,0.0,0.1086438810452818,0.1086438810452818,computed,65,True
urban__montreal__r0c1,urban,montreal,"Montreal, Canada",45.5019,-73.5674,45.46590662060698,-73.56831217339206,45-60,32618,0.0,-4000.0,12.5,0.001,14,20,cuda:0,0.0704248832869891,bicubic,,0.0809736958414085,-0.1497881439353161,168772,169768,,,,,,0.0,0.9700640202499926,0.0,0.9700640202499926,0.9700640202499926,computed,65,True
urban__montreal__r0c2,urban,montreal,"Montreal, Canada",45.5019,-73.5674,45.46525391958254,-73.51716109636185,45-60,32618,4000.0,-4000.0,12.5,0.001,14,20,cuda:0,0.0210673248313919,blurred_observation,12.5,0.0210673248313919,0.0,169749,169749,,,,,,0.0,0.0,0.0,0.0,0.0,computed,66,True
urban__montreal__r0c2,urban,montreal,"Montreal, Canada",45.5019,-73.5674,45.46525391958254,-73.51716109636185,45-60,32618,4000.0,-4000.0,12.5,0.001,14,20,cuda:0,0.0210673248313919,psf_aware_matched,12.5,0.0173223591923486,0.177761802650096,169749,171084,22.0,65536.0,171084.0,1441792.0,0.000128591802857,0.2798151201568544,0.0403709919191896,2.0733855008147657,0.3201861120760441,2.3935716128908098,computed,66,True
urban__montreal__r0c2,urban,montreal,"Montreal, Canada",45.5019,-73.5674,45.46525391958254,-73.51716109636185,45-60,32618,4000.0,-4000.0,12.5,0.001,14,20,cuda:0,0.0210673248313919,psf_aware_plus50,18.75,0.0365977086776937,-0.7371787339207077,169749,173058,48.0,65536.0,173058.0,3145728.0,0.0002773636584266,0.4480915949679911,0.0806869408115744,2.10966143803671,0.5287785357795656,2.638439973816276,computed,66,True
urban__montreal__r0c2,urban,montreal,"Montreal, Canada",45.5019,-73.5674,45.46525391958254,-73.51716109636185,45-60,32618,4000.0,-4000.0,12.5,0.001,14,20,cuda:0,0.0210673248313919,psf_aware_minus50,6.25,0.0249081809854306,-0.1823134254006251,169224,169224,9.0,65536.0,169224.0,589824.0,5.3183945539639765e-05,0.1940974211320281,0.0209509008564054,2.0415039169602096,0.2150483219884336,2.256552238948643,computed,66,True
urban__montreal__r0c2,urban,montreal,"Montreal, Canada",45.5019,-73.5674,45.46525391958254,-73.51716109636185,45-60,32618,4000.0,-4000.0,12.5,0.001,14,20,cuda:0,0.0210673248313919,nearest,,0.0259027108353043,-0.2295206459582022,168775,169749,,,,,,0.0,0.36238609906286,0.0,0.36238609906286,0.36238609906286,computed,66,True
urban__montreal__r0c2,urban,montreal,"Montreal, Canada",45.5019,-73.5674,45.46525391958254,-73.51716109636185,45-60,32618,4000.0,-4000.0,12.5,0.001,14,20,cuda:0,0.0210673248313919,bilinear,,0.0270879135223322,-0.285778509569905,168775,169749,,,,,,0.0,0.4048626697622239,0.0,0.4048626697622239,0.4048626697622239,computed,66,True
urban__montreal__r0c2,urban,montreal,"Montreal, Canada",45.5019,-73.5674,45.46525391958254,-73.51716109636185,45-60,32618,4000.0,-4000.0,12.5,0.001,14,20,cuda:0,0.0210673248313919,bicubic,,0.0245568042069884,-0.165634669020573,168775,169749,,,,,,0.0,0.7707583857700229,0.0,0.7707583857700229,0.7707583857700229,computed,66,True
urban__montreal__r1c0,urban,montreal,"Montreal, Canada",45.5019,-73.5674,45.50253058843423,-73.61858536552852,45-60,32618,-4000.0,0.0,12.5,0.001,14,20,cuda:0,0.0721027254572772,blurred_observation,12.5,0.0721027254572772,0.0,169754,169754,,,,,,0.0,0.0,0.0,0.0,0.0,computed,67,True
urban__montreal__r1c0,urban,montreal,"Montreal, Canada",45.5019,-73.5674,45.50253058843423,-73.61858536552852,45-60,32618,-4000.0,0.0,12.5,0.001,14,20,cuda:0,0.0721027254572772,psf_aware_matched,12.5,0.055145306531741,0.2351841600715067,169754,171088,22.0,65536.0,171088.0,1441792.0,0.0001285887964088,0.2762502669356763,0.0403255661949515,2.077713498380035,0.3165758331306278,2.394289331510663,computed,67,True
urban__montreal__r1c0,urban,montreal,"Montreal, Canada",45.5019,-73.5674,45.50253058843423,-73.61858536552852,45-60,32618,-4000.0,0.0,12.5,0.001,14,20,cuda:0,0.0721027254572772,psf_aware_plus50,18.75,0.1183794387285635,-0.6418164220256344,169754,173070,48.0,65536.0,173070.0,3145728.0,0.0002773444271104,0.54346225829795,0.0812065349891781,2.098197615239769,0.6246687932871282,2.722866408526897,computed,67,True
urban__montreal__r1c0,urban,montreal,"Montreal, Canada",45.5019,-73.5674,45.50253058843423,-73.61858536552852,45-60,32618,-4000.0,0.0,12.5,0.001,14,20,cuda:0,0.0721027254572772,psf_aware_minus50,6.25,0.0823955971379076,-0.1427528795250492,169231,169231,9.0,65536.0,169231.0,589824.0,5.318174566125592e-05,0.1969368876889348,0.0211021876893937,2.067451301962137,0.2180390753783285,2.285490377340466,computed,67,True
urban__montreal__r1c0,urban,montreal,"Montreal, Canada",45.5019,-73.5674,45.50253058843423,-73.61858536552852,45-60,32618,-4000.0,0.0,12.5,0.001,14,20,cuda:0,0.0721027254572772,nearest,,0.0869821544721301,-0.2063643075970738,168783,169754,,,,,,0.0,0.1207820419222116,0.0,0.1207820419222116,0.1207820419222116,computed,67,True
urban__montreal__r1c0,urban,montreal,"Montreal, Canada",45.5019,-73.5674,45.50253058843423,-73.61858536552852,45-60,32618,-4000.0,0.0,12.5,0.001,14,20,cuda:0,0.0721027254572772,bilinear,,0.0909976961502195,-0.2620562617170137,168783,169754,,,,,,0.0,0.1076776613481342,0.0,0.1076776613481342,0.1076776613481342,computed,67,True
urban__montreal__r1c0,urban,montreal,"Montreal, Canada",45.5019,-73.5674,45.50253058843423,-73.61858536552852,45-60,32618,-4000.0,0.0,12.5,0.001,14,20,cuda:0,0.0721027254572772,bicubic,,0.0822303892149146,-0.140461594113225,168783,169754,,,,,,0.0,0.7735767741687596,0.0,0.7735767741687596,0.7735767741687596,computed,67,True
urban__montreal__r1c1,urban,montreal,"Montreal, Canada",45.5019,-73.5674,45.501900000000006,-73.5674,45-60,32618,0.0,0.0,12.5,0.001,14,20,cuda:0,0.0823267536642865,blurred_observation,12.5,0.0823267536642865,0.0,169746,169746,,,,,,0.0,0.0,0.0,0.0,0.0,computed,68,True
urban__montreal__r1c1,urban,montreal,"Montreal, Canada",45.5019,-73.5674,45.501900000000006,-73.5674,45-60,32618,0.0,0.0,12.5,0.001,14,20,cuda:0,0.0823267536642865,psf_aware_matched,12.5,0.0617123618058788,0.2503972395470552,169746,171080,22.0,65536.0,171080.0,1441792.0,0.0001285948094458,0.276846167165786,0.0403235228732228,2.0758652868680656,0.3171696900390088,2.3930349769070745,computed,68,True
urban__montreal__r1c1,urban,montreal,"Montreal, Canada",45.5019,-73.5674,45.501900000000006,-73.5674,45-60,32618,0.0,0.0,12.5,0.001,14,20,cuda:0,0.0823267536642865,psf_aware_plus50,18.75,0.1305279099640279,-0.5854859344545136,169746,173068,48.0,65536.0,173068.0,3145728.0,0.0002773476321445,0.4376499177888036,0.080507141072303,2.1729990988969803,0.5181570588611066,2.691156157758087,computed,68,True
urban__montreal__r1c1,urban,montreal,"Montreal, Canada",45.5019,-73.5674,45.501900000000006,-73.5674,45-60,32618,0.0,0.0,12.5,0.001,14,20,cuda:0,0.0823267536642865,psf_aware_minus50,6.25,0.0950741227912655,-0.1548387196094289,169229,169229,9.0,65536.0,169229.0,589824.0,5.318237417936642e-05,0.196401503868401,0.0210542064160108,2.0726524023339152,0.2174557102844119,2.290108112618327,computed,68,True
urban__montreal__r1c1,urban,montreal,"Montreal, Canada",45.5019,-73.5674,45.501900000000006,-73.5674,45-60,32618,0.0,0.0,12.5,0.001,14,20,cuda:0,0.0823267536642865,nearest,,0.1003536699841401,-0.2189678994675785,168782,169746,,,,,,0.0,0.121634105220437,0.0,0.121634105220437,0.121634105220437,computed,68,True
urban__montreal__r1c1,urban,montreal,"Montreal, Canada",45.5019,-73.5674,45.501900000000006,-73.5674,45-60,32618,0.0,0.0,12.5,0.001,14,20,cuda:0,0.0823267536642865,bilinear,,0.1051640754969686,-0.277398546841874,168782,169746,,,,,,0.0,0.1076189102604985,0.0,0.1076189102604985,0.1076189102604985,computed,68,True
urban__montreal__r1c1,urban,montreal,"Montreal, Canada",45.5019,-73.5674,45.501900000000006,-73.5674,45-60,32618,0.0,0.0,12.5,0.001,14,20,cuda:0,0.0823267536642865,bicubic,,0.0938829495972862,-0.1403698727162705,168782,169746,,,,,,0.0,0.7768650818616152,0.0,0.7768650818616152,0.7768650818616152,computed,68,True
urban__montreal__r1c2,urban,montreal,"Montreal, Canada",45.5019,-73.5674,45.50124648380957,-73.51621636164262,45-60,32618,4000.0,0.0,12.5,0.001,14,20,cuda:0,0.0507313813949555,blurred_observation,12.5,0.0507313813949555,0.0,169757,169757,,,,,,0.0,0.0,0.0,0.0,0.0,computed,69,True
urban__montreal__r1c2,urban,montreal,"Montreal, Canada",45.5019,-73.5674,45.50124648380957,-73.51621636164262,45-60,32618,4000.0,0.0,12.5,0.001,14,20,cuda:0,0.0507313813949555,psf_aware_matched,12.5,0.0403260361338829,0.2051066810119872,169757,171088,22.0,65536.0,171088.0,1441792.0,0.0001285887964088,0.2763617387972772,0.0403463160619139,2.073281885124743,0.3167080548591912,2.389989939983934,computed,69,True
urban__montreal__r1c2,urban,montreal,"Montreal, Canada",45.5019,-73.5674,45.50124648380957,-73.51621636164262,45-60,32618,4000.0,0.0,12.5,0.001,14,20,cuda:0,0.0507313813949555,psf_aware_plus50,18.75,0.081969767401525,-0.6157606031535283,169757,173057,48.0,65536.0,173057.0,3145728.0,0.0002773652611567,0.4323552311398089,0.0804916410706937,2.0704285907559097,0.5128468722105026,2.5832754629664123,computed,69,True
urban__montreal__r1c2,urban,montreal,"Montreal, Canada",45.5019,-73.5674,45.50124648380957,-73.51621636164262,45-60,32618,4000.0,0.0,12.5,0.001,14,20,cuda:0,0.0507313813949555,psf_aware_minus50,6.25,0.0583870577293689,-0.1509061280001864,169225,169225,9.0,65536.0,169225.0,589824.0,5.31836312601566e-05,0.2461127070710063,0.0218384019099175,2.04284076904878,0.2679511089809239,2.310791878029704,computed,69,True
urban__montreal__r1c2,urban,montreal,"Montreal, Canada",45.5019,-73.5674,45.50124648380957,-73.51621636164262,45-60,32618,4000.0,0.0,12.5,0.001,14,20,cuda:0,0.0507313813949555,nearest,,0.0613252175747428,-0.2088221508756458,168765,169757,,,,,,0.0,0.1200457862578332,0.0,0.1200457862578332,0.1200457862578332,computed,69,True
urban__montreal__r1c2,urban,montreal,"Montreal, Canada",45.5019,-73.5674,45.50124648380957,-73.51621636164262,45-60,32618,4000.0,0.0,12.5,0.001,14,20,cuda:0,0.0507313813949555,bilinear,,0.0639807123073016,-0.2611663737124958,168765,169757,,,,,,0.0,0.1072640577331185,0.0,0.1072640577331185,0.1072640577331185,computed,69,True
urban__montreal__r1c2,urban,montreal,"Montreal, Canada",45.5019,-73.5674,45.50124648380957,-73.51621636164262,45-60,32618,4000.0,0.0,12.5,0.001,14,20,cuda:0,0.0507313813949555,bicubic,,0.05806909340697,-0.1446385217640482,168765,169757,,,,,,0.0,0.7611547466367483,0.0,0.7611547466367483,0.7611547466367483,computed,69,True
urban__montreal__r2c0,urban,montreal,"Montreal, Canada",45.5019,-73.5674,45.538524513295016,-73.61770409191038,45-60,32618,-4000.0,4000.0,12.5,0.001,14,20,cuda:0,0.0896039155622725,blurred_observation,12.5,0.0896039155622725,0.0,169760,169760,,,,,,0.0,0.0,0.0,0.0,0.0,computed,70,True
urban__montreal__r2c0,urban,montreal,"Montreal, Canada",45.5019,-73.5674,45.538524513295016,-73.61770409191038,45-60,32618,-4000.0,4000.0,12.5,0.001,14,20,cuda:0,0.0896039155622725,psf_aware_matched,12.5,0.0682385486066729,0.2384423361583028,169760,171089,22.0,65536.0,171089.0,1441792.0,0.0001285880448187,0.4851007997058332,0.0405388199724257,2.05795534607023,0.5256396196782589,2.583594965748489,computed,70,True
urban__montreal__r2c0,urban,montreal,"Montreal, Canada",45.5019,-73.5674,45.538524513295016,-73.61770409191038,45-60,32618,-4000.0,4000.0,12.5,0.001,14,20,cuda:0,0.0896039155622725,psf_aware_plus50,18.75,0.1443140759444504,-0.6105777860137789,169760,173060,48.0,65536.0,173060.0,3145728.0,0.000277360453022,0.4321261057630181,0.0806591883301734,2.086078751832247,0.5127852940931916,2.5988640459254384,computed,70,True
urban__montreal__r2c0,urban,montreal,"Montreal, Canada",45.5019,-73.5674,45.538524513295016,-73.61770409191038,45-60,32618,-4000.0,4000.0,12.5,0.001,14,20,cuda:0,0.0896039155622725,psf_aware_minus50,6.25,0.1028156143916053,-0.147445552422885,169230,169230,9.0,65536.0,169230.0,589824.0,5.318205991845418e-05,0.1758692660368979,0.0209828717634081,2.057286139111966,0.196852137800306,2.254138276912272,computed,70,True
urban__montreal__r2c0,urban,montreal,"Montreal, Canada",45.5019,-73.5674,45.538524513295016,-73.61770409191038,45-60,32618,-4000.0,4000.0,12.5,0.001,14,20,cuda:0,0.0896039155622725,nearest,,0.1084764540852297,-0.2106218060285694,168774,169760,,,,,,0.0,0.1210971279069781,0.0,0.1210971279069781,0.1210971279069781,computed,70,True
urban__montreal__r2c0,urban,montreal,"Montreal, Canada",45.5019,-73.5674,45.538524513295016,-73.61770409191038,45-60,32618,-4000.0,4000.0,12.5,0.001,14,20,cuda:0,0.0896039155622725,bilinear,,0.1138913414778514,-0.2710531762275474,168774,169760,,,,,,0.0,0.1072130710817873,0.0,0.1072130710817873,0.1072130710817873,computed,70,True
urban__montreal__r2c0,urban,montreal,"Montreal, Canada",45.5019,-73.5674,45.538524513295016,-73.61770409191038,45-60,32618,-4000.0,4000.0,12.5,0.001,14,20,cuda:0,0.0896039155622725,bicubic,,0.1023826874333463,-0.1426139894767537,168774,169760,,,,,,0.0,0.7675872701220214,0.0,0.7675872701220214,0.7675872701220214,computed,70,True
urban__montreal__r2c1,urban,montreal,"Montreal, Canada",45.5019,-73.5674,45.537893137281365,-73.56648609943463,45-60,32618,0.0,4000.0,12.5,0.001,14,20,cuda:0,0.085901659528829,blurred_observation,12.5,0.085901659528829,0.0,169743,169743,,,,,,0.0,0.0,0.0,0.0,0.0,computed,71,True
urban__montreal__r2c1,urban,montreal,"Montreal, Canada",45.5019,-73.5674,45.537893137281365,-73.56648609943463,45-60,32618,0.0,4000.0,12.5,0.001,14,20,cuda:0,0.085901659528829,psf_aware_matched,12.5,0.0652798876841733,0.240062554760481,169743,171090,22.0,65536.0,171090.0,1441792.0,0.0001285872932374,0.2759789139963686,0.0403850385919213,2.20675949100405,0.31636395258829,2.52312344359234,computed,71,True
urban__montreal__r2c1,urban,montreal,"Montreal, Canada",45.5019,-73.5674,45.537893137281365,-73.56648609943463,45-60,32618,0.0,4000.0,12.5,0.001,14,20,cuda:0,0.085901659528829,psf_aware_plus50,18.75,0.1376799967170469,-0.60276294395501,169743,173059,48.0,65536.0,173059.0,3145728.0,0.0002773620557151,0.4375398098491132,0.0806682249531149,2.092977487947792,0.5182080348022282,2.61118552275002,computed,71,True
urban__montreal__r2c1,urban,montreal,"Montreal, Canada",45.5019,-73.5674,45.537893137281365,-73.56648609943463,45-60,32618,0.0,4000.0,12.5,0.001,14,20,cuda:0,0.085901659528829,psf_aware_minus50,6.25,0.098735639724722,-0.1494031694647977,169221,169221,9.0,65536.0,169221.0,589824.0,5.318488840037584e-05,0.1749712559394538,0.0209001349285244,2.0318464660085738,0.1958713908679783,2.227717856876552,computed,71,True
urban__montreal__r2c1,urban,montreal,"Montreal, Canada",45.5019,-73.5674,45.537893137281365,-73.56648609943463,45-60,32618,0.0,4000.0,12.5,0.001,14,20,cuda:0,0.085901659528829,nearest,,0.1042160896001184,-0.2132022847025787,168771,169743,,,,,,0.0,0.1209595073014497,0.0,0.1209595073014497,0.1209595073014497,computed,71,True
urban__montreal__r2c1,urban,montreal,"Montreal, Canada",45.5019,-73.5674,45.537893137281365,-73.56648609943463,45-60,32618,0.0,4000.0,12.5,0.001,14,20,cuda:0,0.085901659528829,bilinear,,0.1094288499367343,-0.2738851674921307,168771,169743,,,,,,0.0,0.1086199758574366,0.0,0.1086199758574366,0.1086199758574366,computed,71,True
urban__montreal__r2c1,urban,montreal,"Montreal, Canada",45.5019,-73.5674,45.537893137281365,-73.56648609943463,45-60,32618,0.0,4000.0,12.5,0.001,14,20,cuda:0,0.085901659528829,bicubic,,0.098168671960438,-0.1428029737596876,168771,169743,,,,,,0.0,0.7857281188480556,0.0,0.7857281188480556,0.7857281188480556,computed,71,True
urban__montreal__r2c2,urban,montreal,"Montreal, Canada",45.5019,-73.5674,45.53723880489418,-73.51526983815103,45-60,32618,4000.0,4000.0,12.5,0.001,14,20,cuda:0,0.0475559816561126,blurred_observation,12.5,0.0475559816561126,0.0,169751,169751,,,,,,0.0,0.0,0.0,0.0,0.0,computed,72,True
urban__montreal__r2c2,urban,montreal,"Montreal, Canada",45.5019,-73.5674,45.53723880489418,-73.51526983815103,45-60,32618,4000.0,4000.0,12.5,0.001,14,20,cuda:0,0.0475559816561126,psf_aware_matched,12.5,0.0368882971390613,0.2243184589099961,169751,171084,22.0,65536.0,171084.0,1441792.0,0.000128591802857,0.2832924956455827,0.0404741079546511,2.092163076158613,0.3237666036002338,2.4159296797588468,computed,72,True
urban__montreal__r2c2,urban,montreal,"Montreal, Canada",45.5019,-73.5674,45.53723880489418,-73.51526983815103,45-60,32618,4000.0,4000.0,12.5,0.001,14,20,cuda:0,0.0475559816561126,psf_aware_plus50,18.75,0.0772145783293934,-0.6236564915797209,169751,173061,48.0,65536.0,173061.0,3145728.0,0.0002773588503475,0.7115689311176538,0.0807923600077629,2.102908007334918,0.7923612911254168,2.8952692984603345,computed,72,True
urban__montreal__r2c2,urban,montreal,"Montreal, Canada",45.5019,-73.5674,45.53723880489418,-73.51526983815103,45-60,32618,4000.0,4000.0,12.5,0.001,14,20,cuda:0,0.0475559816561126,psf_aware_minus50,6.25,0.0544690436462521,-0.1453668234656444,169217,169217,9.0,65536.0,169217.0,589824.0,5.318614560002837e-05,0.1949176238849759,0.0210171160288155,2.042820130009204,0.2159347399137914,2.258754869922996,computed,72,True
urban__montreal__r2c2,urban,montreal,"Montreal, Canada",45.5019,-73.5674,45.53723880489418,-73.51526983815103,45-60,32618,4000.0,4000.0,12.5,0.001,14,20,cuda:0,0.0475559816561126,nearest,,0.0573172075565217,-0.2052575840194956,168774,169751,,,,,,0.0,0.1214976459741592,0.0,0.1214976459741592,0.1214976459741592,computed,72,True
urban__montreal__r2c2,urban,montreal,"Montreal, Canada",45.5019,-73.5674,45.53723880489418,-73.51526983815103,45-60,32618,4000.0,4000.0,12.5,0.001,14,20,cuda:0,0.0475559816561126,bilinear,,0.0599614580469059,-0.2608604839765458,168774,169751,,,,,,0.0,0.1528953439556062,0.0,0.1528953439556062,0.1528953439556062,computed,72,True
urban__montreal__r2c2,urban,montreal,"Montreal, Canada",45.5019,-73.5674,45.53723880489418,-73.51526983815103,45-60,32618,4000.0,4000.0,12.5,0.001,14,20,cuda:0,0.0475559816561126,bicubic,,0.0542574270844571,-0.1409169823641551,168774,169751,,,,,,0.0,0.9312993409112096,0.0,0.9312993409112096,0.9312993409112096,computed,72,True
urban__paris__r0c0,urban,paris,"Paris, France",48.8566,2.3522,48.82029996377494,2.2981754547839266,45-60,32631,-4000.0,-4000.0,12.5,0.001,14,20,cuda:0,0.0637986958050206,blurred_observation,12.5,0.0637986958050206,0.0,169676,169676,,,,,,0.0,0.0,0.0,0.0,0.0,computed,73,True
urban__paris__r0c0,urban,paris,"Paris, France",48.8566,2.3522,48.82029996377494,2.2981754547839266,45-60,32631,-4000.0,-4000.0,12.5,0.001,14,20,cuda:0,0.0637986958050206,psf_aware_matched,12.5,0.0488615120660237,0.2341299230418029,169676,170989,22.0,65536.0,170989.0,1441792.0,0.0001286632473433,0.2784210289828479,0.040369049180299,1.503243532963097,0.318790078163147,1.822033611126244,computed,73,True
urban__paris__r0c0,urban,paris,"Paris, France",48.8566,2.3522,48.82029996377494,2.2981754547839266,45-60,32631,-4000.0,-4000.0,12.5,0.001,14,20,cuda:0,0.0637986958050206,psf_aware_plus50,18.75,0.1060147080146108,-0.6617065078980497,169676,172962,48.0,65536.0,172962.0,3145728.0,0.000277517605023,0.5018952190876007,0.0806026509962976,1.5281400359235704,0.5824978700838983,2.1106379060074687,computed,73,True
urban__paris__r0c0,urban,paris,"Paris, France",48.8566,2.3522,48.82029996377494,2.2981754547839266,45-60,32631,-4000.0,-4000.0,12.5,0.001,14,20,cuda:0,0.0637986958050206,psf_aware_minus50,6.25,0.0727377698070249,-0.1401137419693274,169123,169123,9.0,65536.0,169123.0,589824.0,5.321570691153776e-05,0.193721828982234,0.0210205931216478,1.553972383029759,0.2147424221038818,1.7687148051336408,computed,73,True
urban__paris__r0c0,urban,paris,"Paris, France",48.8566,2.3522,48.82029996377494,2.2981754547839266,45-60,32631,-4000.0,-4000.0,12.5,0.001,14,20,cuda:0,0.0637986958050206,nearest,,0.0772598666575168,-0.2109944518871638,168697,169676,,,,,,0.0,0.118468829896301,0.0,0.118468829896301,0.118468829896301,computed,73,True
urban__paris__r0c0,urban,paris,"Paris, France",48.8566,2.3522,48.82029996377494,2.2981754547839266,45-60,32631,-4000.0,-4000.0,12.5,0.001,14,20,cuda:0,0.0637986958050206,bilinear,,0.0809690805251821,-0.2691337887632852,168697,169676,,,,,,0.0,0.106200264301151,0.0,0.106200264301151,0.106200264301151,computed,73,True
urban__paris__r0c0,urban,paris,"Paris, France",48.8566,2.3522,48.82029996377494,2.2981754547839266,45-60,32631,-4000.0,-4000.0,12.5,0.001,14,20,cuda:0,0.0637986958050206,bicubic,,0.0728440306102786,-0.1417793058482261,168697,169676,,,,,,0.0,0.7682159203104675,0.0,0.7682159203104675,0.7682159203104675,computed,73,True
urban__paris__r0c1,urban,paris,"Paris, France",48.8566,2.3522,48.82061882280493,2.35266382896826,45-60,32631,0.0,-4000.0,12.5,0.001,14,20,cuda:0,0.0706172989347181,blurred_observation,12.5,0.0706172989347181,0.0,169678,169678,,,,,,0.0,0.0,0.0,0.0,0.0,computed,74,True
urban__paris__r0c1,urban,paris,"Paris, France",48.8566,2.3522,48.82061882280493,2.35266382896826,45-60,32631,0.0,-4000.0,12.5,0.001,14,20,cuda:0,0.0706172989347181,psf_aware_matched,12.5,0.0544064509034672,0.2295591629217785,169678,171004,22.0,65536.0,171004.0,1441792.0,0.0001286519613576,0.2814150499179959,0.0404347628355026,1.5252082240767777,0.3218498127534985,1.8470580368302765,computed,74,True
urban__paris__r0c1,urban,paris,"Paris, France",48.8566,2.3522,48.82061882280493,2.35266382896826,45-60,32631,0.0,-4000.0,12.5,0.001,14,20,cuda:0,0.0706172989347181,psf_aware_plus50,18.75,0.1181840662884026,-0.673585198970261,169678,172947,48.0,65536.0,172947.0,3145728.0,0.000277541674617,0.4784630890935659,0.081002258695662,1.54890023637563,0.559465347789228,2.108365584164858,computed,74,True
urban__paris__r0c1,urban,paris,"Paris, France",48.8566,2.3522,48.82061882280493,2.35266382896826,45-60,32631,0.0,-4000.0,12.5,0.001,14,20,cuda:0,0.0706172989347181,psf_aware_minus50,6.25,0.0807855423533298,-0.1439908290461755,169140,169140,9.0,65536.0,169140.0,589824.0,5.321035828307911e-05,0.1939235208556056,0.0209792247042059,1.488180052023381,0.2149027455598116,1.7030827975831926,computed,74,True
urban__paris__r0c1,urban,paris,"Paris, France",48.8566,2.3522,48.82061882280493,2.35266382896826,45-60,32631,0.0,-4000.0,12.5,0.001,14,20,cuda:0,0.0706172989347181,nearest,,0.0858712473577238,-0.2160086643515948,168689,169678,,,,,,0.0,0.1196314715780317,0.0,0.1196314715780317,0.1196314715780317,computed,74,True
urban__paris__r0c1,urban,paris,"Paris, France",48.8566,2.3522,48.82061882280493,2.35266382896826,45-60,32631,0.0,-4000.0,12.5,0.001,14,20,cuda:0,0.0706172989347181,bilinear,,0.0900565706314912,-0.2752763414916737,168689,169678,,,,,,0.0,0.1070969309657812,0.0,0.1070969309657812,0.1070969309657812,computed,74,True
urban__paris__r0c1,urban,paris,"Paris, France",48.8566,2.3522,48.82061882280493,2.35266382896826,45-60,32631,0.0,-4000.0,12.5,0.001,14,20,cuda:0,0.0706172989347181,bicubic,,0.0808395936085273,-0.144756240015059,168689,169678,,,,,,0.0,0.9408348109573126,0.0,0.9408348109573126,0.9408348109573126,computed,74,True
urban__paris__r0c2,urban,paris,"Paris, France",48.8566,2.3522,48.82091192858306,2.407153121052389,45-60,32631,4000.0,-4000.0,12.5,0.001,14,20,cuda:0,0.0651272754915328,blurred_observation,12.5,0.0651272754915328,0.0,169671,169671,,,,,,0.0,0.0,0.0,0.0,0.0,computed,75,True
urban__paris__r0c2,urban,paris,"Paris, France",48.8566,2.3522,48.82091192858306,2.407153121052389,45-60,32631,4000.0,-4000.0,12.5,0.001,14,20,cuda:0,0.0651272754915328,psf_aware_matched,12.5,0.0503715446638184,0.2265676049911342,169671,171003,22.0,65536.0,171003.0,1441792.0,0.000128652713695,0.2873043352738023,0.0403846292756497,1.5495371823199091,0.327688964549452,1.8772261468693612,computed,75,True
urban__paris__r0c2,urban,paris,"Paris, France",48.8566,2.3522,48.82091192858306,2.407153121052389,45-60,32631,4000.0,-4000.0,12.5,0.001,14,20,cuda:0,0.0651272754915328,psf_aware_plus50,18.75,0.1064553623640349,-0.6345741712759827,169671,172948,48.0,65536.0,172948.0,3145728.0,0.0002775400698475,0.4363906937651336,0.0805698791518807,1.5439568529836831,0.5169605729170144,2.0609174259006977,computed,75,True
urban__paris__r0c2,urban,paris,"Paris, France",48.8566,2.3522,48.82091192858306,2.407153121052389,45-60,32631,4000.0,-4000.0,12.5,0.001,14,20,cuda:0,0.0651272754915328,psf_aware_minus50,6.25,0.074394472128022,-0.1422936329908966,169148,169148,9.0,65536.0,169148.0,589824.0,5.320784165346324e-05,0.1959122777916491,0.0209100428037345,1.482973069883883,0.2168223205953836,1.6997953904792666,computed,75,True
urban__paris__r0c2,urban,paris,"Paris, France",48.8566,2.3522,48.82091192858306,2.407153121052389,45-60,32631,4000.0,-4000.0,12.5,0.001,14,20,cuda:0,0.0651272754915328,nearest,,0.0787126467775128,-0.2085972610315354,168691,169671,,,,,,0.0,0.1186868119984865,0.0,0.1186868119984865,0.1186868119984865,computed,75,True
urban__paris__r0c2,urban,paris,"Paris, France",48.8566,2.3522,48.82091192858306,2.407153121052389,45-60,32631,4000.0,-4000.0,12.5,0.001,14,20,cuda:0,0.0651272754915328,bilinear,,0.0824033980868118,-0.2652670861001238,168691,169671,,,,,,0.0,0.1053393515758216,0.0,0.1053393515758216,0.1053393515758216,computed,75,True
urban__paris__r0c2,urban,paris,"Paris, France",48.8566,2.3522,48.82091192858306,2.407153121052389,45-60,32631,4000.0,-4000.0,12.5,0.001,14,20,cuda:0,0.0651272754915328,bicubic,,0.0742618769051798,-0.1402576930280858,168691,169671,,,,,,0.0,0.7678234069608152,0.0,0.7678234069608152,0.7678234069608152,computed,75,True
urban__paris__r1c0,urban,paris,"Paris, France",48.8566,2.3522,48.856280739284,2.2976725913504663,45-60,32631,-4000.0,0.0,12.5,0.001,14,20,cuda:0,0.07235631512115,blurred_observation,12.5,0.07235631512115,0.0,169691,169691,,,,,,0.0,0.0,0.0,0.0,0.0,computed,76,True
urban__paris__r1c0,urban,paris,"Paris, France",48.8566,2.3522,48.856280739284,2.2976725913504663,45-60,32631,-4000.0,0.0,12.5,0.001,14,20,cuda:0,0.07235631512115,psf_aware_matched,12.5,0.0547072536444317,0.2439187436116323,169691,170992,22.0,65536.0,170992.0,1441792.0,0.0001286609899878,0.2802691999822855,0.040263288654387,1.6017074431292713,0.3205324886366725,1.922239931765944,computed,76,True
urban__paris__r1c0,urban,paris,"Paris, France",48.8566,2.3522,48.856280739284,2.2976725913504663,45-60,32631,-4000.0,0.0,12.5,0.001,14,20,cuda:0,0.07235631512115,psf_aware_plus50,18.75,0.1228399247634994,-0.6977084109081837,169691,172956,48.0,65536.0,172956.0,3145728.0,0.0002775272323596,0.479434619192034,0.0802705022506415,1.5231061917729676,0.5597051214426756,2.082811313215643,computed,76,True
urban__paris__r1c0,urban,paris,"Paris, France",48.8566,2.3522,48.856280739284,2.2976725913504663,45-60,32631,-4000.0,0.0,12.5,0.001,14,20,cuda:0,0.07235631512115,psf_aware_minus50,6.25,0.082873442653316,-0.145351895194727,169127,169127,9.0,65536.0,169127.0,589824.0,5.3214448313988894e-05,0.1938837459310889,0.0210638050921261,1.5550386318936944,0.214947551023215,1.7699861829169097,computed,76,True
urban__paris__r1c0,urban,paris,"Paris, France",48.8566,2.3522,48.856280739284,2.2976725913504663,45-60,32631,-4000.0,0.0,12.5,0.001,14,20,cuda:0,0.07235631512115,nearest,,0.0879244609579471,-0.2151594620418482,168694,169691,,,,,,0.0,0.120226738974452,0.0,0.120226738974452,0.120226738974452,computed,76,True
urban__paris__r1c0,urban,paris,"Paris, France",48.8566,2.3522,48.856280739284,2.2976725913504663,45-60,32631,-4000.0,0.0,12.5,0.001,14,20,cuda:0,0.07235631512115,bilinear,,0.0921399101335608,-0.2734190509741414,168694,169691,,,,,,0.0,0.1069305357523262,0.0,0.1069305357523262,0.1069305357523262,computed,76,True
urban__paris__r1c0,urban,paris,"Paris, France",48.8566,2.3522,48.856280739284,2.2976725913504663,45-60,32631,-4000.0,0.0,12.5,0.001,14,20,cuda:0,0.07235631512115,bicubic,,0.0828933907371664,-0.1456275875626556,168694,169691,,,,,,0.0,0.8613504678942263,0.0,0.8613504678942263,0.8613504678942263,computed,76,True
urban__paris__r1c1,urban,paris,"Paris, France",48.8566,2.3522,48.85660000000001,2.3522,45-60,32631,0.0,0.0,12.5,0.001,14,20,cuda:0,0.0860360314529407,blurred_observation,12.5,0.0860360314529407,0.0,169664,169664,,,,,,0.0,0.0,0.0,0.0,0.0,computed,77,True
urban__paris__r1c1,urban,paris,"Paris, France",48.8566,2.3522,48.85660000000001,2.3522,45-60,32631,0.0,0.0,12.5,0.001,14,20,cuda:0,0.0860360314529407,psf_aware_matched,12.5,0.068056924707072,0.2089718277591962,169664,171002,22.0,65536.0,171002.0,1441792.0,0.0001286534660413,0.2822884549386799,0.0404876340180635,1.5144692538306117,0.3227760889567435,1.8372453427873552,computed,77,True
urban__paris__r1c1,urban,paris,"Paris, France",48.8566,2.3522,48.85660000000001,2.3522,45-60,32631,0.0,0.0,12.5,0.001,14,20,cuda:0,0.0860360314529407,psf_aware_plus50,18.75,0.142213420393742,-0.6529518852985297,169664,172956,48.0,65536.0,172956.0,3145728.0,0.0002775272323596,0.4309579050168395,0.0809155339375138,1.556067611090839,0.5118734389543533,2.067941050045192,computed,77,True
urban__paris__r1c1,urban,paris,"Paris, France",48.8566,2.3522,48.85660000000001,2.3522,45-60,32631,0.0,0.0,12.5,0.001,14,20,cuda:0,0.0860360314529407,psf_aware_minus50,6.25,0.0975049606090343,-0.1333037910095462,169130,169130,9.0,65536.0,169130.0,589824.0,5.321350440489564e-05,0.176499119028449,0.0209870291873812,1.570927295833826,0.1974861482158303,1.7684134440496564,computed,77,True
urban__paris__r1c1,urban,paris,"Paris, France",48.8566,2.3522,48.85660000000001,2.3522,45-60,32631,0.0,0.0,12.5,0.001,14,20,cuda:0,0.0860360314529407,nearest,,0.1030561187549784,-0.1978251090224587,168689,169664,,,,,,0.0,0.1195529629476368,0.0,0.1195529629476368,0.1195529629476368,computed,77,True
urban__paris__r1c1,urban,paris,"Paris, France",48.8566,2.3522,48.85660000000001,2.3522,45-60,32631,0.0,0.0,12.5,0.001,14,20,cuda:0,0.0860360314529407,bilinear,,0.1077618389129175,-0.2525198697926947,168689,169664,,,,,,0.0,0.1063614380545914,0.0,0.1063614380545914,0.1063614380545914,computed,77,True
urban__paris__r1c1,urban,paris,"Paris, France",48.8566,2.3522,48.85660000000001,2.3522,45-60,32631,0.0,0.0,12.5,0.001,14,20,cuda:0,0.0860360314529407,bicubic,,0.0981065942187112,-0.1402966008767243,168689,169664,,,,,,0.0,0.7622752692550421,0.0,0.7622752692550421,0.7622752692550421,computed,77,True
urban__paris__r1c2,urban,paris,"Paris, France",48.8566,2.3522,48.85689347502571,2.4067283288866896,45-60,32631,4000.0,0.0,12.5,0.001,14,20,cuda:0,0.0794361301609622,blurred_observation,12.5,0.0794361301609622,0.0,169673,169673,,,,,,0.0,0.0,0.0,0.0,0.0,computed,78,True
urban__paris__r1c2,urban,paris,"Paris, France",48.8566,2.3522,48.85689347502571,2.4067283288866896,45-60,32631,4000.0,0.0,12.5,0.001,14,20,cuda:0,0.0794361301609622,psf_aware_matched,12.5,0.0614307634636641,0.226664701072593,169673,171000,22.0,65536.0,171000.0,1441792.0,0.0001286549707602,0.313442119397223,0.0403980440460145,1.522318009287119,0.3538401634432375,1.8761581727303565,computed,78,True
urban__paris__r1c2,urban,paris,"Paris, France",48.8566,2.3522,48.85689347502571,2.4067283288866896,45-60,32631,4000.0,0.0,12.5,0.001,14,20,cuda:0,0.0794361301609622,psf_aware_plus50,18.75,0.1342532741043033,-0.6900782280338256,169673,172944,48.0,65536.0,172944.0,3145728.0,0.0002775464890369,0.4768147468566894,0.0808036616072058,1.5296119740232823,0.5576184084638953,2.087230382487178,computed,78,True
urban__paris__r1c2,urban,paris,"Paris, France",48.8566,2.3522,48.85689347502571,2.4067283288866896,45-60,32631,4000.0,0.0,12.5,0.001,14,20,cuda:0,0.0794361301609622,psf_aware_minus50,6.25,0.0905812847952037,-0.1403033432225107,169148,169148,9.0,65536.0,169148.0,589824.0,5.320784165346324e-05,0.1933060009032488,0.0210180380381643,1.570846252143383,0.2143240389414131,1.7851702910847962,computed,78,True
urban__paris__r1c2,urban,paris,"Paris, France",48.8566,2.3522,48.85689347502571,2.4067283288866896,45-60,32631,4000.0,0.0,12.5,0.001,14,20,cuda:0,0.0794361301609622,nearest,,0.096284044525949,-0.2120938460980881,168688,169673,,,,,,0.0,0.1194616206921637,0.0,0.1194616206921637,0.1194616206921637,computed,78,True
urban__paris__r1c2,urban,paris,"Paris, France",48.8566,2.3522,48.85689347502571,2.4067283288866896,45-60,32631,4000.0,0.0,12.5,0.001,14,20,cuda:0,0.0794361301609622,bilinear,,0.1008856981789577,-0.2700228217881721,168688,169673,,,,,,0.0,0.1054554916918277,0.0,0.1054554916918277,0.1054554916918277,computed,78,True
urban__paris__r1c2,urban,paris,"Paris, France",48.8566,2.3522,48.85689347502571,2.4067283288866896,45-60,32631,4000.0,0.0,12.5,0.001,14,20,cuda:0,0.0794361301609622,bicubic,,0.0909616408299262,-0.1450915426722043,168688,169673,,,,,,0.0,0.7766975248232484,0.0,0.7766975248232484,0.7766975248232484,computed,78,True
urban__paris__r2c0,urban,paris,"Paris, France",48.8566,2.3522,48.89226128522776,2.297168730250136,45-60,32631,-4000.0,4000.0,12.5,0.001,14,20,cuda:0,0.0761816172994695,blurred_observation,12.5,0.0761816172994695,0.0,169678,169678,,,,,,0.0,0.0,0.0,0.0,0.0,computed,79,True
urban__paris__r2c0,urban,paris,"Paris, France",48.8566,2.3522,48.89226128522776,2.297168730250136,45-60,32631,-4000.0,4000.0,12.5,0.001,14,20,cuda:0,0.0761816172994695,psf_aware_matched,12.5,0.0572834585394362,0.2480671772265577,169678,171000,22.0,65536.0,171000.0,1441792.0,0.0001286549707602,0.2962397583760321,0.0403067409060895,1.5419428390450776,0.3365464992821216,1.8784893383271992,computed,79,True
urban__paris__r2c0,urban,paris,"Paris, France",48.8566,2.3522,48.89226128522776,2.297168730250136,45-60,32631,-4000.0,4000.0,12.5,0.001,14,20,cuda:0,0.0761816172994695,psf_aware_plus50,18.75,0.1293343349296896,-0.6977105437559434,169678,172958,48.0,65536.0,172958.0,3145728.0,0.0002775240231732,0.4836710230447352,0.0809193709865212,1.5739318658597767,0.5645903940312564,2.138522259891033,computed,79,True
urban__paris__r2c0,urban,paris,"Paris, France",48.8566,2.3522,48.89226128522776,2.297168730250136,45-60,32631,-4000.0,4000.0,12.5,0.001,14,20,cuda:0,0.0761816172994695,psf_aware_minus50,6.25,0.0859875048205202,-0.128717240046293,169134,169134,9.0,65536.0,169134.0,589824.0,5.321224591152577e-05,0.4391321372240782,0.0215814849361777,1.562274067196995,0.4607136221602559,2.022987689357251,computed,79,True
urban__paris__r2c0,urban,paris,"Paris, France",48.8566,2.3522,48.89226128522776,2.297168730250136,45-60,32631,-4000.0,4000.0,12.5,0.001,14,20,cuda:0,0.0761816172994695,nearest,,0.091540360119217,-0.2016069409418321,168691,169678,,,,,,0.0,0.1201014420948922,0.0,0.1201014420948922,0.1201014420948922,computed,79,True
urban__paris__r2c0,urban,paris,"Paris, France",48.8566,2.3522,48.89226128522776,2.297168730250136,45-60,32631,-4000.0,4000.0,12.5,0.001,14,20,cuda:0,0.0761816172994695,bilinear,,0.0958856079957607,-0.2586449512988789,168691,169678,,,,,,0.0,0.1059505599550902,0.0,0.1059505599550902,0.1059505599550902,computed,79,True
urban__paris__r2c0,urban,paris,"Paris, France",48.8566,2.3522,48.89226128522776,2.297168730250136,45-60,32631,-4000.0,4000.0,12.5,0.001,14,20,cuda:0,0.0761816172994695,bicubic,,0.0865862633943359,-0.1365768601888004,168691,169678,,,,,,0.0,0.7648542132228613,0.0,0.7648542132228613,0.7648542132228613,computed,79,True
urban__paris__r2c1,urban,paris,"Paris, France",48.8566,2.3522,48.892580948202585,2.351735250793208,45-60,32631,0.0,4000.0,12.5,0.001,14,20,cuda:0,0.0827385615747959,blurred_observation,12.5,0.0827385615747959,0.0,169679,169679,,,,,,0.0,0.0,0.0,0.0,0.0,computed,80,True
urban__paris__r2c1,urban,paris,"Paris, France",48.8566,2.3522,48.892580948202585,2.351735250793208,45-60,32631,0.0,4000.0,12.5,0.001,14,20,cuda:0,0.0827385615747959,psf_aware_matched,12.5,0.066400657245799,0.1974642055412995,169679,170992,22.0,65536.0,170992.0,1441792.0,0.0001286609899878,0.3029598258435726,0.0404428481124341,1.612123932223767,0.3434026739560067,1.9555266061797736,computed,80,True
urban__paris__r2c1,urban,paris,"Paris, France",48.8566,2.3522,48.892580948202585,2.351735250793208,45-60,32631,0.0,4000.0,12.5,0.001,14,20,cuda:0,0.0827385615747959,psf_aware_plus50,18.75,0.1410359822972927,-0.7045979481985027,169679,172941,48.0,65536.0,172941.0,3145728.0,0.0002775513036237,0.4741056063212454,0.0811187787912786,1.5284005301073194,0.555224385112524,2.0836249152198434,computed,80,True
urban__paris__r2c1,urban,paris,"Paris, France",48.8566,2.3522,48.892580948202585,2.351735250793208,45-60,32631,0.0,4000.0,12.5,0.001,14,20,cuda:0,0.0827385615747959,psf_aware_minus50,6.25,0.0936521889130236,-0.1319049682578981,169131,169131,9.0,65536.0,169131.0,589824.0,5.321318977597247e-05,0.193843328859657,0.0208913879469037,1.5966764437034726,0.2147347168065607,1.8114111605100331,computed,80,True
urban__paris__r2c1,urban,paris,"Paris, France",48.8566,2.3522,48.892580948202585,2.351735250793208,45-60,32631,0.0,4000.0,12.5,0.001,14,20,cuda:0,0.0827385615747959,nearest,,0.099045256297145,-0.1970869980330478,168693,169679,,,,,,0.0,0.1195185682736337,0.0,0.1195185682736337,0.1195185682736337,computed,80,True
urban__paris__r2c1,urban,paris,"Paris, France",48.8566,2.3522,48.892580948202585,2.351735250793208,45-60,32631,0.0,4000.0,12.5,0.001,14,20,cuda:0,0.0827385615747959,bilinear,,0.1034573685792319,-0.2504129466368123,168693,169679,,,,,,0.0,0.1061384263448417,0.0,0.1061384263448417,0.1061384263448417,computed,80,True
urban__paris__r2c1,urban,paris,"Paris, France",48.8566,2.3522,48.892580948202585,2.351735250793208,45-60,32631,0.0,4000.0,12.5,0.001,14,20,cuda:0,0.0827385615747959,bicubic,,0.0948712265298496,-0.1466385772743419,168693,169679,,,,,,0.0,0.8312912951223552,0.0,0.8312912951223552,0.8312912951223552,computed,80,True
urban__paris__r2c2,urban,paris,"Paris, France",48.8566,2.3522,48.89287479300247,2.406302693919052,45-60,32631,4000.0,4000.0,12.5,0.001,14,20,cuda:0,0.0668953955020283,blurred_observation,12.5,0.0668953955020283,0.0,169658,169658,,,,,,0.0,0.0,0.0,0.0,0.0,computed,81,True
urban__paris__r2c2,urban,paris,"Paris, France",48.8566,2.3522,48.89287479300247,2.406302693919052,45-60,32631,4000.0,4000.0,12.5,0.001,14,20,cuda:0,0.0668953955020283,psf_aware_matched,12.5,0.0526031447019366,0.213650740724874,169658,171001,22.0,65536.0,171001.0,1441792.0,0.0001286542183963,0.3013593447394669,0.0404511643573641,1.523541776929051,0.3418105090968311,1.8653522860258815,computed,81,True
urban__paris__r2c2,urban,paris,"Paris, France",48.8566,2.3522,48.89287479300247,2.406302693919052,45-60,32631,4000.0,4000.0,12.5,0.001,14,20,cuda:0,0.0668953955020283,psf_aware_plus50,18.75,0.111363969374003,-0.6647479028751135,169658,172942,48.0,65536.0,172942.0,3145728.0,0.0002775496987429,0.4330761460587382,0.0809097727760672,1.5461198901757598,0.5139859188348055,2.0601058090105653,computed,81,True
urban__paris__r2c2,urban,paris,"Paris, France",48.8566,2.3522,48.89287479300247,2.406302693919052,45-60,32631,4000.0,4000.0,12.5,0.001,14,20,cuda:0,0.0668953955020283,psf_aware_minus50,6.25,0.0764465503044365,-0.1427774621964612,169139,169139,9.0,65536.0,169139.0,589824.0,5.3210672878520034e-05,0.2926007262431085,0.0210463521070778,1.5629590130411088,0.3136470783501863,1.8766060913912952,computed,81,True
urban__paris__r2c2,urban,paris,"Paris, France",48.8566,2.3522,48.89287479300247,2.406302693919052,45-60,32631,4000.0,4000.0,12.5,0.001,14,20,cuda:0,0.0668953955020283,nearest,,0.0809399858904489,-0.2099485365625011,168688,169658,,,,,,0.0,0.1197845106944441,0.0,0.1197845106944441,0.1197845106944441,computed,81,True
urban__paris__r2c2,urban,paris,"Paris, France",48.8566,2.3522,48.89287479300247,2.406302693919052,45-60,32631,4000.0,4000.0,12.5,0.001,14,20,cuda:0,0.0668953955020283,bilinear,,0.0847401436860007,-0.2667560009183483,168688,169658,,,,,,0.0,0.1062011248432099,0.0,0.1062011248432099,0.1062011248432099,computed,81,True
urban__paris__r2c2,urban,paris,"Paris, France",48.8566,2.3522,48.89287479300247,2.406302693919052,45-60,32631,4000.0,4000.0,12.5,0.001,14,20,cuda:0,0.0668953955020283,bicubic,,0.0765495735241542,-0.1443175266350451,168688,169658,,,,,,0.0,0.7694835923612118,0.0,0.7694835923612118,0.7694835923612118,computed,81,True
urban__reykjavik__r0c0,urban,reykjavik,"Reykjavik, Iceland",64.1466,-21.9426,64.11015571466663,-22.02347605636371,60-75,32627,-4000.0,-4000.0,12.5,0.001,14,20,cuda:0,0.0314815260504383,blurred_observation,12.5,0.0314815260504383,0.0,169112,169112,,,,,,0.0,0.0,0.0,0.0,0.0,computed,82,True
urban__reykjavik__r0c0,urban,reykjavik,"Reykjavik, Iceland",64.1466,-21.9426,64.11015571466663,-22.02347605636371,60-75,32627,-4000.0,-4000.0,12.5,0.001,14,20,cuda:0,0.0314815260504383,psf_aware_matched,12.5,0.0235443606893931,0.252121366299989,169112,170450,22.0,65536.0,170450.0,1441792.0,0.0001290701085362,0.2765450356528163,0.0403586188331246,1.963879126124084,0.3169036544859409,2.280782780610025,computed,82,True
urban__reykjavik__r0c0,urban,reykjavik,"Reykjavik, Iceland",64.1466,-21.9426,64.11015571466663,-22.02347605636371,60-75,32627,-4000.0,-4000.0,12.5,0.001,14,20,cuda:0,0.0314815260504383,psf_aware_plus50,18.75,0.0523875081536249,-0.6640714325503771,169112,172425,48.0,65536.0,172425.0,3145728.0,0.0002783819051761,0.4294589650817215,0.0809943727217614,1.9751241439953449,0.510453337803483,2.485577481798828,computed,82,True
urban__reykjavik__r0c0,urban,reykjavik,"Reykjavik, Iceland",64.1466,-21.9426,64.11015571466663,-22.02347605636371,60-75,32627,-4000.0,-4000.0,12.5,0.001,14,20,cuda:0,0.0314815260504383,psf_aware_minus50,6.25,0.0363451080939933,-0.154490034433617,168591,168591,9.0,65536.0,168591.0,589824.0,5.338363257825151e-05,0.1755571248941123,0.0221605817787349,2.024150960147381,0.1977177066728472,2.221868666820228,computed,82,True
urban__reykjavik__r0c0,urban,reykjavik,"Reykjavik, Iceland",64.1466,-21.9426,64.11015571466663,-22.02347605636371,60-75,32627,-4000.0,-4000.0,12.5,0.001,14,20,cuda:0,0.0314815260504383,nearest,,0.0384714045376237,-0.2220311199649773,168130,169112,,,,,,0.0,0.121744894888252,0.0,0.121744894888252,0.121744894888252,computed,82,True
urban__reykjavik__r0c0,urban,reykjavik,"Reykjavik, Iceland",64.1466,-21.9426,64.11015571466663,-22.02347605636371,60-75,32627,-4000.0,-4000.0,12.5,0.001,14,20,cuda:0,0.0314815260504383,bilinear,,0.0402903283092736,-0.279808616797109,168130,169112,,,,,,0.0,0.1084472178481519,0.0,0.1084472178481519,0.1084472178481519,computed,82,True
urban__reykjavik__r0c0,urban,reykjavik,"Reykjavik, Iceland",64.1466,-21.9426,64.11015571466663,-22.02347605636371,60-75,32627,-4000.0,-4000.0,12.5,0.001,14,20,cuda:0,0.0314815260504383,bicubic,,0.0360842870096381,-0.1462051411302452,168130,169112,,,,,,0.0,0.7575242510065436,0.0,0.7575242510065436,0.7575242510065436,computed,82,True
urban__reykjavik__r0c1,urban,reykjavik,"Reykjavik, Iceland",64.1466,-21.9426,64.11070940369189,-21.94138469496526,60-75,32627,0.0,-4000.0,12.5,0.001,14,20,cuda:0,0.0395790972348536,blurred_observation,12.5,0.0395790972348536,0.0,169119,169119,,,,,,0.0,0.0,0.0,0.0,0.0,computed,83,True
urban__reykjavik__r0c1,urban,reykjavik,"Reykjavik, Iceland",64.1466,-21.9426,64.11070940369189,-21.94138469496526,60-75,32627,0.0,-4000.0,12.5,0.001,14,20,cuda:0,0.0395790972348536,psf_aware_matched,12.5,0.0316617346560447,0.2000389885557265,169119,170452,22.0,65536.0,170452.0,1441792.0,0.000129068594091,0.2761218049563467,0.0406715921126306,1.9747723978944125,0.3167933970689773,2.2915657949633896,computed,83,True
urban__reykjavik__r0c1,urban,reykjavik,"Reykjavik, Iceland",64.1466,-21.9426,64.11070940369189,-21.94138469496526,60-75,32627,0.0,-4000.0,12.5,0.001,14,20,cuda:0,0.0395790972348536,psf_aware_plus50,18.75,0.0642053197497649,-0.622202734154969,169119,172418,48.0,65536.0,172418.0,3145728.0,0.0002783932072057,0.4959353813901543,0.0813770378008484,1.9642114453017712,0.5773124191910028,2.541523864492774,computed,83,True
urban__reykjavik__r0c1,urban,reykjavik,"Reykjavik, Iceland",64.1466,-21.9426,64.11070940369189,-21.94138469496526,60-75,32627,0.0,-4000.0,12.5,0.001,14,20,cuda:0,0.0395790972348536,psf_aware_minus50,6.25,0.0454730643897167,-0.1489161594538046,168591,168591,9.0,65536.0,168591.0,589824.0,5.338363257825151e-05,0.1932887388393283,0.0225199931301176,1.900610716082156,0.2158087319694459,2.1164194480516016,computed,83,True
urban__reykjavik__r0c1,urban,reykjavik,"Reykjavik, Iceland",64.1466,-21.9426,64.11070940369189,-21.94138469496526,60-75,32627,0.0,-4000.0,12.5,0.001,14,20,cuda:0,0.0395790972348536,nearest,,0.047687558767544,-0.2048672683102543,168129,169119,,,,,,0.0,0.1227981699630618,0.0,0.1227981699630618,0.1227981699630618,computed,83,True
urban__reykjavik__r0c1,urban,reykjavik,"Reykjavik, Iceland",64.1466,-21.9426,64.11070940369189,-21.94138469496526,60-75,32627,0.0,-4000.0,12.5,0.001,14,20,cuda:0,0.0395790972348536,bilinear,,0.0497144757455476,-0.2560790725102422,168129,169119,,,,,,0.0,0.1087223500944674,0.0,0.1087223500944674,0.1087223500944674,computed,83,True
urban__reykjavik__r0c1,urban,reykjavik,"Reykjavik, Iceland",64.1466,-21.9426,64.11070940369189,-21.94138469496526,60-75,32627,0.0,-4000.0,12.5,0.001,14,20,cuda:0,0.0395790972348536,bicubic,,0.0453303534327199,-0.1453104441402404,168129,169119,,,,,,0.0,0.7634807522408664,0.0,0.7634807522408664,0.7634807522408664,computed,83,True
urban__reykjavik__r0c2,urban,reykjavik,"Reykjavik, Iceland",64.1466,-21.9426,64.11121683199232,-21.859289836082795,60-75,32627,4000.0,-4000.0,12.5,0.001,14,20,cuda:0,0.0697383118496793,blurred_observation,12.5,0.0697383118496793,0.0,169112,169112,,,,,,0.0,0.0,0.0,0.0,0.0,computed,84,True
urban__reykjavik__r0c2,urban,reykjavik,"Reykjavik, Iceland",64.1466,-21.9426,64.11121683199232,-21.859289836082795,60-75,32627,4000.0,-4000.0,12.5,0.001,14,20,cuda:0,0.0697383118496793,psf_aware_matched,12.5,0.0543716803078032,0.2203470536395954,169112,170450,22.0,65536.0,170450.0,1441792.0,0.0001290701085362,0.2776832720264792,0.0404261569492518,1.9594695642590525,0.3181094289757311,2.2775789932347834,computed,84,True
urban__reykjavik__r0c2,urban,reykjavik,"Reykjavik, Iceland",64.1466,-21.9426,64.11121683199232,-21.859289836082795,60-75,32627,4000.0,-4000.0,12.5,0.001,14,20,cuda:0,0.0697383118496793,psf_aware_plus50,18.75,0.1161461361001709,-0.6654566624802072,169112,172425,48.0,65536.0,172425.0,3145728.0,0.0002783819051761,0.4280467801727354,0.0808725417591631,1.9431812637485564,0.5089193219318986,2.452100585680455,computed,84,True
urban__reykjavik__r0c2,urban,reykjavik,"Reykjavik, Iceland",64.1466,-21.9426,64.11121683199232,-21.859289836082795,60-75,32627,4000.0,-4000.0,12.5,0.001,14,20,cuda:0,0.0697383118496793,psf_aware_minus50,6.25,0.0803998690077865,-0.1528794843942893,168598,168598,9.0,65536.0,168598.0,589824.0,5.3381416149657766e-05,0.193588675931096,0.0223754486069083,1.9284415673464537,0.2159641245380044,2.144405691884458,computed,84,True
urban__reykjavik__r0c2,urban,reykjavik,"Reykjavik, Iceland",64.1466,-21.9426,64.11121683199232,-21.859289836082795,60-75,32627,4000.0,-4000.0,12.5,0.001,14,20,cuda:0,0.0697383118496793,nearest,,0.0847873482159529,-0.2157929546489696,168135,169112,,,,,,0.0,0.1220395825803279,0.0,0.1220395825803279,0.1220395825803279,computed,84,True
urban__reykjavik__r0c2,urban,reykjavik,"Reykjavik, Iceland",64.1466,-21.9426,64.11121683199232,-21.859289836082795,60-75,32627,4000.0,-4000.0,12.5,0.001,14,20,cuda:0,0.0697383118496793,bilinear,,0.08873795394646,-0.2724419561192466,168135,169112,,,,,,0.0,0.1081658261828124,0.0,0.1081658261828124,0.1081658261828124,computed,84,True
urban__reykjavik__r0c2,urban,reykjavik,"Reykjavik, Iceland",64.1466,-21.9426,64.11121683199232,-21.859289836082795,60-75,32627,4000.0,-4000.0,12.5,0.001,14,20,cuda:0,0.0697383118496793,bicubic,,0.0802253619239106,-0.1503771714009372,168135,169112,,,,,,0.0,0.757521053776145,0.0,0.757521053776145,0.757521053776145,computed,84,True
urban__reykjavik__r1c0,urban,reykjavik,"Reykjavik, Iceland",64.1466,-21.9426,64.14604543056885,-22.02479729600801,60-75,32627,-4000.0,0.0,12.5,0.001,14,20,cuda:0,0.0212486794219466,blurred_observation,12.5,0.0212486794219466,0.0,169112,169112,,,,,,0.0,0.0,0.0,0.0,0.0,computed,85,True
urban__reykjavik__r1c0,urban,reykjavik,"Reykjavik, Iceland",64.1466,-21.9426,64.14604543056885,-22.02479729600801,60-75,32627,-4000.0,0.0,12.5,0.001,14,20,cuda:0,0.0212486794219466,psf_aware_matched,12.5,0.0165067107456167,0.2231653356976232,169112,170442,22.0,65536.0,170442.0,1441792.0,0.0001290761666725,0.5149977952241898,0.0480727297253906,1.931872365064919,0.5630705249495804,2.4949428900144994,computed,85,True
urban__reykjavik__r1c0,urban,reykjavik,"Reykjavik, Iceland",64.1466,-21.9426,64.14604543056885,-22.02479729600801,60-75,32627,-4000.0,0.0,12.5,0.001,14,20,cuda:0,0.0212486794219466,psf_aware_plus50,18.75,0.0354125610151281,-0.6665770287141897,169112,172419,48.0,65536.0,172419.0,3145728.0,0.0002783915925739,0.4286415069364011,0.0805608527734875,1.9510369030758736,0.5092023597098887,2.4602392627857625,computed,85,True
urban__reykjavik__r1c0,urban,reykjavik,"Reykjavik, Iceland",64.1466,-21.9426,64.14604543056885,-22.02479729600801,60-75,32627,-4000.0,0.0,12.5,0.001,14,20,cuda:0,0.0212486794219466,psf_aware_minus50,6.25,0.0242023425528145,-0.1390045504577215,168594,168594,9.0,65536.0,168594.0,589824.0,5.338268265774583e-05,0.1733076749369502,0.0222971709445118,2.037405855022371,0.1956048458814621,2.233010700903833,computed,85,True
urban__reykjavik__r1c0,urban,reykjavik,"Reykjavik, Iceland",64.1466,-21.9426,64.14604543056885,-22.02479729600801,60-75,32627,-4000.0,0.0,12.5,0.001,14,20,cuda:0,0.0212486794219466,nearest,,0.0254097232559657,-0.1958259970603839,168130,169112,,,,,,0.0,0.1217419393360614,0.0,0.1217419393360614,0.1217419393360614,computed,85,True
urban__reykjavik__r1c0,urban,reykjavik,"Reykjavik, Iceland",64.1466,-21.9426,64.14604543056885,-22.02479729600801,60-75,32627,-4000.0,0.0,12.5,0.001,14,20,cuda:0,0.0212486794219466,bilinear,,0.0266148193286927,-0.2525399249613476,168130,169112,,,,,,0.0,0.1090010269545018,0.0,0.1090010269545018,0.1090010269545018,computed,85,True
urban__reykjavik__r1c0,urban,reykjavik,"Reykjavik, Iceland",64.1466,-21.9426,64.14604543056885,-22.02479729600801,60-75,32627,-4000.0,0.0,12.5,0.001,14,20,cuda:0,0.0212486794219466,bicubic,,0.0241742475083838,-0.1376823485517686,168130,169112,,,,,,0.0,0.7656563431955874,0.0,0.7656563431955874,0.7656563431955874,computed,85,True
urban__reykjavik__r1c1,urban,reykjavik,"Reykjavik, Iceland",64.1466,-21.9426,64.1466,-21.9426,60-75,32627,0.0,0.0,12.5,0.001,14,20,cuda:0,0.0715598968296258,blurred_observation,12.5,0.0715598968296258,0.0,169117,169117,,,,,,0.0,0.0,0.0,0.0,0.0,computed,86,True
urban__reykjavik__r1c1,urban,reykjavik,"Reykjavik, Iceland",64.1466,-21.9426,64.1466,-21.9426,60-75,32627,0.0,0.0,12.5,0.001,14,20,cuda:0,0.0715598968296258,psf_aware_matched,12.5,0.0559014932268364,0.2188153462555978,169117,170450,22.0,65536.0,170450.0,1441792.0,0.0001290701085362,0.2727232277393341,0.0405833446420729,1.922763623762876,0.313306572381407,2.236070196144283,computed,86,True
urban__reykjavik__r1c1,urban,reykjavik,"Reykjavik, Iceland",64.1466,-21.9426,64.1466,-21.9426,60-75,32627,0.0,0.0,12.5,0.001,14,20,cuda:0,0.0715598968296258,psf_aware_plus50,18.75,0.1154541387826447,-0.613391632711894,169117,172416,48.0,65536.0,172416.0,3145728.0,0.0002783964365256,0.4261621707119047,0.0799105800688266,1.9352206559851768,0.5060727507807314,2.441293406765908,computed,86,True
urban__reykjavik__r1c1,urban,reykjavik,"Reykjavik, Iceland",64.1466,-21.9426,64.1466,-21.9426,60-75,32627,0.0,0.0,12.5,0.001,14,20,cuda:0,0.0715598968296258,psf_aware_minus50,6.25,0.0814528239573144,-0.1382468053474455,168589,168589,9.0,65536.0,168589.0,589824.0,5.338426587737041e-05,0.17797906184569,0.0231861439533531,1.894800019916147,0.2011652057990431,2.09596522571519,computed,86,True
urban__reykjavik__r1c1,urban,reykjavik,"Reykjavik, Iceland",64.1466,-21.9426,64.1466,-21.9426,60-75,32627,0.0,0.0,12.5,0.001,14,20,cuda:0,0.0715598968296258,nearest,,0.0858819480618038,-0.2001407473556982,168128,169117,,,,,,0.0,0.1292185797356069,0.0,0.1292185797356069,0.1292185797356069,computed,86,True
urban__reykjavik__r1c1,urban,reykjavik,"Reykjavik, Iceland",64.1466,-21.9426,64.1466,-21.9426,60-75,32627,0.0,0.0,12.5,0.001,14,20,cuda:0,0.0715598968296258,bilinear,,0.089660704502885,-0.252946251674379,168128,169117,,,,,,0.0,0.2994688740000129,0.0,0.2994688740000129,0.2994688740000129,computed,86,True
urban__reykjavik__r1c1,urban,reykjavik,"Reykjavik, Iceland",64.1466,-21.9426,64.1466,-21.9426,60-75,32627,0.0,0.0,12.5,0.001,14,20,cuda:0,0.0715598968296258,bicubic,,0.0816758347124535,-0.1413632262063251,168128,169117,,,,,,0.0,0.8301955498754978,0.0,0.8301955498754978,0.8301955498754978,computed,86,True
urban__reykjavik__r1c2,urban,reykjavik,"Reykjavik, Iceland",64.1466,-21.9426,64.14710823517932,-21.86039919199552,60-75,32627,4000.0,0.0,12.5,0.001,14,20,cuda:0,0.05952398862009,blurred_observation,12.5,0.05952398862009,0.0,169116,169116,,,,,,0.0,0.0,0.0,0.0,0.0,computed,87,True
urban__reykjavik__r1c2,urban,reykjavik,"Reykjavik, Iceland",64.1466,-21.9426,64.14710823517932,-21.86039919199552,60-75,32627,4000.0,0.0,12.5,0.001,14,20,cuda:0,0.05952398862009,psf_aware_matched,12.5,0.0468371800045264,0.2131377434488931,169116,170451,22.0,65536.0,170451.0,1441792.0,0.0001290693513091,0.2749280338175595,0.0403134739026427,1.930336114950478,0.3152415077202022,2.2455776226706803,computed,87,True
urban__reykjavik__r1c2,urban,reykjavik,"Reykjavik, Iceland",64.1466,-21.9426,64.14710823517932,-21.86039919199552,60-75,32627,4000.0,0.0,12.5,0.001,14,20,cuda:0,0.05952398862009,psf_aware_plus50,18.75,0.0955954773980399,-0.6059991881285876,169116,172421,48.0,65536.0,172421.0,3145728.0,0.0002783883633664,0.4268594109453261,0.0809624716639518,1.9493721001781523,0.507821882609278,2.4571939827874303,computed,87,True
urban__reykjavik__r1c2,urban,reykjavik,"Reykjavik, Iceland",64.1466,-21.9426,64.14710823517932,-21.86039919199552,60-75,32627,4000.0,0.0,12.5,0.001,14,20,cuda:0,0.05952398862009,psf_aware_minus50,6.25,0.0679396592933203,-0.1413828419150977,168590,168590,9.0,65536.0,168590.0,589824.0,5.338394922593273e-05,0.1740261260420084,0.0221945857629179,1.9108359520323572,0.1962207118049264,2.107056663837284,computed,87,True
urban__reykjavik__r1c2,urban,reykjavik,"Reykjavik, Iceland",64.1466,-21.9426,64.14710823517932,-21.86039919199552,60-75,32627,4000.0,0.0,12.5,0.001,14,20,cuda:0,0.05952398862009,nearest,,0.071549115247134,-0.2020215194884527,168134,169116,,,,,,0.0,0.1224039830267429,0.0,0.1224039830267429,0.1224039830267429,computed,87,True
urban__reykjavik__r1c2,urban,reykjavik,"Reykjavik, Iceland",64.1466,-21.9426,64.14710823517932,-21.86039919199552,60-75,32627,4000.0,0.0,12.5,0.001,14,20,cuda:0,0.05952398862009,bilinear,,0.0747408861879081,-0.2556431099558767,168134,169116,,,,,,0.0,0.1088446117937564,0.0,0.1088446117937564,0.1088446117937564,computed,87,True
urban__reykjavik__r1c2,urban,reykjavik,"Reykjavik, Iceland",64.1466,-21.9426,64.14710823517932,-21.86039919199552,60-75,32627,4000.0,0.0,12.5,0.001,14,20,cuda:0,0.05952398862009,bicubic,,0.0679107444733758,-0.1408970744016151,168134,169116,,,,,,0.0,0.7687760307453573,0.0,0.7687760307453573,0.7687760307453573,computed,87,True
urban__reykjavik__r2c0,urban,reykjavik,"Reykjavik, Iceland",64.1466,-21.9426,64.1819349535051,-22.0261223536254,60-75,32627,-4000.0,4000.0,12.5,0.001,14,20,cuda:0,0.0004585091899456,blurred_observation,12.5,0.0004585091899456,0.0,169105,169105,,,,,,0.0,0.0,0.0,0.0,0.0,computed,88,True
urban__reykjavik__r2c0,urban,reykjavik,"Reykjavik, Iceland",64.1466,-21.9426,64.1819349535051,-22.0261223536254,60-75,32627,-4000.0,4000.0,12.5,0.001,14,20,cuda:0,0.0004585091899456,psf_aware_matched,12.5,0.000384311311806,0.1618241897144654,169105,170446,22.0,65536.0,170446.0,1441792.0,0.0001290731375332,0.2761504389345646,0.0402860720641911,1.943552537355572,0.3164365109987557,2.259989048354328,computed,88,True
urban__reykjavik__r2c0,urban,reykjavik,"Reykjavik, Iceland",64.1466,-21.9426,64.1819349535051,-22.0261223536254,60-75,32627,-4000.0,4000.0,12.5,0.001,14,20,cuda:0,0.0004585091899456,psf_aware_plus50,18.75,0.0006854953431098,-0.4950525706826747,169105,172420,48.0,65536.0,172420.0,3145728.0,0.0002783899779607,0.4313908540643751,0.080947645008564,1.979947951156646,0.5123384990729392,2.492286450229585,computed,88,True
urban__reykjavik__r2c0,urban,reykjavik,"Reykjavik, Iceland",64.1466,-21.9426,64.1819349535051,-22.0261223536254,60-75,32627,-4000.0,4000.0,12.5,0.001,14,20,cuda:0,0.0004585091899456,psf_aware_minus50,6.25,0.0005422103168298,-0.1825505981551904,168583,168583,9.0,65536.0,168583.0,589824.0,5.338616586488555e-05,0.3897463390603661,0.0220139035955071,1.920710084028542,0.4117602426558733,2.332470326684416,computed,88,True
urban__reykjavik__r2c0,urban,reykjavik,"Reykjavik, Iceland",64.1466,-21.9426,64.1819349535051,-22.0261223536254,60-75,32627,-4000.0,4000.0,12.5,0.001,14,20,cuda:0,0.0004585091899456,nearest,,0.0005492372064602,-0.1978761135088826,168131,169105,,,,,,0.0,0.1216132156550884,0.0,0.1216132156550884,0.1216132156550884,computed,88,True
urban__reykjavik__r2c0,urban,reykjavik,"Reykjavik, Iceland",64.1466,-21.9426,64.1819349535051,-22.0261223536254,60-75,32627,-4000.0,4000.0,12.5,0.001,14,20,cuda:0,0.0004585091899456,bilinear,,0.0005610307043018,-0.2235975125565805,168131,169105,,,,,,0.0,0.1092062662355601,0.0,0.1092062662355601,0.1092062662355601,computed,88,True
urban__reykjavik__r2c0,urban,reykjavik,"Reykjavik, Iceland",64.1466,-21.9426,64.1819349535051,-22.0261223536254,60-75,32627,-4000.0,4000.0,12.5,0.001,14,20,cuda:0,0.0004585091899456,bicubic,,0.0005151772602778,-0.1235920055143853,168131,169105,,,,,,0.0,0.7568372189998627,0.0,0.7568372189998627,0.7568372189998627,computed,88,True
urban__reykjavik__r2c1,urban,reykjavik,"Reykjavik, Iceland",64.1466,-21.9426,64.18249040561801,-21.94381881704467,60-75,32627,0.0,4000.0,12.5,0.001,14,20,cuda:0,0.0045916097980905,blurred_observation,12.5,0.0045916097980905,0.0,169114,169114,,,,,,0.0,0.0,0.0,0.0,0.0,computed,89,True
urban__reykjavik__r2c1,urban,reykjavik,"Reykjavik, Iceland",64.1466,-21.9426,64.18249040561801,-21.94381881704467,60-75,32627,0.0,4000.0,12.5,0.001,14,20,cuda:0,0.0045916097980905,psf_aware_matched,12.5,0.0033282684237052,0.2751412750514411,169114,170445,22.0,65536.0,170445.0,1441792.0,0.0001290738948047,0.2775083510205149,0.0402286630123853,1.927230343222618,0.3177370140329003,2.2449673572555184,computed,89,True
urban__reykjavik__r2c1,urban,reykjavik,"Reykjavik, Iceland",64.1466,-21.9426,64.18249040561801,-21.94381881704467,60-75,32627,0.0,4000.0,12.5,0.001,14,20,cuda:0,0.0045916097980905,psf_aware_plus50,18.75,0.0072145985657399,-0.571256897469844,169114,172425,48.0,65536.0,172425.0,3145728.0,0.0002783819051761,0.4327151519246399,0.0807480569928884,1.9616353958845136,0.5134632089175284,2.4750986048020422,computed,89,True
urban__reykjavik__r2c1,urban,reykjavik,"Reykjavik, Iceland",64.1466,-21.9426,64.18249040561801,-21.94381881704467,60-75,32627,0.0,4000.0,12.5,0.001,14,20,cuda:0,0.0045916097980905,psf_aware_minus50,6.25,0.0054825825722711,-0.1940436607986717,168585,168585,9.0,65536.0,168585.0,589824.0,5.3385532520686894e-05,0.1753996768966317,0.0222219480201601,1.9756269459612668,0.1976216249167919,2.1732485708780587,computed,89,True
urban__reykjavik__r2c1,urban,reykjavik,"Reykjavik, Iceland",64.1466,-21.9426,64.18249040561801,-21.94381881704467,60-75,32627,0.0,4000.0,12.5,0.001,14,20,cuda:0,0.0045916097980905,nearest,,0.0057933378874175,-0.2617226075758128,168129,169114,,,,,,0.0,0.1212792126461863,0.0,0.1212792126461863,0.1212792126461863,computed,89,True
urban__reykjavik__r2c1,urban,reykjavik,"Reykjavik, Iceland",64.1466,-21.9426,64.18249040561801,-21.94381881704467,60-75,32627,0.0,4000.0,12.5,0.001,14,20,cuda:0,0.0045916097980905,bilinear,,0.0060382235335068,-0.3150558952151809,168129,169114,,,,,,0.0,0.1087653012946248,0.0,0.1087653012946248,0.1087653012946248,computed,89,True
urban__reykjavik__r2c1,urban,reykjavik,"Reykjavik, Iceland",64.1466,-21.9426,64.18249040561801,-21.94381881704467,60-75,32627,0.0,4000.0,12.5,0.001,14,20,cuda:0,0.0045916097980905,bicubic,,0.0052419957869465,-0.1416466157743765,168129,169114,,,,,,0.0,0.7631728588603437,0.0,0.7631728588603437,0.7631728588603437,computed,89,True
urban__reykjavik__r2c2,urban,reykjavik,"Reykjavik, Iceland",64.1466,-21.9426,64.18299944976205,-21.86151175387424,60-75,32627,4000.0,4000.0,12.5,0.001,14,20,cuda:0,0.0059473746035847,blurred_observation,12.5,0.0059473746035847,0.0,169119,169119,,,,,,0.0,0.0,0.0,0.0,0.0,computed,90,True
urban__reykjavik__r2c2,urban,reykjavik,"Reykjavik, Iceland",64.1466,-21.9426,64.18299944976205,-21.86151175387424,60-75,32627,4000.0,4000.0,12.5,0.001,14,20,cuda:0,0.0059473746035847,psf_aware_matched,12.5,0.0043955676979967,0.2609230137702601,169119,170455,22.0,65536.0,170455.0,1441792.0,0.0001290663224898,0.2719163596630096,0.0403431798331439,1.9397533922456205,0.3122595394961536,2.252012931741774,computed,90,True
urban__reykjavik__r2c2,urban,reykjavik,"Reykjavik, Iceland",64.1466,-21.9426,64.18299944976205,-21.86151175387424,60-75,32627,4000.0,4000.0,12.5,0.001,14,20,cuda:0,0.0059473746035847,psf_aware_plus50,18.75,0.0098674604496144,-0.659128793344677,169119,172414,48.0,65536.0,172414.0,3145728.0,0.0002783996659204,0.4306636359542608,0.0805064886808395,1.9519263878464697,0.5111701246351004,2.4630965124815702,computed,90,True
urban__reykjavik__r2c2,urban,reykjavik,"Reykjavik, Iceland",64.1466,-21.9426,64.18299944976205,-21.86151175387424,60-75,32627,4000.0,4000.0,12.5,0.001,14,20,cuda:0,0.0059473746035847,psf_aware_minus50,6.25,0.0071310263500493,-0.1990208832231828,168584,168584,9.0,65536.0,168584.0,589824.0,5.33858491909078e-05,0.1756937736645341,0.0222084620036184,1.9118720549158752,0.1979022356681525,2.109774290584028,computed,90,True
urban__reykjavik__r2c2,urban,reykjavik,"Reykjavik, Iceland",64.1466,-21.9426,64.18299944976205,-21.86151175387424,60-75,32627,4000.0,4000.0,12.5,0.001,14,20,cuda:0,0.0059473746035847,nearest,,0.0074631904634508,-0.2548714283025743,168127,169119,,,,,,0.0,0.1214061826467514,0.0,0.1214061826467514,0.1214061826467514,computed,90,True
urban__reykjavik__r2c2,urban,reykjavik,"Reykjavik, Iceland",64.1466,-21.9426,64.18299944976205,-21.86151175387424,60-75,32627,4000.0,4000.0,12.5,0.001,14,20,cuda:0,0.0059473746035847,bilinear,,0.0077551416128507,-0.3039605085875001,168127,169119,,,,,,0.0,0.3089865809306502,0.0,0.3089865809306502,0.3089865809306502,computed,90,True
urban__reykjavik__r2c2,urban,reykjavik,"Reykjavik, Iceland",64.1466,-21.9426,64.18299944976205,-21.86151175387424,60-75,32627,4000.0,4000.0,12.5,0.001,14,20,cuda:0,0.0059473746035847,bicubic,,0.0068449469595908,-0.1509190888135809,168127,169119,,,,,,0.0,0.7990554799325764,0.0,0.7990554799325764,0.7990554799325764,computed,90,True
water__lake_victoria__r0c0,water,lake_victoria,Lake Victoria,-1.0,33.0,-1.0361889347151867,32.96404717228493,00-15,32736,-4000.0,-4000.0,12.5,0.001,14,20,cuda:0,0.0002646172466451,blurred_observation,12.5,0.0002646172466451,0.0,170766,170766,,,,,,0.0,0.0,0.0,0.0,0.0,computed,91,True
water__lake_victoria__r0c0,water,lake_victoria,Lake Victoria,-1.0,33.0,-1.0361889347151867,32.96404717228493,00-15,32736,-4000.0,-4000.0,12.5,0.001,14,20,cuda:0,0.0002646172466451,psf_aware_matched,12.5,0.0002137154859195,0.1923599514805982,170766,172472,22.0,65536.0,172472.0,1441792.0,0.0001275569367781,0.2737942957319319,0.0402455651201307,1.6981474603526294,0.3140398608520627,2.012187321204692,computed,91,True
water__lake_victoria__r0c0,water,lake_victoria,Lake Victoria,-1.0,33.0,-1.0361889347151867,32.96404717228493,00-15,32736,-4000.0,-4000.0,12.5,0.001,14,20,cuda:0,0.0002646172466451,psf_aware_plus50,18.75,0.0004129353494455,-0.5605005141610726,170766,174287,48.0,65536.0,174287.0,3145728.0,0.0002754078043686,0.4336391217075288,0.0803680079989135,1.727110667154193,0.5140071297064424,2.2411177968606357,computed,91,True
water__lake_victoria__r0c0,water,lake_victoria,Lake Victoria,-1.0,33.0,-1.0361889347151867,32.96404717228493,00-15,32736,-4000.0,-4000.0,12.5,0.001,14,20,cuda:0,0.0002646172466451,psf_aware_minus50,6.25,0.0003149477075681,-0.1902009848608492,170588,170588,9.0,65536.0,170588.0,589824.0,5.275869346026684e-05,0.1738078822381794,0.0222904882393777,1.7394999312236905,0.1960983704775571,1.935598301701248,computed,91,True
water__lake_victoria__r0c0,water,lake_victoria,Lake Victoria,-1.0,33.0,-1.0361889347151867,32.96404717228493,00-15,32736,-4000.0,-4000.0,12.5,0.001,14,20,cuda:0,0.0002646172466451,nearest,,0.0003253061560233,-0.2293460088020997,169595,170766,,,,,,0.0,0.1224689958617091,0.0,0.1224689958617091,0.1224689958617091,computed,91,True
water__lake_victoria__r0c0,water,lake_victoria,Lake Victoria,-1.0,33.0,-1.0361889347151867,32.96404717228493,00-15,32736,-4000.0,-4000.0,12.5,0.001,14,20,cuda:0,0.0002646172466451,bilinear,,0.0003371447101116,-0.2740844158346938,169595,170766,,,,,,0.0,0.1077657691203057,0.0,0.1077657691203057,0.1077657691203057,computed,91,True
water__lake_victoria__r0c0,water,lake_victoria,Lake Victoria,-1.0,33.0,-1.0361889347151867,32.96404717228493,00-15,32736,-4000.0,-4000.0,12.5,0.001,14,20,cuda:0,0.0002646172466451,bicubic,,0.0003029570781592,-0.1448878786256036,169595,170766,,,,,,0.0,0.7674564523622394,0.0,0.7674564523622394,0.7674564523622394,computed,91,True
water__lake_victoria__r0c1,water,lake_victoria,Lake Victoria,-1.0,33.0,-1.036189140044676,33.0,00-15,32736,0.0,-4000.0,12.5,0.001,14,20,cuda:0,0.0002444779009693,blurred_observation,12.5,0.0002444779009693,0.0,170766,170766,,,,,,0.0,0.0,0.0,0.0,0.0,computed,92,True
water__lake_victoria__r0c1,water,lake_victoria,Lake Victoria,-1.0,33.0,-1.036189140044676,33.0,00-15,32736,0.0,-4000.0,12.5,0.001,14,20,cuda:0,0.0002444779009693,psf_aware_matched,12.5,0.0001982321558878,0.189161248923389,170766,172473,22.0,65536.0,172473.0,1441792.0,0.0001275561972018,0.6298348270356655,0.0404024431481957,1.682468745391816,0.6702372701838613,2.352706015575677,computed,92,True
water__lake_victoria__r0c1,water,lake_victoria,Lake Victoria,-1.0,33.0,-1.036189140044676,33.0,00-15,32736,0.0,-4000.0,12.5,0.001,14,20,cuda:0,0.0002444779009693,psf_aware_plus50,18.75,0.0003853229282229,-0.5761053522431046,170766,173974,48.0,65536.0,173974.0,3145728.0,0.0002759032958947,0.4328743442893028,0.0807735547423362,1.6955253537744284,0.5136478990316391,2.2091732528060675,computed,92,True
water__lake_victoria__r0c1,water,lake_victoria,Lake Victoria,-1.0,33.0,-1.036189140044676,33.0,00-15,32736,0.0,-4000.0,12.5,0.001,14,20,cuda:0,0.0002444779009693,psf_aware_minus50,6.25,0.0002861217619549,-0.1703379357418659,170448,170448,9.0,65536.0,170448.0,589824.0,5.280202759785976e-05,0.1701390128582716,0.0222869222052395,1.7093795440159738,0.1924259350635111,1.901805479079485,computed,92,True
water__lake_victoria__r0c1,water,lake_victoria,Lake Victoria,-1.0,33.0,-1.036189140044676,33.0,00-15,32736,0.0,-4000.0,12.5,0.001,14,20,cuda:0,0.0002444779009693,nearest,,0.0002988852161569,-0.222544921123035,169912,170766,,,,,,0.0,0.1212251801043748,0.0,0.1212251801043748,0.1212251801043748,computed,92,True
water__lake_victoria__r0c1,water,lake_victoria,Lake Victoria,-1.0,33.0,-1.036189140044676,33.0,00-15,32736,0.0,-4000.0,12.5,0.001,14,20,cuda:0,0.0002444779009693,bilinear,,0.0003120495044103,-0.2763914577679314,169912,170766,,,,,,0.0,0.1070119109936058,0.0,0.1070119109936058,0.1070119109936058,computed,92,True
water__lake_victoria__r0c1,water,lake_victoria,Lake Victoria,-1.0,33.0,-1.036189140044676,33.0,00-15,32736,0.0,-4000.0,12.5,0.001,14,20,cuda:0,0.0002444779009693,bicubic,,0.0002810922050601,-0.1497652914459573,169912,170766,,,,,,0.0,0.7663084678351879,0.0,0.7663084678351879,0.7663084678351879,computed,92,True
water__lake_victoria__r0c2,water,lake_victoria,Lake Victoria,-1.0,33.0,-1.0361889347151867,33.03595282771507,00-15,32736,4000.0,-4000.0,12.5,0.001,14,20,cuda:0,0.0002327290298166,blurred_observation,12.5,0.0002327290298166,0.0,171083,171083,,,,,,0.0,0.0,0.0,0.0,0.0,computed,93,True
water__lake_victoria__r0c2,water,lake_victoria,Lake Victoria,-1.0,33.0,-1.0361889347151867,33.03595282771507,00-15,32736,4000.0,-4000.0,12.5,0.001,14,20,cuda:0,0.0002327290298166,psf_aware_matched,12.5,0.0001874338562807,0.1946262293600325,171083,172790,22.0,65536.0,172790.0,1441792.0,0.0001273221829967,0.2709640958346426,0.0403153267689049,1.700592220760882,0.3112794226035476,2.011871643364429,computed,93,True
water__lake_victoria__r0c2,water,lake_victoria,Lake Victoria,-1.0,33.0,-1.0361889347151867,33.03595282771507,00-15,32736,4000.0,-4000.0,12.5,0.001,14,20,cuda:0,0.0002327290298166,psf_aware_plus50,18.75,0.0003712499408445,-0.5952025457978625,171083,173974,48.0,65536.0,173974.0,3145728.0,0.0002759032958947,0.7553648110479116,0.0805244538933038,1.6900576590560377,0.8358892649412155,2.525946923997253,computed,93,True
water__lake_victoria__r0c2,water,lake_victoria,Lake Victoria,-1.0,33.0,-1.0361889347151867,33.03595282771507,00-15,32736,4000.0,-4000.0,12.5,0.001,14,20,cuda:0,0.0002327290298166,psf_aware_minus50,6.25,0.0002726598313106,-0.1715763672693449,170448,170448,9.0,65536.0,170448.0,589824.0,5.280202759785976e-05,0.1739026019349694,0.0232723769731819,1.6477847644127903,0.1971749789081514,1.844959743320942,computed,93,True
water__lake_victoria__r0c2,water,lake_victoria,Lake Victoria,-1.0,33.0,-1.0361889347151867,33.03595282771507,00-15,32736,4000.0,-4000.0,12.5,0.001,14,20,cuda:0,0.0002327290298166,nearest,,0.0002826974593429,-0.2147064745884335,169912,171083,,,,,,0.0,0.121054426766932,0.0,0.121054426766932,0.121054426766932,computed,93,True
water__lake_victoria__r0c2,water,lake_victoria,Lake Victoria,-1.0,33.0,-1.0361889347151867,33.03595282771507,00-15,32736,4000.0,-4000.0,12.5,0.001,14,20,cuda:0,0.0002327290298166,bilinear,,0.0002954906265264,-0.2696766998052147,169912,171083,,,,,,0.0,0.1073483871296048,0.0,0.1073483871296048,0.1073483871296048,computed,93,True
water__lake_victoria__r0c2,water,lake_victoria,Lake Victoria,-1.0,33.0,-1.0361889347151867,33.03595282771507,00-15,32736,4000.0,-4000.0,12.5,0.001,14,20,cuda:0,0.0002327290298166,bicubic,,0.0002670269365642,-0.1473727053934734,169912,171083,,,,,,0.0,0.7643365729600191,0.0,0.7643365729600191,0.7643365729600191,computed,93,True
water__lake_victoria__r1c0,water,lake_victoria,Lake Victoria,-1.0,33.0,-0.9999998018431084,32.96404757313427,00-15,32736,-4000.0,0.0,12.5,0.001,14,20,cuda:0,0.0002833588934363,blurred_observation,12.5,0.0002833588934363,0.0,171034,171034,,,,,,0.0,0.0,0.0,0.0,0.0,computed,94,True
water__lake_victoria__r1c0,water,lake_victoria,Lake Victoria,-1.0,33.0,-0.9999998018431084,32.96404757313427,00-15,32736,-4000.0,0.0,12.5,0.001,14,20,cuda:0,0.0002833588934363,psf_aware_matched,12.5,0.0002298450166096,0.1888554693934195,171034,172207,22.0,65536.0,172207.0,1441792.0,0.0001277532272207,0.2697790809907019,0.0402609850279986,1.705415666103363,0.3100400660187006,2.015455732122064,computed,94,True
water__lake_victoria__r1c0,water,lake_victoria,Lake Victoria,-1.0,33.0,-0.9999998018431084,32.96404757313427,00-15,32736,-4000.0,0.0,12.5,0.001,14,20,cuda:0,0.0002833588934363,psf_aware_plus50,18.75,0.0004481071969663,-0.5814121502668457,171034,174556,48.0,65536.0,174556.0,3145728.0,0.0002749833864204,0.4312641439028084,0.080725654028356,1.6984495618380606,0.5119897979311645,2.210439359769225,computed,94,True
water__lake_victoria__r1c0,water,lake_victoria,Lake Victoria,-1.0,33.0,-0.9999998018431084,32.96404757313427,00-15,32736,-4000.0,0.0,12.5,0.001,14,20,cuda:0,0.0002833588934363,psf_aware_minus50,6.25,0.0003354898502097,-0.1839750153638166,170511,170511,9.0,65536.0,170511.0,589824.0,5.278251842989602e-05,0.3655216572806239,0.0225139609538018,1.662609321065247,0.3880356182344258,2.050644939299673,computed,94,True
water__lake_victoria__r1c0,water,lake_victoria,Lake Victoria,-1.0,33.0,-0.9999998018431084,32.96404757313427,00-15,32736,-4000.0,0.0,12.5,0.001,14,20,cuda:0,0.0002833588934363,nearest,,0.0003428552152246,-0.2099680764092744,169862,171034,,,,,,0.0,0.1211247211322188,0.0,0.1211247211322188,0.1211247211322188,computed,94,True
water__lake_victoria__r1c0,water,lake_victoria,Lake Victoria,-1.0,33.0,-0.9999998018431084,32.96404757313427,00-15,32736,-4000.0,0.0,12.5,0.001,14,20,cuda:0,0.0002833588934363,bilinear,,0.00035694399752,-0.2596887049893108,169862,171034,,,,,,0.0,0.1083742808550596,0.0,0.1083742808550596,0.1083742808550596,computed,94,True
water__lake_victoria__r1c0,water,lake_victoria,Lake Victoria,-1.0,33.0,-0.9999998018431084,32.96404757313427,00-15,32736,-4000.0,0.0,12.5,0.001,14,20,cuda:0,0.0002833588934363,bicubic,,0.0003223774452487,-0.1377001135883699,169862,171034,,,,,,0.0,0.7609915272332728,0.0,0.7609915272332728,0.7609915272332728,computed,94,True
water__lake_victoria__r1c1,water,lake_victoria,Lake Victoria,-1.0,33.0,-0.9999999999999956,33.0,00-15,32736,0.0,0.0,12.5,0.001,14,20,cuda:0,0.0002563480537622,blurred_observation,12.5,0.0002563480537622,0.0,171034,171034,,,,,,0.0,0.0,0.0,0.0,0.0,computed,95,True
water__lake_victoria__r1c1,water,lake_victoria,Lake Victoria,-1.0,33.0,-0.9999999999999956,33.0,00-15,32736,0.0,0.0,12.5,0.001,14,20,cuda:0,0.0002563480537622,psf_aware_matched,12.5,0.0002069117604417,0.1928483270885964,171034,172207,22.0,65536.0,172207.0,1441792.0,0.0001277532272207,0.2689911588095128,0.0402566357515752,1.70490512996912,0.3092477945610881,2.014152924530208,computed,95,True
water__lake_victoria__r1c1,water,lake_victoria,Lake Victoria,-1.0,33.0,-0.9999999999999956,33.0,00-15,32736,0.0,0.0,12.5,0.001,14,20,cuda:0,0.0002563480537622,psf_aware_plus50,18.75,0.0004062607344047,-0.5848013216497656,171034,174240,48.0,65536.0,174240.0,3145728.0,0.0002754820936639,0.4357972494326532,0.0809685639105737,1.7088966690935194,0.5167658133432269,2.2256624824367464,computed,95,True
water__lake_victoria__r1c1,water,lake_victoria,Lake Victoria,-1.0,33.0,-0.9999999999999956,33.0,00-15,32736,0.0,0.0,12.5,0.001,14,20,cuda:0,0.0002563480537622,psf_aware_minus50,6.25,0.0003006414298552,-0.1727860829950143,170379,170379,9.0,65536.0,170379.0,589824.0,5.282341133590407e-05,0.1731971860863268,0.0222722040489316,1.7363621890544891,0.1954693901352584,1.931831579189748,computed,95,True
water__lake_victoria__r1c1,water,lake_victoria,Lake Victoria,-1.0,33.0,-0.9999999999999956,33.0,00-15,32736,0.0,0.0,12.5,0.001,14,20,cuda:0,0.0002563480537622,nearest,,0.0003135955164613,-0.223319279623692,170178,171034,,,,,,0.0,0.255442108027637,0.0,0.255442108027637,0.255442108027637,computed,95,True
water__lake_victoria__r1c1,water,lake_victoria,Lake Victoria,-1.0,33.0,-0.9999999999999956,33.0,00-15,32736,0.0,0.0,12.5,0.001,14,20,cuda:0,0.0002563480537622,bilinear,,0.0003265133346872,-0.2737109952474668,170178,171034,,,,,,0.0,0.36684704804793,0.0,0.36684704804793,0.36684704804793,computed,95,True
water__lake_victoria__r1c1,water,lake_victoria,Lake Victoria,-1.0,33.0,-0.9999999999999956,33.0,00-15,32736,0.0,0.0,12.5,0.001,14,20,cuda:0,0.0002563480537622,bicubic,,0.0002947079752657,-0.1496399950789801,170178,171034,,,,,,0.0,0.7679046508856118,0.0,0.7679046508856118,0.7679046508856118,computed,95,True
water__lake_victoria__r1c2,water,lake_victoria,Lake Victoria,-1.0,33.0,-0.9999998018431084,33.03595242686573,00-15,32736,4000.0,0.0,12.5,0.001,14,20,cuda:0,0.0002358239439447,blurred_observation,12.5,0.0002358239439447,0.0,171347,171347,,,,,,0.0,0.0,0.0,0.0,0.0,computed,96,True
water__lake_victoria__r1c2,water,lake_victoria,Lake Victoria,-1.0,33.0,-0.9999998018431084,33.03595242686573,00-15,32736,4000.0,0.0,12.5,0.001,14,20,cuda:0,0.0002358239439447,psf_aware_matched,12.5,0.0001963641894793,0.1673271755417341,171347,172523,22.0,65536.0,172523.0,1441792.0,0.0001275192293201,0.2779645840637386,0.0413255109451711,1.746625707950443,0.3192900950089097,2.0659158029593527,computed,96,True
water__lake_victoria__r1c2,water,lake_victoria,Lake Victoria,-1.0,33.0,-0.9999998018431084,33.03595242686573,00-15,32736,4000.0,0.0,12.5,0.001,14,20,cuda:0,0.0002358239439447,psf_aware_plus50,18.75,0.0003671358308518,-0.5568216895641738,171347,174240,48.0,65536.0,174240.0,3145728.0,0.0002754820936639,0.4446396268904209,0.0795796038582921,1.760527447797358,0.524219230748713,2.284746678546071,computed,96,True
water__lake_victoria__r1c2,water,lake_victoria,Lake Victoria,-1.0,33.0,-0.9999998018431084,33.03595242686573,00-15,32736,4000.0,0.0,12.5,0.001,14,20,cuda:0,0.0002358239439447,psf_aware_minus50,6.25,0.0002854147334713,-0.2102873384994563,170378,170378,9.0,65536.0,170378.0,589824.0,5.282372137247767e-05,0.1691875513643026,0.0223376071080565,1.7302392115816474,0.1915251584723591,1.9217643700540064,computed,96,True
water__lake_victoria__r1c2,water,lake_victoria,Lake Victoria,-1.0,33.0,-0.9999998018431084,33.03595242686573,00-15,32736,4000.0,0.0,12.5,0.001,14,20,cuda:0,0.0002358239439447,nearest,,0.0002934493033412,-0.2443575424638386,170179,171347,,,,,,0.0,0.1226849346421659,0.0,0.1226849346421659,0.1226849346421659,computed,96,True
water__lake_victoria__r1c2,water,lake_victoria,Lake Victoria,-1.0,33.0,-0.9999998018431084,33.03595242686573,00-15,32736,4000.0,0.0,12.5,0.001,14,20,cuda:0,0.0002358239439447,bilinear,,0.0003011093390508,-0.2768395524814349,170179,171347,,,,,,0.0,0.1086448230780661,0.0,0.1086448230780661,0.1086448230780661,computed,96,True
water__lake_victoria__r1c2,water,lake_victoria,Lake Victoria,-1.0,33.0,-0.9999998018431084,33.03595242686573,00-15,32736,4000.0,0.0,12.5,0.001,14,20,cuda:0,0.0002358239439447,bicubic,,0.0002717614345789,-0.1523911865477405,170179,171347,,,,,,0.0,0.7779534440487623,0.0,0.7779534440487623,0.7779534440487623,computed,96,True
water__lake_victoria__r2c0,water,lake_victoria,Lake Victoria,-1.0,33.0,-0.9638106609604544,32.96404795972799,00-15,32736,-4000.0,4000.0,12.5,0.001,14,20,cuda:0,0.0002923679420704,blurred_observation,12.5,0.0002923679420704,0.0,171034,171034,,,,,,0.0,0.0,0.0,0.0,0.0,computed,97,True
water__lake_victoria__r2c0,water,lake_victoria,Lake Victoria,-1.0,33.0,-0.9638106609604544,32.96404795972799,00-15,32736,-4000.0,4000.0,12.5,0.001,14,20,cuda:0,0.0002923679420704,psf_aware_matched,12.5,0.0002459476217048,0.1587736331036008,171034,172207,22.0,65536.0,172207.0,1441792.0,0.0001277532272207,0.2678912160918116,0.0402980139479041,1.751132293138653,0.3081892300397157,2.059321523178369,computed,97,True
water__lake_victoria__r2c0,water,lake_victoria,Lake Victoria,-1.0,33.0,-0.9638106609604544,32.96404795972799,00-15,32736,-4000.0,4000.0,12.5,0.001,14,20,cuda:0,0.0002923679420704,psf_aware_plus50,18.75,0.0004496323040527,-0.5378987890007263,171034,174555,48.0,65536.0,174555.0,3145728.0,0.0002749849617599,0.4245504890568554,0.0797469499520957,1.78136167768389,0.5042974390089512,2.285659116692841,computed,97,True
water__lake_victoria__r2c0,water,lake_victoria,Lake Victoria,-1.0,33.0,-0.9638106609604544,32.96404795972799,00-15,32736,-4000.0,4000.0,12.5,0.001,14,20,cuda:0,0.0002923679420704,psf_aware_minus50,6.25,0.0003461475484347,-0.1839449495846976,170416,170416,9.0,65536.0,170416.0,589824.0,5.281194254060652e-05,0.165730332955718,0.0222951266914606,1.810841232072562,0.1880254596471786,1.9988666917197409,computed,97,True
water__lake_victoria__r2c0,water,lake_victoria,Lake Victoria,-1.0,33.0,-0.9638106609604544,32.96404795972799,00-15,32736,-4000.0,4000.0,12.5,0.001,14,20,cuda:0,0.0002923679420704,nearest,,0.0003551315737809,-0.2146734394547162,169863,171034,,,,,,0.0,0.120987500064075,0.0,0.120987500064075,0.120987500064075,computed,97,True
water__lake_victoria__r2c0,water,lake_victoria,Lake Victoria,-1.0,33.0,-0.9638106609604544,32.96404795972799,00-15,32736,-4000.0,4000.0,12.5,0.001,14,20,cuda:0,0.0002923679420704,bilinear,,0.0003655849817957,-0.250427728863799,169863,171034,,,,,,0.0,0.1077041118405759,0.0,0.1077041118405759,0.1077041118405759,computed,97,True
water__lake_victoria__r2c0,water,lake_victoria,Lake Victoria,-1.0,33.0,-0.9638106609604544,32.96404795972799,00-15,32736,-4000.0,4000.0,12.5,0.001,14,20,cuda:0,0.0002923679420704,bicubic,,0.0003318571440028,-0.1350667985441638,169863,171034,,,,,,0.0,0.768486081622541,0.0,0.768486081622541,0.768486081622541,computed,97,True
water__lake_victoria__r2c1,water,lake_victoria,Lake Victoria,-1.0,33.0,-0.9638108519448894,33.0,00-15,32736,0.0,4000.0,12.5,0.001,14,20,cuda:0,0.0002822882553894,blurred_observation,12.5,0.0002822882553894,0.0,171033,171033,,,,,,0.0,0.0,0.0,0.0,0.0,computed,98,True
water__lake_victoria__r2c1,water,lake_victoria,Lake Victoria,-1.0,33.0,-0.9638108519448894,33.0,00-15,32736,0.0,4000.0,12.5,0.001,14,20,cuda:0,0.0002822882553894,psf_aware_matched,12.5,0.0002406648260121,0.1474500925299481,171033,172207,22.0,65536.0,172207.0,1441792.0,0.0001277532272207,0.2630549762398004,0.0403093458153307,1.6974634639918804,0.3033643220551312,2.000827786047012,computed,98,True
water__lake_victoria__r2c1,water,lake_victoria,Lake Victoria,-1.0,33.0,-0.9638108519448894,33.0,00-15,32736,0.0,4000.0,12.5,0.001,14,20,cuda:0,0.0002822882553894,psf_aware_plus50,18.75,0.0004322966190215,-0.5314013628554071,171033,174241,48.0,65536.0,174241.0,3145728.0,0.0002754805126233,0.5002987659536302,0.0796952131204307,1.7363275331445038,0.5799939790740609,2.3163215122185647,computed,98,True
water__lake_victoria__r2c1,water,lake_victoria,Lake Victoria,-1.0,33.0,-0.9638108519448894,33.0,00-15,32736,0.0,4000.0,12.5,0.001,14,20,cuda:0,0.0002822882553894,psf_aware_minus50,6.25,0.0003362759562076,-0.1912502549696655,170276,170276,9.0,65536.0,170276.0,589824.0,5.285536423218774e-05,0.1672714822925627,0.0222765719518065,1.6556410328485072,0.1895480542443692,1.8451890870928764,computed,98,True
water__lake_victoria__r2c1,water,lake_victoria,Lake Victoria,-1.0,33.0,-0.9638108519448894,33.0,00-15,32736,0.0,4000.0,12.5,0.001,14,20,cuda:0,0.0002822882553894,nearest,,0.000348706935677,-0.2352867291484923,170180,171033,,,,,,0.0,0.1212735623121261,0.0,0.1212735623121261,0.1212735623121261,computed,98,True
water__lake_victoria__r2c1,water,lake_victoria,Lake Victoria,-1.0,33.0,-0.9638108519448894,33.0,00-15,32736,0.0,4000.0,12.5,0.001,14,20,cuda:0,0.0002822882553894,bilinear,,0.0003578285224004,-0.2675997515615309,170180,171033,,,,,,0.0,0.1074106362648308,0.0,0.1074106362648308,0.1074106362648308,computed,98,True
water__lake_victoria__r2c1,water,lake_victoria,Lake Victoria,-1.0,33.0,-0.9638108519448894,33.0,00-15,32736,0.0,4000.0,12.5,0.001,14,20,cuda:0,0.0002822882553894,bicubic,,0.000324615782503,-0.1499443434342244,170180,171033,,,,,,0.0,0.7663620188832283,0.0,0.7663620188832283,0.7663620188832283,computed,98,True
water__lake_victoria__r2c2,water,lake_victoria,Lake Victoria,-1.0,33.0,-0.9638106609604544,33.03595204027201,00-15,32736,4000.0,4000.0,12.5,0.001,14,20,cuda:0,0.0002483582646327,blurred_observation,12.5,0.0002483582646327,0.0,171333,171333,,,,,,0.0,0.0,0.0,0.0,0.0,computed,99,True
water__lake_victoria__r2c2,water,lake_victoria,Lake Victoria,-1.0,33.0,-0.9638106609604544,33.03595204027201,00-15,32736,4000.0,4000.0,12.5,0.001,14,20,cuda:0,0.0002483582646327,psf_aware_matched,12.5,0.0002142947947049,0.1371545657165568,171333,172522,22.0,65536.0,172522.0,1441792.0,0.0001275199684677,0.2615298768505454,0.0403532390482723,1.6726080179214478,0.3018831158988178,1.9744911338202653,computed,99,True
water__lake_victoria__r2c2,water,lake_victoria,Lake Victoria,-1.0,33.0,-0.9638106609604544,33.03595204027201,00-15,32736,4000.0,4000.0,12.5,0.001,14,20,cuda:0,0.0002483582646327,psf_aware_plus50,18.75,0.0003829319895715,-0.541853218123409,171333,174241,48.0,65536.0,174241.0,3145728.0,0.0002754805126233,0.4256256949156523,0.0797452679835259,1.7148730386979878,0.5053709628991783,2.220244001597166,computed,99,True
water__lake_victoria__r2c2,water,lake_victoria,Lake Victoria,-1.0,33.0,-0.9638106609604544,33.03595204027201,00-15,32736,4000.0,4000.0,12.5,0.001,14,20,cuda:0,0.0002483582646327,psf_aware_minus50,6.25,0.0003061882520411,-0.2328490557538085,170280,170280,9.0,65536.0,170280.0,589824.0,5.285412262156448e-05,0.1662277048453688,0.0223280591890215,1.7219915711320937,0.1885557640343904,1.910547335166484,computed,99,True
water__lake_victoria__r2c2,water,lake_victoria,Lake Victoria,-1.0,33.0,-0.9638106609604544,33.03595204027201,00-15,32736,4000.0,4000.0,12.5,0.001,14,20,cuda:0,0.0002483582646327,nearest,,0.0003136229161768,-0.2627842952622099,170178,171333,,,,,,0.0,0.1206232500262558,0.0,0.1206232500262558,0.1206232500262558,computed,99,True
water__lake_victoria__r2c2,water,lake_victoria,Lake Victoria,-1.0,33.0,-0.9638106609604544,33.03595204027201,00-15,32736,4000.0,4000.0,12.5,0.001,14,20,cuda:0,0.0002483582646327,bilinear,,0.00031819904499,-0.281209809790514,170178,171333,,,,,,0.0,0.1077208328060805,0.0,0.1077208328060805,0.1077208328060805,computed,99,True
water__lake_victoria__r2c2,water,lake_victoria,Lake Victoria,-1.0,33.0,-0.9638106609604544,33.03595204027201,00-15,32736,4000.0,4000.0,12.5,0.001,14,20,cuda:0,0.0002483582646327,bicubic,,0.0002877572439307,-0.1586376815614232,170178,171333,,,,,,0.0,0.7574072792194784,0.0,0.7574072792194784,0.7574072792194784,computed,99,True
water__lake_titicaca__r0c0,water,lake_titicaca,Lake Titicaca,-15.8,-69.4,-15.83608924910252,-69.43742591070479,15-30,32719,-4000.0,-4000.0,12.5,0.001,14,20,cuda:0,0.002647306105419,blurred_observation,12.5,0.002647306105419,0.0,170775,170775,,,,,,0.0,0.0,0.0,0.0,0.0,computed,100,True
water__lake_titicaca__r0c0,water,lake_titicaca,Lake Titicaca,-15.8,-69.4,-15.83608924910252,-69.43742591070479,15-30,32719,-4000.0,-4000.0,12.5,0.001,14,20,cuda:0,0.002647306105419,psf_aware_matched,12.5,0.0024794872521132,0.0633923115133052,170775,172079,22.0,65536.0,172079.0,1441792.0,0.000127848255743,0.2719922633841634,0.040381311904639,2.545742644928396,0.3123735752888024,2.858116220217198,computed,100,True
water__lake_titicaca__r0c0,water,lake_titicaca,Lake Titicaca,-15.8,-69.4,-15.83608924910252,-69.43742591070479,15-30,32719,-4000.0,-4000.0,12.5,0.001,14,20,cuda:0,0.002647306105419,psf_aware_plus50,18.75,0.0034194482215564,-0.2916708855681258,170775,174089,48.0,65536.0,174089.0,3145728.0,0.0002757210392385,0.4301925650797784,0.0796953230164945,2.636041359975934,0.509887888096273,3.145929248072207,computed,100,True
water__lake_titicaca__r0c0,water,lake_titicaca,Lake Titicaca,-15.8,-69.4,-15.83608924910252,-69.43742591070479,15-30,32719,-4000.0,-4000.0,12.5,0.001,14,20,cuda:0,0.002647306105419,psf_aware_minus50,6.25,0.0028265324874114,-0.0677014198039205,170263,170263,9.0,65536.0,170263.0,589824.0,5.285939986961348e-05,0.1686205067671835,0.0222684862092137,2.599474051967263,0.1908889929763972,2.7903630449436605,computed,100,True
water__lake_titicaca__r0c0,water,lake_titicaca,Lake Titicaca,-15.8,-69.4,-15.83608924910252,-69.43742591070479,15-30,32719,-4000.0,-4000.0,12.5,0.001,14,20,cuda:0,0.002647306105419,nearest,,0.0028869470260742,-0.0905225580693751,169772,170775,,,,,,0.0,0.1217389041557908,0.0,0.1217389041557908,0.1217389041557908,computed,100,True
water__lake_titicaca__r0c0,water,lake_titicaca,Lake Titicaca,-15.8,-69.4,-15.83608924910252,-69.43742591070479,15-30,32719,-4000.0,-4000.0,12.5,0.001,14,20,cuda:0,0.002647306105419,bilinear,,0.0029478647284199,-0.1135337626373078,169772,170775,,,,,,0.0,0.1079473118297755,0.0,0.1079473118297755,0.1079473118297755,computed,100,True
water__lake_titicaca__r0c0,water,lake_titicaca,Lake Titicaca,-15.8,-69.4,-15.83608924910252,-69.43742591070479,15-30,32719,-4000.0,-4000.0,12.5,0.001,14,20,cuda:0,0.002647306105419,bicubic,,0.0028471168444263,-0.0754770060773746,169772,170775,,,,,,0.0,0.765476712025702,0.0,0.765476712025702,0.765476712025702,computed,100,True
water__lake_titicaca__r0c1,water,lake_titicaca,Lake Titicaca,-15.8,-69.4,-15.836161370527591,-69.40007108737676,15-30,32719,0.0,-4000.0,12.5,0.001,14,20,cuda:0,0.0050883079769447,blurred_observation,12.5,0.0050883079769447,0.0,170785,170785,,,,,,0.0,0.0,0.0,0.0,0.0,computed,101,True
water__lake_titicaca__r0c1,water,lake_titicaca,Lake Titicaca,-15.8,-69.4,-15.836161370527591,-69.40007108737676,15-30,32719,0.0,-4000.0,12.5,0.001,14,20,cuda:0,0.0050883079769447,psf_aware_matched,12.5,0.0048213692103547,0.052461204746165,170785,172104,22.0,65536.0,172104.0,1441792.0,0.0001278296843768,0.2649455466307699,0.040206782054156,2.641185653861612,0.305152328684926,2.946337982546538,computed,101,True
water__lake_titicaca__r0c1,water,lake_titicaca,Lake Titicaca,-15.8,-69.4,-15.836161370527591,-69.40007108737676,15-30,32719,0.0,-4000.0,12.5,0.001,14,20,cuda:0,0.0050883079769447,psf_aware_plus50,18.75,0.0064208349910652,-0.2618801810264213,170785,174120,48.0,65536.0,174120.0,3145728.0,0.000275671950379,0.4379303599707782,0.0798015538603067,2.8088064678013325,0.517731913831085,3.326538381632417,computed,101,True
water__lake_titicaca__r0c1,water,lake_titicaca,Lake Titicaca,-15.8,-69.4,-15.836161370527591,-69.40007108737676,15-30,32719,0.0,-4000.0,12.5,0.001,14,20,cuda:0,0.0050883079769447,psf_aware_minus50,6.25,0.0053946597399127,-0.0602070009040469,170262,170262,9.0,65536.0,170262.0,589824.0,5.28597103287874e-05,0.1676007150672376,0.0222933930344879,2.7834799089469016,0.1898941081017255,2.973374017048627,computed,101,True
water__lake_titicaca__r0c1,water,lake_titicaca,Lake Titicaca,-15.8,-69.4,-15.836161370527591,-69.40007108737676,15-30,32719,0.0,-4000.0,12.5,0.001,14,20,cuda:0,0.0050883079769447,nearest,,0.0054998008246698,-0.0808702715302542,169775,170785,,,,,,0.0,0.1220321482978761,0.0,0.1220321482978761,0.1220321482978761,computed,101,True
water__lake_titicaca__r0c1,water,lake_titicaca,Lake Titicaca,-15.8,-69.4,-15.836161370527591,-69.40007108737676,15-30,32719,0.0,-4000.0,12.5,0.001,14,20,cuda:0,0.0050883079769447,bilinear,,0.005604086727106,-0.1013654740432947,169775,170785,,,,,,0.0,0.1090697278268635,0.0,0.1090697278268635,0.1090697278268635,computed,101,True
water__lake_titicaca__r0c1,water,lake_titicaca,Lake Titicaca,-15.8,-69.4,-15.836161370527591,-69.40007108737676,15-30,32719,0.0,-4000.0,12.5,0.001,14,20,cuda:0,0.0050883079769447,bicubic,,0.0054345217476264,-0.0680410408038245,169775,170785,,,,,,0.0,0.756800901144743,0.0,0.756800901144743,0.756800901144743,computed,101,True
water__lake_titicaca__r0c2,water,lake_titicaca,Lake Titicaca,-15.8,-69.4,-15.83622705865855,-69.36271608034622,15-30,32719,4000.0,-4000.0,12.5,0.001,14,20,cuda:0,0.0429918720920025,blurred_observation,12.5,0.0429918720920025,0.0,170778,170778,,,,,,0.0,0.0,0.0,0.0,0.0,computed,102,True
water__lake_titicaca__r0c2,water,lake_titicaca,Lake Titicaca,-15.8,-69.4,-15.83622705865855,-69.36271608034622,15-30,32719,4000.0,-4000.0,12.5,0.001,14,20,cuda:0,0.0429918720920025,psf_aware_matched,12.5,0.0408048242440009,0.0508711935902973,170778,172120,22.0,65536.0,172120.0,1441792.0,0.0001278178015338,0.2664342760108411,0.0402673468925058,2.859579401090741,0.306701622903347,3.166281023994088,computed,102,True
water__lake_titicaca__r0c2,water,lake_titicaca,Lake Titicaca,-15.8,-69.4,-15.83622705865855,-69.36271608034622,15-30,32719,4000.0,-4000.0,12.5,0.001,14,20,cuda:0,0.0429918720920025,psf_aware_plus50,18.75,0.0475563948025124,-0.1061717596466107,170778,174118,48.0,65536.0,174118.0,3145728.0,0.0002756751168747,0.4222643687389791,0.0796737819910049,2.571965020149946,0.501938150729984,3.0739031708799303,computed,102,True
water__lake_titicaca__r0c2,water,lake_titicaca,Lake Titicaca,-15.8,-69.4,-15.83622705865855,-69.36271608034622,15-30,32719,4000.0,-4000.0,12.5,0.001,14,20,cuda:0,0.0429918720920025,psf_aware_minus50,6.25,0.0451315358300772,-0.0497690292131467,170254,170254,9.0,65536.0,170254.0,589824.0,5.286219413347117e-05,0.1660051341168582,0.0222853990271687,2.5309279961511493,0.188290533144027,2.7192185292951763,computed,102,True
water__lake_titicaca__r0c2,water,lake_titicaca,Lake Titicaca,-15.8,-69.4,-15.83622705865855,-69.36271608034622,15-30,32719,4000.0,-4000.0,12.5,0.001,14,20,cuda:0,0.0429918720920025,nearest,,0.0457113865975315,-0.0632564801948891,169795,170778,,,,,,0.0,0.1214995798654854,0.0,0.1214995798654854,0.1214995798654854,computed,102,True
water__lake_titicaca__r0c2,water,lake_titicaca,Lake Titicaca,-15.8,-69.4,-15.83622705865855,-69.36271608034622,15-30,32719,4000.0,-4000.0,12.5,0.001,14,20,cuda:0,0.0429918720920025,bilinear,,0.046269976617078,-0.0762494017022641,169795,170778,,,,,,0.0,0.1073084929957985,0.0,0.1073084929957985,0.1073084929957985,computed,102,True
water__lake_titicaca__r0c2,water,lake_titicaca,Lake Titicaca,-15.8,-69.4,-15.83622705865855,-69.36271608034622,15-30,32719,4000.0,-4000.0,12.5,0.001,14,20,cuda:0,0.0429918720920025,bicubic,,0.0455831784742101,-0.0602743322426664,169795,170778,,,,,,0.0,0.7628145599737763,0.0,0.7628145599737763,0.7628145599737763,computed,102,True
water__lake_titicaca__r1c0,water,lake_titicaca,Lake Titicaca,-15.8,-69.4,-15.799928051608038,-69.43734818636031,15-30,32719,-4000.0,0.0,12.5,0.001,14,20,cuda:0,0.0054924171695835,blurred_observation,12.5,0.0054924171695835,0.0,170754,170754,,,,,,0.0,0.0,0.0,0.0,0.0,computed,103,True
water__lake_titicaca__r1c0,water,lake_titicaca,Lake Titicaca,-15.8,-69.4,-15.799928051608038,-69.43734818636031,15-30,32719,-4000.0,0.0,12.5,0.001,14,20,cuda:0,0.0054924171695835,psf_aware_matched,12.5,0.0050547207675146,0.0796910337570078,170754,172116,22.0,65536.0,172116.0,1441792.0,0.0001278207720374,0.2672167080454528,0.0404055081307888,2.864946215879172,0.3076222161762416,3.1725684320554137,computed,103,True
water__lake_titicaca__r1c0,water,lake_titicaca,Lake Titicaca,-15.8,-69.4,-15.799928051608038,-69.43734818636031,15-30,32719,-4000.0,0.0,12.5,0.001,14,20,cuda:0,0.0054924171695835,psf_aware_plus50,18.75,0.0063370278110265,-0.1537775837786654,170754,174085,48.0,65536.0,174085.0,3145728.0,0.0002757273745584,0.4237295039929449,0.0796070853248238,2.6429912839084864,0.5033365893177688,3.146327873226255,computed,103,True
water__lake_titicaca__r1c0,water,lake_titicaca,Lake Titicaca,-15.8,-69.4,-15.799928051608038,-69.43734818636031,15-30,32719,-4000.0,0.0,12.5,0.001,14,20,cuda:0,0.0054924171695835,psf_aware_minus50,6.25,0.0058514656493819,-0.065371669469457,170277,170277,9.0,65536.0,170277.0,589824.0,5.285505382406314e-05,0.1657040631398558,0.0222707809880375,2.555431315675378,0.1879748441278934,2.7434061598032717,computed,103,True
water__lake_titicaca__r1c0,water,lake_titicaca,Lake Titicaca,-15.8,-69.4,-15.799928051608038,-69.43734818636031,15-30,32719,-4000.0,0.0,12.5,0.001,14,20,cuda:0,0.0054924171695835,nearest,,0.0055648002727054,-0.0131787336771842,169793,170754,,,,,,0.0,0.1216958221048116,0.0,0.1216958221048116,0.1216958221048116,computed,103,True
water__lake_titicaca__r1c0,water,lake_titicaca,Lake Titicaca,-15.8,-69.4,-15.799928051608038,-69.43734818636031,15-30,32719,-4000.0,0.0,12.5,0.001,14,20,cuda:0,0.0054924171695835,bilinear,,0.0057897001638722,-0.0541260769365821,169793,170754,,,,,,0.0,0.1083544031716883,0.0,0.1083544031716883,0.1083544031716883,computed,103,True
water__lake_titicaca__r1c0,water,lake_titicaca,Lake Titicaca,-15.8,-69.4,-15.799928051608038,-69.43734818636031,15-30,32719,-4000.0,0.0,12.5,0.001,14,20,cuda:0,0.0054924171695835,bicubic,,0.0056145990691916,-0.0222455607131952,169793,170754,,,,,,0.0,0.7654889551922679,0.0,0.7654889551922679,0.7654889551922679,computed,103,True
water__lake_titicaca__r1c1,water,lake_titicaca,Lake Titicaca,-15.8,-69.4,-15.8,-69.4,15-30,32719,0.0,0.0,12.5,0.001,14,20,cuda:0,0.006196062494352,blurred_observation,12.5,0.006196062494352,0.0,170777,170777,,,,,,0.0,0.0,0.0,0.0,0.0,computed,104,True
water__lake_titicaca__r1c1,water,lake_titicaca,Lake Titicaca,-15.8,-69.4,-15.8,-69.4,15-30,32719,0.0,0.0,12.5,0.001,14,20,cuda:0,0.006196062494352,psf_aware_matched,12.5,0.0059048200380001,0.0470044413879514,170777,172129,22.0,65536.0,172129.0,1441792.0,0.0001278111184053,0.2683522803708911,0.0402713441289961,2.506204780191183,0.3086236244998872,2.8148284046910703,computed,104,True
water__lake_titicaca__r1c1,water,lake_titicaca,Lake Titicaca,-15.8,-69.4,-15.8,-69.4,15-30,32719,0.0,0.0,12.5,0.001,14,20,cuda:0,0.006196062494352,psf_aware_plus50,18.75,0.0076680551062899,-0.2375690389307287,170777,174104,48.0,65536.0,174104.0,3145728.0,0.0002756972843817,0.4245533840730786,0.0797835900448262,2.727967888582498,0.5043369741179049,3.2323048627004027,computed,104,True
water__lake_titicaca__r1c1,water,lake_titicaca,Lake Titicaca,-15.8,-69.4,-15.8,-69.4,15-30,32719,0.0,0.0,12.5,0.001,14,20,cuda:0,0.006196062494352,psf_aware_minus50,6.25,0.006542117046498,-0.0558507201083682,170256,170256,9.0,65536.0,170256.0,589824.0,5.286157316041725e-05,0.1655240221880376,0.0224021901376545,2.650838917121291,0.1879262123256921,2.838765129446984,computed,104,True
water__lake_titicaca__r1c1,water,lake_titicaca,Lake Titicaca,-15.8,-69.4,-15.8,-69.4,15-30,32719,0.0,0.0,12.5,0.001,14,20,cuda:0,0.006196062494352,nearest,,0.0066571948683823,-0.0744234543229083,169773,170777,,,,,,0.0,0.121497836895287,0.0,0.121497836895287,0.121497836895287,computed,104,True
water__lake_titicaca__r1c1,water,lake_titicaca,Lake Titicaca,-15.8,-69.4,-15.8,-69.4,15-30,32719,0.0,0.0,12.5,0.001,14,20,cuda:0,0.006196062494352,bilinear,,0.0067722821414997,-0.0929977138986153,169773,170777,,,,,,0.0,0.1084075937978923,0.0,0.1084075937978923,0.1084075937978923,computed,104,True
water__lake_titicaca__r1c1,water,lake_titicaca,Lake Titicaca,-15.8,-69.4,-15.8,-69.4,15-30,32719,0.0,0.0,12.5,0.001,14,20,cuda:0,0.006196062494352,bicubic,,0.0065869769266488,-0.0630907826790174,169773,170777,,,,,,0.0,0.7642432558350265,0.0,0.7642432558350265,0.7642432558350265,computed,104,True
water__lake_titicaca__r1c2,water,lake_titicaca,Lake Titicaca,-15.8,-69.4,-15.800065530532445,-69.36265163009068,15-30,32719,4000.0,0.0,12.5,0.001,14,20,cuda:0,0.0404694007114076,blurred_observation,12.5,0.0404694007114076,0.0,170798,170798,,,,,,0.0,0.0,0.0,0.0,0.0,computed,105,True
water__lake_titicaca__r1c2,water,lake_titicaca,Lake Titicaca,-15.8,-69.4,-15.800065530532445,-69.36265163009068,15-30,32719,4000.0,0.0,12.5,0.001,14,20,cuda:0,0.0404694007114076,psf_aware_matched,12.5,0.0385441887655637,0.0475720399116557,170798,172133,22.0,65536.0,172133.0,1441792.0,0.0001278081483504,0.262232038192451,0.0403877338394522,2.657754404935986,0.3026197720319032,2.960374176967889,computed,105,True
water__lake_titicaca__r1c2,water,lake_titicaca,Lake Titicaca,-15.8,-69.4,-15.800065530532445,-69.36265163009068,15-30,32719,4000.0,0.0,12.5,0.001,14,20,cuda:0,0.0404694007114076,psf_aware_plus50,18.75,0.0451023976665608,-0.1144814816555279,170798,174110,48.0,65536.0,174110.0,3145728.0,0.000275687783585,0.4291786639951169,0.0796369430609047,2.8922822708263998,0.5088156070560217,3.401097877882421,computed,105,True
water__lake_titicaca__r1c2,water,lake_titicaca,Lake Titicaca,-15.8,-69.4,-15.800065530532445,-69.36265163009068,15-30,32719,4000.0,0.0,12.5,0.001,14,20,cuda:0,0.0404694007114076,psf_aware_minus50,6.25,0.0425706472748248,-0.0519218601333244,170251,170251,9.0,65536.0,170251.0,589824.0,5.286312562040752e-05,0.1656450713053345,0.0223841848783195,2.8363229129463434,0.188029256183654,3.024352169129997,computed,105,True
water__lake_titicaca__r1c2,water,lake_titicaca,Lake Titicaca,-15.8,-69.4,-15.800065530532445,-69.36265163009068,15-30,32719,4000.0,0.0,12.5,0.001,14,20,cuda:0,0.0404694007114076,nearest,,0.0431470046101844,-0.066163665675978,169806,170798,,,,,,0.0,0.12129094498232,0.0,0.12129094498232,0.12129094498232,computed,105,True
water__lake_titicaca__r1c2,water,lake_titicaca,Lake Titicaca,-15.8,-69.4,-15.800065530532445,-69.36265163009068,15-30,32719,4000.0,0.0,12.5,0.001,14,20,cuda:0,0.0404694007114076,bilinear,,0.0436773274173031,-0.0792679567649552,169806,170798,,,,,,0.0,0.1076331571675837,0.0,0.1076331571675837,0.1076331571675837,computed,105,True
water__lake_titicaca__r1c2,water,lake_titicaca,Lake Titicaca,-15.8,-69.4,-15.800065530532445,-69.36265163009068,15-30,32719,4000.0,0.0,12.5,0.001,14,20,cuda:0,0.0404694007114076,bicubic,,0.0430292099885821,-0.0632529573498956,169806,170798,,,,,,0.0,0.7575306030921638,0.0,0.7575306030921638,0.7575306030921638,computed,105,True
water__lake_titicaca__r2c0,water,lake_titicaca,Lake Titicaca,-15.8,-69.4,-15.76376673359853,-69.43727066270147,15-30,32719,-4000.0,4000.0,12.5,0.001,14,20,cuda:0,0.0049610877857761,blurred_observation,12.5,0.0049610877857761,0.0,170818,170818,,,,,,0.0,0.0,0.0,0.0,0.0,computed,106,True
water__lake_titicaca__r2c0,water,lake_titicaca,Lake Titicaca,-15.8,-69.4,-15.76376673359853,-69.43727066270147,15-30,32719,-4000.0,4000.0,12.5,0.001,14,20,cuda:0,0.0049610877857761,psf_aware_matched,12.5,0.0047156767442231,0.0494671838415372,170818,172141,22.0,65536.0,172141.0,1441792.0,0.0001278022086545,0.2643643659539521,0.0403230120427906,2.735106920823455,0.3046873779967427,3.0397942988201976,computed,106,True
water__lake_titicaca__r2c0,water,lake_titicaca,Lake Titicaca,-15.8,-69.4,-15.76376673359853,-69.43727066270147,15-30,32719,-4000.0,4000.0,12.5,0.001,14,20,cuda:0,0.0049610877857761,psf_aware_plus50,18.75,0.0061565181188479,-0.24096133442735,170818,174121,48.0,65536.0,174121.0,3145728.0,0.0002756703671584,0.4246327043510973,0.0797629812732338,2.5986840869300067,0.5043956856243312,3.103079772554338,computed,106,True
water__lake_titicaca__r2c0,water,lake_titicaca,Lake Titicaca,-15.8,-69.4,-15.76376673359853,-69.43727066270147,15-30,32719,-4000.0,4000.0,12.5,0.001,14,20,cuda:0,0.0049610877857761,psf_aware_minus50,6.25,0.0052189999999449,-0.0519870289149737,170227,170227,9.0,65536.0,170227.0,589824.0,5.287057869785639e-05,0.1632093992084264,0.022374858148396,2.513714804314077,0.1855842573568225,2.6992990616708994,computed,106,True
water__lake_titicaca__r2c0,water,lake_titicaca,Lake Titicaca,-15.8,-69.4,-15.76376673359853,-69.43727066270147,15-30,32719,-4000.0,4000.0,12.5,0.001,14,20,cuda:0,0.0049610877857761,nearest,,0.0053135438537893,-0.0710441103307488,169815,170818,,,,,,0.0,0.1217467477545142,0.0,0.1217467477545142,0.1217467477545142,computed,106,True
water__lake_titicaca__r2c0,water,lake_titicaca,Lake Titicaca,-15.8,-69.4,-15.76376673359853,-69.43727066270147,15-30,32719,-4000.0,4000.0,12.5,0.001,14,20,cuda:0,0.0049610877857761,bilinear,,0.0054102936444513,-0.0905458395562324,169815,170818,,,,,,0.0,0.1085811820812523,0.0,0.1085811820812523,0.1085811820812523,computed,106,True
water__lake_titicaca__r2c0,water,lake_titicaca,Lake Titicaca,-15.8,-69.4,-15.76376673359853,-69.43727066270147,15-30,32719,-4000.0,4000.0,12.5,0.001,14,20,cuda:0,0.0049610877857761,bicubic,,0.0052587468645267,-0.0599987526131036,169815,170818,,,,,,0.0,0.7600807519629598,0.0,0.7600807519629598,0.7600807519629598,computed,106,True
water__lake_titicaca__r2c1,water,lake_titicaca,Lake Titicaca,-15.8,-69.4,-15.76383850901652,-69.39992909617239,15-30,32719,0.0,4000.0,12.5,0.001,14,20,cuda:0,0.0063423583853592,blurred_observation,12.5,0.0063423583853592,0.0,170805,170805,,,,,,0.0,0.0,0.0,0.0,0.0,computed,107,True
water__lake_titicaca__r2c1,water,lake_titicaca,Lake Titicaca,-15.8,-69.4,-15.76383850901652,-69.39992909617239,15-30,32719,0.0,4000.0,12.5,0.001,14,20,cuda:0,0.0063423583853592,psf_aware_matched,12.5,0.0060544150372581,0.0454000437385929,170805,172139,22.0,65536.0,172139.0,1441792.0,0.0001278036935267,0.2660453799180686,0.0403407849371433,2.874730988871306,0.306386164855212,3.181117153726518,computed,107,True
water__lake_titicaca__r2c1,water,lake_titicaca,Lake Titicaca,-15.8,-69.4,-15.76383850901652,-69.39992909617239,15-30,32719,0.0,4000.0,12.5,0.001,14,20,cuda:0,0.0063423583853592,psf_aware_plus50,18.75,0.0078393359760936,-0.2360285401389483,170805,174133,48.0,65536.0,174133.0,3145728.0,0.0002756513699298,0.4285505642183125,0.0797280250117182,2.593051047064364,0.5082785892300308,3.1013296362943947,computed,107,True
water__lake_titicaca__r2c1,water,lake_titicaca,Lake Titicaca,-15.8,-69.4,-15.76383850901652,-69.39992909617239,15-30,32719,0.0,4000.0,12.5,0.001,14,20,cuda:0,0.0063423583853592,psf_aware_minus50,6.25,0.0066919210709772,-0.0551155681181445,170240,170240,9.0,65536.0,170240.0,589824.0,5.286654135338346e-05,0.164585224352777,0.0224046139046549,2.526647439226508,0.1869898382574319,2.71363727748394,computed,107,True
water__lake_titicaca__r2c1,water,lake_titicaca,Lake Titicaca,-15.8,-69.4,-15.76383850901652,-69.39992909617239,15-30,32719,0.0,4000.0,12.5,0.001,14,20,cuda:0,0.0063423583853592,nearest,,0.0068037074195033,-0.0727409279187139,169820,170805,,,,,,0.0,0.1218993868678808,0.0,0.1218993868678808,0.1218993868678808,computed,107,True
water__lake_titicaca__r2c1,water,lake_titicaca,Lake Titicaca,-15.8,-69.4,-15.76383850901652,-69.39992909617239,15-30,32719,0.0,4000.0,12.5,0.001,14,20,cuda:0,0.0063423583853592,bilinear,,0.0069194731400896,-0.0909937155337377,169820,170805,,,,,,0.0,0.107791637070477,0.0,0.107791637070477,0.107791637070477,computed,107,True
water__lake_titicaca__r2c1,water,lake_titicaca,Lake Titicaca,-15.8,-69.4,-15.76383850901652,-69.39992909617239,15-30,32719,0.0,4000.0,12.5,0.001,14,20,cuda:0,0.0063423583853592,bicubic,,0.0067340205755194,-0.0617533993450032,169820,170805,,,,,,0.0,0.7688183719292283,0.0,0.7688183719292283,0.7688183719292283,computed,107,True
water__lake_titicaca__r2c2,water,lake_titicaca,Lake Titicaca,-15.8,-69.4,-15.763903882004312,-69.36258734624727,15-30,32719,4000.0,4000.0,12.5,0.001,14,20,cuda:0,0.0385317304199669,blurred_observation,12.5,0.0385317304199669,0.0,170790,170790,,,,,,0.0,0.0,0.0,0.0,0.0,computed,108,True
water__lake_titicaca__r2c2,water,lake_titicaca,Lake Titicaca,-15.8,-69.4,-15.763903882004312,-69.36258734624727,15-30,32719,4000.0,4000.0,12.5,0.001,14,20,cuda:0,0.0385317304199669,psf_aware_matched,12.5,0.037398138244638,0.0294197058625081,170790,172117,22.0,65536.0,172117.0,1441792.0,0.0001278200293986,0.2681790608912706,0.0403863820247352,2.52534124488011,0.3085654429160058,2.833906687796116,computed,108,True
water__lake_titicaca__r2c2,water,lake_titicaca,Lake Titicaca,-15.8,-69.4,-15.763903882004312,-69.36258734624727,15-30,32719,4000.0,4000.0,12.5,0.001,14,20,cuda:0,0.0385317304199669,psf_aware_plus50,18.75,0.0437550520327627,-0.1355589680469962,170790,174113,48.0,65536.0,174113.0,3145728.0,0.0002756830334323,0.4261800339445472,0.079713478218764,2.6468634782359004,0.5058935121633112,3.152756990399212,computed,108,True
water__lake_titicaca__r2c2,water,lake_titicaca,Lake Titicaca,-15.8,-69.4,-15.763903882004312,-69.36258734624727,15-30,32719,4000.0,4000.0,12.5,0.001,14,20,cuda:0,0.0385317304199669,psf_aware_minus50,6.25,0.0405552988360828,-0.0525169358879171,170255,170255,9.0,65536.0,170255.0,589824.0,5.286188364512056e-05,0.1642316947691142,0.0224153837189078,2.5940879308618605,0.1866470784880221,2.7807350093498826,computed,108,True
water__lake_titicaca__r2c2,water,lake_titicaca,Lake Titicaca,-15.8,-69.4,-15.763903882004312,-69.36258734624727,15-30,32719,4000.0,4000.0,12.5,0.001,14,20,cuda:0,0.0385317304199669,nearest,,0.0409993421416378,-0.0640410304643925,169783,170790,,,,,,0.0,0.1210708483122289,0.0,0.1210708483122289,0.1210708483122289,computed,108,True
water__lake_titicaca__r2c2,water,lake_titicaca,Lake Titicaca,-15.8,-69.4,-15.763903882004312,-69.36258734624727,15-30,32719,4000.0,4000.0,12.5,0.001,14,20,cuda:0,0.0385317304199669,bilinear,,0.0414831890253848,-0.0765981328440008,169783,170790,,,,,,0.0,0.1091106063686311,0.0,0.1091106063686311,0.1091106063686311,computed,108,True
water__lake_titicaca__r2c2,water,lake_titicaca,Lake Titicaca,-15.8,-69.4,-15.763903882004312,-69.36258734624727,15-30,32719,4000.0,4000.0,12.5,0.001,14,20,cuda:0,0.0385317304199669,bicubic,,0.0409255316101859,-0.0621254525589249,169783,170790,,,,,,0.0,0.7572957980446517,0.0,0.7572957980446517,0.7572957980446517,computed,108,True
water__lake_taupo__r0c0,water,lake_taupo,Lake Taupo,-38.78,176.06,-38.81566187073572,176.01345833384605,30-45,32760,-4000.0,-4000.0,12.5,0.001,14,20,cuda:0,0.0194626964429503,blurred_observation,12.5,0.0194626964429503,0.0,170056,170056,,,,,,0.0,0.0,0.0,0.0,0.0,computed,109,True
water__lake_taupo__r0c0,water,lake_taupo,Lake Taupo,-38.78,176.06,-38.81566187073572,176.01345833384605,30-45,32760,-4000.0,-4000.0,12.5,0.001,14,20,cuda:0,0.0194626964429503,psf_aware_matched,12.5,0.0191749019153087,0.0147869812636312,170056,171374,22.0,65536.0,171374.0,1441792.0,0.00012837419912,0.2714316621422767,0.0404297243803739,1.715879315044731,0.3118613865226507,2.0277407015673816,computed,109,True
water__lake_taupo__r0c0,water,lake_taupo,Lake Taupo,-38.78,176.06,-38.81566187073572,176.01345833384605,30-45,32760,-4000.0,-4000.0,12.5,0.001,14,20,cuda:0,0.0194626964429503,psf_aware_plus50,18.75,0.0228220774421302,-0.1726061447357476,170056,173358,48.0,65536.0,173358.0,3145728.0,0.0002768836742463,0.4281131061725318,0.0797047605738043,1.7158109350129962,0.5078178667463362,2.2236288017593324,computed,109,True
water__lake_taupo__r0c0,water,lake_taupo,Lake Taupo,-38.78,176.06,-38.81566187073572,176.01345833384605,30-45,32760,-4000.0,-4000.0,12.5,0.001,14,20,cuda:0,0.0194626964429503,psf_aware_minus50,6.25,0.020333751967549,-0.0447551307780988,169503,169503,9.0,65536.0,169503.0,589824.0,5.309640537335622e-05,0.1743323551490903,0.0222842460498213,1.75339944800362,0.1966166011989116,1.950016049202532,computed,109,True
water__lake_taupo__r0c0,water,lake_taupo,Lake Taupo,-38.78,176.06,-38.81566187073572,176.01345833384605,30-45,32760,-4000.0,-4000.0,12.5,0.001,14,20,cuda:0,0.0194626964429503,nearest,,0.0205685460522837,-0.0568189311576068,169060,170056,,,,,,0.0,0.1204077322036027,0.0,0.1204077322036027,0.1204077322036027,computed,109,True
water__lake_taupo__r0c0,water,lake_taupo,Lake Taupo,-38.78,176.06,-38.81566187073572,176.01345833384605,30-45,32760,-4000.0,-4000.0,12.5,0.001,14,20,cuda:0,0.0194626964429503,bilinear,,0.0208159706159322,-0.0695316898636646,169060,170056,,,,,,0.0,0.1078171050176024,0.0,0.1078171050176024,0.1078171050176024,computed,109,True
water__lake_taupo__r0c0,water,lake_taupo,Lake Taupo,-38.78,176.06,-38.81566187073572,176.01345833384605,30-45,32760,-4000.0,-4000.0,12.5,0.001,14,20,cuda:0,0.0194626964429503,bicubic,,0.0204455064880495,-0.0504971162644418,169060,170056,,,,,,0.0,0.7600796199403703,0.0,0.7600796199403703,0.7600796199403703,computed,109,True
water__lake_taupo__r0c1,water,lake_taupo,Lake Taupo,-38.78,176.06,-38.81604181387148,176.05952638784726,30-45,32760,0.0,-4000.0,12.5,0.001,14,20,cuda:0,0.0309430351377443,blurred_observation,12.5,0.0309430351377443,0.0,170053,170053,,,,,,0.0,0.0,0.0,0.0,0.0,computed,110,True
water__lake_taupo__r0c1,water,lake_taupo,Lake Taupo,-38.78,176.06,-38.81604181387148,176.05952638784726,30-45,32760,0.0,-4000.0,12.5,0.001,14,20,cuda:0,0.0309430351377443,psf_aware_matched,12.5,0.0270912306119418,0.1244805013036388,170053,171376,22.0,65536.0,171376.0,1441792.0,0.0001283727009616,0.2691757893189788,0.0402994868345558,1.6827781712636352,0.3094752761535346,1.9922534474171696,computed,110,True
water__lake_taupo__r0c1,water,lake_taupo,Lake Taupo,-38.78,176.06,-38.81604181387148,176.05952638784726,30-45,32760,0.0,-4000.0,12.5,0.001,14,20,cuda:0,0.0309430351377443,psf_aware_plus50,18.75,0.0442149434417938,-0.428914236918549,170053,173362,48.0,65536.0,173362.0,3145728.0,0.0002768772856796,0.4228229559957981,0.0797404088079929,1.7319871224462986,0.502563364803791,2.2345504872500896,computed,110,True
water__lake_taupo__r0c1,water,lake_taupo,Lake Taupo,-38.78,176.06,-38.81604181387148,176.05952638784726,30-45,32760,0.0,-4000.0,12.5,0.001,14,20,cuda:0,0.0309430351377443,psf_aware_minus50,6.25,0.0344554846916054,-0.113513413866005,169516,169516,9.0,65536.0,169516.0,589824.0,5.309233346704736e-05,0.1733014229685068,0.0222686571069061,1.6893966663628817,0.195570080075413,1.8849667464382944,computed,110,True
water__lake_taupo__r0c1,water,lake_taupo,Lake Taupo,-38.78,176.06,-38.81604181387148,176.05952638784726,30-45,32760,0.0,-4000.0,12.5,0.001,14,20,cuda:0,0.0309430351377443,nearest,,0.0356094650637966,-0.1508071171841898,169065,170053,,,,,,0.0,0.1218181839212775,0.0,0.1218181839212775,0.1218181839212775,computed,110,True
water__lake_taupo__r0c1,water,lake_taupo,Lake Taupo,-38.78,176.06,-38.81604181387148,176.05952638784726,30-45,32760,0.0,-4000.0,12.5,0.001,14,20,cuda:0,0.0309430351377443,bilinear,,0.03669075676915,-0.1857517081249289,169065,170053,,,,,,0.0,0.1081092893145978,0.0,0.1081092893145978,0.1081092893145978,computed,110,True
water__lake_taupo__r0c1,water,lake_taupo,Lake Taupo,-38.78,176.06,-38.81604181387148,176.05952638784726,30-45,32760,0.0,-4000.0,12.5,0.001,14,20,cuda:0,0.0309430351377443,bicubic,,0.0343271320039021,-0.1093653822610929,169065,170053,,,,,,0.0,0.7630598749965429,0.0,0.7630598749965429,0.7630598749965429,computed,110,True
water__lake_taupo__r0c2,water,lake_taupo,Lake Taupo,-38.78,176.06,-38.8164035951402,176.10559529033287,30-45,32760,4000.0,-4000.0,12.5,0.001,14,20,cuda:0,0.0322196129414288,blurred_observation,12.5,0.0322196129414288,0.0,170033,170033,,,,,,0.0,0.0,0.0,0.0,0.0,computed,111,True
water__lake_taupo__r0c2,water,lake_taupo,Lake Taupo,-38.78,176.06,-38.8164035951402,176.10559529033287,30-45,32760,4000.0,-4000.0,12.5,0.001,14,20,cuda:0,0.0322196129414288,psf_aware_matched,12.5,0.0279124753528197,0.1336806123785193,170033,171375,22.0,65536.0,171375.0,1441792.0,0.0001283734500364,0.2714073448441922,0.0405380385927856,1.7005314957350492,0.3119453834369778,2.012476879172027,computed,111,True
water__lake_taupo__r0c2,water,lake_taupo,Lake Taupo,-38.78,176.06,-38.8164035951402,176.10559529033287,30-45,32760,4000.0,-4000.0,12.5,0.001,14,20,cuda:0,0.0322196129414288,psf_aware_plus50,18.75,0.0470351146928114,-0.4598286695223588,170033,173363,48.0,65536.0,173363.0,3145728.0,0.000276875688584,0.4361898428760469,0.0797348171472549,1.6907530962489543,0.5159246600233018,2.2066777562722564,computed,111,True
water__lake_taupo__r0c2,water,lake_taupo,Lake Taupo,-38.78,176.06,-38.8164035951402,176.10559529033287,30-45,32760,4000.0,-4000.0,12.5,0.001,14,20,cuda:0,0.0322196129414288,psf_aware_minus50,6.25,0.0363078414349423,-0.126886331655982,169535,169535,9.0,65536.0,169535.0,589824.0,5.308638334267261e-05,0.1719718538224697,0.022223562002182,1.7316472590900958,0.1941954158246517,1.9258426749147477,computed,111,True
water__lake_taupo__r0c2,water,lake_taupo,Lake Taupo,-38.78,176.06,-38.8164035951402,176.10559529033287,30-45,32760,4000.0,-4000.0,12.5,0.001,14,20,cuda:0,0.0322196129414288,nearest,,0.0376017811116439,-0.1670463323069475,169060,170033,,,,,,0.0,0.1207896363921463,0.0,0.1207896363921463,0.1207896363921463,computed,111,True
water__lake_taupo__r0c2,water,lake_taupo,Lake Taupo,-38.78,176.06,-38.8164035951402,176.10559529033287,30-45,32760,4000.0,-4000.0,12.5,0.001,14,20,cuda:0,0.0322196129414288,bilinear,,0.0388059925357688,-0.2044214375359894,169060,170033,,,,,,0.0,0.10814412496984,0.0,0.10814412496984,0.10814412496984,computed,111,True
water__lake_taupo__r0c2,water,lake_taupo,Lake Taupo,-38.78,176.06,-38.8164035951402,176.10559529033287,30-45,32760,4000.0,-4000.0,12.5,0.001,14,20,cuda:0,0.0322196129414288,bicubic,,0.0360531489813598,-0.1189814429769819,169060,170033,,,,,,0.0,0.7561114840209484,0.0,0.7561114840209484,0.7561114840209484,computed,111,True
water__lake_taupo__r1c0,water,lake_taupo,Lake Taupo,-38.78,176.06,-38.77962054284687,176.01395513641307,30-45,32760,-4000.0,0.0,12.5,0.001,14,20,cuda:0,0.0139877514969096,blurred_observation,12.5,0.0139877514969096,0.0,170053,170053,,,,,,0.0,0.0,0.0,0.0,0.0,computed,112,True
water__lake_taupo__r1c0,water,lake_taupo,Lake Taupo,-38.78,176.06,-38.77962054284687,176.01395513641307,30-45,32760,-4000.0,0.0,12.5,0.001,14,20,cuda:0,0.0139877514969096,psf_aware_matched,12.5,0.0136963098782755,0.0208354872974735,170053,171394,22.0,65536.0,171394.0,1441792.0,0.0001283592191091,0.2708467342890799,0.0404599821195006,1.6749531705863774,0.3113067164085805,1.986259886994958,computed,112,True
water__lake_taupo__r1c0,water,lake_taupo,Lake Taupo,-38.78,176.06,-38.77962054284687,176.01395513641307,30-45,32760,-4000.0,0.0,12.5,0.001,14,20,cuda:0,0.0139877514969096,psf_aware_plus50,18.75,0.0165809413809411,-0.185390045326756,170053,173360,48.0,65536.0,173360.0,3145728.0,0.0002768804799261,0.4260285878553986,0.0797300082631409,1.690099056344479,0.5057585961185396,2.195857652463019,computed,112,True
water__lake_taupo__r1c0,water,lake_taupo,Lake Taupo,-38.78,176.06,-38.77962054284687,176.01395513641307,30-45,32760,-4000.0,0.0,12.5,0.001,14,20,cuda:0,0.0139877514969096,psf_aware_minus50,6.25,0.0146851195995458,-0.0498556256729514,169506,169506,9.0,65536.0,169506.0,589824.0,5.309546564723373e-05,0.1678674211725592,0.0223000571131706,1.6199788697995243,0.1901674782857298,1.8101463480852544,computed,112,True
water__lake_taupo__r1c0,water,lake_taupo,Lake Taupo,-38.78,176.06,-38.77962054284687,176.01395513641307,30-45,32760,-4000.0,0.0,12.5,0.001,14,20,cuda:0,0.0139877514969096,nearest,,0.014877763683695,-0.0636279667237462,169051,170053,,,,,,0.0,0.1196246990002691,0.0,0.1196246990002691,0.1196246990002691,computed,112,True
water__lake_taupo__r1c0,water,lake_taupo,Lake Taupo,-38.78,176.06,-38.77962054284687,176.01395513641307,30-45,32760,-4000.0,0.0,12.5,0.001,14,20,cuda:0,0.0139877514969096,bilinear,,0.0150806018995632,-0.0781290976534037,169051,170053,,,,,,0.0,0.1070934752933681,0.0,0.1070934752933681,0.1070934752933681,computed,112,True
water__lake_taupo__r1c0,water,lake_taupo,Lake Taupo,-38.78,176.06,-38.77962054284687,176.01395513641307,30-45,32760,-4000.0,0.0,12.5,0.001,14,20,cuda:0,0.0139877514969096,bicubic,,0.0147683276889638,-0.0558042650547991,169051,170053,,,,,,0.0,0.7583488021045923,0.0,0.7583488021045923,0.7583488021045923,computed,112,True
water__lake_taupo__r1c1,water,lake_taupo,Lake Taupo,-38.78,176.06,-38.78,176.06,30-45,32760,0.0,0.0,12.5,0.001,14,20,cuda:0,0.0145037042563245,blurred_observation,12.5,0.0145037042563245,0.0,170052,170052,,,,,,0.0,0.0,0.0,0.0,0.0,computed,113,True
water__lake_taupo__r1c1,water,lake_taupo,Lake Taupo,-38.78,176.06,-38.78,176.06,30-45,32760,0.0,0.0,12.5,0.001,14,20,cuda:0,0.0145037042563245,psf_aware_matched,12.5,0.0138232502743317,0.0469158754182496,170052,171379,22.0,65536.0,171379.0,1441792.0,0.0001283704537895,0.2692413530312478,0.040435875300318,1.677978741005063,0.3096772283315658,1.987655969336629,computed,113,True
water__lake_taupo__r1c1,water,lake_taupo,Lake Taupo,-38.78,176.06,-38.78,176.06,30-45,32760,0.0,0.0,12.5,0.001,14,20,cuda:0,0.0145037042563245,psf_aware_plus50,18.75,0.0176337089846355,-0.2158072636475656,170052,173363,48.0,65536.0,173363.0,3145728.0,0.000276875688584,0.4282941981218755,0.0801814743317663,1.7034112899564209,0.5084756724536419,2.2118869624100626,computed,113,True
water__lake_taupo__r1c1,water,lake_taupo,Lake Taupo,-38.78,176.06,-38.78,176.06,30-45,32760,0.0,0.0,12.5,0.001,14,20,cuda:0,0.0145037042563245,psf_aware_minus50,6.25,0.0152708511231354,-0.0528931680661062,169509,169509,9.0,65536.0,169509.0,589824.0,5.3094525954374105e-05,0.1681934790685773,0.0222044349648058,1.6532928659580648,0.1903979140333831,1.843690779991448,computed,113,True
water__lake_taupo__r1c1,water,lake_taupo,Lake Taupo,-38.78,176.06,-38.78,176.06,30-45,32760,0.0,0.0,12.5,0.001,14,20,cuda:0,0.0145037042563245,nearest,,0.0155393283632217,-0.0714041108805418,169059,170052,,,,,,0.0,0.1202981453388929,0.0,0.1202981453388929,0.1202981453388929,computed,113,True
water__lake_taupo__r1c1,water,lake_taupo,Lake Taupo,-38.78,176.06,-38.78,176.06,30-45,32760,0.0,0.0,12.5,0.001,14,20,cuda:0,0.0145037042563245,bilinear,,0.0157879070810423,-0.0885430923040055,169059,170052,,,,,,0.0,0.1069971430115401,0.0,0.1069971430115401,0.1069971430115401,computed,113,True
water__lake_taupo__r1c1,water,lake_taupo,Lake Taupo,-38.78,176.06,-38.78,176.06,30-45,32760,0.0,0.0,12.5,0.001,14,20,cuda:0,0.0145037042563245,bicubic,,0.0153225323185078,-0.0564564781322134,169059,170052,,,,,,0.0,0.7603075918741524,0.0,0.7603075918741524,0.7603075918741524,computed,113,True
water__lake_taupo__r1c2,water,lake_taupo,Lake Taupo,-38.78,176.06,-38.78036131851204,176.10604571042035,30-45,32760,4000.0,0.0,12.5,0.001,14,20,cuda:0,0.0315492143549168,blurred_observation,12.5,0.0315492143549168,0.0,170046,170046,,,,,,0.0,0.0,0.0,0.0,0.0,computed,114,True
water__lake_taupo__r1c2,water,lake_taupo,Lake Taupo,-38.78,176.06,-38.78036131851204,176.10604571042035,30-45,32760,4000.0,0.0,12.5,0.001,14,20,cuda:0,0.0315492143549168,psf_aware_matched,12.5,0.0263406538401505,0.1650931923746789,170046,171377,22.0,65536.0,171377.0,1441792.0,0.0001283719518955,0.2680682106874883,0.0403928239829838,1.678325547836721,0.3084610346704721,1.986786582507193,computed,114,True
water__lake_taupo__r1c2,water,lake_taupo,Lake Taupo,-38.78,176.06,-38.78036131851204,176.10604571042035,30-45,32760,4000.0,0.0,12.5,0.001,14,20,cuda:0,0.0315492143549168,psf_aware_plus50,18.75,0.0473756531803942,-0.5016428823689865,170046,173366,48.0,65536.0,173366.0,3145728.0,0.0002768708974077,0.422384425997734,0.0806416347622871,1.7367063011042774,0.5030260607600212,2.2397323618642986,computed,114,True
water__lake_taupo__r1c2,water,lake_taupo,Lake Taupo,-38.78,176.06,-38.78036131851204,176.10604571042035,30-45,32760,4000.0,0.0,12.5,0.001,14,20,cuda:0,0.0315492143549168,psf_aware_minus50,6.25,0.0360392476369514,-0.1423183864904986,169530,169530,9.0,65536.0,169530.0,589824.0,5.308794903556893e-05,0.1707759699784219,0.0230126250535249,1.668878884986043,0.1937885950319469,1.8626674800179897,computed,114,True
water__lake_taupo__r1c2,water,lake_taupo,Lake Taupo,-38.78,176.06,-38.78036131851204,176.10604571042035,30-45,32760,4000.0,0.0,12.5,0.001,14,20,cuda:0,0.0315492143549168,nearest,,0.0374539716868427,-0.1871602020100919,169070,170046,,,,,,0.0,0.1199246970936656,0.0,0.1199246970936656,0.1199246970936656,computed,114,True
water__lake_taupo__r1c2,water,lake_taupo,Lake Taupo,-38.78,176.06,-38.78036131851204,176.10604571042035,30-45,32760,4000.0,0.0,12.5,0.001,14,20,cuda:0,0.0315492143549168,bilinear,,0.0387046974039241,-0.226803842672937,169070,170046,,,,,,0.0,0.1069055087864399,0.0,0.1069055087864399,0.1069055087864399,computed,114,True
water__lake_taupo__r1c2,water,lake_taupo,Lake Taupo,-38.78,176.06,-38.78036131851204,176.10604571042035,30-45,32760,4000.0,0.0,12.5,0.001,14,20,cuda:0,0.0315492143549168,bicubic,,0.0355618885030251,-0.1271877677512742,169070,170046,,,,,,0.0,0.7591803073883057,0.0,0.7591803073883057,0.7591803073883057,computed,114,True
water__lake_taupo__r2c0,water,lake_taupo,Lake Taupo,-38.78,176.06,-38.74357898669962,176.01445105069422,30-45,32760,-4000.0,4000.0,12.5,0.001,14,20,cuda:0,0.0190120472499851,blurred_observation,12.5,0.0190120472499851,0.0,170039,170039,,,,,,0.0,0.0,0.0,0.0,0.0,computed,115,True
water__lake_taupo__r2c0,water,lake_taupo,Lake Taupo,-38.78,176.06,-38.74357898669962,176.01445105069422,30-45,32760,-4000.0,4000.0,12.5,0.001,14,20,cuda:0,0.0190120472499851,psf_aware_matched,12.5,0.017205519057253,0.0950201821496914,170039,171365,22.0,65536.0,171365.0,1441792.0,0.0001283809412657,0.2775116371922195,0.0404165787622332,1.6923462129198017,0.3179282159544527,2.0102744288742542,computed,115,True
water__lake_taupo__r2c0,water,lake_taupo,Lake Taupo,-38.78,176.06,-38.74357898669962,176.01445105069422,30-45,32760,-4000.0,4000.0,12.5,0.001,14,20,cuda:0,0.0190120472499851,psf_aware_plus50,18.75,0.0259964177583343,-0.3673655139035414,170039,173371,48.0,65536.0,173371.0,3145728.0,0.0002768629124824,0.4243950638920069,0.0796920857392251,1.7228269740007818,0.504087149631232,2.226914123632014,computed,115,True
water__lake_taupo__r2c0,water,lake_taupo,Lake Taupo,-38.78,176.06,-38.74357898669962,176.01445105069422,30-45,32760,-4000.0,4000.0,12.5,0.001,14,20,cuda:0,0.0190120472499851,psf_aware_minus50,6.25,0.0208510467355028,-0.0967281146179106,169509,169509,9.0,65536.0,169509.0,589824.0,5.3094525954374105e-05,0.1688249940052628,0.0222587380558252,1.672809069044888,0.191083732061088,1.863892801105976,computed,115,True
water__lake_taupo__r2c0,water,lake_taupo,Lake Taupo,-38.78,176.06,-38.74357898669962,176.01445105069422,30-45,32760,-4000.0,4000.0,12.5,0.001,14,20,cuda:0,0.0190120472499851,nearest,,0.0214935778348673,-0.1305241120145093,169073,170039,,,,,,0.0,0.1198734403587877,0.0,0.1198734403587877,0.1198734403587877,computed,115,True
water__lake_taupo__r2c0,water,lake_taupo,Lake Taupo,-38.78,176.06,-38.74357898669962,176.01445105069422,30-45,32760,-4000.0,4000.0,12.5,0.001,14,20,cuda:0,0.0190120472499851,bilinear,,0.0220486964224145,-0.1597223661661078,169073,170039,,,,,,0.0,0.1078379349783063,0.0,0.1078379349783063,0.1078379349783063,computed,115,True
water__lake_taupo__r2c0,water,lake_taupo,Lake Taupo,-38.78,176.06,-38.74357898669962,176.01445105069422,30-45,32760,-4000.0,4000.0,12.5,0.001,14,20,cuda:0,0.0190120472499851,bicubic,,0.0208467700732201,-0.0965031697591867,169073,170039,,,,,,0.0,0.7786229811608791,0.0,0.7786229811608791,0.7786229811608791,computed,115,True
water__lake_taupo__r2c1,water,lake_taupo,Lake Taupo,-38.78,176.06,-38.74395795835227,176.06047276531856,30-45,32760,0.0,4000.0,12.5,0.001,14,20,cuda:0,0.0245975016373229,blurred_observation,12.5,0.0245975016373229,0.0,170050,170050,,,,,,0.0,0.0,0.0,0.0,0.0,computed,116,True
water__lake_taupo__r2c1,water,lake_taupo,Lake Taupo,-38.78,176.06,-38.74395795835227,176.06047276531856,30-45,32760,0.0,4000.0,12.5,0.001,14,20,cuda:0,0.0245975016373229,psf_aware_matched,12.5,0.0214675404334081,0.1272471184295242,170050,171378,22.0,65536.0,171378.0,1441792.0,0.0001283712028381,0.2661165348254144,0.0403713230043649,1.694216836243868,0.3064878578297794,2.0007046940736477,computed,116,True
water__lake_taupo__r2c1,water,lake_taupo,Lake Taupo,-38.78,176.06,-38.74395795835227,176.06047276531856,30-45,32760,0.0,4000.0,12.5,0.001,14,20,cuda:0,0.0245975016373229,psf_aware_plus50,18.75,0.0348839208677424,-0.4181895942964944,170050,173366,48.0,65536.0,173366.0,3145728.0,0.0002768708974077,0.4251048490405082,0.0797653561457991,1.7263028472661972,0.5048702051863074,2.2311730524525046,computed,116,True
water__lake_taupo__r2c1,water,lake_taupo,Lake Taupo,-38.78,176.06,-38.74395795835227,176.06047276531856,30-45,32760,0.0,4000.0,12.5,0.001,14,20,cuda:0,0.0245975016373229,psf_aware_minus50,6.25,0.0273316104224391,-0.1111539222734543,169527,169527,9.0,65536.0,169527.0,589824.0,5.3088888495637866e-05,0.1693583750165999,0.0222891862504184,1.672603819984943,0.1916475612670183,1.864251381251961,computed,116,True
water__lake_taupo__r2c1,water,lake_taupo,Lake Taupo,-38.78,176.06,-38.74395795835227,176.06047276531856,30-45,32760,0.0,4000.0,12.5,0.001,14,20,cuda:0,0.0245975016373229,nearest,,0.0282751837346286,-0.1495144568554631,169063,170050,,,,,,0.0,0.1205315771512687,0.0,0.1205315771512687,0.1205315771512687,computed,116,True
water__lake_taupo__r2c1,water,lake_taupo,Lake Taupo,-38.78,176.06,-38.74395795835227,176.06047276531856,30-45,32760,0.0,4000.0,12.5,0.001,14,20,cuda:0,0.0245975016373229,bilinear,,0.0291243943198408,-0.1840387186172201,169063,170050,,,,,,0.0,0.1082039382308721,0.0,0.1082039382308721,0.1082039382308721,computed,116,True
water__lake_taupo__r2c1,water,lake_taupo,Lake Taupo,-38.78,176.06,-38.74395795835227,176.06047276531856,30-45,32760,0.0,4000.0,12.5,0.001,14,20,cuda:0,0.0245975016373229,bicubic,,0.0271938382356971,-0.1055528580363902,169063,170050,,,,,,0.0,0.7550457059405744,0.0,0.7550457059405744,0.7550457059405744,computed,116,True
water__lake_taupo__r2c2,water,lake_taupo,Lake Taupo,-38.78,176.06,-38.744318814566775,176.10649532513014,30-45,32760,4000.0,4000.0,12.5,0.001,14,20,cuda:0,0.0253093132490768,blurred_observation,12.5,0.0253093132490768,0.0,170049,170049,,,,,,0.0,0.0,0.0,0.0,0.0,computed,117,True
water__lake_taupo__r2c2,water,lake_taupo,Lake Taupo,-38.78,176.06,-38.744318814566775,176.10649532513014,30-45,32760,4000.0,4000.0,12.5,0.001,14,20,cuda:0,0.0253093132490768,psf_aware_matched,12.5,0.0217729702445551,0.1397249688175837,170049,171388,22.0,65536.0,171388.0,1441792.0,0.0001283637127453,0.2702418379485607,0.0404148660600185,1.6926651671528816,0.3106567040085792,2.003321871161461,computed,117,True
water__lake_taupo__r2c2,water,lake_taupo,Lake Taupo,-38.78,176.06,-38.744318814566775,176.10649532513014,30-45,32760,4000.0,4000.0,12.5,0.001,14,20,cuda:0,0.0253093132490768,psf_aware_plus50,18.75,0.0367552797618814,-0.4522432671389063,170049,173360,48.0,65536.0,173360.0,3145728.0,0.0002768804799261,0.4242102741263807,0.079730459023267,1.7009685230441391,0.5039407331496477,2.204909256193787,computed,117,True
water__lake_taupo__r2c2,water,lake_taupo,Lake Taupo,-38.78,176.06,-38.744318814566775,176.10649532513014,30-45,32760,4000.0,4000.0,12.5,0.001,14,20,cuda:0,0.0253093132490768,psf_aware_minus50,6.25,0.0285781224140534,-0.1291543999162347,169514,169514,9.0,65536.0,169514.0,589824.0,5.309295987352077e-05,0.1692345500923693,0.0222772131673991,1.6461951732635498,0.1915117632597684,1.8377069365233183,computed,117,True
water__lake_taupo__r2c2,water,lake_taupo,Lake Taupo,-38.78,176.06,-38.744318814566775,176.10649532513014,30-45,32760,4000.0,4000.0,12.5,0.001,14,20,cuda:0,0.0253093132490768,nearest,,0.0295444079623152,-0.16733345040063,169064,170049,,,,,,0.0,0.1197437751106917,0.0,0.1197437751106917,0.1197437751106917,computed,117,True
water__lake_taupo__r2c2,water,lake_taupo,Lake Taupo,-38.78,176.06,-38.744318814566775,176.10649532513014,30-45,32760,4000.0,4000.0,12.5,0.001,14,20,cuda:0,0.0253093132490768,bilinear,,0.0304511342090811,-0.2031592445595822,169064,170049,,,,,,0.0,0.1069022426381707,0.0,0.1069022426381707,0.1069022426381707,computed,117,True
water__lake_taupo__r2c2,water,lake_taupo,Lake Taupo,-38.78,176.06,-38.744318814566775,176.10649532513014,30-45,32760,4000.0,4000.0,12.5,0.001,14,20,cuda:0,0.0253093132490768,bicubic,,0.0282313400954009,-0.1154526326956211,169064,170049,,,,,,0.0,0.757688962854445,0.0,0.757688962854445,0.757688962854445,computed,117,True
water__lake_geneva__r0c0,water,lake_geneva,Lake Geneva,46.459,6.43,46.42185721598893,6.379689345780408,45-60,32632,-4000.0,-4000.0,12.5,0.001,14,20,cuda:0,0.0008381945272342,blurred_observation,12.5,0.0008381945272342,0.0,169617,169617,,,,,,0.0,0.0,0.0,0.0,0.0,computed,118,True
water__lake_geneva__r0c0,water,lake_geneva,Lake Geneva,46.459,6.43,46.42185721598893,6.379689345780408,45-60,32632,-4000.0,-4000.0,12.5,0.001,14,20,cuda:0,0.0008381945272342,psf_aware_matched,12.5,0.0007446720151628,0.1115761425692418,169617,170937,22.0,65536.0,170937.0,1441792.0,0.0001287023874292,0.2706420561298728,0.0404385011643171,1.503044445067644,0.3110805572941899,1.814125002361834,computed,118,True
water__lake_geneva__r0c0,water,lake_geneva,Lake Geneva,46.459,6.43,46.42185721598893,6.379689345780408,45-60,32632,-4000.0,-4000.0,12.5,0.001,14,20,cuda:0,0.0008381945272342,psf_aware_plus50,18.75,0.0011842542872365,-0.4128633017256495,169617,172902,48.0,65536.0,172902.0,3145728.0,0.0002776139084568,0.4221106679178774,0.0797529006376862,1.521686031948775,0.5018635685555637,2.0235496005043387,computed,118,True
water__lake_geneva__r0c0,water,lake_geneva,Lake Geneva,46.459,6.43,46.42185721598893,6.379689345780408,45-60,32632,-4000.0,-4000.0,12.5,0.001,14,20,cuda:0,0.0008381945272342,psf_aware_minus50,6.25,0.0009127803902186,-0.0889839536778209,169067,169067,9.0,65536.0,169067.0,589824.0,5.323333353049383e-05,0.1897234660573303,0.0208387989550828,1.5921040042303505,0.2105622650124132,1.8026662692427635,computed,118,True
water__lake_geneva__r0c0,water,lake_geneva,Lake Geneva,46.459,6.43,46.42185721598893,6.379689345780408,45-60,32632,-4000.0,-4000.0,12.5,0.001,14,20,cuda:0,0.0008381945272342,nearest,,0.0009477764970194,-0.1307357256873689,168646,169617,,,,,,0.0,0.1199239660054445,0.0,0.1199239660054445,0.1199239660054445,computed,118,True
water__lake_geneva__r0c0,water,lake_geneva,Lake Geneva,46.459,6.43,46.42185721598893,6.379689345780408,45-60,32632,-4000.0,-4000.0,12.5,0.001,14,20,cuda:0,0.0008381945272342,bilinear,,0.000977703851107,-0.1664402705337881,168646,169617,,,,,,0.0,0.1067518279887735,0.0,0.1067518279887735,0.1067518279887735,computed,118,True
water__lake_geneva__r0c0,water,lake_geneva,Lake Geneva,46.459,6.43,46.42185721598893,6.379689345780408,45-60,32632,-4000.0,-4000.0,12.5,0.001,14,20,cuda:0,0.0008381945272342,bicubic,,0.0009284348426407,-0.107660349088966,168646,169617,,,,,,0.0,0.7602155082859099,0.0,0.7602155082859099,0.7602155082859099,computed,118,True
water__lake_geneva__r0c1,water,lake_geneva,Lake Geneva,46.459,6.43,46.42303765068896,6.4316915123654566,45-60,32632,0.0,-4000.0,12.5,0.001,14,20,cuda:0,0.0006666381517728,blurred_observation,12.5,0.0006666381517728,0.0,169623,169623,,,,,,0.0,0.0,0.0,0.0,0.0,computed,119,True
water__lake_geneva__r0c1,water,lake_geneva,Lake Geneva,46.459,6.43,46.42303765068896,6.4316915123654566,45-60,32632,0.0,-4000.0,12.5,0.001,14,20,cuda:0,0.0006666381517728,psf_aware_matched,12.5,0.0005787772044909,0.1317970581915027,169623,170942,22.0,65536.0,170942.0,1441792.0,0.0001286986229247,0.2826962769031524,0.0403731763362884,1.513659318909049,0.3230694532394409,1.83672877214849,computed,119,True
water__lake_geneva__r0c1,water,lake_geneva,Lake Geneva,46.459,6.43,46.42303765068896,6.4316915123654566,45-60,32632,0.0,-4000.0,12.5,0.001,14,20,cuda:0,0.0006666381517728,psf_aware_plus50,18.75,0.0010097077987094,-0.5146264821840791,169623,172893,48.0,65536.0,172893.0,3145728.0,0.0002776283597369,0.4744095811620354,0.0797314820811152,1.5086184930987656,0.5541410632431507,2.0627595563419163,computed,119,True
water__lake_geneva__r0c1,water,lake_geneva,Lake Geneva,46.459,6.43,46.42303765068896,6.4316915123654566,45-60,32632,0.0,-4000.0,12.5,0.001,14,20,cuda:0,0.0006666381517728,psf_aware_minus50,6.25,0.0007357274083748,-0.1036383177563735,169072,169072,9.0,65536.0,169072.0,589824.0,5.323175925049683e-05,0.17159213591367,0.0209273062646389,1.553120378870517,0.1925194421783089,1.745639821048826,computed,119,True
water__lake_geneva__r0c1,water,lake_geneva,Lake Geneva,46.459,6.43,46.42303765068896,6.4316915123654566,45-60,32632,0.0,-4000.0,12.5,0.001,14,20,cuda:0,0.0006666381517728,nearest,,0.0007657166811934,-0.1486241511337809,168641,169623,,,,,,0.0,0.1232287450693547,0.0,0.1232287450693547,0.1232287450693547,computed,119,True
water__lake_geneva__r0c1,water,lake_geneva,Lake Geneva,46.459,6.43,46.42303765068896,6.4316915123654566,45-60,32632,0.0,-4000.0,12.5,0.001,14,20,cuda:0,0.0006666381517728,bilinear,,0.000791475771541,-0.1872644393906724,168641,169623,,,,,,0.0,0.1073296130634844,0.0,0.1073296130634844,0.1073296130634844,computed,119,True
water__lake_geneva__r0c1,water,lake_geneva,Lake Geneva,46.459,6.43,46.42303765068896,6.4316915123654566,45-60,32632,0.0,-4000.0,12.5,0.001,14,20,cuda:0,0.0006666381517728,bicubic,,0.000743364145956,-0.1150939141109546,168641,169623,,,,,,0.0,0.7521903081797063,0.0,0.7521903081797063,0.7521903081797063,computed,119,True
water__lake_geneva__r0c2,water,lake_geneva,Lake Geneva,46.459,6.43,46.42419446102112,6.483696910550786,45-60,32632,4000.0,-4000.0,12.5,0.001,14,20,cuda:0,0.0010131049657956,blurred_observation,12.5,0.0010131049657956,0.0,169629,169629,,,,,,0.0,0.0,0.0,0.0,0.0,computed,120,True
water__lake_geneva__r0c2,water,lake_geneva,Lake Geneva,46.459,6.43,46.42419446102112,6.483696910550786,45-60,32632,4000.0,-4000.0,12.5,0.001,14,20,cuda:0,0.0010131049657956,psf_aware_matched,12.5,0.0008707140090951,0.1405490659979822,169629,170950,22.0,65536.0,170950.0,1441792.0,0.0001286926001754,0.2696377532556653,0.0403898581862449,1.5283913421444597,0.3100276114419102,1.8384189535863695,computed,120,True
water__lake_geneva__r0c2,water,lake_geneva,Lake Geneva,46.459,6.43,46.42419446102112,6.483696910550786,45-60,32632,4000.0,-4000.0,12.5,0.001,14,20,cuda:0,0.0010131049657956,psf_aware_plus50,18.75,0.0015123689129789,-0.4928057447544411,169629,172892,48.0,65536.0,172892.0,3145728.0,0.0002776299655276,0.4705885536968708,0.0795851848088204,1.5223426460288465,0.5501737385056913,2.072516384534538,computed,120,True
water__lake_geneva__r0c2,water,lake_geneva,Lake Geneva,46.459,6.43,46.42419446102112,6.483696910550786,45-60,32632,4000.0,-4000.0,12.5,0.001,14,20,cuda:0,0.0010131049657956,psf_aware_minus50,6.25,0.0010759422863774,-0.0620244917390835,169087,169087,9.0,65536.0,169087.0,589824.0,5.322703696913423e-05,0.1902233329601586,0.0210131290368735,1.4975702269002795,0.2112364619970321,1.7088066888973117,computed,120,True
water__lake_geneva__r0c2,water,lake_geneva,Lake Geneva,46.459,6.43,46.42419446102112,6.483696910550786,45-60,32632,4000.0,-4000.0,12.5,0.001,14,20,cuda:0,0.0010131049657956,nearest,,0.0011335327169411,-0.1188699643288901,168644,169629,,,,,,0.0,0.1196301090531051,0.0,0.1196301090531051,0.1196301090531051,computed,120,True
water__lake_geneva__r0c2,water,lake_geneva,Lake Geneva,46.459,6.43,46.42419446102112,6.483696910550786,45-60,32632,4000.0,-4000.0,12.5,0.001,14,20,cuda:0,0.0010131049657956,bilinear,,0.0011731179309712,-0.1579431259129131,168644,169629,,,,,,0.0,0.1064778789877891,0.0,0.1064778789877891,0.1064778789877891,computed,120,True
water__lake_geneva__r0c2,water,lake_geneva,Lake Geneva,46.459,6.43,46.42419446102112,6.483696910550786,45-60,32632,4000.0,-4000.0,12.5,0.001,14,20,cuda:0,0.0010131049657956,bicubic,,0.0011126762836952,-0.0982833183740934,168644,169629,,,,,,0.0,0.7466399758122861,0.0,0.7466399758122861,0.7466399758122861,computed,120,True
water__lake_geneva__r1c0,water,lake_geneva,Lake Geneva,46.459,6.43,46.45781809065042,6.377963678998391,45-60,32632,-4000.0,0.0,12.5,0.001,14,20,cuda:0,0.0189352987587849,blurred_observation,12.5,0.0189352987587849,0.0,169613,169613,,,,,,0.0,0.0,0.0,0.0,0.0,computed,121,True
water__lake_geneva__r1c0,water,lake_geneva,Lake Geneva,46.459,6.43,46.45781809065042,6.377963678998391,45-60,32632,-4000.0,0.0,12.5,0.001,14,20,cuda:0,0.0189352987587849,psf_aware_matched,12.5,0.0149502796937935,0.2104545122712966,169613,170935,22.0,65536.0,170935.0,1441792.0,0.0001287038932927,0.2706520152278244,0.040312151890248,1.5006077899597583,0.3109641671180725,1.811571957077831,computed,121,True
water__lake_geneva__r1c0,water,lake_geneva,Lake Geneva,46.459,6.43,46.45781809065042,6.377963678998391,45-60,32632,-4000.0,0.0,12.5,0.001,14,20,cuda:0,0.0189352987587849,psf_aware_plus50,18.75,0.0314088428331688,-0.6587455647403961,169613,172893,48.0,65536.0,172893.0,3145728.0,0.0002776283597369,0.4273564130999148,0.0796811762265861,1.517839656677097,0.5070375893265009,2.024877246003598,computed,121,True
water__lake_geneva__r1c0,water,lake_geneva,Lake Geneva,46.459,6.43,46.45781809065042,6.377963678998391,45-60,32632,-4000.0,0.0,12.5,0.001,14,20,cuda:0,0.0189352987587849,psf_aware_minus50,6.25,0.0218025765623894,-0.1514250099842928,169073,169073,9.0,65536.0,169073.0,589824.0,5.3231444405670926e-05,0.1911219749599695,0.0211080689914524,1.4756653187796474,0.2122300439514219,1.687895362731069,computed,121,True
water__lake_geneva__r1c0,water,lake_geneva,Lake Geneva,46.459,6.43,46.45781809065042,6.377963678998391,45-60,32632,-4000.0,0.0,12.5,0.001,14,20,cuda:0,0.0189352987587849,nearest,,0.0229781633093785,-0.2135094144589611,168634,169613,,,,,,0.0,0.1186891682446003,0.0,0.1186891682446003,0.1186891682446003,computed,121,True
water__lake_geneva__r1c0,water,lake_geneva,Lake Geneva,46.459,6.43,46.45781809065042,6.377963678998391,45-60,32632,-4000.0,0.0,12.5,0.001,14,20,cuda:0,0.0189352987587849,bilinear,,0.0240609750585067,-0.270694239632413,168634,169613,,,,,,0.0,0.1059205434285104,0.0,0.1059205434285104,0.1059205434285104,computed,121,True
water__lake_geneva__r1c0,water,lake_geneva,Lake Geneva,46.459,6.43,46.45781809065042,6.377963678998391,45-60,32632,-4000.0,0.0,12.5,0.001,14,20,cuda:0,0.0189352987587849,bicubic,,0.0217197770930404,-0.1470522525008348,168634,169613,,,,,,0.0,0.772890214342624,0.0,0.772890214342624,0.772890214342624,computed,121,True
water__lake_geneva__r1c1,water,lake_geneva,Lake Geneva,46.459,6.43,46.459,6.43,45-60,32632,0.0,0.0,12.5,0.001,14,20,cuda:0,0.012797410401331,blurred_observation,12.5,0.012797410401331,0.0,169623,169623,,,,,,0.0,0.0,0.0,0.0,0.0,computed,122,True
water__lake_geneva__r1c1,water,lake_geneva,Lake Geneva,46.459,6.43,46.459,6.43,45-60,32632,0.0,0.0,12.5,0.001,14,20,cuda:0,0.012797410401331,psf_aware_matched,12.5,0.0102926526737008,0.1957237948209917,169623,170937,22.0,65536.0,170937.0,1441792.0,0.0001287023874292,0.2732909619808197,0.040400527883321,1.488889315165579,0.3136914898641407,1.80258080502972,computed,122,True
water__lake_geneva__r1c1,water,lake_geneva,Lake Geneva,46.459,6.43,46.459,6.43,45-60,32632,0.0,0.0,12.5,0.001,14,20,cuda:0,0.012797410401331,psf_aware_plus50,18.75,0.0204642253171402,-0.5990911188572823,169623,172905,48.0,65536.0,172905.0,3145728.0,0.0002776090916977,0.4330599247477948,0.0797110418789088,1.5180704849772155,0.5127709666267037,2.0308414516039197,computed,122,True
water__lake_geneva__r1c1,water,lake_geneva,Lake Geneva,46.459,6.43,46.459,6.43,45-60,32632,0.0,0.0,12.5,0.001,14,20,cuda:0,0.012797410401331,psf_aware_minus50,6.25,0.0144939096535567,-0.1325658237895799,169075,169075,9.0,65536.0,169075.0,589824.0,5.323081472719207e-05,0.1684888778254389,0.0209344201721251,1.4552662130445242,0.189423297997564,1.6446895110420885,computed,122,True
water__lake_geneva__r1c1,water,lake_geneva,Lake Geneva,46.459,6.43,46.459,6.43,45-60,32632,0.0,0.0,12.5,0.001,14,20,cuda:0,0.012797410401331,nearest,,0.0151816989718843,-0.1863102374450203,168642,169623,,,,,,0.0,0.1190835740417242,0.0,0.1190835740417242,0.1190835740417242,computed,122,True
water__lake_geneva__r1c1,water,lake_geneva,Lake Geneva,46.459,6.43,46.459,6.43,45-60,32632,0.0,0.0,12.5,0.001,14,20,cuda:0,0.012797410401331,bilinear,,0.0158543006499847,-0.2388678766085201,168642,169623,,,,,,0.0,0.1069199168123304,0.0,0.1069199168123304,0.1069199168123304,computed,122,True
water__lake_geneva__r1c1,water,lake_geneva,Lake Geneva,46.459,6.43,46.459,6.43,45-60,32632,0.0,0.0,12.5,0.001,14,20,cuda:0,0.012797410401331,bicubic,,0.0143972034913929,-0.1250091260569061,168642,169623,,,,,,0.0,0.7669579680077732,0.0,0.7669579680077732,0.7669579680077732,computed,122,True
water__lake_geneva__r1c2,water,lake_geneva,Lake Geneva,46.459,6.43,46.46015825553086,6.48203956030391,45-60,32632,4000.0,0.0,12.5,0.001,14,20,cuda:0,0.0008713681388875,blurred_observation,12.5,0.0008713681388875,0.0,169636,169636,,,,,,0.0,0.0,0.0,0.0,0.0,computed,123,True
water__lake_geneva__r1c2,water,lake_geneva,Lake Geneva,46.459,6.43,46.46015825553086,6.48203956030391,45-60,32632,4000.0,0.0,12.5,0.001,14,20,cuda:0,0.0008713681388875,psf_aware_matched,12.5,0.0007811012180488,0.1035921751211796,169636,170948,22.0,65536.0,170948.0,1441792.0,0.0001286941058099,0.2708396296948194,0.0403427188284695,1.5166478301398456,0.3111823485232889,1.8278301786631344,computed,123,True
water__lake_geneva__r1c2,water,lake_geneva,Lake Geneva,46.459,6.43,46.46015825553086,6.48203956030391,45-60,32632,4000.0,0.0,12.5,0.001,14,20,cuda:0,0.0008713681388875,psf_aware_plus50,18.75,0.001254752757317,-0.4399800742301569,169636,172910,48.0,65536.0,172910.0,3145728.0,0.0002776010641374,0.4310725717805326,0.0800288640893995,1.531212655827403,0.5111014358699322,2.0423140916973352,computed,123,True
water__lake_geneva__r1c2,water,lake_geneva,Lake Geneva,46.459,6.43,46.46015825553086,6.48203956030391,45-60,32632,4000.0,0.0,12.5,0.001,14,20,cuda:0,0.0008713681388875,psf_aware_minus50,6.25,0.0009481843870025,-0.0881559064267181,169079,169079,9.0,65536.0,169079.0,589824.0,5.322955541492438e-05,0.1907032318413257,0.0210683238692581,1.485637185163796,0.2117715557105839,1.69740874087438,computed,123,True
water__lake_geneva__r1c2,water,lake_geneva,Lake Geneva,46.459,6.43,46.46015825553086,6.48203956030391,45-60,32632,4000.0,0.0,12.5,0.001,14,20,cuda:0,0.0008713681388875,nearest,,0.0009807009887923,-0.1254726274986275,168649,169636,,,,,,0.0,0.1192835830152034,0.0,0.1192835830152034,0.1192835830152034,computed,123,True
water__lake_geneva__r1c2,water,lake_geneva,Lake Geneva,46.459,6.43,46.46015825553086,6.48203956030391,45-60,32632,4000.0,0.0,12.5,0.001,14,20,cuda:0,0.0008713681388875,bilinear,,0.0010095216008224,-0.1585477546967619,168649,169636,,,,,,0.0,0.1070188940502703,0.0,0.1070188940502703,0.1070188940502703,computed,123,True
water__lake_geneva__r1c2,water,lake_geneva,Lake Geneva,46.459,6.43,46.46015825553086,6.48203956030391,45-60,32632,4000.0,0.0,12.5,0.001,14,20,cuda:0,0.0008713681388875,bicubic,,0.0009592666031453,-0.1008740856304475,168649,169636,,,,,,0.0,0.7572944760322571,0.0,0.7572944760322571,0.7572944760322571,computed,123,True
water__lake_geneva__r2c0,water,lake_geneva,Lake Geneva,46.459,6.43,46.49377868859477,6.376234707690337,45-60,32632,-4000.0,4000.0,12.5,0.001,14,20,cuda:0,0.0331294988425382,blurred_observation,12.5,0.0331294988425382,0.0,169607,169607,,,,,,0.0,0.0,0.0,0.0,0.0,computed,124,True
water__lake_geneva__r2c0,water,lake_geneva,Lake Geneva,46.459,6.43,46.49377868859477,6.376234707690337,45-60,32632,-4000.0,4000.0,12.5,0.001,14,20,cuda:0,0.0331294988425382,psf_aware_matched,12.5,0.025450909898658,0.231774980369484,169607,170935,22.0,65536.0,170935.0,1441792.0,0.0001287038932927,0.2844363218173384,0.0404164190404117,1.527224853169173,0.3248527408577502,1.8520775940269232,computed,124,True
water__lake_geneva__r2c0,water,lake_geneva,Lake Geneva,46.459,6.43,46.49377868859477,6.376234707690337,45-60,32632,-4000.0,4000.0,12.5,0.001,14,20,cuda:0,0.0331294988425382,psf_aware_plus50,18.75,0.0544299992036416,-0.6429466519352738,169607,172879,48.0,65536.0,172879.0,3145728.0,0.0002776508424967,0.4756861790083349,0.0800156998448073,1.526604086626321,0.5557018788531423,2.082305965479464,computed,124,True
water__lake_geneva__r2c0,water,lake_geneva,Lake Geneva,46.459,6.43,46.49377868859477,6.376234707690337,45-60,32632,-4000.0,4000.0,12.5,0.001,14,20,cuda:0,0.0331294988425382,psf_aware_minus50,6.25,0.0379284913771756,-0.1448555728973328,169062,169062,9.0,65536.0,169062.0,589824.0,5.323490790360933e-05,0.190253319684416,0.0215711761265993,1.575251796282828,0.2118244958110153,1.7870762920938432,computed,124,True
water__lake_geneva__r2c0,water,lake_geneva,Lake Geneva,46.459,6.43,46.49377868859477,6.376234707690337,45-60,32632,-4000.0,4000.0,12.5,0.001,14,20,cuda:0,0.0331294988425382,nearest,,0.0400541124599819,-0.2090165519966325,168631,169607,,,,,,0.0,0.1414416101761162,0.0,0.1414416101761162,0.1414416101761162,computed,124,True
water__lake_geneva__r2c0,water,lake_geneva,Lake Geneva,46.459,6.43,46.49377868859477,6.376234707690337,45-60,32632,-4000.0,4000.0,12.5,0.001,14,20,cuda:0,0.0331294988425382,bilinear,,0.0418707643558409,-0.2638514260312008,168631,169607,,,,,,0.0,0.1063711568713188,0.0,0.1063711568713188,0.1063711568713188,computed,124,True
water__lake_geneva__r2c0,water,lake_geneva,Lake Geneva,46.459,6.43,46.49377868859477,6.376234707690337,45-60,32632,-4000.0,4000.0,12.5,0.001,14,20,cuda:0,0.0331294988425382,bicubic,,0.037785102443491,-0.1405274381927879,168631,169607,,,,,,0.0,0.7570737167261541,0.0,0.7570737167261541,0.7570737167261541,computed,124,True
water__lake_geneva__r2c1,water,lake_geneva,Lake Geneva,46.459,6.43,46.49496207452051,6.42830524832795,45-60,32632,0.0,4000.0,12.5,0.001,14,20,cuda:0,0.0275208351129337,blurred_observation,12.5,0.0275208351129337,0.0,169618,169618,,,,,,0.0,0.0,0.0,0.0,0.0,computed,125,True
water__lake_geneva__r2c1,water,lake_geneva,Lake Geneva,46.459,6.43,46.49496207452051,6.42830524832795,45-60,32632,0.0,4000.0,12.5,0.001,14,20,cuda:0,0.0275208351129337,psf_aware_matched,12.5,0.0212181850411308,0.2290137652414811,169618,170939,22.0,65536.0,170939.0,1441792.0,0.000128700881601,0.2692764387466013,0.0404595397412776,1.5072033032774923,0.309735978487879,1.816939281765372,computed,125,True
water__lake_geneva__r2c1,water,lake_geneva,Lake Geneva,46.459,6.43,46.49496207452051,6.42830524832795,45-60,32632,0.0,4000.0,12.5,0.001,14,20,cuda:0,0.0275208351129337,psf_aware_plus50,18.75,0.0451538060115904,-0.6407135112833053,169618,172894,48.0,65536.0,172894.0,3145728.0,0.0002776267539648,0.5202360968105495,0.0800808230414986,1.5153961591422558,0.6003169198520482,2.115713078994304,computed,125,True
water__lake_geneva__r2c1,water,lake_geneva,Lake Geneva,46.459,6.43,46.49496207452051,6.42830524832795,45-60,32632,0.0,4000.0,12.5,0.001,14,20,cuda:0,0.0275208351129337,psf_aware_minus50,6.25,0.0315427101654841,-0.1461392808774269,169081,169081,9.0,65536.0,169081.0,589824.0,5.3228925781134485e-05,0.1717002303339541,0.0210746051743626,1.5475013861432672,0.1927748355083167,1.740276221651584,computed,125,True
water__lake_geneva__r2c1,water,lake_geneva,Lake Geneva,46.459,6.43,46.49496207452051,6.42830524832795,45-60,32632,0.0,4000.0,12.5,0.001,14,20,cuda:0,0.0275208351129337,nearest,,0.0333050006528978,-0.2101740559916995,168638,169618,,,,,,0.0,0.1196619300171732,0.0,0.1196619300171732,0.1196619300171732,computed,125,True
water__lake_geneva__r2c1,water,lake_geneva,Lake Geneva,46.459,6.43,46.49496207452051,6.42830524832795,45-60,32632,0.0,4000.0,12.5,0.001,14,20,cuda:0,0.0275208351129337,bilinear,,0.034801765439157,-0.2645606609081969,168638,169618,,,,,,0.0,0.1061152620241046,0.0,0.1061152620241046,0.1061152620241046,computed,125,True
water__lake_geneva__r2c1,water,lake_geneva,Lake Geneva,46.459,6.43,46.49496207452051,6.42830524832795,45-60,32632,0.0,4000.0,12.5,0.001,14,20,cuda:0,0.0275208351129337,bicubic,,0.0313809496103609,-0.1402615320933014,168638,169618,,,,,,0.0,0.7590295406989753,0.0,0.7590295406989753,0.7590295406989753,computed,125,True
water__lake_geneva__r2c2,water,lake_geneva,Lake Geneva,46.459,6.43,46.496121777138406,6.480379035995644,45-60,32632,4000.0,4000.0,12.5,0.001,14,20,cuda:0,0.0336051584497558,blurred_observation,12.5,0.0336051584497558,0.0,169625,169625,,,,,,0.0,0.0,0.0,0.0,0.0,computed,126,True
water__lake_geneva__r2c2,water,lake_geneva,Lake Geneva,46.459,6.43,46.496121777138406,6.480379035995644,45-60,32632,4000.0,4000.0,12.5,0.001,14,20,cuda:0,0.0336051584497558,psf_aware_matched,12.5,0.0255391189451487,0.2400238498106449,169625,170948,22.0,65536.0,170948.0,1441792.0,0.0001286941058099,0.2728567398153245,0.0403964910656213,1.4952891068533063,0.3132532308809459,1.808542337734252,computed,126,True
water__lake_geneva__r2c2,water,lake_geneva,Lake Geneva,46.459,6.43,46.496121777138406,6.480379035995644,45-60,32632,4000.0,4000.0,12.5,0.001,14,20,cuda:0,0.0336051584497558,psf_aware_plus50,18.75,0.0555798363711795,-0.6539078800737907,169625,172901,48.0,65536.0,172901.0,3145728.0,0.0002776155140803,0.4728923579677939,0.0797191075980663,1.5063809351995587,0.5526114655658603,2.058992400765419,computed,126,True
water__lake_geneva__r2c2,water,lake_geneva,Lake Geneva,46.459,6.43,46.496121777138406,6.480379035995644,45-60,32632,4000.0,4000.0,12.5,0.001,14,20,cuda:0,0.0336051584497558,psf_aware_minus50,6.25,0.0384472440394825,-0.1440875690845584,169082,169082,9.0,65536.0,169082.0,589824.0,5.322861096982529e-05,0.1945387963205576,0.0209832317195832,1.573075293097645,0.2155220280401408,1.788597321137786,computed,126,True
water__lake_geneva__r2c2,water,lake_geneva,Lake Geneva,46.459,6.43,46.496121777138406,6.480379035995644,45-60,32632,4000.0,4000.0,12.5,0.001,14,20,cuda:0,0.0336051584497558,nearest,,0.0408442391135924,-0.2154157575141309,168646,169625,,,,,,0.0,0.1202626973390579,0.0,0.1202626973390579,0.1202626973390579,computed,126,True
water__lake_geneva__r2c2,water,lake_geneva,Lake Geneva,46.459,6.43,46.496121777138406,6.480379035995644,45-60,32632,4000.0,4000.0,12.5,0.001,14,20,cuda:0,0.0336051584497558,bilinear,,0.0427320494869833,-0.2715919655868717,168646,169625,,,,,,0.0,0.1067281533032655,0.0,0.1067281533032655,0.1067281533032655,computed,126,True
water__lake_geneva__r2c2,water,lake_geneva,Lake Geneva,46.459,6.43,46.496121777138406,6.480379035995644,45-60,32632,4000.0,4000.0,12.5,0.001,14,20,cuda:0,0.0336051584497558,bicubic,,0.0384101504003799,-0.1429837611927413,168646,169625,,,,,,0.0,0.774858851917088,0.0,0.774858851917088,0.774858851917088,computed,126,True
water__lake_michigan__r0c0,water,lake_michigan,Lake Michigan,43.0,-87.85,42.96360901691799,-87.89854417672127,30-45,32616,-4000.0,-4000.0,12.5,0.001,14,20,cuda:0,0.0480068500678053,blurred_observation,12.5,0.0480068500678053,0.0,169892,169892,,,,,,0.0,0.0,0.0,0.0,0.0,computed,127,True
water__lake_michigan__r0c0,water,lake_michigan,Lake Michigan,43.0,-87.85,42.96360901691799,-87.89854417672127,30-45,32616,-4000.0,-4000.0,12.5,0.001,14,20,cuda:0,0.0480068500678053,psf_aware_matched,12.5,0.0411056356315041,0.1437547855473511,169892,171213,22.0,65536.0,171213.0,1441792.0,0.0001284949156898,0.2739231898449361,0.0403859210200607,2.673336667940021,0.3143091108649969,2.987645778805017,computed,127,True
water__lake_michigan__r0c0,water,lake_michigan,Lake Michigan,43.0,-87.85,42.96360901691799,-87.89854417672127,30-45,32616,-4000.0,-4000.0,12.5,0.001,14,20,cuda:0,0.0480068500678053,psf_aware_plus50,18.75,0.0756181625783537,-0.5751535972793436,169892,173161,48.0,65536.0,173161.0,3145728.0,0.0002771986763763,0.4833565359003842,0.0798300988972187,2.703916545957327,0.5631866347976029,3.26710318075493,computed,127,True
water__lake_michigan__r0c0,water,lake_michigan,Lake Michigan,43.0,-87.85,42.96360901691799,-87.89854417672127,30-45,32616,-4000.0,-4000.0,12.5,0.001,14,20,cuda:0,0.0480068500678053,psf_aware_minus50,6.25,0.054219892230918,-0.1294199089158598,169347,169347,9.0,65536.0,169347.0,589824.0,5.3145317011815975e-05,0.1892621223814785,0.0210723909549415,2.618708561640233,0.21033451333642,2.829043074976653,computed,127,True
water__lake_michigan__r0c0,water,lake_michigan,Lake Michigan,43.0,-87.85,42.96360901691799,-87.89854417672127,30-45,32616,-4000.0,-4000.0,12.5,0.001,14,20,cuda:0,0.0480068500678053,nearest,,0.0565440914420871,-0.1778338166787385,168915,169892,,,,,,0.0,0.1196659370325505,0.0,0.1196659370325505,0.1196659370325505,computed,127,True
water__lake_michigan__r0c0,water,lake_michigan,Lake Michigan,43.0,-87.85,42.96360901691799,-87.89854417672127,30-45,32616,-4000.0,-4000.0,12.5,0.001,14,20,cuda:0,0.0480068500678053,bilinear,,0.0587540872866618,-0.2238688271293993,168915,169892,,,,,,0.0,0.1073605800047516,0.0,0.1073605800047516,0.1073605800047516,computed,127,True
water__lake_michigan__r0c0,water,lake_michigan,Lake Michigan,43.0,-87.85,42.96360901691799,-87.89854417672127,30-45,32616,-4000.0,-4000.0,12.5,0.001,14,20,cuda:0,0.0480068500678053,bicubic,,0.0543589948992342,-0.1323174676625742,168915,169892,,,,,,0.0,0.7621088027954102,0.0,0.7621088027954102,0.7621088027954102,computed,127,True
water__lake_michigan__r0c1,water,lake_michigan,Lake Michigan,43.0,-87.85,42.96398349270397,-87.84950395424866,30-45,32616,0.0,-4000.0,12.5,0.001,14,20,cuda:0,0.0367813731340459,blurred_observation,12.5,0.0367813731340459,0.0,169895,169895,,,,,,0.0,0.0,0.0,0.0,0.0,computed,128,True
water__lake_michigan__r0c1,water,lake_michigan,Lake Michigan,43.0,-87.85,42.96398349270397,-87.84950395424866,30-45,32616,0.0,-4000.0,12.5,0.001,14,20,cuda:0,0.0367813731340459,psf_aware_matched,12.5,0.0304566964794477,0.1719532501287707,169895,171220,22.0,65536.0,171220.0,1441792.0,0.0001284896624226,0.2850390230305493,0.0406964989379048,2.620215487200767,0.3257355219684541,2.945951009169221,computed,128,True
water__lake_michigan__r0c1,water,lake_michigan,Lake Michigan,43.0,-87.85,42.96398349270397,-87.84950395424866,30-45,32616,0.0,-4000.0,12.5,0.001,14,20,cuda:0,0.0367813731340459,psf_aware_plus50,18.75,0.0584456296341141,-0.5890007537542163,169895,173175,48.0,65536.0,173175.0,3145728.0,0.0002771762667821,0.4416882572695613,0.0797121948562562,2.701249004341662,0.5214004521258175,3.2226494564674795,computed,128,True
water__lake_michigan__r0c1,water,lake_michigan,Lake Michigan,43.0,-87.85,42.96398349270397,-87.84950395424866,30-45,32616,0.0,-4000.0,12.5,0.001,14,20,cuda:0,0.0367813731340459,psf_aware_minus50,6.25,0.0419576909511459,-0.1407320438591419,169364,169364,9.0,65536.0,169364.0,589824.0,5.313998252285019e-05,0.1699969535693526,0.0209355219267308,2.587985353078693,0.1909324754960835,2.7789178285747766,computed,128,True
water__lake_michigan__r0c1,water,lake_michigan,Lake Michigan,43.0,-87.85,42.96398349270397,-87.84950395424866,30-45,32616,0.0,-4000.0,12.5,0.001,14,20,cuda:0,0.0367813731340459,nearest,,0.0439876648053398,-0.19592231222666,168917,169895,,,,,,0.0,0.1193090612068772,0.0,0.1193090612068772,0.1193090612068772,computed,128,True
water__lake_michigan__r0c1,water,lake_michigan,Lake Michigan,43.0,-87.85,42.96398349270397,-87.84950395424866,30-45,32616,0.0,-4000.0,12.5,0.001,14,20,cuda:0,0.0367813731340459,bilinear,,0.045866094545217,-0.2469924485435246,168917,169895,,,,,,0.0,0.1055133827030658,0.0,0.1055133827030658,0.1055133827030658,computed,128,True
water__lake_michigan__r0c1,water,lake_michigan,Lake Michigan,43.0,-87.85,42.96398349270397,-87.84950395424866,30-45,32616,0.0,-4000.0,12.5,0.001,14,20,cuda:0,0.0367813731340459,bicubic,,0.0418970160716839,-0.1390824349867128,168917,169895,,,,,,0.0,0.7538742069154978,0.0,0.7538742069154978,0.7538742069154978,computed,128,True
water__lake_michigan__r0c2,water,lake_michigan,Lake Michigan,43.0,-87.85,42.96433696087617,-87.80046281908129,30-45,32616,4000.0,-4000.0,12.5,0.001,14,20,cuda:0,0.0003163254134148,blurred_observation,12.5,0.0003163254134148,0.0,169894,169894,,,,,,0.0,0.0,0.0,0.0,0.0,computed,129,True
water__lake_michigan__r0c2,water,lake_michigan,Lake Michigan,43.0,-87.85,42.96433696087617,-87.80046281908129,30-45,32616,4000.0,-4000.0,12.5,0.001,14,20,cuda:0,0.0003163254134148,psf_aware_matched,12.5,0.0002460503624379,0.2221606231957894,169894,171209,22.0,65536.0,171209.0,1441792.0,0.0001284979177496,0.3045405289158225,0.0407523647882044,2.638669517822564,0.3452928937040269,2.9839624115265906,computed,129,True
water__lake_michigan__r0c2,water,lake_michigan,Lake Michigan,43.0,-87.85,42.96433696087617,-87.80046281908129,30-45,32616,4000.0,-4000.0,12.5,0.001,14,20,cuda:0,0.0003163254134148,psf_aware_plus50,18.75,0.0005125175403082,-0.6202224626070758,169894,173181,48.0,65536.0,173181.0,3145728.0,0.0002771666637795,0.4885090859606862,0.0797891807742416,2.6558788530528545,0.5682982667349279,3.2241771197877824,computed,129,True
water__lake_michigan__r0c2,water,lake_michigan,Lake Michigan,43.0,-87.85,42.96433696087617,-87.80046281908129,30-45,32616,4000.0,-4000.0,12.5,0.001,14,20,cuda:0,0.0003163254134148,psf_aware_minus50,6.25,0.000374774605982,-0.1847755194127558,169370,169370,9.0,65536.0,169370.0,589824.0,5.31381000177127e-05,0.1915276828221976,0.0209680628031492,2.6601323690265417,0.2124957456253469,2.8726281146518886,computed,129,True
water__lake_michigan__r0c2,water,lake_michigan,Lake Michigan,43.0,-87.85,42.96433696087617,-87.80046281908129,30-45,32616,4000.0,-4000.0,12.5,0.001,14,20,cuda:0,0.0003163254134148,nearest,,0.0003924465618149,-0.2406418996766568,168933,169894,,,,,,0.0,0.1196630508638918,0.0,0.1196630508638918,0.1196630508638918,computed,129,True
water__lake_michigan__r0c2,water,lake_michigan,Lake Michigan,43.0,-87.85,42.96433696087617,-87.80046281908129,30-45,32616,4000.0,-4000.0,12.5,0.001,14,20,cuda:0,0.0003163254134148,bilinear,,0.0004097907275945,-0.2954720367569585,168933,169894,,,,,,0.0,0.1063566086813807,0.0,0.1063566086813807,0.1063566086813807,computed,129,True
water__lake_michigan__r0c2,water,lake_michigan,Lake Michigan,43.0,-87.85,42.96433696087617,-87.80046281908129,30-45,32616,4000.0,-4000.0,12.5,0.001,14,20,cuda:0,0.0003163254134148,bicubic,,0.0003648708543423,-0.1534667746212512,168933,169894,,,,,,0.0,0.7557160160504282,0.0,0.7557160160504282,0.7557160160504282,computed,129,True
water__lake_michigan__r1c0,water,lake_michigan,Lake Michigan,43.0,-87.85,42.999625055110535,-87.89906884909321,30-45,32616,-4000.0,0.0,12.5,0.001,14,20,cuda:0,0.0512870194211799,blurred_observation,12.5,0.0512870194211799,0.0,169895,169895,,,,,,0.0,0.0,0.0,0.0,0.0,computed,130,True
water__lake_michigan__r1c0,water,lake_michigan,Lake Michigan,43.0,-87.85,42.999625055110535,-87.89906884909321,30-45,32616,-4000.0,0.0,12.5,0.001,14,20,cuda:0,0.0512870194211799,psf_aware_matched,12.5,0.0424531367762419,0.1722440247968452,169895,171217,22.0,65536.0,171217.0,1441792.0,0.0001284919137702,0.2859624028205871,0.0404473980888724,2.6503334203734994,0.3264098009094596,2.976743221282959,computed,130,True
water__lake_michigan__r1c0,water,lake_michigan,Lake Michigan,43.0,-87.85,42.999625055110535,-87.89906884909321,30-45,32616,-4000.0,0.0,12.5,0.001,14,20,cuda:0,0.0512870194211799,psf_aware_plus50,18.75,0.0812077723425916,-0.5833981631043155,169895,173168,48.0,65536.0,173168.0,3145728.0,0.0002771874711263,0.4860297399573028,0.07976163784042,2.6979721477255225,0.5657913777977228,3.2637635255232453,computed,130,True
water__lake_michigan__r1c0,water,lake_michigan,Lake Michigan,43.0,-87.85,42.999625055110535,-87.89906884909321,30-45,32616,-4000.0,0.0,12.5,0.001,14,20,cuda:0,0.0512870194211799,psf_aware_minus50,6.25,0.0582636120301437,-0.1360303774268991,169354,169354,9.0,65536.0,169354.0,589824.0,5.3143120327834e-05,0.1919561051763594,0.0210419339127838,2.62414806522429,0.2129980390891432,2.837146104313433,computed,130,True
water__lake_michigan__r1c0,water,lake_michigan,Lake Michigan,43.0,-87.85,42.999625055110535,-87.89906884909321,30-45,32616,-4000.0,0.0,12.5,0.001,14,20,cuda:0,0.0512870194211799,nearest,,0.0611071090012733,-0.1914731971349068,168913,169895,,,,,,0.0,0.1192963970825076,0.0,0.1192963970825076,0.1192963970825076,computed,130,True
water__lake_michigan__r1c0,water,lake_michigan,Lake Michigan,43.0,-87.85,42.999625055110535,-87.89906884909321,30-45,32616,-4000.0,0.0,12.5,0.001,14,20,cuda:0,0.0512870194211799,bilinear,,0.063733862383542,-0.2426899262783424,168913,169895,,,,,,0.0,0.1062856754288077,0.0,0.1062856754288077,0.1062856754288077,computed,130,True
water__lake_michigan__r1c0,water,lake_michigan,Lake Michigan,43.0,-87.85,42.999625055110535,-87.89906884909321,30-45,32616,-4000.0,0.0,12.5,0.001,14,20,cuda:0,0.0512870194211799,bicubic,,0.0582560140433196,-0.1358822310360594,168913,169895,,,,,,0.0,0.7508337181061506,0.0,0.7508337181061506,0.7508337181061506,computed,130,True
water__lake_michigan__r1c1,water,lake_michigan,Lake Michigan,43.0,-87.85,43.0,-87.85,30-45,32616,0.0,0.0,12.5,0.001,14,20,cuda:0,0.0054056795018341,blurred_observation,12.5,0.0054056795018341,0.0,169889,169889,,,,,,0.0,0.0,0.0,0.0,0.0,computed,131,True
water__lake_michigan__r1c1,water,lake_michigan,Lake Michigan,43.0,-87.85,43.0,-87.85,30-45,32616,0.0,0.0,12.5,0.001,14,20,cuda:0,0.0054056795018341,psf_aware_matched,12.5,0.0050279656759987,0.0698735146445947,169889,171205,22.0,65536.0,171205.0,1441792.0,0.0001285009199497,0.2748579112812876,0.04043356096372,2.7327677700668573,0.3152914722450077,3.048059242311865,computed,131,True
water__lake_michigan__r1c1,water,lake_michigan,Lake Michigan,43.0,-87.85,43.0,-87.85,30-45,32616,0.0,0.0,12.5,0.001,14,20,cuda:0,0.0054056795018341,psf_aware_plus50,18.75,0.0074137710478177,-0.3714780991552222,169889,173174,48.0,65536.0,173174.0,3145728.0,0.0002771778673472,0.4424333279021084,0.0796172451227903,2.690271642059088,0.5220505730248988,3.2123222150839865,computed,131,True
water__lake_michigan__r1c1,water,lake_michigan,Lake Michigan,43.0,-87.85,43.0,-87.85,30-45,32616,0.0,0.0,12.5,0.001,14,20,cuda:0,0.0054056795018341,psf_aware_minus50,6.25,0.0058139086390822,-0.0755185610078443,169355,169355,9.0,65536.0,169355.0,589824.0,5.314280653066045e-05,0.1759570529684424,0.0214421120472252,2.7265655528754,0.1973991650156676,2.9239647178910677,computed,131,True
water__lake_michigan__r1c1,water,lake_michigan,Lake Michigan,43.0,-87.85,43.0,-87.85,30-45,32616,0.0,0.0,12.5,0.001,14,20,cuda:0,0.0054056795018341,nearest,,0.0059453314517483,-0.0998305485427184,168927,169889,,,,,,0.0,0.120249843224883,0.0,0.120249843224883,0.120249843224883,computed,131,True
water__lake_michigan__r1c1,water,lake_michigan,Lake Michigan,43.0,-87.85,43.0,-87.85,30-45,32616,0.0,0.0,12.5,0.001,14,20,cuda:0,0.0054056795018341,bilinear,,0.0060966737253208,-0.1278274494912823,168927,169889,,,,,,0.0,0.1064027966931462,0.0,0.1064027966931462,0.1064027966931462,computed,131,True
water__lake_michigan__r1c1,water,lake_michigan,Lake Michigan,43.0,-87.85,43.0,-87.85,30-45,32616,0.0,0.0,12.5,0.001,14,20,cuda:0,0.0054056795018341,bicubic,,0.005884695910304,-0.0886135421656812,168927,169889,,,,,,0.0,0.7604575860314071,0.0,0.7604575860314071,0.7604575860314071,computed,131,True
water__lake_michigan__r1c2,water,lake_michigan,Lake Michigan,43.0,-87.85,43.0003539109648,-87.80093023622433,30-45,32616,4000.0,0.0,12.5,0.001,14,20,cuda:0,0.0003590686096415,blurred_observation,12.5,0.0003590686096415,0.0,169900,169900,,,,,,0.0,0.0,0.0,0.0,0.0,computed,132,True
water__lake_michigan__r1c2,water,lake_michigan,Lake Michigan,43.0,-87.85,43.0003539109648,-87.80093023622433,30-45,32616,4000.0,0.0,12.5,0.001,14,20,cuda:0,0.0003590686096415,psf_aware_matched,12.5,0.0002818144780301,0.2151514488792372,169900,171227,22.0,65536.0,171227.0,1441792.0,0.0001284844095849,0.271516571752727,0.0405002380721271,2.775638177059591,0.3120168098248541,3.087654986884445,computed,132,True
water__lake_michigan__r1c2,water,lake_michigan,Lake Michigan,43.0,-87.85,43.0003539109648,-87.80093023622433,30-45,32616,4000.0,0.0,12.5,0.001,14,20,cuda:0,0.0003590686096415,psf_aware_plus50,18.75,0.0005750783274606,-0.6015834077911679,169900,173173,48.0,65536.0,173173.0,3145728.0,0.0002771794679309,0.5862534237094223,0.0853250860236585,2.7906784331426024,0.6715785097330809,3.4622569428756838,computed,132,True
water__lake_michigan__r1c2,water,lake_michigan,Lake Michigan,43.0,-87.85,43.0003539109648,-87.80093023622433,30-45,32616,4000.0,0.0,12.5,0.001,14,20,cuda:0,0.0003590686096415,psf_aware_minus50,6.25,0.000430361858641,-0.1985504917031577,169354,169354,9.0,65536.0,169354.0,589824.0,5.3143120327834e-05,0.1947651146911084,0.0219126432202756,2.6676019560545683,0.2166777579113841,2.8842797139659524,computed,132,True
water__lake_michigan__r1c2,water,lake_michigan,Lake Michigan,43.0,-87.85,43.0003539109648,-87.80093023622433,30-45,32616,4000.0,0.0,12.5,0.001,14,20,cuda:0,0.0003590686096415,nearest,,0.0004489472382842,-0.2503104594198508,168914,169900,,,,,,0.0,0.1471398631110787,0.0,0.1471398631110787,0.1471398631110787,computed,132,True
water__lake_michigan__r1c2,water,lake_michigan,Lake Michigan,43.0,-87.85,43.0003539109648,-87.80093023622433,30-45,32616,4000.0,0.0,12.5,0.001,14,20,cuda:0,0.0003590686096415,bilinear,,0.0004671050909712,-0.3008797718004083,168914,169900,,,,,,0.0,0.1055201850831508,0.0,0.1055201850831508,0.1055201850831508,computed,132,True
water__lake_michigan__r1c2,water,lake_michigan,Lake Michigan,43.0,-87.85,43.0003539109648,-87.80093023622433,30-45,32616,4000.0,0.0,12.5,0.001,14,20,cuda:0,0.0003590686096415,bicubic,,0.0004149556149744,-0.1556443638687756,168914,169900,,,,,,0.0,0.7650257078930736,0.0,0.7650257078930736,0.7650257078930736,computed,132,True
water__lake_michigan__r2c0,water,lake_michigan,Lake Michigan,43.0,-87.85,43.03564086064248,-87.89959448891861,30-45,32616,-4000.0,4000.0,12.5,0.001,14,20,cuda:0,0.0453438243508678,blurred_observation,12.5,0.0453438243508678,0.0,169897,169897,,,,,,0.0,0.0,0.0,0.0,0.0,computed,133,True
water__lake_michigan__r2c0,water,lake_michigan,Lake Michigan,43.0,-87.85,43.03564086064248,-87.89959448891861,30-45,32616,-4000.0,4000.0,12.5,0.001,14,20,cuda:0,0.0453438243508678,psf_aware_matched,12.5,0.0366222040792757,0.1923441702690252,169897,171212,22.0,65536.0,171212.0,1441792.0,0.0001284956661916,0.3050014032050967,0.0410286178812384,2.633590920362621,0.3460300210863352,2.9796209414489567,computed,133,True
water__lake_michigan__r2c0,water,lake_michigan,Lake Michigan,43.0,-87.85,43.03564086064248,-87.89959448891861,30-45,32616,-4000.0,4000.0,12.5,0.001,14,20,cuda:0,0.0453438243508678,psf_aware_plus50,18.75,0.073386520725887,-0.6184457702117607,169897,173172,48.0,65536.0,173172.0,3145728.0,0.000277181068533,0.5285128429532051,0.0819606031291186,2.725196960847825,0.6104734460823238,3.3356704069301486,computed,133,True
water__lake_michigan__r2c0,water,lake_michigan,Lake Michigan,43.0,-87.85,43.03564086064248,-87.89959448891861,30-45,32616,-4000.0,4000.0,12.5,0.001,14,20,cuda:0,0.0453438243508678,psf_aware_minus50,6.25,0.0525554842729774,-0.1590439277090134,169354,169354,9.0,65536.0,169354.0,589824.0,5.3143120327834e-05,0.1881076660938561,0.0211116950958967,2.6042618812061846,0.2092193611897528,2.813481242395937,computed,133,True
water__lake_michigan__r2c0,water,lake_michigan,Lake Michigan,43.0,-87.85,43.03564086064248,-87.89959448891861,30-45,32616,-4000.0,4000.0,12.5,0.001,14,20,cuda:0,0.0453438243508678,nearest,,0.055213387098323,-0.2176605720568516,168909,169897,,,,,,0.0,0.1492248908616602,0.0,0.1492248908616602,0.1492248908616602,computed,133,True
water__lake_michigan__r2c0,water,lake_michigan,Lake Michigan,43.0,-87.85,43.03564086064248,-87.89959448891861,30-45,32616,-4000.0,4000.0,12.5,0.001,14,20,cuda:0,0.0453438243508678,bilinear,,0.0577130918896012,-0.2727883612776205,168909,169897,,,,,,0.0,0.1096541848964989,0.0,0.1096541848964989,0.1096541848964989,computed,133,True
water__lake_michigan__r2c0,water,lake_michigan,Lake Michigan,43.0,-87.85,43.03564086064248,-87.89959448891861,30-45,32616,-4000.0,4000.0,12.5,0.001,14,20,cuda:0,0.0453438243508678,bicubic,,0.0520280620617095,-0.1474123060092917,168909,169897,,,,,,0.0,0.7590004066005349,0.0,0.7590004066005349,0.7590004066005349,computed,133,True
water__lake_michigan__r2c1,water,lake_michigan,Lake Michigan,43.0,-87.85,43.03601627517815,-87.8504969604348,30-45,32616,0.0,4000.0,12.5,0.001,14,20,cuda:0,0.0004554264897391,blurred_observation,12.5,0.0004554264897391,0.0,169890,169890,,,,,,0.0,0.0,0.0,0.0,0.0,computed,134,True
water__lake_michigan__r2c1,water,lake_michigan,Lake Michigan,43.0,-87.85,43.03601627517815,-87.8504969604348,30-45,32616,0.0,4000.0,12.5,0.001,14,20,cuda:0,0.0004554264897391,psf_aware_matched,12.5,0.0003644394587768,0.1997842308521975,169890,171225,22.0,65536.0,171225.0,1441792.0,0.0001284859103518,0.2714453982189297,0.0405030627734959,2.6292559690773487,0.3119484609924257,2.9412044300697744,computed,134,True
water__lake_michigan__r2c1,water,lake_michigan,Lake Michigan,43.0,-87.85,43.03601627517815,-87.8504969604348,30-45,32616,0.0,4000.0,12.5,0.001,14,20,cuda:0,0.0004554264897391,psf_aware_plus50,18.75,0.0007247640665432,-0.5913963787183458,169890,173166,48.0,65536.0,173166.0,3145728.0,0.0002771906725338,0.4607749781571328,0.0800786889158189,2.732342465315014,0.5408536670729518,3.273196132387966,computed,134,True
water__lake_michigan__r2c1,water,lake_michigan,Lake Michigan,43.0,-87.85,43.03601627517815,-87.8504969604348,30-45,32616,0.0,4000.0,12.5,0.001,14,20,cuda:0,0.0004554264897391,psf_aware_minus50,6.25,0.0005370450543001,-0.1792134765980872,169358,169358,9.0,65536.0,169358.0,589824.0,5.314186516137413e-05,0.1718728868290782,0.021662538871169,2.641770761925727,0.1935354257002473,2.8353061876259744,computed,134,True
water__lake_michigan__r2c1,water,lake_michigan,Lake Michigan,43.0,-87.85,43.03601627517815,-87.8504969604348,30-45,32616,0.0,4000.0,12.5,0.001,14,20,cuda:0,0.0004554264897391,nearest,,0.0005621330903819,-0.2343003822722855,168903,169890,,,,,,0.0,0.1489143343642354,0.0,0.1489143343642354,0.1489143343642354,computed,134,True
water__lake_michigan__r2c1,water,lake_michigan,Lake Michigan,43.0,-87.85,43.03601627517815,-87.8504969604348,30-45,32616,0.0,4000.0,12.5,0.001,14,20,cuda:0,0.0004554264897391,bilinear,,0.0005776188721773,-0.2683031953370764,168903,169890,,,,,,0.0,0.1067296448163688,0.0,0.1067296448163688,0.1067296448163688,computed,134,True
water__lake_michigan__r2c1,water,lake_michigan,Lake Michigan,43.0,-87.85,43.03601627517815,-87.8504969604348,30-45,32616,0.0,4000.0,12.5,0.001,14,20,cuda:0,0.0004554264897391,bicubic,,0.0005180505826498,-0.1375064786998716,168903,169890,,,,,,0.0,0.7667400953359902,0.0,0.7667400953359902,0.7667400953359902,computed,134,True
water__lake_michigan__r2c2,water,lake_michigan,Lake Michigan,43.0,-87.85,43.03637062944784,-87.80139851527466,30-45,32616,4000.0,4000.0,12.5,0.001,14,20,cuda:0,0.0003308180364579,blurred_observation,12.5,0.0003308180364579,0.0,169903,169903,,,,,,0.0,0.0,0.0,0.0,0.0,computed,135,True
water__lake_michigan__r2c2,water,lake_michigan,Lake Michigan,43.0,-87.85,43.03637062944784,-87.80139851527466,30-45,32616,4000.0,4000.0,12.5,0.001,14,20,cuda:0,0.0003308180364579,psf_aware_matched,12.5,0.0002549523853077,0.2293274331789109,169903,171231,22.0,65536.0,171231.0,1441792.0,0.0001284814081562,0.2711608479730785,0.0402836878784,2.6506581446155906,0.3114445358514786,2.962102680467069,computed,135,True
water__lake_michigan__r2c2,water,lake_michigan,Lake Michigan,43.0,-87.85,43.03637062944784,-87.80139851527466,30-45,32616,4000.0,4000.0,12.5,0.001,14,20,cuda:0,0.0003308180364579,psf_aware_plus50,18.75,0.0005301562160406,-0.6025614011772262,169903,173161,48.0,65536.0,173161.0,3145728.0,0.0002771986763763,0.5237273899838328,0.0800268710590899,2.708703882992268,0.6037542610429227,3.3124581440351903,computed,135,True
water__lake_michigan__r2c2,water,lake_michigan,Lake Michigan,43.0,-87.85,43.03637062944784,-87.80139851527466,30-45,32616,4000.0,4000.0,12.5,0.001,14,20,cuda:0,0.0003308180364579,psf_aware_minus50,6.25,0.0003976379582175,-0.2019839138008727,169352,169352,9.0,65536.0,169352.0,589824.0,5.314374793329869e-05,0.1921110078692436,0.0211126580834388,2.7171585368923843,0.2132236659526825,2.930382202845067,computed,135,True
water__lake_michigan__r2c2,water,lake_michigan,Lake Michigan,43.0,-87.85,43.03637062944784,-87.80139851527466,30-45,32616,4000.0,4000.0,12.5,0.001,14,20,cuda:0,0.0003308180364579,nearest,,0.0004152365955296,-0.2551812469948946,168909,169903,,,,,,0.0,0.1483096680603921,0.0,0.1483096680603921,0.1483096680603921,computed,135,True
water__lake_michigan__r2c2,water,lake_michigan,Lake Michigan,43.0,-87.85,43.03637062944784,-87.80139851527466,30-45,32616,4000.0,4000.0,12.5,0.001,14,20,cuda:0,0.0003308180364579,bilinear,,0.0004317559827977,-0.3051162125880422,168909,169903,,,,,,0.0,0.1060302308760583,0.0,0.1060302308760583,0.1060302308760583,computed,135,True
water__lake_michigan__r2c2,water,lake_michigan,Lake Michigan,43.0,-87.85,43.03637062944784,-87.80139851527466,30-45,32616,4000.0,4000.0,12.5,0.001,14,20,cuda:0,0.0003308180364579,bicubic,,0.0003817597341263,-0.1539870625371611,168909,169903,,,,,,0.0,0.7674634251743555,0.0,0.7674634251743555,0.7674634251743555,computed,135,True
water__lake_tahoe__r0c0,water,lake_tahoe,Lake Tahoe,39.1,-120.0,39.06280722943713,-120.04464512393872,30-45,32611,-4000.0,-4000.0,12.5,0.001,14,20,cuda:0,0.0013785086727538,blurred_observation,12.5,0.0013785086727538,0.0,169772,169772,,,,,,0.0,0.0,0.0,0.0,0.0,computed,136,True
water__lake_tahoe__r0c0,water,lake_tahoe,Lake Tahoe,39.1,-120.0,39.06280722943713,-120.04464512393872,30-45,32611,-4000.0,-4000.0,12.5,0.001,14,20,cuda:0,0.0013785086727538,psf_aware_matched,12.5,0.00123034860926,0.1074785138622591,169772,171109,22.0,65536.0,171109.0,1441792.0,0.0001285730148618,0.2719304556958377,0.040814050938934,2.7248380118981004,0.3127445066347718,3.037582518532872,computed,136,True
water__lake_tahoe__r0c0,water,lake_tahoe,Lake Tahoe,39.1,-120.0,39.06280722943713,-120.04464512393872,30-45,32611,-4000.0,-4000.0,12.5,0.001,14,20,cuda:0,0.0013785086727538,psf_aware_plus50,18.75,0.0019709766072559,-0.4297890511769178,169772,173087,48.0,65536.0,173087.0,3145728.0,0.0002773171873104,0.4414405887946486,0.07984677888453,2.6674942430108786,0.5212873676791787,3.1887816106900573,computed,136,True
water__lake_tahoe__r0c0,water,lake_tahoe,Lake Tahoe,39.1,-120.0,39.06280722943713,-120.04464512393872,30-45,32611,-4000.0,-4000.0,12.5,0.001,14,20,cuda:0,0.0013785086727538,psf_aware_minus50,6.25,0.0015152399460126,-0.0991878222902966,169242,169242,9.0,65536.0,169242.0,589824.0,5.317828907717942e-05,0.169564263895154,0.0225633648224174,2.67731211706996,0.1921276287175715,2.869439745787531,computed,136,True
water__lake_tahoe__r0c0,water,lake_tahoe,Lake Tahoe,39.1,-120.0,39.06280722943713,-120.04464512393872,30-45,32611,-4000.0,-4000.0,12.5,0.001,14,20,cuda:0,0.0013785086727538,nearest,,0.001563502951427,-0.1341988500540707,168790,169772,,,,,,0.0,0.1210364429280161,0.0,0.1210364429280161,0.1210364429280161,computed,136,True
water__lake_tahoe__r0c0,water,lake_tahoe,Lake Tahoe,39.1,-120.0,39.06280722943713,-120.04464512393872,30-45,32611,-4000.0,-4000.0,12.5,0.001,14,20,cuda:0,0.0013785086727538,bilinear,,0.001609266196345,-0.1673964974990827,168790,169772,,,,,,0.0,0.1073862593621015,0.0,0.1073862593621015,0.1073862593621015,computed,136,True
water__lake_tahoe__r0c0,water,lake_tahoe,Lake Tahoe,39.1,-120.0,39.06280722943713,-120.04464512393872,30-45,32611,-4000.0,-4000.0,12.5,0.001,14,20,cuda:0,0.0013785086727538,bicubic,,0.0015280037494233,-0.1084469612881158,168790,169772,,,,,,0.0,0.7614804529584944,0.0,0.7614804529584944,0.7614804529584944,computed,136,True
water__lake_tahoe__r0c1,water,lake_tahoe,Lake Tahoe,39.1,-120.0,39.06400457318178,-119.99847449002668,30-45,32611,0.0,-4000.0,12.5,0.001,14,20,cuda:0,0.0006976366059731,blurred_observation,12.5,0.0006976366059731,0.0,169778,169778,,,,,,0.0,0.0,0.0,0.0,0.0,computed,137,True
water__lake_tahoe__r0c1,water,lake_tahoe,Lake Tahoe,39.1,-120.0,39.06400457318178,-119.99847449002668,30-45,32611,0.0,-4000.0,12.5,0.001,14,20,cuda:0,0.0006976366059731,psf_aware_matched,12.5,0.0006027730757151,0.1359784298097406,169778,171116,22.0,65536.0,171116.0,1441792.0,0.0001285677552069,0.2725127190351486,0.0405310657806694,2.6225586743094027,0.313043784815818,2.9356024591252208,computed,137,True
water__lake_tahoe__r0c1,water,lake_tahoe,Lake Tahoe,39.1,-120.0,39.06400457318178,-119.99847449002668,30-45,32611,0.0,-4000.0,12.5,0.001,14,20,cuda:0,0.0006976366059731,psf_aware_plus50,18.75,0.0010089685638701,-0.4462666597929945,169778,173097,48.0,65536.0,173097.0,3145728.0,0.000277301166398,0.4604169293306768,0.0799024351872503,2.6709429137408733,0.5403193645179272,3.2112622782588005,computed,137,True
water__lake_tahoe__r0c1,water,lake_tahoe,Lake Tahoe,39.1,-120.0,39.06400457318178,-119.99847449002668,30-45,32611,0.0,-4000.0,12.5,0.001,14,20,cuda:0,0.0006976366059731,psf_aware_minus50,6.25,0.0007879996683883,-0.129527409601962,169256,169256,9.0,65536.0,169256.0,589824.0,5.317389043815286e-05,0.1700766151770949,0.0223997947759926,2.5864024846814573,0.1924764099530875,2.778878894634545,computed,137,True
water__lake_tahoe__r0c1,water,lake_tahoe,Lake Tahoe,39.1,-120.0,39.06400457318178,-119.99847449002668,30-45,32611,0.0,-4000.0,12.5,0.001,14,20,cuda:0,0.0006976366059731,nearest,,0.0008161387365325,-0.1698622600143804,168800,169778,,,,,,0.0,0.1323289605788886,0.0,0.1323289605788886,0.1323289605788886,computed,137,True
water__lake_tahoe__r0c1,water,lake_tahoe,Lake Tahoe,39.1,-120.0,39.06400457318178,-119.99847449002668,30-45,32611,0.0,-4000.0,12.5,0.001,14,20,cuda:0,0.0006976366059731,bilinear,,0.0008363164746044,-0.198785252155577,168800,169778,,,,,,0.0,0.1077307420782744,0.0,0.1077307420782744,0.1077307420782744,computed,137,True
water__lake_tahoe__r0c1,water,lake_tahoe,Lake Tahoe,39.1,-120.0,39.06400457318178,-119.99847449002668,30-45,32611,0.0,-4000.0,12.5,0.001,14,20,cuda:0,0.0006976366059731,bicubic,,0.0007783026262211,-0.1156275624835276,168800,169778,,,,,,0.0,0.7673674640245736,0.0,0.7673674640245736,0.7673674640245736,computed,137,True
water__lake_tahoe__r0c2,water,lake_tahoe,Lake Tahoe,39.1,-120.0,39.06518366683893,-119.95230112831956,30-45,32611,4000.0,-4000.0,12.5,0.001,14,20,cuda:0,0.040499580512898,blurred_observation,12.5,0.040499580512898,0.0,169790,169790,,,,,,0.0,0.0,0.0,0.0,0.0,computed,138,True
water__lake_tahoe__r0c2,water,lake_tahoe,Lake Tahoe,39.1,-120.0,39.06518366683893,-119.95230112831956,30-45,32611,4000.0,-4000.0,12.5,0.001,14,20,cuda:0,0.040499580512898,psf_aware_matched,12.5,0.0347900121645831,0.1409784564681253,169790,171124,22.0,65536.0,171124.0,1441792.0,0.0001285617446997,0.2747105322778225,0.0407193922437727,2.705613249912858,0.3154299245215952,3.021043174434453,computed,138,True
water__lake_tahoe__r0c2,water,lake_tahoe,Lake Tahoe,39.1,-120.0,39.06518366683893,-119.95230112831956,30-45,32611,4000.0,-4000.0,12.5,0.001,14,20,cuda:0,0.040499580512898,psf_aware_plus50,18.75,0.0594349376722408,-0.4675445256355763,169790,173105,48.0,65536.0,173105.0,3145728.0,0.0002772883510008,0.4737518262118101,0.0804086639545857,2.694658792112022,0.5541604901663959,3.2488192822784185,computed,138,True
water__lake_tahoe__r0c2,water,lake_tahoe,Lake Tahoe,39.1,-120.0,39.06518366683893,-119.95230112831956,30-45,32611,4000.0,-4000.0,12.5,0.001,14,20,cuda:0,0.040499580512898,psf_aware_minus50,6.25,0.045338074674676,-0.1194702290863756,169258,169258,9.0,65536.0,169258.0,589824.0,5.317326212054969e-05,0.1728748749010265,0.0223268866539001,2.6010744930244982,0.1952017615549266,2.796276254579425,computed,138,True
water__lake_tahoe__r0c2,water,lake_tahoe,Lake Tahoe,39.1,-120.0,39.06518366683893,-119.95230112831956,30-45,32611,4000.0,-4000.0,12.5,0.001,14,20,cuda:0,0.040499580512898,nearest,,0.0469529192960012,-0.1593433487798223,168809,169790,,,,,,0.0,0.1331476517952978,0.0,0.1331476517952978,0.1331476517952978,computed,138,True
water__lake_tahoe__r0c2,water,lake_tahoe,Lake Tahoe,39.1,-120.0,39.06518366683893,-119.95230112831956,30-45,32611,4000.0,-4000.0,12.5,0.001,14,20,cuda:0,0.040499580512898,bilinear,,0.048494275736291,-0.1974019266902493,168809,169790,,,,,,0.0,0.1075176675803959,0.0,0.1075176675803959,0.1075176675803959,computed,138,True
water__lake_tahoe__r0c2,water,lake_tahoe,Lake Tahoe,39.1,-120.0,39.06518366683893,-119.95230112831956,30-45,32611,4000.0,-4000.0,12.5,0.001,14,20,cuda:0,0.040499580512898,bicubic,,0.0451629956188619,-0.11514724466044,168809,169790,,,,,,0.0,0.7601522179320455,0.0,0.7601522179320455,0.7601522179320455,computed,138,True
water__lake_tahoe__r1c0,water,lake_tahoe,Lake Tahoe,39.1,-120.0,39.098801128073546,-120.0461940358796,30-45,32611,-4000.0,0.0,12.5,0.001,14,20,cuda:0,0.0010879775829151,blurred_observation,12.5,0.0010879775829151,0.0,169779,169779,,,,,,0.0,0.0,0.0,0.0,0.0,computed,139,True
water__lake_tahoe__r1c0,water,lake_tahoe,Lake Tahoe,39.1,-120.0,39.098801128073546,-120.0461940358796,30-45,32611,-4000.0,0.0,12.5,0.001,14,20,cuda:0,0.0010879775829151,psf_aware_matched,12.5,0.0009710219226428,0.1074982261665443,169779,171109,22.0,65536.0,171109.0,1441792.0,0.0001285730148618,0.2736306772567332,0.0405761408619582,2.7347092269919813,0.3142068181186914,3.0489160451106727,computed,139,True
water__lake_tahoe__r1c0,water,lake_tahoe,Lake Tahoe,39.1,-120.0,39.098801128073546,-120.0461940358796,30-45,32611,-4000.0,0.0,12.5,0.001,14,20,cuda:0,0.0010879775829151,psf_aware_plus50,18.75,0.0015570037328293,-0.4310990936572918,169779,173086,48.0,65536.0,173086.0,3145728.0,0.0002773187895034,0.4255371866747737,0.0800589108839631,2.697222447022796,0.5055960975587368,3.2028185445815325,computed,139,True
water__lake_tahoe__r1c0,water,lake_tahoe,Lake Tahoe,39.1,-120.0,39.098801128073546,-120.0461940358796,30-45,32611,-4000.0,0.0,12.5,0.001,14,20,cuda:0,0.0010879775829151,psf_aware_minus50,6.25,0.001194646936824,-0.0980437056645098,169234,169234,9.0,65536.0,169234.0,589824.0,5.3180802911944405e-05,0.1875000647269189,0.0222686468623578,2.624143837019801,0.2097687115892768,2.833912548609078,computed,139,True
water__lake_tahoe__r1c0,water,lake_tahoe,Lake Tahoe,39.1,-120.0,39.098801128073546,-120.0461940358796,30-45,32611,-4000.0,0.0,12.5,0.001,14,20,cuda:0,0.0010879775829151,nearest,,0.0012323286355883,-0.1326783335796222,168787,169779,,,,,,0.0,0.1322379689663648,0.0,0.1322379689663648,0.1322379689663648,computed,139,True
water__lake_tahoe__r1c0,water,lake_tahoe,Lake Tahoe,39.1,-120.0,39.098801128073546,-120.0461940358796,30-45,32611,-4000.0,0.0,12.5,0.001,14,20,cuda:0,0.0010879775829151,bilinear,,0.0012690047017737,-0.1663886478005281,168787,169779,,,,,,0.0,0.1073454930447042,0.0,0.1073454930447042,0.1073454930447042,computed,139,True
water__lake_tahoe__r1c0,water,lake_tahoe,Lake Tahoe,39.1,-120.0,39.098801128073546,-120.0461940358796,30-45,32611,-4000.0,0.0,12.5,0.001,14,20,cuda:0,0.0010879775829151,bicubic,,0.0012040572050364,-0.1066930274521775,168787,169779,,,,,,0.0,0.7773958467878401,0.0,0.7773958467878401,0.7773958467878401,computed,139,True
water__lake_tahoe__r1c1,water,lake_tahoe,Lake Tahoe,39.1,-120.0,39.1,-120.0,30-45,32611,0.0,0.0,12.5,0.001,14,20,cuda:0,0.0007013310961513,blurred_observation,12.5,0.0007013310961513,0.0,169786,169786,,,,,,0.0,0.0,0.0,0.0,0.0,computed,140,True
water__lake_tahoe__r1c1,water,lake_tahoe,Lake Tahoe,39.1,-120.0,39.1,-120.0,30-45,32611,0.0,0.0,12.5,0.001,14,20,cuda:0,0.0007013310961513,psf_aware_matched,12.5,0.0006302242216925,0.101388452400036,169786,171115,22.0,65536.0,171115.0,1441792.0,0.0001285685065599,0.2701891581527889,0.0403315778821706,2.653647196944803,0.3105207360349595,2.9641679329797626,computed,140,True
water__lake_tahoe__r1c1,water,lake_tahoe,Lake Tahoe,39.1,-120.0,39.1,-120.0,30-45,32611,0.0,0.0,12.5,0.001,14,20,cuda:0,0.0007013310961513,psf_aware_plus50,18.75,0.0009767383146518,-0.3926921535516976,169786,173093,48.0,65536.0,173093.0,3145728.0,0.0002773075745408,0.4461005637422204,0.0798649853095412,2.7272943542338908,0.5259655490517616,3.2532599032856524,computed,140,True
water__lake_tahoe__r1c1,water,lake_tahoe,Lake Tahoe,39.1,-120.0,39.1,-120.0,30-45,32611,0.0,0.0,12.5,0.001,14,20,cuda:0,0.0007013310961513,psf_aware_minus50,6.25,0.0007715546329085,-0.1001289364503579,169264,169264,9.0,65536.0,169264.0,589824.0,5.3171377256829566e-05,0.1709777410142123,0.0228225160390138,2.6786373467184603,0.1938002570532262,2.8724376037716866,computed,140,True
water__lake_tahoe__r1c1,water,lake_tahoe,Lake Tahoe,39.1,-120.0,39.1,-120.0,30-45,32611,0.0,0.0,12.5,0.001,14,20,cuda:0,0.0007013310961513,nearest,,0.0007955862985187,-0.1343947286589593,168799,169786,,,,,,0.0,0.1213260511867702,0.0,0.1213260511867702,0.1213260511867702,computed,140,True
water__lake_tahoe__r1c1,water,lake_tahoe,Lake Tahoe,39.1,-120.0,39.1,-120.0,30-45,32611,0.0,0.0,12.5,0.001,14,20,cuda:0,0.0007013310961513,bilinear,,0.0008197161401493,-0.1688005061341964,168799,169786,,,,,,0.0,0.1078809257596731,0.0,0.1078809257596731,0.1078809257596731,computed,140,True
water__lake_tahoe__r1c1,water,lake_tahoe,Lake Tahoe,39.1,-120.0,39.1,-120.0,30-45,32611,0.0,0.0,12.5,0.001,14,20,cuda:0,0.0007013310961513,bicubic,,0.000776235242898,-0.1068028312985347,168799,169786,,,,,,0.0,0.75211062701419,0.0,0.75211062701419,0.75211062701419,computed,140,True
water__lake_tahoe__r1c2,water,lake_tahoe,Lake Tahoe,39.1,-120.0,39.10118059859638,-119.95380323097694,30-45,32611,4000.0,0.0,12.5,0.001,14,20,cuda:0,0.0509113758964617,blurred_observation,12.5,0.0509113758964617,0.0,169791,169791,,,,,,0.0,0.0,0.0,0.0,0.0,computed,141,True
water__lake_tahoe__r1c2,water,lake_tahoe,Lake Tahoe,39.1,-120.0,39.10118059859638,-119.95380323097694,30-45,32611,4000.0,0.0,12.5,0.001,14,20,cuda:0,0.0509113758964617,psf_aware_matched,12.5,0.0435217162173633,0.1451475146561885,169791,171124,22.0,65536.0,171124.0,1441792.0,0.0001285617446997,0.2654983941465616,0.0403188536874949,2.643280560616404,0.3058172478340566,2.9490978084504604,computed,141,True
water__lake_tahoe__r1c2,water,lake_tahoe,Lake Tahoe,39.1,-120.0,39.10118059859638,-119.95380323097694,30-45,32611,4000.0,0.0,12.5,0.001,14,20,cuda:0,0.0509113758964617,psf_aware_plus50,18.75,0.07517724191678,-0.4766295467965296,169791,173107,48.0,65536.0,173107.0,3145728.0,0.0002772851473366,0.4353028340265155,0.0799469090998172,2.6694105621427298,0.5152497431263328,3.1846603052690625,computed,141,True
water__lake_tahoe__r1c2,water,lake_tahoe,Lake Tahoe,39.1,-120.0,39.10118059859638,-119.95380323097694,30-45,32611,4000.0,0.0,12.5,0.001,14,20,cuda:0,0.0509113758964617,psf_aware_minus50,6.25,0.0569907477782848,-0.1194108737934478,169272,169272,9.0,65536.0,169272.0,589824.0,5.316886431305828e-05,0.16788293980062,0.0223343018442392,2.613979074638337,0.1902172416448593,2.804196316283196,computed,141,True
water__lake_tahoe__r1c2,water,lake_tahoe,Lake Tahoe,39.1,-120.0,39.10118059859638,-119.95380323097694,30-45,32611,4000.0,0.0,12.5,0.001,14,20,cuda:0,0.0509113758964617,nearest,,0.0591631834796011,-0.1620818026981068,168809,169791,,,,,,0.0,0.1215124242007732,0.0,0.1215124242007732,0.1215124242007732,computed,141,True
water__lake_tahoe__r1c2,water,lake_tahoe,Lake Tahoe,39.1,-120.0,39.10118059859638,-119.95380323097694,30-45,32611,4000.0,0.0,12.5,0.001,14,20,cuda:0,0.0509113758964617,bilinear,,0.061169515960571,-0.2014901362118211,168809,169791,,,,,,0.0,0.1081037479452788,0.0,0.1081037479452788,0.1081037479452788,computed,141,True
water__lake_tahoe__r1c2,water,lake_tahoe,Lake Tahoe,39.1,-120.0,39.10118059859638,-119.95380323097694,30-45,32611,4000.0,0.0,12.5,0.001,14,20,cuda:0,0.0509113758964617,bicubic,,0.0570055956011893,-0.1197025143677401,168809,169791,,,,,,0.0,0.7635289439931512,0.0,0.7635289439931512,0.7635289439931512,computed,141,True
water__lake_tahoe__r2c0,water,lake_tahoe,Lake Tahoe,39.1,-120.0,39.1347947521602,-120.04774572275976,30-45,32611,-4000.0,4000.0,12.5,0.001,14,20,cuda:0,0.0008432449574445,blurred_observation,12.5,0.0008432449574445,0.0,169775,169775,,,,,,0.0,0.0,0.0,0.0,0.0,computed,142,True
water__lake_tahoe__r2c0,water,lake_tahoe,Lake Tahoe,39.1,-120.0,39.1347947521602,-120.04774572275976,30-45,32611,-4000.0,4000.0,12.5,0.001,14,20,cuda:0,0.0008432449574445,psf_aware_matched,12.5,0.0007517217956205,0.1085368622912782,169775,171100,22.0,65536.0,171100.0,1441792.0,0.0001285797779076,0.2729741218499839,0.0410340786911547,2.765279607847333,0.3140082005411386,3.079287808388472,computed,142,True
water__lake_tahoe__r2c0,water,lake_tahoe,Lake Tahoe,39.1,-120.0,39.1347947521602,-120.04774572275976,30-45,32611,-4000.0,4000.0,12.5,0.001,14,20,cuda:0,0.0008432449574445,psf_aware_plus50,18.75,0.0011987619477857,-0.4216058301949879,169775,173086,48.0,65536.0,173086.0,3145728.0,0.0002773187895034,0.4628166039474308,0.0801543523557484,2.7598769064061344,0.5429709563031793,3.3028478627093136,computed,142,True
water__lake_tahoe__r2c0,water,lake_tahoe,Lake Tahoe,39.1,-120.0,39.1347947521602,-120.04774572275976,30-45,32611,-4000.0,4000.0,12.5,0.001,14,20,cuda:0,0.0008432449574445,psf_aware_minus50,6.25,0.0009236174415216,-0.0953133290244465,169235,169235,9.0,65536.0,169235.0,589824.0,5.318048866960144e-05,0.1859794440679252,0.0232227137312293,2.7273638863116503,0.2092021577991545,2.936566044110805,computed,142,True
water__lake_tahoe__r2c0,water,lake_tahoe,Lake Tahoe,39.1,-120.0,39.1347947521602,-120.04774572275976,30-45,32611,-4000.0,4000.0,12.5,0.001,14,20,cuda:0,0.0008432449574445,nearest,,0.0009527525637574,-0.1298645255403703,168788,169775,,,,,,0.0,0.1474633561447262,0.0,0.1474633561447262,0.1474633561447262,computed,142,True
water__lake_tahoe__r2c0,water,lake_tahoe,Lake Tahoe,39.1,-120.0,39.1347947521602,-120.04774572275976,30-45,32611,-4000.0,4000.0,12.5,0.001,14,20,cuda:0,0.0008432449574445,bilinear,,0.0009811142936214,-0.1634985598902121,168788,169775,,,,,,0.0,0.1078763282857835,0.0,0.1078763282857835,0.1078763282857835,computed,142,True
water__lake_tahoe__r2c0,water,lake_tahoe,Lake Tahoe,39.1,-120.0,39.1347947521602,-120.04774572275976,30-45,32611,-4000.0,4000.0,12.5,0.001,14,20,cuda:0,0.0008432449574445,bicubic,,0.000931613057741,-0.1047952905218638,168788,169775,,,,,,0.0,0.7599239749833941,0.0,0.7599239749833941,0.7599239749833941,computed,142,True
water__lake_tahoe__r2c1,water,lake_tahoe,Lake Tahoe,39.1,-120.0,39.13599515380014,-120.00152824311934,30-45,32611,0.0,4000.0,12.5,0.001,14,20,cuda:0,0.0006227666887782,blurred_observation,12.5,0.0006227666887782,0.0,169780,169780,,,,,,0.0,0.0,0.0,0.0,0.0,computed,143,True
water__lake_tahoe__r2c1,water,lake_tahoe,Lake Tahoe,39.1,-120.0,39.13599515380014,-120.00152824311934,30-45,32611,0.0,4000.0,12.5,0.001,14,20,cuda:0,0.0006227666887782,psf_aware_matched,12.5,0.0005387122607609,0.1349693706036504,169780,171113,22.0,65536.0,171113.0,1441792.0,0.0001285700092921,0.2724478761665523,0.040576571598649,2.692924196831882,0.3130244477652013,3.0059486445970838,computed,143,True
water__lake_tahoe__r2c1,water,lake_tahoe,Lake Tahoe,39.1,-120.0,39.13599515380014,-120.00152824311934,30-45,32611,0.0,4000.0,12.5,0.001,14,20,cuda:0,0.0006227666887782,psf_aware_plus50,18.75,0.000926681454086,-0.4880074204097078,169780,173094,48.0,65536.0,173094.0,3145728.0,0.0002773059724773,0.4487880640663206,0.0803328100591898,2.822448846884072,0.5291208741255105,3.3515697210095823,computed,143,True
water__lake_tahoe__r2c1,water,lake_tahoe,Lake Tahoe,39.1,-120.0,39.13599515380014,-120.00152824311934,30-45,32611,0.0,4000.0,12.5,0.001,14,20,cuda:0,0.0006227666887782,psf_aware_minus50,6.25,0.0006902779433051,-0.1084053719368898,169247,169247,9.0,65536.0,169247.0,589824.0,5.317671805113237e-05,0.1964212218299508,0.0226972592063248,2.6993909957818687,0.2191184810362756,2.9185094768181443,computed,143,True
water__lake_tahoe__r2c1,water,lake_tahoe,Lake Tahoe,39.1,-120.0,39.13599515380014,-120.00152824311934,30-45,32611,0.0,4000.0,12.5,0.001,14,20,cuda:0,0.0006227666887782,nearest,,0.0007165294360281,-0.1505583855710903,168796,169780,,,,,,0.0,0.1332028261385858,0.0,0.1332028261385858,0.1332028261385858,computed,143,True
water__lake_tahoe__r2c1,water,lake_tahoe,Lake Tahoe,39.1,-120.0,39.13599515380014,-120.00152824311934,30-45,32611,0.0,4000.0,12.5,0.001,14,20,cuda:0,0.0006227666887782,bilinear,,0.0007407498377949,-0.1894499997232552,168796,169780,,,,,,0.0,0.1087568551301956,0.0,0.1087568551301956,0.1087568551301956,computed,143,True
water__lake_tahoe__r2c1,water,lake_tahoe,Lake Tahoe,39.1,-120.0,39.13599515380014,-120.00152824311934,30-45,32611,0.0,4000.0,12.5,0.001,14,20,cuda:0,0.0006227666887782,bicubic,,0.000696672761615,-0.1186737732902991,168796,169780,,,,,,0.0,0.7613437338732183,0.0,0.7613437338732183,0.7613437338732183,computed,143,True
water__lake_tahoe__r2c2,water,lake_tahoe,Lake Tahoe,39.1,-120.0,39.13717725884428,-119.95530802497149,30-45,32611,4000.0,4000.0,12.5,0.001,14,20,cuda:0,0.0186627521643192,blurred_observation,12.5,0.0186627521643192,0.0,169785,169785,,,,,,0.0,0.0,0.0,0.0,0.0,computed,144,True
water__lake_tahoe__r2c2,water,lake_tahoe,Lake Tahoe,39.1,-120.0,39.13717725884428,-119.95530802497149,30-45,32611,4000.0,4000.0,12.5,0.001,14,20,cuda:0,0.0186627521643192,psf_aware_matched,12.5,0.0161057289134111,0.1370121206344229,169785,171118,22.0,65536.0,171118.0,1441792.0,0.0001285662525274,0.2691416838206351,0.0404363158158957,2.675257666967809,0.3095779996365309,2.98483566660434,computed,144,True
water__lake_tahoe__r2c2,water,lake_tahoe,Lake Tahoe,39.1,-120.0,39.13717725884428,-119.95530802497149,30-45,32611,4000.0,4000.0,12.5,0.001,14,20,cuda:0,0.0186627521643192,psf_aware_plus50,18.75,0.0275241810677404,-0.4748189776834255,169785,173095,48.0,65536.0,173095.0,3145728.0,0.0002773043704324,0.4469131133519113,0.0799601138569414,2.683960639871657,0.5268732272088528,3.2108338670805097,computed,144,True
water__lake_tahoe__r2c2,water,lake_tahoe,Lake Tahoe,39.1,-120.0,39.13717725884428,-119.95530802497149,30-45,32611,4000.0,4000.0,12.5,0.001,14,20,cuda:0,0.0186627521643192,psf_aware_minus50,6.25,0.0208576425199875,-0.1176080749689552,169237,169237,9.0,65536.0,169237.0,589824.0,5.317986019605642e-05,0.1819755709730088,0.0232086577452719,2.747658423148096,0.2051842287182808,2.9528426518663764,computed,144,True
water__lake_tahoe__r2c2,water,lake_tahoe,Lake Tahoe,39.1,-120.0,39.13717725884428,-119.95530802497149,30-45,32611,4000.0,4000.0,12.5,0.001,14,20,cuda:0,0.0186627521643192,nearest,,0.0215262692273351,-0.1534348759391761,168806,169785,,,,,,0.0,0.121850605122745,0.0,0.121850605122745,0.121850605122745,computed,144,True
water__lake_tahoe__r2c2,water,lake_tahoe,Lake Tahoe,39.1,-120.0,39.13717725884428,-119.95530802497149,30-45,32611,4000.0,4000.0,12.5,0.001,14,20,cuda:0,0.0186627521643192,bilinear,,0.0222539541867241,-0.1924261754528795,168806,169785,,,,,,0.0,0.1075362428091466,0.0,0.1075362428091466,0.1075362428091466,computed,144,True
water__lake_tahoe__r2c2,water,lake_tahoe,Lake Tahoe,39.1,-120.0,39.13717725884428,-119.95530802497149,30-45,32611,4000.0,4000.0,12.5,0.001,14,20,cuda:0,0.0186627521643192,bicubic,,0.0207958400202192,-0.114296532318435,168806,169785,,,,,,0.0,0.7686121608130634,0.0,0.7686121608130634,0.7686121608130634,computed,144,True
water__great_salt_lake__r0c0,water,great_salt_lake,Great Salt Lake,41.3,-112.61,41.26330586887202,-112.65684772756684,30-45,32612,-4000.0,-4000.0,12.5,0.001,14,20,cuda:0,0.0119105100120732,blurred_observation,12.5,0.0119105100120732,0.0,169898,169898,,,,,,0.0,0.0,0.0,0.0,0.0,computed,145,True
water__great_salt_lake__r0c0,water,great_salt_lake,Great Salt Lake,41.3,-112.61,41.26330586887202,-112.65684772756684,30-45,32612,-4000.0,-4000.0,12.5,0.001,14,20,cuda:0,0.0119105100120732,psf_aware_matched,12.5,0.0084300350243774,0.2922188037428972,169898,171229,22.0,65536.0,171229.0,1441792.0,0.000128482908853,0.3040393711999059,0.0448092790320515,2.618396742269397,0.3488486502319574,2.967245392501354,computed,145,True
water__great_salt_lake__r0c0,water,great_salt_lake,Great Salt Lake,41.3,-112.61,41.26330586887202,-112.65684772756684,30-45,32612,-4000.0,-4000.0,12.5,0.001,14,20,cuda:0,0.0119105100120732,psf_aware_plus50,18.75,0.0189076742788032,-0.5874781398644671,169898,173210,48.0,65536.0,173210.0,3145728.0,0.0002771202586455,0.4489797782152891,0.0799953211098909,2.658801328856498,0.52897509932518,3.187776428181678,computed,145,True
water__great_salt_lake__r0c0,water,great_salt_lake,Great Salt Lake,41.3,-112.61,41.26330586887202,-112.65684772756684,30-45,32612,-4000.0,-4000.0,12.5,0.001,14,20,cuda:0,0.0119105100120732,psf_aware_minus50,6.25,0.0144219261951745,-0.210857148900885,169368,169368,9.0,65536.0,169368.0,589824.0,5.313872750460536e-05,0.1720483088865876,0.0210303510539233,2.5895582023076718,0.193078659940511,2.7826368622481823,computed,145,True
water__great_salt_lake__r0c0,water,great_salt_lake,Great Salt Lake,41.3,-112.61,41.26330586887202,-112.65684772756684,30-45,32612,-4000.0,-4000.0,12.5,0.001,14,20,cuda:0,0.0119105100120732,nearest,,0.0151592490195615,-0.2727623757668767,168918,169898,,,,,,0.0,0.1328634130768478,0.0,0.1328634130768478,0.1328634130768478,computed,145,True
water__great_salt_lake__r0c0,water,great_salt_lake,Great Salt Lake,41.3,-112.61,41.26330586887202,-112.65684772756684,30-45,32612,-4000.0,-4000.0,12.5,0.001,14,20,cuda:0,0.0119105100120732,bilinear,,0.015690506664258,-0.3173664812298651,168918,169898,,,,,,0.0,0.1083734589628875,0.0,0.1083734589628875,0.1083734589628875,computed,145,True
water__great_salt_lake__r0c0,water,great_salt_lake,Great Salt Lake,41.3,-112.61,41.26330586887202,-112.65684772756684,30-45,32612,-4000.0,-4000.0,12.5,0.001,14,20,cuda:0,0.0119105100120732,bicubic,,0.0137130602662293,-0.1513411476359036,168918,169898,,,,,,0.0,0.7617231132462621,0.0,0.7617231132462621,0.7617231132462621,computed,145,True
water__great_salt_lake__r0c1,water,great_salt_lake,Great Salt Lake,41.3,-112.61,41.26398306005126,-112.6091148171065,30-45,32612,0.0,-4000.0,12.5,0.001,14,20,cuda:0,0.006163226350893,blurred_observation,12.5,0.006163226350893,0.0,169902,169902,,,,,,0.0,0.0,0.0,0.0,0.0,computed,146,True
water__great_salt_lake__r0c1,water,great_salt_lake,Great Salt Lake,41.3,-112.61,41.26398306005126,-112.6091148171065,30-45,32612,0.0,-4000.0,12.5,0.001,14,20,cuda:0,0.006163226350893,psf_aware_matched,12.5,0.004614463071269,0.2512909945940185,169902,171235,22.0,65536.0,171235.0,1441792.0,0.0001284784068677,0.2732361289672553,0.0409043529070913,2.727048007771373,0.3141404818743467,3.0411884896457195,computed,146,True
water__great_salt_lake__r0c1,water,great_salt_lake,Great Salt Lake,41.3,-112.61,41.26398306005126,-112.6091148171065,30-45,32612,0.0,-4000.0,12.5,0.001,14,20,cuda:0,0.006163226350893,psf_aware_plus50,18.75,0.0093592312546879,-0.5185603646265369,169902,173220,48.0,65536.0,173220.0,3145728.0,0.000277104260478,0.4441607501357794,0.0801067519932985,2.675495987292379,0.5242675021290779,3.199763489421457,computed,146,True
water__great_salt_lake__r0c1,water,great_salt_lake,Great Salt Lake,41.3,-112.61,41.26398306005126,-112.6091148171065,30-45,32612,0.0,-4000.0,12.5,0.001,14,20,cuda:0,0.006163226350893,psf_aware_minus50,6.25,0.0073622312653956,-0.1945417620965579,169364,169364,9.0,65536.0,169364.0,589824.0,5.313998252285019e-05,0.1897913641296327,0.0214511188678443,2.6058118669316173,0.211242482997477,2.8170543499290943,computed,146,True
water__great_salt_lake__r0c1,water,great_salt_lake,Great Salt Lake,41.3,-112.61,41.26398306005126,-112.6091148171065,30-45,32612,0.0,-4000.0,12.5,0.001,14,20,cuda:0,0.006163226350893,nearest,,0.0076781446534756,-0.2457995563254271,168922,169902,,,,,,0.0,0.1323718619532883,0.0,0.1323718619532883,0.1323718619532883,computed,146,True
water__great_salt_lake__r0c1,water,great_salt_lake,Great Salt Lake,41.3,-112.61,41.26398306005126,-112.6091148171065,30-45,32612,0.0,-4000.0,12.5,0.001,14,20,cuda:0,0.006163226350893,bilinear,,0.0079763335903565,-0.2941815108252257,168922,169902,,,,,,0.0,0.1086182631552219,0.0,0.1086182631552219,0.1086182631552219,computed,146,True
water__great_salt_lake__r0c1,water,great_salt_lake,Great Salt Lake,41.3,-112.61,41.26398306005126,-112.6091148171065,30-45,32612,0.0,-4000.0,12.5,0.001,14,20,cuda:0,0.006163226350893,bicubic,,0.0069816656942402,-0.1327939778211511,168922,169902,,,,,,0.0,0.7575912466272712,0.0,0.7575912466272712,0.7575912466272712,computed,146,True
water__great_salt_lake__r0c2,water,great_salt_lake,Great Salt Lake,41.3,-112.61,41.26464046998351,-112.56138030117226,30-45,32612,4000.0,-4000.0,12.5,0.001,14,20,cuda:0,0.0063658595296521,blurred_observation,12.5,0.0063658595296521,0.0,169903,169903,,,,,,0.0,0.0,0.0,0.0,0.0,computed,147,True
water__great_salt_lake__r0c2,water,great_salt_lake,Great Salt Lake,41.3,-112.61,41.26464046998351,-112.56138030117226,30-45,32612,4000.0,-4000.0,12.5,0.001,14,20,cuda:0,0.0063658595296521,psf_aware_matched,12.5,0.0045937660804071,0.2783745762831551,169903,171227,22.0,65536.0,171227.0,1441792.0,0.0001284844095849,0.2693426948972046,0.0404436197131872,2.6360796531662345,0.3097863146103918,2.9458659677766263,computed,147,True
water__great_salt_lake__r0c2,water,great_salt_lake,Great Salt Lake,41.3,-112.61,41.26464046998351,-112.56138030117226,30-45,32612,4000.0,-4000.0,12.5,0.001,14,20,cuda:0,0.0063658595296521,psf_aware_plus50,18.75,0.0099779291548514,-0.5674127128275961,169903,173222,48.0,65536.0,173222.0,3145728.0,0.0002771010610661,0.4309432259760797,0.0798789910040795,2.7183662950992584,0.5108222169801593,3.2291885120794177,computed,147,True
water__great_salt_lake__r0c2,water,great_salt_lake,Great Salt Lake,41.3,-112.61,41.26464046998351,-112.56138030117226,30-45,32612,4000.0,-4000.0,12.5,0.001,14,20,cuda:0,0.0063658595296521,psf_aware_minus50,6.25,0.0079979466289093,-0.2563812618947987,169369,169369,9.0,65536.0,169369.0,589824.0,5.31384137593066e-05,0.6738091842271388,0.0230465908534824,2.6017228621058166,0.6968557750806212,3.298578637186438,computed,147,True
water__great_salt_lake__r0c2,water,great_salt_lake,Great Salt Lake,41.3,-112.61,41.26464046998351,-112.56138030117226,30-45,32612,4000.0,-4000.0,12.5,0.001,14,20,cuda:0,0.0063658595296521,nearest,,0.0083349344316371,-0.3093179943435975,168931,169903,,,,,,0.0,0.1471444610506296,0.0,0.1471444610506296,0.1471444610506296,computed,147,True
water__great_salt_lake__r0c2,water,great_salt_lake,Great Salt Lake,41.3,-112.61,41.26464046998351,-112.56138030117226,30-45,32612,4000.0,-4000.0,12.5,0.001,14,20,cuda:0,0.0063658595296521,bilinear,,0.0085651629341954,-0.3454841242253275,168931,169903,,,,,,0.0,0.1074393498711288,0.0,0.1074393498711288,0.1074393498711288,computed,147,True
water__great_salt_lake__r0c2,water,great_salt_lake,Great Salt Lake,41.3,-112.61,41.26464046998351,-112.56138030117226,30-45,32612,4000.0,-4000.0,12.5,0.001,14,20,cuda:0,0.0063658595296521,bicubic,,0.0073867952335356,-0.1603767251111962,168931,169903,,,,,,0.0,0.7735636788420379,0.0,0.7735636788420379,0.7735636788420379,computed,147,True
water__great_salt_lake__r1c0,water,great_salt_lake,Great Salt Lake,41.3,-112.61,41.29932195535535,-112.657759139712,30-45,32612,-4000.0,0.0,12.5,0.001,14,20,cuda:0,0.0156262286849543,blurred_observation,12.5,0.0156262286849543,0.0,169900,169900,,,,,,0.0,0.0,0.0,0.0,0.0,computed,148,True
water__great_salt_lake__r1c0,water,great_salt_lake,Great Salt Lake,41.3,-112.61,41.29932195535535,-112.657759139712,30-45,32612,-4000.0,0.0,12.5,0.001,14,20,cuda:0,0.0156262286849543,psf_aware_matched,12.5,0.0112398728978772,0.2807046969241221,169900,171225,22.0,65536.0,171225.0,1441792.0,0.0001284859103518,0.3030602661892771,0.0445407596416771,2.667394874151796,0.3476010258309543,3.0149958999827504,computed,148,True
water__great_salt_lake__r1c0,water,great_salt_lake,Great Salt Lake,41.3,-112.61,41.29932195535535,-112.657759139712,30-45,32612,-4000.0,0.0,12.5,0.001,14,20,cuda:0,0.0156262286849543,psf_aware_plus50,18.75,0.0250858478363069,-0.6053680220654085,169900,173205,48.0,65536.0,173205.0,3145728.0,0.0002771282584221,0.4301951201632619,0.0800319500267505,2.678635122720152,0.5102270701900125,3.1888621929101646,computed,148,True
water__great_salt_lake__r1c0,water,great_salt_lake,Great Salt Lake,41.3,-112.61,41.29932195535535,-112.657759139712,30-45,32612,-4000.0,0.0,12.5,0.001,14,20,cuda:0,0.0156262286849543,psf_aware_minus50,6.25,0.0192498820621973,-0.2318955808404352,169366,169366,9.0,65536.0,169366.0,589824.0,5.313935500631768e-05,0.1714081270620226,0.0216173939406871,2.664769852999598,0.1930255210027098,2.857795374002308,computed,148,True
water__great_salt_lake__r1c0,water,great_salt_lake,Great Salt Lake,41.3,-112.61,41.29932195535535,-112.657759139712,30-45,32612,-4000.0,0.0,12.5,0.001,14,20,cuda:0,0.0156262286849543,nearest,,0.0202735855630783,-0.2974074533158923,168919,169900,,,,,,0.0,0.1213352088816464,0.0,0.1213352088816464,0.1213352088816464,computed,148,True
water__great_salt_lake__r1c0,water,great_salt_lake,Great Salt Lake,41.3,-112.61,41.29932195535535,-112.657759139712,30-45,32612,-4000.0,0.0,12.5,0.001,14,20,cuda:0,0.0156262286849543,bilinear,,0.0209636840062289,-0.3415702808966137,168919,169900,,,,,,0.0,0.1078663077205419,0.0,0.1078663077205419,0.1078663077205419,computed,148,True
water__great_salt_lake__r1c0,water,great_salt_lake,Great Salt Lake,41.3,-112.61,41.29932195535535,-112.657759139712,30-45,32612,-4000.0,0.0,12.5,0.001,14,20,cuda:0,0.0156262286849543,bicubic,,0.0182393059624841,-0.1672237959787328,168919,169900,,,,,,0.0,0.7669835360720754,0.0,0.7669835360720754,0.7669835360720754,computed,148,True
water__great_salt_lake__r1c1,water,great_salt_lake,Great Salt Lake,41.3,-112.61,41.29999999999999,-112.61,30-45,32612,0.0,0.0,12.5,0.001,14,20,cuda:0,0.006225413510057,blurred_observation,12.5,0.006225413510057,0.0,169909,169909,,,,,,0.0,0.0,0.0,0.0,0.0,computed,149,True
water__great_salt_lake__r1c1,water,great_salt_lake,Great Salt Lake,41.3,-112.61,41.29999999999999,-112.61,30-45,32612,0.0,0.0,12.5,0.001,14,20,cuda:0,0.006225413510057,psf_aware_matched,12.5,0.0043775593800144,0.2968243197110427,169909,171233,22.0,65536.0,171233.0,1441792.0,0.0001284799074944,0.2770971520803869,0.0404433701187372,2.676459653303027,0.3175405221991241,2.9940001755021517,computed,149,True
water__great_salt_lake__r1c1,water,great_salt_lake,Great Salt Lake,41.3,-112.61,41.29999999999999,-112.61,30-45,32612,0.0,0.0,12.5,0.001,14,20,cuda:0,0.006225413510057,psf_aware_plus50,18.75,0.010017132944987,-0.6090710968523694,169909,173214,48.0,65536.0,173214.0,3145728.0,0.0002771138591568,0.4335602116771042,0.0796699137426912,2.652533687185496,0.5132301254197955,3.165763812605292,computed,149,True
water__great_salt_lake__r1c1,water,great_salt_lake,Great Salt Lake,41.3,-112.61,41.29999999999999,-112.61,30-45,32612,0.0,0.0,12.5,0.001,14,20,cuda:0,0.006225413510057,psf_aware_minus50,6.25,0.0078144197587211,-0.2552450927311349,169360,169360,9.0,65536.0,169360.0,589824.0,5.3141237600377895e-05,0.1697194976732134,0.0212250901386141,2.6922211162745957,0.1909445878118276,2.883165704086423,computed,149,True
water__great_salt_lake__r1c1,water,great_salt_lake,Great Salt Lake,41.3,-112.61,41.29999999999999,-112.61,30-45,32612,0.0,0.0,12.5,0.001,14,20,cuda:0,0.006225413510057,nearest,,0.0082580850282347,-0.3265118879081579,168920,169909,,,,,,0.0,0.1225695069879293,0.0,0.1225695069879293,0.1225695069879293,computed,149,True
water__great_salt_lake__r1c1,water,great_salt_lake,Great Salt Lake,41.3,-112.61,41.29999999999999,-112.61,30-45,32612,0.0,0.0,12.5,0.001,14,20,cuda:0,0.006225413510057,bilinear,,0.0085423581694855,-0.3721752226877128,168920,169909,,,,,,0.0,0.10838667396456,0.0,0.10838667396456,0.10838667396456,computed,149,True
water__great_salt_lake__r1c1,water,great_salt_lake,Great Salt Lake,41.3,-112.61,41.29999999999999,-112.61,30-45,32612,0.0,0.0,12.5,0.001,14,20,cuda:0,0.006225413510057,bicubic,,0.0073119461044068,-0.1745317949714586,168920,169909,,,,,,0.0,0.7994509590789676,0.0,0.7994509590789676,0.7994509590789676,computed,149,True
water__great_salt_lake__r1c2,water,great_salt_lake,Great Salt Lake,41.3,-112.61,41.30065823848409,-112.56223925147232,30-45,32612,4000.0,0.0,12.5,0.001,14,20,cuda:0,0.0118551742667222,blurred_observation,12.5,0.0118551742667222,0.0,169907,169907,,,,,,0.0,0.0,0.0,0.0,0.0,computed,150,True
water__great_salt_lake__r1c2,water,great_salt_lake,Great Salt Lake,41.3,-112.61,41.30065823848409,-112.56223925147232,30-45,32612,4000.0,0.0,12.5,0.001,14,20,cuda:0,0.0118551742667222,psf_aware_matched,12.5,0.0094031485482581,0.2068316891255651,169907,171237,22.0,65536.0,171237.0,1441792.0,0.000128476906276,0.271555395796895,0.0406701290048658,2.6346341762691736,0.3122255248017609,2.9468597010709345,computed,150,True
water__great_salt_lake__r1c2,water,great_salt_lake,Great Salt Lake,41.3,-112.61,41.30065823848409,-112.56223925147232,30-45,32612,4000.0,0.0,12.5,0.001,14,20,cuda:0,0.0118551742667222,psf_aware_plus50,18.75,0.0181091340498377,-0.5275299748794584,169907,173213,48.0,65536.0,173213.0,3145728.0,0.0002771154590013,0.4446706161834299,0.0799127947539091,2.6556470138020813,0.5245834109373391,3.1802304247394204,computed,150,True
water__great_salt_lake__r1c2,water,great_salt_lake,Great Salt Lake,41.3,-112.61,41.30065823848409,-112.56223925147232,30-45,32612,4000.0,0.0,12.5,0.001,14,20,cuda:0,0.0118551742667222,psf_aware_minus50,6.25,0.0139037069707911,-0.1727965070761778,169367,169367,9.0,65536.0,169367.0,589824.0,5.313904125360903e-05,0.1714272727258503,0.0209546890109777,2.5796666871756315,0.1923819617368281,2.77204864891246,computed,150,True
water__great_salt_lake__r1c2,water,great_salt_lake,Great Salt Lake,41.3,-112.61,41.30065823848409,-112.56223925147232,30-45,32612,4000.0,0.0,12.5,0.001,14,20,cuda:0,0.0118551742667222,nearest,,0.0144114844317028,-0.2156282233789064,168929,169907,,,,,,0.0,0.1325781331397593,0.0,0.1325781331397593,0.1325781331397593,computed,150,True
water__great_salt_lake__r1c2,water,great_salt_lake,Great Salt Lake,41.3,-112.61,41.30065823848409,-112.56223925147232,30-45,32612,4000.0,0.0,12.5,0.001,14,20,cuda:0,0.0118551742667222,bilinear,,0.0149702893329126,-0.2627641733563273,168929,169907,,,,,,0.0,0.3037276999093592,0.0,0.3037276999093592,0.3037276999093592,computed,150,True
water__great_salt_lake__r1c2,water,great_salt_lake,Great Salt Lake,41.3,-112.61,41.30065823848409,-112.56223925147232,30-45,32612,4000.0,0.0,12.5,0.001,14,20,cuda:0,0.0118551742667222,bicubic,,0.0134149910953542,-0.1315726613155292,168929,169907,,,,,,0.0,0.7799316700547934,0.0,0.7799316700547934,0.7799316700547934,computed,150,True
water__great_salt_lake__r2c0,water,great_salt_lake,Great Salt Lake,41.3,-112.61,41.33533779917703,-112.65867220829838,30-45,32612,-4000.0,4000.0,12.5,0.001,14,20,cuda:0,0.0062919815743761,blurred_observation,12.5,0.0062919815743761,0.0,169899,169899,,,,,,0.0,0.0,0.0,0.0,0.0,computed,151,True
water__great_salt_lake__r2c0,water,great_salt_lake,Great Salt Lake,41.3,-112.61,41.33533779917703,-112.65867220829838,30-45,32612,-4000.0,4000.0,12.5,0.001,14,20,cuda:0,0.0062919815743761,psf_aware_matched,12.5,0.0046649570876304,0.2585869757425413,169899,171224,22.0,65536.0,171224.0,1441792.0,0.0001284866607484,0.2719034748151898,0.0407832930795848,2.685359890107065,0.3126867678947747,2.99804665800184,computed,151,True
water__great_salt_lake__r2c0,water,great_salt_lake,Great Salt Lake,41.3,-112.61,41.33533779917703,-112.65867220829838,30-45,32612,-4000.0,4000.0,12.5,0.001,14,20,cuda:0,0.0062919815743761,psf_aware_plus50,18.75,0.0095818938395647,-0.5228737920318516,169899,173211,48.0,65536.0,173211.0,3145728.0,0.0002771186587456,0.7740250430069864,0.0798216117545962,2.635400917846709,0.8538466547615826,3.489247572608292,computed,151,True
water__great_salt_lake__r2c0,water,great_salt_lake,Great Salt Lake,41.3,-112.61,41.33533779917703,-112.65867220829838,30-45,32612,-4000.0,4000.0,12.5,0.001,14,20,cuda:0,0.0062919815743761,psf_aware_minus50,6.25,0.0077634715831529,-0.2338675012605582,169365,169365,9.0,65536.0,169365.0,589824.0,5.313966876273138e-05,0.1901240749284625,0.0208984022028744,2.576250767335296,0.2110224771313369,2.7872732444666326,computed,151,True
water__great_salt_lake__r2c0,water,great_salt_lake,Great Salt Lake,41.3,-112.61,41.33533779917703,-112.65867220829838,30-45,32612,-4000.0,4000.0,12.5,0.001,14,20,cuda:0,0.0062919815743761,nearest,,0.0081616772528229,-0.297155300972451,168913,169899,,,,,,0.0,0.1326080001890659,0.0,0.1326080001890659,0.1326080001890659,computed,151,True
water__great_salt_lake__r2c0,water,great_salt_lake,Great Salt Lake,41.3,-112.61,41.33533779917703,-112.65867220829838,30-45,32612,-4000.0,4000.0,12.5,0.001,14,20,cuda:0,0.0062919815743761,bilinear,,0.0084126351180151,-0.337040647460771,168913,169899,,,,,,0.0,0.10804302431643,0.0,0.10804302431643,0.10804302431643,computed,151,True
water__great_salt_lake__r2c0,water,great_salt_lake,Great Salt Lake,41.3,-112.61,41.33533779917703,-112.65867220829838,30-45,32612,-4000.0,4000.0,12.5,0.001,14,20,cuda:0,0.0062919815743761,bicubic,,0.0072512561469331,-0.1524598508780743,168913,169899,,,,,,0.0,0.7622713912278414,0.0,0.7622713912278414,0.7622713912278414,computed,151,True
water__great_salt_lake__r2c1,water,great_salt_lake,Great Salt Lake,41.3,-112.61,41.33601669821545,-112.6108867917109,30-45,32612,0.0,4000.0,12.5,0.001,14,20,cuda:0,0.0191700432963141,blurred_observation,12.5,0.0191700432963141,0.0,169903,169903,,,,,,0.0,0.0,0.0,0.0,0.0,computed,152,True
water__great_salt_lake__r2c1,water,great_salt_lake,Great Salt Lake,41.3,-112.61,41.33601669821545,-112.6108867917109,30-45,32612,0.0,4000.0,12.5,0.001,14,20,cuda:0,0.0191700432963141,psf_aware_matched,12.5,0.0126890363646968,0.33807993187284,169903,171231,22.0,65536.0,171231.0,1441792.0,0.0001284814081562,0.2670164289884269,0.0406050560995936,2.590299816802144,0.3076214850880205,2.8979213018901646,computed,152,True
water__great_salt_lake__r2c1,water,great_salt_lake,Great Salt Lake,41.3,-112.61,41.33601669821545,-112.6108867917109,30-45,32612,0.0,4000.0,12.5,0.001,14,20,cuda:0,0.0191700432963141,psf_aware_plus50,18.75,0.033252258574318,-0.734594860341893,169903,173202,48.0,65536.0,173202.0,3145728.0,0.0002771330585097,0.496894187759608,0.0797778288833797,2.628470992203802,0.5766720166429877,3.2051430088467896,computed,152,True
water__great_salt_lake__r2c1,water,great_salt_lake,Great Salt Lake,41.3,-112.61,41.33601669821545,-112.6108867917109,30-45,32612,0.0,4000.0,12.5,0.001,14,20,cuda:0,0.0191700432963141,psf_aware_minus50,6.25,0.0239077199284205,-0.2471395895604133,169367,169367,9.0,65536.0,169367.0,589824.0,5.313904125360903e-05,0.1689220881089568,0.0209698169492185,2.5579924760386348,0.1898919050581753,2.74788438109681,computed,152,True
water__great_salt_lake__r2c1,water,great_salt_lake,Great Salt Lake,41.3,-112.61,41.33601669821545,-112.6108867917109,30-45,32612,0.0,4000.0,12.5,0.001,14,20,cuda:0,0.0191700432963141,nearest,,0.0252441371691099,-0.3168534248414409,168923,169903,,,,,,0.0,0.1221002172678709,0.0,0.1221002172678709,0.1221002172678709,computed,152,True
water__great_salt_lake__r2c1,water,great_salt_lake,Great Salt Lake,41.3,-112.61,41.33601669821545,-112.6108867917109,30-45,32612,0.0,4000.0,12.5,0.001,14,20,cuda:0,0.0191700432963141,bilinear,,0.0264957438150523,-0.3821431389331691,168923,169903,,,,,,0.0,0.1088848072104156,0.0,0.1088848072104156,0.1088848072104156,computed,152,True
water__great_salt_lake__r2c1,water,great_salt_lake,Great Salt Lake,41.3,-112.61,41.33601669821545,-112.6108867917109,30-45,32612,0.0,4000.0,12.5,0.001,14,20,cuda:0,0.0191700432963141,bicubic,,0.0225883078185702,-0.1783128222205594,168923,169903,,,,,,0.0,0.7547271731309593,0.0,0.7547271731309593,0.7547271731309593,computed,152,True
water__great_salt_lake__r2c2,water,great_salt_lake,Great Salt Lake,41.3,-112.61,41.33667576615274,-112.5630997629558,30-45,32612,4000.0,4000.0,12.5,0.001,14,20,cuda:0,0.019731569962166,blurred_observation,12.5,0.019731569962166,0.0,169911,169911,,,,,,0.0,0.0,0.0,0.0,0.0,computed,153,True
water__great_salt_lake__r2c2,water,great_salt_lake,Great Salt Lake,41.3,-112.61,41.33667576615274,-112.5630997629558,30-45,32612,4000.0,4000.0,12.5,0.001,14,20,cuda:0,0.019731569962166,psf_aware_matched,12.5,0.013641967228173,0.3086223116391331,169911,171229,22.0,65536.0,171229.0,1441792.0,0.000128482908853,0.2767337937839329,0.0405316669493913,2.707929336000234,0.3172654607333243,3.025194796733558,computed,153,True
water__great_salt_lake__r2c2,water,great_salt_lake,Great Salt Lake,41.3,-112.61,41.33667576615274,-112.5630997629558,30-45,32612,4000.0,4000.0,12.5,0.001,14,20,cuda:0,0.019731569962166,psf_aware_plus50,18.75,0.0328675361587601,-0.6657334526234586,169911,173224,48.0,65536.0,173224.0,3145728.0,0.0002770978617281,0.4274210250005126,0.0798824471421539,2.662320975214243,0.5073034721426666,3.169624447356909,computed,153,True
water__great_salt_lake__r2c2,water,great_salt_lake,Great Salt Lake,41.3,-112.61,41.33667576615274,-112.5630997629558,30-45,32612,4000.0,4000.0,12.5,0.001,14,20,cuda:0,0.019731569962166,psf_aware_minus50,6.25,0.0247866179559688,-0.2561908658812053,169356,169356,9.0,65536.0,169356.0,589824.0,5.314249273719266e-05,0.1895957440137863,0.021054056007415,2.5896176137030125,0.2106498000212013,2.800267413724214,computed,153,True
water__great_salt_lake__r2c2,water,great_salt_lake,Great Salt Lake,41.3,-112.61,41.33667576615274,-112.5630997629558,30-45,32612,4000.0,4000.0,12.5,0.001,14,20,cuda:0,0.019731569962166,nearest,,0.0258503318102621,-0.3101001015037563,168935,169911,,,,,,0.0,0.1324368258938193,0.0,0.1324368258938193,0.1324368258938193,computed,153,True
water__great_salt_lake__r2c2,water,great_salt_lake,Great Salt Lake,41.3,-112.61,41.33667576615274,-112.5630997629558,30-45,32612,4000.0,4000.0,12.5,0.001,14,20,cuda:0,0.019731569962166,bilinear,,0.0271092442285606,-0.3739020402604003,168935,169911,,,,,,0.0,0.1078228265978396,0.0,0.1078228265978396,0.1078228265978396,computed,153,True
water__great_salt_lake__r2c2,water,great_salt_lake,Great Salt Lake,41.3,-112.61,41.33667576615274,-112.5630997629558,30-45,32612,4000.0,4000.0,12.5,0.001,14,20,cuda:0,0.019731569962166,bicubic,,0.0231830892043728,-0.1749237008927788,168935,169911,,,,,,0.0,0.7572639370337129,0.0,0.7572639370337129,0.7572639370337129,computed,153,True
water__caspian_sea__r0c0,water,caspian_sea,Caspian Sea,42.0,48.355,41.96289047498159,48.30827118373944,30-45,32639,-4000.0,-4000.0,12.5,0.001,14,20,cuda:0,0.0290530084401577,blurred_observation,12.5,0.0290530084401577,0.0,169745,169745,,,,,,0.0,0.0,0.0,0.0,0.0,computed,154,True
water__caspian_sea__r0c0,water,caspian_sea,Caspian Sea,42.0,48.355,41.96289047498159,48.30827118373944,30-45,32639,-4000.0,-4000.0,12.5,0.001,14,20,cuda:0,0.0290530084401577,psf_aware_matched,12.5,0.0228568937664348,0.2132692965854261,169745,171072,22.0,65536.0,171072.0,1441792.0,0.0001286008230452,0.2674506618641317,0.0405034427531063,1.58889929484576,0.307954104617238,1.896853399462998,computed,154,True
water__caspian_sea__r0c0,water,caspian_sea,Caspian Sea,42.0,48.355,41.96289047498159,48.30827118373944,30-45,32639,-4000.0,-4000.0,12.5,0.001,14,20,cuda:0,0.0290530084401577,psf_aware_plus50,18.75,0.0470068502349402,-0.6179684225047875,169745,173053,48.0,65536.0,173053.0,3145728.0,0.0002773716722622,0.4838609220460057,0.0799113721586763,1.5612100209109483,0.5637722942046821,2.12498231511563,computed,154,True
water__caspian_sea__r0c0,water,caspian_sea,Caspian Sea,42.0,48.355,41.96289047498159,48.30827118373944,30-45,32639,-4000.0,-4000.0,12.5,0.001,14,20,cuda:0,0.0290530084401577,psf_aware_minus50,6.25,0.0344513357723372,-0.1858095812452209,169203,169203,9.0,65536.0,169203.0,589824.0,5.319054626691016e-05,0.1699973847717046,0.0211728122085332,1.5383059200830758,0.1911701969802379,1.7294761170633135,computed,154,True
water__caspian_sea__r0c0,water,caspian_sea,Caspian Sea,42.0,48.355,41.96289047498159,48.30827118373944,30-45,32639,-4000.0,-4000.0,12.5,0.001,14,20,cuda:0,0.0290530084401577,nearest,,0.0359649789220003,-0.2379089413779536,168766,169745,,,,,,0.0,0.1223990330472588,0.0,0.1223990330472588,0.1223990330472588,computed,154,True
water__caspian_sea__r0c0,water,caspian_sea,Caspian Sea,42.0,48.355,41.96289047498159,48.30827118373944,30-45,32639,-4000.0,-4000.0,12.5,0.001,14,20,cuda:0,0.0290530084401577,bilinear,,0.0374063099197915,-0.2875193285693507,168766,169745,,,,,,0.0,0.1095772190019488,0.0,0.1095772190019488,0.1095772190019488,computed,154,True
water__caspian_sea__r0c0,water,caspian_sea,Caspian Sea,42.0,48.355,41.96289047498159,48.30827118373944,30-45,32639,-4000.0,-4000.0,12.5,0.001,14,20,cuda:0,0.0290530084401577,bicubic,,0.0334774031680745,-0.1522869735514675,168766,169745,,,,,,0.0,0.7989358636550605,0.0,0.7989358636550605,0.7989358636550605,computed,154,True
water__caspian_sea__r0c1,water,caspian_sea,Caspian Sea,42.0,48.355,41.96401165472072,48.3564900532219,30-45,32639,0.0,-4000.0,12.5,0.001,14,20,cuda:0,0.0256204220091135,blurred_observation,12.5,0.0256204220091135,0.0,169762,169762,,,,,,0.0,0.0,0.0,0.0,0.0,computed,155,True
water__caspian_sea__r0c1,water,caspian_sea,Caspian Sea,42.0,48.355,41.96401165472072,48.3564900532219,30-45,32639,0.0,-4000.0,12.5,0.001,14,20,cuda:0,0.0256204220091135,psf_aware_matched,12.5,0.0201655905653308,0.2129095079636971,169762,171080,22.0,65536.0,171080.0,1441792.0,0.0001285948094458,0.2694678721018135,0.0406921310350298,1.5782145969569683,0.3101600031368434,1.888374600093812,computed,155,True
water__caspian_sea__r0c1,water,caspian_sea,Caspian Sea,42.0,48.355,41.96401165472072,48.3564900532219,30-45,32639,0.0,-4000.0,12.5,0.001,14,20,cuda:0,0.0256204220091135,psf_aware_plus50,18.75,0.0403641057357539,-0.57546607629632,169762,173066,48.0,65536.0,173066.0,3145728.0,0.0002773508372528,0.4305160366930067,0.0798119544051587,1.6520409053191545,0.5103279910981655,2.16236889641732,computed,155,True
water__caspian_sea__r0c1,water,caspian_sea,Caspian Sea,42.0,48.355,41.96401165472072,48.3564900532219,30-45,32639,0.0,-4000.0,12.5,0.001,14,20,cuda:0,0.0256204220091135,psf_aware_minus50,6.25,0.0300439995523919,-0.1726582622918893,169216,169216,9.0,65536.0,169216.0,589824.0,5.318645990922844e-05,0.4047714867629111,0.0229054316878318,1.631212384905666,0.4276769184507429,2.058889303356409,computed,155,True
water__caspian_sea__r0c1,water,caspian_sea,Caspian Sea,42.0,48.355,41.96401165472072,48.3564900532219,30-45,32639,0.0,-4000.0,12.5,0.001,14,20,cuda:0,0.0256204220091135,nearest,,0.0314469508017846,-0.2274173622354289,168777,169762,,,,,,0.0,0.1338800988160073,0.0,0.1338800988160073,0.1338800988160073,computed,155,True
water__caspian_sea__r0c1,water,caspian_sea,Caspian Sea,42.0,48.355,41.96401165472072,48.3564900532219,30-45,32639,0.0,-4000.0,12.5,0.001,14,20,cuda:0,0.0256204220091135,bilinear,,0.032652742457022,-0.2744810544263107,168777,169762,,,,,,0.0,0.1091398312710225,0.0,0.1091398312710225,0.1091398312710225,computed,155,True
water__caspian_sea__r0c1,water,caspian_sea,Caspian Sea,42.0,48.355,41.96401165472072,48.3564900532219,30-45,32639,0.0,-4000.0,12.5,0.001,14,20,cuda:0,0.0256204220091135,bicubic,,0.0293489505718662,-0.1455295530037099,168777,169762,,,,,,0.0,0.7791396300308406,0.0,0.7791396300308406,0.7791396300308406,computed,155,True
water__caspian_sea__r0c2,water,caspian_sea,Caspian Sea,42.0,48.355,41.96511260556185,48.40471163804328,30-45,32639,4000.0,-4000.0,12.5,0.001,14,20,cuda:0,2.0134086061514635e-05,blurred_observation,12.5,2.0134086061514635e-05,0.0,169751,169751,,,,,,0.0,0.0,0.0,0.0,0.0,computed,156,True
water__caspian_sea__r0c2,water,caspian_sea,Caspian Sea,42.0,48.355,41.96511260556185,48.40471163804328,30-45,32639,4000.0,-4000.0,12.5,0.001,14,20,cuda:0,2.0134086061514635e-05,psf_aware_matched,12.5,1.950468745585439e-05,0.0312603514128864,169751,171090,22.0,65536.0,171090.0,1441792.0,0.0001285872932374,0.2749903807416558,0.040482965297997,1.5503635378554463,0.3154733460396528,1.8658368838950992,computed,156,True
water__caspian_sea__r0c2,water,caspian_sea,Caspian Sea,42.0,48.355,41.96511260556185,48.40471163804328,30-45,32639,4000.0,-4000.0,12.5,0.001,14,20,cuda:0,2.0134086061514635e-05,psf_aware_plus50,18.75,3.088963301431105e-05,-0.5341959361818338,169751,173074,48.0,65536.0,173074.0,3145728.0,0.0002773380172642,0.4287181319668889,0.0798293659463524,1.548973404802382,0.5085474979132414,2.0575209027156234,computed,156,True
water__caspian_sea__r0c2,water,caspian_sea,Caspian Sea,42.0,48.355,41.96511260556185,48.40471163804328,30-45,32639,4000.0,-4000.0,12.5,0.001,14,20,cuda:0,2.0134086061514635e-05,psf_aware_minus50,6.25,2.657599698505497e-05,-0.3199505010487538,169228,169228,9.0,65536.0,169228.0,589824.0,5.318268844399272e-05,0.1685171509161591,0.0210634139366447,1.51375469006598,0.1895805648528039,1.703335254918784,computed,156,True
water__caspian_sea__r0c2,water,caspian_sea,Caspian Sea,42.0,48.355,41.96511260556185,48.40471163804328,30-45,32639,4000.0,-4000.0,12.5,0.001,14,20,cuda:0,2.0134086061514635e-05,nearest,,2.664496925630544e-05,-0.3233761480356463,168778,169751,,,,,,0.0,0.1210108851082623,0.0,0.1210108851082623,0.1210108851082623,computed,156,True
water__caspian_sea__r0c2,water,caspian_sea,Caspian Sea,42.0,48.355,41.96511260556185,48.40471163804328,30-45,32639,4000.0,-4000.0,12.5,0.001,14,20,cuda:0,2.0134086061514635e-05,bilinear,,2.5744131936038845e-05,-0.2786342452984518,168778,169751,,,,,,0.0,0.1081204800866544,0.0,0.1081204800866544,0.1081204800866544,computed,156,True
water__caspian_sea__r0c2,water,caspian_sea,Caspian Sea,42.0,48.355,41.96511260556185,48.40471163804328,30-45,32639,4000.0,-4000.0,12.5,0.001,14,20,cuda:0,2.0134086061514635e-05,bicubic,,2.376840437826993e-05,-0.1805057505789711,168778,169751,,,,,,0.0,0.7996860649436712,0.0,0.7996860649436712,0.7996860649436712,computed,156,True
water__caspian_sea__r1c0,water,caspian_sea,Caspian Sea,42.0,48.355,41.99887741249511,48.3067540306194,30-45,32639,-4000.0,0.0,12.5,0.001,14,20,cuda:0,0.0482430167599419,blurred_observation,12.5,0.0482430167599419,0.0,169746,169746,,,,,,0.0,0.0,0.0,0.0,0.0,computed,157,True
water__caspian_sea__r1c0,water,caspian_sea,Caspian Sea,42.0,48.355,41.99887741249511,48.3067540306194,30-45,32639,-4000.0,0.0,12.5,0.001,14,20,cuda:0,0.0482430167599419,psf_aware_matched,12.5,0.0393424701285648,0.1844939895791834,169746,171073,22.0,65536.0,171073.0,1441792.0,0.0001286000713145,0.2703168396838009,0.0405143639072775,1.555348750203848,0.3108312035910785,1.8661799537949264,computed,157,True
water__caspian_sea__r1c0,water,caspian_sea,Caspian Sea,42.0,48.355,41.99887741249511,48.3067540306194,30-45,32639,-4000.0,0.0,12.5,0.001,14,20,cuda:0,0.0482430167599419,psf_aware_plus50,18.75,0.0776972363492231,-0.6105385103888872,169746,173053,48.0,65536.0,173053.0,3145728.0,0.0002773716722622,0.4316616570577025,0.0800193161703646,1.708980227354914,0.5116809732280672,2.220661200582981,computed,157,True
water__caspian_sea__r1c0,water,caspian_sea,Caspian Sea,42.0,48.355,41.99887741249511,48.3067540306194,30-45,32639,-4000.0,0.0,12.5,0.001,14,20,cuda:0,0.0482430167599419,psf_aware_minus50,6.25,0.0560395382643335,-0.1616093276916561,169216,169216,9.0,65536.0,169216.0,589824.0,5.318645990922844e-05,0.1729480228386819,0.0213495260104537,1.6048641419038177,0.1942975488491356,1.7991616907529533,computed,157,True
water__caspian_sea__r1c0,water,caspian_sea,Caspian Sea,42.0,48.355,41.99887741249511,48.3067540306194,30-45,32639,-4000.0,0.0,12.5,0.001,14,20,cuda:0,0.0482430167599419,nearest,,0.0586036313783289,-0.2147588462376133,168768,169746,,,,,,0.0,0.1469890368171036,0.0,0.1469890368171036,0.1469890368171036,computed,157,True
water__caspian_sea__r1c0,water,caspian_sea,Caspian Sea,42.0,48.355,41.99887741249511,48.3067540306194,30-45,32639,-4000.0,0.0,12.5,0.001,14,20,cuda:0,0.0482430167599419,bilinear,,0.0609552779543927,-0.2635046903825937,168768,169746,,,,,,0.0,0.1094065648503601,0.0,0.1094065648503601,0.1094065648503601,computed,157,True
water__caspian_sea__r1c0,water,caspian_sea,Caspian Sea,42.0,48.355,41.99887741249511,48.3067540306194,30-45,32639,-4000.0,0.0,12.5,0.001,14,20,cuda:0,0.0482430167599419,bicubic,,0.0554339567252593,-0.1490565982036233,168768,169746,,,,,,0.0,0.758247260004282,0.0,0.758247260004282,0.758247260004282,computed,157,True
water__caspian_sea__r1c1,water,caspian_sea,Caspian Sea,42.0,48.355,41.99999999999999,48.355,30-45,32639,0.0,0.0,12.5,0.001,14,20,cuda:0,0.0175959538964963,blurred_observation,12.5,0.0175959538964963,0.0,169755,169755,,,,,,0.0,0.0,0.0,0.0,0.0,computed,158,True
water__caspian_sea__r1c1,water,caspian_sea,Caspian Sea,42.0,48.355,41.99999999999999,48.355,30-45,32639,0.0,0.0,12.5,0.001,14,20,cuda:0,0.0175959538964963,psf_aware_matched,12.5,0.0149516004610941,0.150281902928194,169755,171074,22.0,65536.0,171074.0,1441792.0,0.0001285993195926,0.2714224141091108,0.0405359352007508,1.5437325178645551,0.3119583493098616,1.8556908671744168,computed,158,True
water__caspian_sea__r1c1,water,caspian_sea,Caspian Sea,42.0,48.355,41.99999999999999,48.355,30-45,32639,0.0,0.0,12.5,0.001,14,20,cuda:0,0.0175959538964963,psf_aware_plus50,18.75,0.0266945661593452,-0.5170854797852444,169755,173063,48.0,65536.0,173063.0,3145728.0,0.0002773556450541,0.4333292059600353,0.0796535331755876,1.5418381299823525,0.512982739135623,2.0548208691179752,computed,158,True
water__caspian_sea__r1c1,water,caspian_sea,Caspian Sea,42.0,48.355,41.99999999999999,48.355,30-45,32639,0.0,0.0,12.5,0.001,14,20,cuda:0,0.0175959538964963,psf_aware_minus50,6.25,0.0199351299829296,-0.1329382936664238,169213,169213,9.0,65536.0,169213.0,589824.0,5.318740285911839e-05,0.1724820709787309,0.0209894040599465,1.5124819800257685,0.1934714750386774,1.7059534550644455,computed,158,True
water__caspian_sea__r1c1,water,caspian_sea,Caspian Sea,42.0,48.355,41.99999999999999,48.355,30-45,32639,0.0,0.0,12.5,0.001,14,20,cuda:0,0.0175959538964963,nearest,,0.0206636800457302,-0.174342702150678,168775,169755,,,,,,0.0,0.1856828331947326,0.0,0.1856828331947326,0.1856828331947326,computed,158,True
water__caspian_sea__r1c1,water,caspian_sea,Caspian Sea,42.0,48.355,41.99999999999999,48.355,30-45,32639,0.0,0.0,12.5,0.001,14,20,cuda:0,0.0175959538964963,bilinear,,0.0213288247894676,-0.2121437072936722,168775,169755,,,,,,0.0,0.1519861719571054,0.0,0.1519861719571054,0.1519861719571054,computed,158,True
water__caspian_sea__r1c1,water,caspian_sea,Caspian Sea,42.0,48.355,41.99999999999999,48.355,30-45,32639,0.0,0.0,12.5,0.001,14,20,cuda:0,0.0175959538964963,bicubic,,0.0197258498778593,-0.1210446443478752,168775,169755,,,,,,0.0,0.938663498032838,0.0,0.938663498032838,0.938663498032838,computed,158,True
water__caspian_sea__r2c0,water,caspian_sea,Caspian Sea,42.0,48.355,42.03486407883251,48.305234107051625,30-45,32639,-4000.0,4000.0,12.5,0.001,14,20,cuda:0,0.0557941851218948,blurred_observation,12.5,0.0557941851218948,0.0,169744,169744,,,,,,0.0,0.0,0.0,0.0,0.0,computed,160,True
water__caspian_sea__r2c0,water,caspian_sea,Caspian Sea,42.0,48.355,42.03486407883251,48.305234107051625,30-45,32639,-4000.0,4000.0,12.5,0.001,14,20,cuda:0,0.0557941851218948,psf_aware_matched,12.5,0.0443230292589657,0.2055976951337809,169744,171068,22.0,65536.0,171068.0,1441792.0,0.0001286038300558,0.268729121889919,0.0409144619479775,1.569942360278219,0.3096435838378966,1.879585944116116,computed,160,True
water__caspian_sea__r2c0,water,caspian_sea,Caspian Sea,42.0,48.355,42.03486407883251,48.305234107051625,30-45,32639,-4000.0,4000.0,12.5,0.001,14,20,cuda:0,0.0557941851218948,psf_aware_plus50,18.75,0.0893726655353531,-0.6018275979853209,169744,173055,48.0,65536.0,173055.0,3145728.0,0.0002773684666724,0.4992706389166415,0.079822754021734,1.5467833369039,0.5790933929383755,2.1258767298422754,computed,160,True
water__caspian_sea__r2c0,water,caspian_sea,Caspian Sea,42.0,48.355,42.03486407883251,48.305234107051625,30-45,32639,-4000.0,4000.0,12.5,0.001,14,20,cuda:0,0.0557941851218948,psf_aware_minus50,6.25,0.0651241365675028,-0.167220856890816,169213,169213,9.0,65536.0,169213.0,589824.0,5.318740285911839e-05,0.1690809302963316,0.0210149516351521,1.5960003430955112,0.1900958819314837,1.786096225026995,computed,160,True
water__caspian_sea__r2c0,water,caspian_sea,Caspian Sea,42.0,48.355,42.03486407883251,48.305234107051625,30-45,32639,-4000.0,4000.0,12.5,0.001,14,20,cuda:0,0.0557941851218948,nearest,,0.0682410310756747,-0.2230850029727471,168764,169744,,,,,,0.0,0.1220045159570872,0.0,0.1220045159570872,0.1220045159570872,computed,160,True
water__caspian_sea__r2c0,water,caspian_sea,Caspian Sea,42.0,48.355,42.03486407883251,48.305234107051625,30-45,32639,-4000.0,4000.0,12.5,0.001,14,20,cuda:0,0.0557941851218948,bilinear,,0.0710603891952534,-0.2736163999887477,168764,169744,,,,,,0.0,0.1088456530123949,0.0,0.1088456530123949,0.1088456530123949,computed,160,True
water__caspian_sea__r2c0,water,caspian_sea,Caspian Sea,42.0,48.355,42.03486407883251,48.305234107051625,30-45,32639,-4000.0,4000.0,12.5,0.001,14,20,cuda:0,0.0557941851218948,bicubic,,0.064109436789392,-0.1490343778537268,168764,169744,,,,,,0.0,0.8616230427287519,0.0,0.8616230427287519,0.8616230427287519,computed,160,True
water__caspian_sea__r2c1,water,caspian_sea,Caspian Sea,42.0,48.355,42.0359880756714,48.353507225684936,30-45,32639,0.0,4000.0,12.5,0.001,14,20,cuda:0,0.0005052002992535,blurred_observation,12.5,0.0005052002992535,0.0,169748,169748,,,,,,0.0,0.0,0.0,0.0,0.0,computed,161,True
water__caspian_sea__r2c1,water,caspian_sea,Caspian Sea,42.0,48.355,42.0359880756714,48.353507225684936,30-45,32639,0.0,4000.0,12.5,0.001,14,20,cuda:0,0.0005052002992535,psf_aware_matched,12.5,0.0004468243280366,0.1155501516985764,169748,171073,22.0,65536.0,171073.0,1441792.0,0.0001286000713145,0.2684154091402888,0.0403842078521847,1.512327407952398,0.3087996169924736,1.821127024944872,computed,161,True
water__caspian_sea__r2c1,water,caspian_sea,Caspian Sea,42.0,48.355,42.0359880756714,48.353507225684936,30-45,32639,0.0,4000.0,12.5,0.001,14,20,cuda:0,0.0005052002992535,psf_aware_plus50,18.75,0.0007079284876771,-0.4012827956024991,169748,173065,48.0,65536.0,173065.0,3145728.0,0.0002773524398347,0.4252378102391958,0.0798684512265026,1.539547842927277,0.5051062614656985,2.044654104392976,computed,161,True
water__caspian_sea__r2c1,water,caspian_sea,Caspian Sea,42.0,48.355,42.0359880756714,48.353507225684936,30-45,32639,0.0,4000.0,12.5,0.001,14,20,cuda:0,0.0005052002992535,psf_aware_minus50,6.25,0.0005820477684871,-0.1521128735419081,169217,169217,9.0,65536.0,169217.0,589824.0,5.318614560002837e-05,0.1754820332862436,0.021044086664915,1.5631856922991574,0.1965261199511587,1.759711812250316,computed,161,True
water__caspian_sea__r2c1,water,caspian_sea,Caspian Sea,42.0,48.355,42.0359880756714,48.353507225684936,30-45,32639,0.0,4000.0,12.5,0.001,14,20,cuda:0,0.0005052002992535,nearest,,0.0005943041117529,-0.176373237765546,168774,169748,,,,,,0.0,0.1208178689703345,0.0,0.1208178689703345,0.1208178689703345,computed,161,True
water__caspian_sea__r2c1,water,caspian_sea,Caspian Sea,42.0,48.355,42.0359880756714,48.353507225684936,30-45,32639,0.0,4000.0,12.5,0.001,14,20,cuda:0,0.0005052002992535,bilinear,,0.000600801207051,-0.1892336721471521,168774,169748,,,,,,0.0,0.1087343632243573,0.0,0.1087343632243573,0.1087343632243573,computed,161,True
water__caspian_sea__r2c1,water,caspian_sea,Caspian Sea,42.0,48.355,42.0359880756714,48.353507225684936,30-45,32639,0.0,4000.0,12.5,0.001,14,20,cuda:0,0.0005052002992535,bicubic,,0.0005589370424417,-0.1063672037954752,168774,169748,,,,,,0.0,0.7535413568839431,0.0,0.7535413568839431,0.7535413568839431,computed,161,True
water__lake_constance__r0c0,water,lake_constance,Lake Constance,47.6,9.4,47.56418248428852,9.34655093568043,45-60,32632,-4000.0,-4000.0,12.5,0.001,14,20,cuda:0,0.0479569019912744,blurred_observation,12.5,0.0479569019912744,0.0,169723,169723,,,,,,0.0,0.0,0.0,0.0,0.0,computed,163,True
water__lake_constance__r0c0,water,lake_constance,Lake Constance,47.6,9.4,47.56418248428852,9.34655093568043,45-60,32632,-4000.0,-4000.0,12.5,0.001,14,20,cuda:0,0.0479569019912744,psf_aware_matched,12.5,0.0411966058487255,0.1409660729081051,169723,171056,22.0,65536.0,171056.0,1441792.0,0.0001286128519315,0.4059845749288797,0.0404225103557109,1.4809106341563163,0.4464070852845907,1.9273177194409072,computed,163,True
water__lake_constance__r0c0,water,lake_constance,Lake Constance,47.6,9.4,47.56418248428852,9.34655093568043,45-60,32632,-4000.0,-4000.0,12.5,0.001,14,20,cuda:0,0.0479569019912744,psf_aware_plus50,18.75,0.0710998849091451,-0.4825787729591357,169723,172999,48.0,65536.0,172999.0,3145728.0,0.0002774582512037,0.4267527991905808,0.0799658354371786,1.5314346458762884,0.5067186346277595,2.038153280504048,computed,163,True
water__lake_constance__r0c0,water,lake_constance,Lake Constance,47.6,9.4,47.56418248428852,9.34655093568043,45-60,32632,-4000.0,-4000.0,12.5,0.001,14,20,cuda:0,0.0479569019912744,psf_aware_minus50,6.25,0.0532904266169743,-0.1112149535153526,169204,169204,9.0,65536.0,169204.0,589824.0,5.3190231909411126e-05,0.1697713867761194,0.0210054540075361,1.6007148632779715,0.1907768407836556,1.7914917040616274,computed,163,True
water__lake_constance__r0c0,water,lake_constance,Lake Constance,47.6,9.4,47.56418248428852,9.34655093568043,45-60,32632,-4000.0,-4000.0,12.5,0.001,14,20,cuda:0,0.0479569019912744,nearest,,0.0553439185814051,-0.1540344827002135,168735,169723,,,,,,0.0,0.1194841619580984,0.0,0.1194841619580984,0.1194841619580984,computed,163,True
water__lake_constance__r0c0,water,lake_constance,Lake Constance,47.6,9.4,47.56418248428852,9.34655093568043,45-60,32632,-4000.0,-4000.0,12.5,0.001,14,20,cuda:0,0.0479569019912744,bilinear,,0.0572534058983095,-0.1938512189283339,168735,169723,,,,,,0.0,0.1061322037130594,0.0,0.1061322037130594,0.1061322037130594,computed,163,True
water__lake_constance__r0c0,water,lake_constance,Lake Constance,47.6,9.4,47.56418248428852,9.34655093568043,45-60,32632,-4000.0,-4000.0,12.5,0.001,14,20,cuda:0,0.0479569019912744,bicubic,,0.053395144580168,-0.1133985383351734,168735,169723,,,,,,0.0,0.7620253651402891,0.0,0.7620253651402891,0.7620253651402891,computed,163,True
water__lake_constance__r0c1,water,lake_constance,Lake Constance,47.6,9.4,47.56400949476512,9.399725937570112,45-60,32632,0.0,-4000.0,12.5,0.001,14,20,cuda:0,0.011433681337554,blurred_observation,12.5,0.011433681337554,0.0,169741,169741,,,,,,0.0,0.0,0.0,0.0,0.0,computed,164,True
water__lake_constance__r0c1,water,lake_constance,Lake Constance,47.6,9.4,47.56400949476512,9.399725937570112,45-60,32632,0.0,-4000.0,12.5,0.001,14,20,cuda:0,0.011433681337554,psf_aware_matched,12.5,0.0095008422978856,0.1690478318054878,169741,171051,22.0,65536.0,171051.0,1441792.0,0.0001286166114199,0.2670309962704777,0.0404476579278707,1.4888477670028806,0.3074786541983485,1.796326421201229,computed,164,True
water__lake_constance__r0c1,water,lake_constance,Lake Constance,47.6,9.4,47.56400949476512,9.399725937570112,45-60,32632,0.0,-4000.0,12.5,0.001,14,20,cuda:0,0.011433681337554,psf_aware_plus50,18.75,0.0172808502726783,-0.5113986267851685,169741,173037,48.0,65536.0,173037.0,3145728.0,0.0002773973196483,0.4236599113792181,0.0801442833617329,1.5044034188613296,0.5038041947409511,2.0082076136022806,computed,164,True
water__lake_constance__r0c1,water,lake_constance,Lake Constance,47.6,9.4,47.56400949476512,9.399725937570112,45-60,32632,0.0,-4000.0,12.5,0.001,14,20,cuda:0,0.011433681337554,psf_aware_minus50,6.25,0.0129644992913944,-0.1338867079330306,169179,169179,9.0,65536.0,169179.0,589824.0,5.319809196176831e-05,0.1678691338747739,0.0209297612309455,1.5436252751387656,0.1887988951057195,1.7324241702444851,computed,164,True
water__lake_constance__r0c1,water,lake_constance,Lake Constance,47.6,9.4,47.56400949476512,9.399725937570112,45-60,32632,0.0,-4000.0,12.5,0.001,14,20,cuda:0,0.011433681337554,nearest,,0.0134708376854375,-0.178171516919269,168748,169741,,,,,,0.0,0.1270404336974024,0.0,0.1270404336974024,0.1270404336974024,computed,164,True
water__lake_constance__r0c1,water,lake_constance,Lake Constance,47.6,9.4,47.56400949476512,9.399725937570112,45-60,32632,0.0,-4000.0,12.5,0.001,14,20,cuda:0,0.011433681337554,bilinear,,0.0140187785448494,-0.226094914750218,168748,169741,,,,,,0.0,0.1116925757378339,0.0,0.1116925757378339,0.1116925757378339,computed,164,True
water__lake_constance__r0c1,water,lake_constance,Lake Constance,47.6,9.4,47.56400949476512,9.399725937570112,45-60,32632,0.0,-4000.0,12.5,0.001,14,20,cuda:0,0.011433681337554,bicubic,,0.0126618115495883,-0.1074133672066368,168748,169741,,,,,,0.0,0.8166318400762975,0.0,0.8166318400762975,0.8166318400762975,computed,164,True
water__lake_constance__r0c2,water,lake_constance,Lake Constance,47.6,9.4,47.56381185407448,9.452900407144588,45-60,32632,4000.0,-4000.0,12.5,0.001,14,20,cuda:0,0.0018138550136126,blurred_observation,12.5,0.0018138550136126,0.0,169724,169724,,,,,,0.0,0.0,0.0,0.0,0.0,computed,165,True
water__lake_constance__r0c2,water,lake_constance,Lake Constance,47.6,9.4,47.56381185407448,9.452900407144588,45-60,32632,4000.0,-4000.0,12.5,0.001,14,20,cuda:0,0.0018138550136126,psf_aware_matched,12.5,0.0016040093436884,0.1156904318974388,169724,171056,22.0,65536.0,171056.0,1441792.0,0.0001286128519315,0.2877951129339635,0.0404452239163219,1.5245922468602655,0.3282403368502855,1.8528325837105517,computed,165,True
water__lake_constance__r0c2,water,lake_constance,Lake Constance,47.6,9.4,47.56381185407448,9.452900407144588,45-60,32632,4000.0,-4000.0,12.5,0.001,14,20,cuda:0,0.0018138550136126,psf_aware_plus50,18.75,0.0026597281828754,-0.4663400122472196,169724,173013,48.0,65536.0,173013.0,3145728.0,0.0002774357996219,0.4399359975941479,0.0798666067421436,1.5063354880549014,0.5198026043362916,2.026138092391193,computed,165,True
water__lake_constance__r0c2,water,lake_constance,Lake Constance,47.6,9.4,47.56381185407448,9.452900407144588,45-60,32632,4000.0,-4000.0,12.5,0.001,14,20,cuda:0,0.0018138550136126,psf_aware_minus50,6.25,0.0019869165405096,-0.0954108931519774,169202,169202,9.0,65536.0,169202.0,589824.0,5.319086062812496e-05,0.1716896598227322,0.0208812989294528,1.4876034101471305,0.1925709587521851,1.6801743688993156,computed,165,True
water__lake_constance__r0c2,water,lake_constance,Lake Constance,47.6,9.4,47.56381185407448,9.452900407144588,45-60,32632,4000.0,-4000.0,12.5,0.001,14,20,cuda:0,0.0018138550136126,nearest,,0.0020585767741618,-0.1349180384940551,168740,169724,,,,,,0.0,0.1185910305939614,0.0,0.1185910305939614,0.1185910305939614,computed,165,True
water__lake_constance__r0c2,water,lake_constance,Lake Constance,47.6,9.4,47.56381185407448,9.452900407144588,45-60,32632,4000.0,-4000.0,12.5,0.001,14,20,cuda:0,0.0018138550136126,bilinear,,0.0021239925543677,-0.1709825418391015,168740,169724,,,,,,0.0,0.1053315680474042,0.0,0.1053315680474042,0.1053315680474042,computed,165,True
water__lake_constance__r0c2,water,lake_constance,Lake Constance,47.6,9.4,47.56381185407448,9.452900407144588,45-60,32632,4000.0,-4000.0,12.5,0.001,14,20,cuda:0,0.0018138550136126,bicubic,,0.0020125349879356,-0.1095346501412346,168740,169724,,,,,,0.0,0.7516241362318397,0.0,0.7516241362318397,0.7516241362318397,computed,165,True
water__lake_constance__r1c0,water,lake_constance,Lake Constance,47.6,9.4,47.60017320641912,9.346788541872025,45-60,32632,-4000.0,0.0,12.5,0.001,14,20,cuda:0,0.0099875989416486,blurred_observation,12.5,0.0099875989416486,0.0,169721,169721,,,,,,0.0,0.0,0.0,0.0,0.0,computed,166,True
water__lake_constance__r1c0,water,lake_constance,Lake Constance,47.6,9.4,47.60017320641912,9.346788541872025,45-60,32632,-4000.0,0.0,12.5,0.001,14,20,cuda:0,0.0099875989416486,psf_aware_matched,12.5,0.0087164660130509,0.127271122521445,169721,171053,22.0,65536.0,171053.0,1441792.0,0.0001286151075982,0.274050781968981,0.0404478390701115,1.515043961815536,0.3144986210390925,1.8295425828546288,computed,166,True
water__lake_constance__r1c0,water,lake_constance,Lake Constance,47.6,9.4,47.60017320641912,9.346788541872025,45-60,32632,-4000.0,0.0,12.5,0.001,14,20,cuda:0,0.0099875989416486,psf_aware_plus50,18.75,0.0141132014771209,-0.4130725071737129,169721,173001,48.0,65536.0,173001.0,3145728.0,0.0002774550436124,0.6800085459835827,0.0798396063037216,1.500460381153971,0.7598481522873044,2.260308533441276,computed,166,True
water__lake_constance__r1c0,water,lake_constance,Lake Constance,47.6,9.4,47.60017320641912,9.346788541872025,45-60,32632,-4000.0,0.0,12.5,0.001,14,20,cuda:0,0.0099875989416486,psf_aware_minus50,6.25,0.0110405187308393,-0.1054227142421591,169200,169200,9.0,65536.0,169200.0,589824.0,5.319148936170213e-05,0.1881170538254082,0.0210216948762536,1.4645691527985036,0.2091387487016618,1.6737079015001657,computed,166,True
water__lake_constance__r1c0,water,lake_constance,Lake Constance,47.6,9.4,47.60017320641912,9.346788541872025,45-60,32632,-4000.0,0.0,12.5,0.001,14,20,cuda:0,0.0099875989416486,nearest,,0.0113974427101457,-0.1411594294819032,168740,169721,,,,,,0.0,0.1191854872740805,0.0,0.1191854872740805,0.1191854872740805,computed,166,True
water__lake_constance__r1c0,water,lake_constance,Lake Constance,47.6,9.4,47.60017320641912,9.346788541872025,45-60,32632,-4000.0,0.0,12.5,0.001,14,20,cuda:0,0.0099875989416486,bilinear,,0.0117397460014884,-0.1754322605539719,168740,169721,,,,,,0.0,0.106003912165761,0.0,0.106003912165761,0.106003912165761,computed,166,True
water__lake_constance__r1c0,water,lake_constance,Lake Constance,47.6,9.4,47.60017320641912,9.346788541872025,45-60,32632,-4000.0,0.0,12.5,0.001,14,20,cuda:0,0.0099875989416486,bicubic,,0.0109731628994115,-0.0986787678921601,168740,169721,,,,,,0.0,0.7541473750025034,0.0,0.7541473750025034,0.7541473750025034,computed,166,True
water__lake_constance__r1c1,water,lake_constance,Lake Constance,47.6,9.4,47.6,9.4,45-60,32632,0.0,0.0,12.5,0.001,14,20,cuda:0,0.0022569779742976,blurred_observation,12.5,0.0022569779742976,0.0,169746,169746,,,,,,0.0,0.0,0.0,0.0,0.0,computed,167,True
water__lake_constance__r1c1,water,lake_constance,Lake Constance,47.6,9.4,47.6,9.4,45-60,32632,0.0,0.0,12.5,0.001,14,20,cuda:0,0.0022569779742976,psf_aware_matched,12.5,0.0019740470997555,0.1253582789748507,169746,171050,22.0,65536.0,171050.0,1441792.0,0.000128617363344,0.2687256257049739,0.0403340621851384,1.4893595059402287,0.3090596878901124,1.798419193830341,computed,167,True
water__lake_constance__r1c1,water,lake_constance,Lake Constance,47.6,9.4,47.6,9.4,45-60,32632,0.0,0.0,12.5,0.001,14,20,cuda:0,0.0022569779742976,psf_aware_plus50,18.75,0.0033490421715323,-0.4838612559232425,169746,173030,48.0,65536.0,173030.0,3145728.0,0.0002774085418713,0.4283439130522311,0.079780985135585,1.5101132337003946,0.5081248981878161,2.0182381318882108,computed,167,True
water__lake_constance__r1c1,water,lake_constance,Lake Constance,47.6,9.4,47.6,9.4,45-60,32632,0.0,0.0,12.5,0.001,14,20,cuda:0,0.0022569779742976,psf_aware_minus50,6.25,0.0024887659883054,-0.1026983943341044,169175,169175,9.0,65536.0,169175.0,589824.0,5.319934978572484e-05,0.1864178045652806,0.0210911869071424,1.503426488954574,0.207508991472423,1.710935480426997,computed,167,True
water__lake_constance__r1c1,water,lake_constance,Lake Constance,47.6,9.4,47.6,9.4,45-60,32632,0.0,0.0,12.5,0.001,14,20,cuda:0,0.0022569779742976,nearest,,0.0025821794520423,-0.1440871295369665,168740,169746,,,,,,0.0,0.1190755688585341,0.0,0.1190755688585341,0.1190755688585341,computed,167,True
water__lake_constance__r1c1,water,lake_constance,Lake Constance,47.6,9.4,47.6,9.4,45-60,32632,0.0,0.0,12.5,0.001,14,20,cuda:0,0.0022569779742976,bilinear,,0.0026652644478055,-0.1808996269159679,168740,169746,,,,,,0.0,0.1060229470022022,0.0,0.1060229470022022,0.1060229470022022,computed,167,True
water__lake_constance__r1c1,water,lake_constance,Lake Constance,47.6,9.4,47.6,9.4,45-60,32632,0.0,0.0,12.5,0.001,14,20,cuda:0,0.0022569779742976,bicubic,,0.002513817631635,-0.1137980344790108,168740,169746,,,,,,0.0,0.7597871157340705,0.0,0.7597871157340705,0.7597871157340705,computed,167,True
water__lake_constance__r1c2,water,lake_constance,Lake Constance,47.6,9.4,47.59980211150753,9.45321092450264,45-60,32632,4000.0,0.0,12.5,0.001,14,20,cuda:0,0.0034596401710512,blurred_observation,12.5,0.0034596401710512,0.0,169733,169733,,,,,,0.0,0.0,0.0,0.0,0.0,computed,168,True
water__lake_constance__r1c2,water,lake_constance,Lake Constance,47.6,9.4,47.59980211150753,9.45321092450264,45-60,32632,4000.0,0.0,12.5,0.001,14,20,cuda:0,0.0034596401710512,psf_aware_matched,12.5,0.0030192824867678,0.1272842441731786,169733,171056,22.0,65536.0,171056.0,1441792.0,0.0001286128519315,0.2673743166960776,0.0404591099359095,1.482424922287464,0.3078334266319871,1.7902583489194512,computed,168,True
water__lake_constance__r1c2,water,lake_constance,Lake Constance,47.6,9.4,47.59980211150753,9.45321092450264,45-60,32632,4000.0,0.0,12.5,0.001,14,20,cuda:0,0.0034596401710512,psf_aware_plus50,18.75,0.0052086385703249,-0.5055434417453291,169733,173009,48.0,65536.0,173009.0,3145728.0,0.0002774422139888,0.5521463649347425,0.0800238447263836,1.5059825479984283,0.6321702096611261,2.1381527576595545,computed,168,True
water__lake_constance__r1c2,water,lake_constance,Lake Constance,47.6,9.4,47.59980211150753,9.45321092450264,45-60,32632,4000.0,0.0,12.5,0.001,14,20,cuda:0,0.0034596401710512,psf_aware_minus50,6.25,0.0040799967067813,-0.1793124443752594,169192,169192,9.0,65536.0,169192.0,589824.0,5.319400444465459e-05,0.1868918361142277,0.0211072769016027,1.5376783581450582,0.2079991130158305,1.745677471160889,computed,168,True
water__lake_constance__r1c2,water,lake_constance,Lake Constance,47.6,9.4,47.59980211150753,9.45321092450264,45-60,32632,4000.0,0.0,12.5,0.001,14,20,cuda:0,0.0034596401710512,nearest,,0.0041678857036673,-0.2047165305057807,168740,169733,,,,,,0.0,0.1188391027972102,0.0,0.1188391027972102,0.1188391027972102,computed,168,True
water__lake_constance__r1c2,water,lake_constance,Lake Constance,47.6,9.4,47.59980211150753,9.45321092450264,45-60,32632,4000.0,0.0,12.5,0.001,14,20,cuda:0,0.0034596401710512,bilinear,,0.0042768747594162,-0.2362195338125881,168740,169733,,,,,,0.0,0.1109356237575411,0.0,0.1109356237575411,0.1109356237575411,computed,168,True
water__lake_constance__r1c2,water,lake_constance,Lake Constance,47.6,9.4,47.59980211150753,9.45321092450264,45-60,32632,4000.0,0.0,12.5,0.001,14,20,cuda:0,0.0034596401710512,bicubic,,0.0039133120375338,-0.1311326739349083,168740,169733,,,,,,0.0,0.7613768600858748,0.0,0.7613768600858748,0.7613768600858748,computed,168,True
water__lake_constance__r2c0,water,lake_constance,Lake Constance,47.6,9.4,47.63616370073636,9.347026610709834,45-60,32632,-4000.0,4000.0,12.5,0.001,14,20,cuda:0,0.0022830506579705,blurred_observation,12.5,0.0022830506579705,0.0,169712,169712,,,,,,0.0,0.0,0.0,0.0,0.0,computed,169,True
water__lake_constance__r2c0,water,lake_constance,Lake Constance,47.6,9.4,47.63616370073636,9.347026610709834,45-60,32632,-4000.0,4000.0,12.5,0.001,14,20,cuda:0,0.0022830506579705,psf_aware_matched,12.5,0.0019276553323051,0.1556668593509529,169712,171052,22.0,65536.0,171052.0,1441792.0,0.0001286158595047,0.2740305890329182,0.0403990969061851,1.473266280721873,0.3144296859391033,1.7876959666609764,computed,169,True
water__lake_constance__r2c0,water,lake_constance,Lake Constance,47.6,9.4,47.63616370073636,9.347026610709834,45-60,32632,-4000.0,4000.0,12.5,0.001,14,20,cuda:0,0.0022830506579705,psf_aware_plus50,18.75,0.003428651947686,-0.5017853133113577,169712,173018,48.0,65536.0,173018.0,3145728.0,0.0002774277820804,0.4373063859529793,0.0796998119913041,1.521967832930386,0.5170061979442835,2.0389740308746696,computed,169,True
water__lake_constance__r2c0,water,lake_constance,Lake Constance,47.6,9.4,47.63616370073636,9.347026610709834,45-60,32632,-4000.0,4000.0,12.5,0.001,14,20,cuda:0,0.0022830506579705,psf_aware_minus50,6.25,0.0025892779148056,-0.1341307323891072,169196,169196,9.0,65536.0,169196.0,589824.0,5.319274687344855e-05,0.1761784148402512,0.0208940142765641,1.637359785847366,0.1970724291168153,1.8344322149641807,computed,169,True
water__lake_constance__r2c0,water,lake_constance,Lake Constance,47.6,9.4,47.63616370073636,9.347026610709834,45-60,32632,-4000.0,4000.0,12.5,0.001,14,20,cuda:0,0.0022830506579705,nearest,,0.0026881156301882,-0.1774226825863236,168741,169712,,,,,,0.0,0.1187867238186299,0.0,0.1187867238186299,0.1187867238186299,computed,169,True
water__lake_constance__r2c0,water,lake_constance,Lake Constance,47.6,9.4,47.63616370073636,9.347026610709834,45-60,32632,-4000.0,4000.0,12.5,0.001,14,20,cuda:0,0.0022830506579705,bilinear,,0.0027800772979565,-0.2177028522125681,168741,169712,,,,,,0.0,0.1057485397905111,0.0,0.1057485397905111,0.1057485397905111,computed,169,True
water__lake_constance__r2c0,water,lake_constance,Lake Constance,47.6,9.4,47.63616370073636,9.347026610709834,45-60,32632,-4000.0,4000.0,12.5,0.001,14,20,cuda:0,0.0022830506579705,bicubic,,0.002569487787887,-0.1254624503913075,168741,169712,,,,,,0.0,0.7540488210506737,0.0,0.7540488210506737,0.7540488210506737,computed,169,True
water__lake_constance__r2c1,water,lake_constance,Lake Constance,47.6,9.4,47.63599027712578,9.40027459605598,45-60,32632,0.0,4000.0,12.5,0.001,14,20,cuda:0,0.0023792729400368,blurred_observation,12.5,0.0023792729400368,0.0,169749,169749,,,,,,0.0,0.0,0.0,0.0,0.0,computed,170,True
water__lake_constance__r2c1,water,lake_constance,Lake Constance,47.6,9.4,47.63599027712578,9.40027459605598,45-60,32632,0.0,4000.0,12.5,0.001,14,20,cuda:0,0.0023792729400368,psf_aware_matched,12.5,0.0021292680547396,0.1050761688960604,169749,171060,22.0,65536.0,171060.0,1441792.0,0.000128609844499,0.2661968506872654,0.0403541419655084,1.4886251711286604,0.3065509926527738,1.7951761637814343,computed,170,True
water__lake_constance__r2c1,water,lake_constance,Lake Constance,47.6,9.4,47.63599027712578,9.40027459605598,45-60,32632,0.0,4000.0,12.5,0.001,14,20,cuda:0,0.0023792729400368,psf_aware_plus50,18.75,0.0034676325691399,-0.4574337020309691,169749,173031,48.0,65536.0,173031.0,3145728.0,0.000277406938641,0.6679791337810457,0.0797969768755137,1.5037215440534055,0.7477761106565595,2.251497654709965,computed,170,True
water__lake_constance__r2c1,water,lake_constance,Lake Constance,47.6,9.4,47.63599027712578,9.40027459605598,45-60,32632,0.0,4000.0,12.5,0.001,14,20,cuda:0,0.0023792729400368,psf_aware_minus50,6.25,0.0027552661633576,-0.1580286216826192,169168,169168,9.0,65536.0,169168.0,589824.0,5.3201551120779344e-05,0.1685089180245995,0.0212578019127249,1.4612970012240112,0.1897667199373245,1.6510637211613357,computed,170,True
water__lake_constance__r2c1,water,lake_constance,Lake Constance,47.6,9.4,47.63599027712578,9.40027459605598,45-60,32632,0.0,4000.0,12.5,0.001,14,20,cuda:0,0.0023792729400368,nearest,,0.0028373177249139,-0.1925146027466913,168739,169749,,,,,,0.0,0.1185493837110698,0.0,0.1185493837110698,0.1185493837110698,computed,170,True
water__lake_constance__r2c1,water,lake_constance,Lake Constance,47.6,9.4,47.63599027712578,9.40027459605598,45-60,32632,0.0,4000.0,12.5,0.001,14,20,cuda:0,0.0023792729400368,bilinear,,0.0029036193405061,-0.2203809372375544,168739,169749,,,,,,0.0,0.1064395178109407,0.0,0.1064395178109407,0.1064395178109407,computed,170,True
water__lake_constance__r2c1,water,lake_constance,Lake Constance,47.6,9.4,47.63599027712578,9.40027459605598,45-60,32632,0.0,4000.0,12.5,0.001,14,20,cuda:0,0.0023792729400368,bicubic,,0.00267611187525,-0.1247603543999384,168739,169749,,,,,,0.0,0.7556192260235548,0.0,0.7556192260235548,0.7556192260235548,computed,170,True
water__lake_constance__r2c2,water,lake_constance,Lake Constance,47.6,9.4,47.63579214049363,9.453522046462153,45-60,32632,4000.0,4000.0,12.5,0.001,14,20,cuda:0,0.0046904682034446,blurred_observation,12.5,0.0046904682034446,0.0,169728,169728,,,,,,0.0,0.0,0.0,0.0,0.0,computed,171,True
water__lake_constance__r2c2,water,lake_constance,Lake Constance,47.6,9.4,47.63579214049363,9.453522046462153,45-60,32632,4000.0,4000.0,12.5,0.001,14,20,cuda:0,0.0046904682034446,psf_aware_matched,12.5,0.004141051976174,0.1171346235472106,169728,171056,22.0,65536.0,171056.0,1441792.0,0.0001286128519315,0.2687460598535836,0.0404367079026997,1.4868172872811556,0.3091827677562833,1.7960000550374389,computed,171,True
water__lake_constance__r2c2,water,lake_constance,Lake Constance,47.6,9.4,47.63579214049363,9.453522046462153,45-60,32632,4000.0,4000.0,12.5,0.001,14,20,cuda:0,0.0046904682034446,psf_aware_plus50,18.75,0.0069852491028281,-0.4892434613879777,169728,173016,48.0,65536.0,173016.0,3145728.0,0.0002774309890414,0.4294966938905418,0.0810130797326564,1.5927879866212606,0.5105097736231983,2.103297760244459,computed,171,True
water__lake_constance__r2c2,water,lake_constance,Lake Constance,47.6,9.4,47.63579214049363,9.453522046462153,45-60,32632,4000.0,4000.0,12.5,0.001,14,20,cuda:0,0.0046904682034446,psf_aware_minus50,6.25,0.005106267425222,-0.0886477007715338,169175,169175,9.0,65536.0,169175.0,589824.0,5.319934978572484e-05,0.4183182818815112,0.0209636753425002,1.5486860983073711,0.4392819572240114,1.9879680555313823,computed,171,True
water__lake_constance__r2c2,water,lake_constance,Lake Constance,47.6,9.4,47.63579214049363,9.453522046462153,45-60,32632,4000.0,4000.0,12.5,0.001,14,20,cuda:0,0.0046904682034446,nearest,,0.0052855717925914,-0.1268750929192394,168738,169728,,,,,,0.0,0.1192170190624892,0.0,0.1192170190624892,0.1192170190624892,computed,171,True
water__lake_constance__r2c2,water,lake_constance,Lake Constance,47.6,9.4,47.63579214049363,9.453522046462153,45-60,32632,4000.0,4000.0,12.5,0.001,14,20,cuda:0,0.0046904682034446,bilinear,,0.0054920698112949,-0.1709001261881666,168738,169728,,,,,,0.0,0.1062083509750664,0.0,0.1062083509750664,0.1062083509750664,computed,171,True
water__lake_constance__r2c2,water,lake_constance,Lake Constance,47.6,9.4,47.63579214049363,9.453522046462153,45-60,32632,4000.0,4000.0,12.5,0.001,14,20,cuda:0,0.0046904682034446,bicubic,,0.0051758341528041,-0.1034792110951741,168738,169728,,,,,,0.0,0.7535802242346108,0.0,0.7535802242346108,0.7535802242346108,computed,171,True
water__lake_baikal__r0c0,water,lake_baikal,Lake Baikal,53.5,108.0,53.46256867747913,107.94236810894073,45-60,32649,-4000.0,-4000.0,12.5,0.001,14,20,cuda:0,0.0002427738730846,blurred_observation,12.5,0.0002427738730846,0.0,169335,169335,,,,,,0.0,0.0,0.0,0.0,0.0,computed,172,True
water__lake_baikal__r0c0,water,lake_baikal,Lake Baikal,53.5,108.0,53.46256867747913,107.94236810894073,45-60,32649,-4000.0,-4000.0,12.5,0.001,14,20,cuda:0,0.0002427738730846,psf_aware_matched,12.5,0.0001919154869467,0.20948871265149,169335,170652,22.0,65536.0,170652.0,1441792.0,0.0001289173288329,0.2790249367244541,0.0404184628278017,1.5179377403110266,0.3194433995522558,1.8373811398632824,computed,172,True
water__lake_baikal__r0c0,water,lake_baikal,Lake Baikal,53.5,108.0,53.46256867747913,107.94236810894073,45-60,32649,-4000.0,-4000.0,12.5,0.001,14,20,cuda:0,0.0002427738730846,psf_aware_plus50,18.75,0.0003888923175207,-0.6018705496579211,169335,172630,48.0,65536.0,172630.0,3145728.0,0.0002780513236401,0.4315202659927308,0.0807595998048782,1.5418220260180533,0.5122798657976091,2.0541018918156624,computed,172,True
water__lake_baikal__r0c0,water,lake_baikal,Lake Baikal,53.5,108.0,53.46256867747913,107.94236810894073,45-60,32649,-4000.0,-4000.0,12.5,0.001,14,20,cuda:0,0.0002427738730846,psf_aware_minus50,6.25,0.0002909063279887,-0.1982604400237861,168802,168802,9.0,65536.0,168802.0,589824.0,5.331690382815369e-05,0.1709183920174837,0.0209987321868538,1.4987516007386148,0.1919171242043376,1.6906687249429524,computed,172,True
water__lake_baikal__r0c0,water,lake_baikal,Lake Baikal,53.5,108.0,53.46256867747913,107.94236810894073,45-60,32649,-4000.0,-4000.0,12.5,0.001,14,20,cuda:0,0.0002427738730846,nearest,,0.0003046670718368,-0.2549417610957101,168354,169335,,,,,,0.0,0.1206480697728693,0.0,0.1206480697728693,0.1206480697728693,computed,172,True
water__lake_baikal__r0c0,water,lake_baikal,Lake Baikal,53.5,108.0,53.46256867747913,107.94236810894073,45-60,32649,-4000.0,-4000.0,12.5,0.001,14,20,cuda:0,0.0002427738730846,bilinear,,0.0003159895437294,-0.3015796951892433,168354,169335,,,,,,0.0,0.1071958011016249,0.0,0.1071958011016249,0.1071958011016249,computed,172,True
water__lake_baikal__r0c0,water,lake_baikal,Lake Baikal,53.5,108.0,53.46256867747913,107.94236810894073,45-60,32649,-4000.0,-4000.0,12.5,0.001,14,20,cuda:0,0.0002427738730846,bicubic,,0.0002807158006997,-0.1562850529713373,168354,169335,,,,,,0.0,0.7582826600410044,0.0,0.7582826600410044,0.7582826600410044,computed,172,True
water__lake_baikal__r0c1,water,lake_baikal,Lake Baikal,53.5,108.0,53.4640944791155,108.00253422709692,45-60,32649,0.0,-4000.0,12.5,0.001,14,20,cuda:0,0.000232269298482,blurred_observation,12.5,0.000232269298482,0.0,169343,169343,,,,,,0.0,0.0,0.0,0.0,0.0,computed,173,True
water__lake_baikal__r0c1,water,lake_baikal,Lake Baikal,53.5,108.0,53.4640944791155,108.00253422709692,45-60,32649,0.0,-4000.0,12.5,0.001,14,20,cuda:0,0.000232269298482,psf_aware_matched,12.5,0.0001884953685315,0.1884619716709463,169343,170661,22.0,65536.0,170661.0,1441792.0,0.0001289105302324,0.2695361962541938,0.040335867088288,1.4982152851298451,0.3098720633424818,1.808087348472327,computed,173,True
water__lake_baikal__r0c1,water,lake_baikal,Lake Baikal,53.5,108.0,53.4640944791155,108.00253422709692,45-60,32649,0.0,-4000.0,12.5,0.001,14,20,cuda:0,0.000232269298482,psf_aware_plus50,18.75,0.0003727687575905,-0.6048989686827533,169343,172639,48.0,65536.0,172639.0,3145728.0,0.0002780368282948,0.4288427447900176,0.0810529659502208,1.5321281258948147,0.5098957107402384,2.042023836635053,computed,173,True
water__lake_baikal__r0c1,water,lake_baikal,Lake Baikal,53.5,108.0,53.4640944791155,108.00253422709692,45-60,32649,0.0,-4000.0,12.5,0.001,14,20,cuda:0,0.000232269298482,psf_aware_minus50,6.25,0.000279800687785,-0.2046391391958346,168803,168803,9.0,65536.0,168803.0,589824.0,5.331658797533219e-05,0.186585365794599,0.0211471230722963,1.484341606963426,0.2077324888668954,1.692074095830321,computed,173,True
water__lake_baikal__r0c1,water,lake_baikal,Lake Baikal,53.5,108.0,53.4640944791155,108.00253422709692,45-60,32649,0.0,-4000.0,12.5,0.001,14,20,cuda:0,0.000232269298482,nearest,,0.000292062260013,-0.2574294662348393,168363,169343,,,,,,0.0,0.119995703920722,0.0,0.119995703920722,0.119995703920722,computed,173,True
water__lake_baikal__r0c1,water,lake_baikal,Lake Baikal,53.5,108.0,53.4640944791155,108.00253422709692,45-60,32649,0.0,-4000.0,12.5,0.001,14,20,cuda:0,0.000232269298482,bilinear,,0.0003016945437807,-0.2988997932673511,168363,169343,,,,,,0.0,0.1068022353574633,0.0,0.1068022353574633,0.1068022353574633,computed,173,True
water__lake_baikal__r0c1,water,lake_baikal,Lake Baikal,53.5,108.0,53.4640944791155,108.00253422709692,45-60,32649,0.0,-4000.0,12.5,0.001,14,20,cuda:0,0.000232269298482,bicubic,,0.0002692309921236,-0.1591329283858389,168363,169343,,,,,,0.0,0.7489507463760674,0.0,0.7489507463760674,0.7489507463760674,computed,173,True
water__lake_baikal__r0c2,water,lake_baikal,Lake Baikal,53.5,108.0,53.46559001346179,108.06270579270809,45-60,32649,4000.0,-4000.0,12.5,0.001,14,20,cuda:0,0.0002696861188579,blurred_observation,12.5,0.0002696861188579,0.0,169351,169351,,,,,,0.0,0.0,0.0,0.0,0.0,computed,174,True
water__lake_baikal__r0c2,water,lake_baikal,Lake Baikal,53.5,108.0,53.46559001346179,108.06270579270809,45-60,32649,4000.0,-4000.0,12.5,0.001,14,20,cuda:0,0.0002696861188579,psf_aware_matched,12.5,0.000211310112048,0.2164590712235289,169351,170670,22.0,65536.0,170670.0,1441792.0,0.0001289037323489,0.2773005319759249,0.0403357967734336,1.4977173521183431,0.3176363287493586,1.8153536808677015,computed,174,True
water__lake_baikal__r0c2,water,lake_baikal,Lake Baikal,53.5,108.0,53.46559001346179,108.06270579270809,45-60,32649,4000.0,-4000.0,12.5,0.001,14,20,cuda:0,0.0002696861188579,psf_aware_plus50,18.75,0.0004373542887838,-0.6217159809187518,169351,172642,48.0,65536.0,172642.0,3145728.0,0.0002780319968489,0.4249647199176252,0.0798852141015231,1.5183792649768293,0.5048499340191483,2.0232291989959776,computed,174,True
water__lake_baikal__r0c2,water,lake_baikal,Lake Baikal,53.5,108.0,53.46559001346179,108.06270579270809,45-60,32649,4000.0,-4000.0,12.5,0.001,14,20,cuda:0,0.0002696861188579,psf_aware_minus50,6.25,0.000327608840306,-0.2147782825954001,168810,168810,9.0,65536.0,168810.0,589824.0,5.331437711036076e-05,0.1886891298927366,0.0210461723618209,1.48674825578928,0.2097353022545576,1.6964835580438375,computed,174,True
water__lake_baikal__r0c2,water,lake_baikal,Lake Baikal,53.5,108.0,53.46559001346179,108.06270579270809,45-60,32649,4000.0,-4000.0,12.5,0.001,14,20,cuda:0,0.0002696861188579,nearest,,0.0003417525664759,-0.2672234222629077,168371,169351,,,,,,0.0,0.1202693521045148,0.0,0.1202693521045148,0.1202693521045148,computed,174,True
water__lake_baikal__r0c2,water,lake_baikal,Lake Baikal,53.5,108.0,53.46559001346179,108.06270579270809,45-60,32649,4000.0,-4000.0,12.5,0.001,14,20,cuda:0,0.0002696861188579,bilinear,,0.0003540311410507,-0.3127525530421924,168371,169351,,,,,,0.0,0.1067718677222728,0.0,0.1067718677222728,0.1067718677222728,computed,174,True
water__lake_baikal__r0c2,water,lake_baikal,Lake Baikal,53.5,108.0,53.46559001346179,108.06270579270809,45-60,32649,4000.0,-4000.0,12.5,0.001,14,20,cuda:0,0.0002696861188579,bicubic,,0.0003129762132791,-0.1605202915320884,168371,169351,,,,,,0.0,0.7464861576445401,0.0,0.7464861576445401,0.7464861576445401,computed,174,True
water__lake_baikal__r1c0,water,lake_baikal,Lake Baikal,53.5,108.0,53.49847221009595,107.93978320563744,45-60,32649,-4000.0,0.0,12.5,0.001,14,20,cuda:0,0.000243295893285,blurred_observation,12.5,0.000243295893285,0.0,169334,169334,,,,,,0.0,0.0,0.0,0.0,0.0,computed,175,True
water__lake_baikal__r1c0,water,lake_baikal,Lake Baikal,53.5,108.0,53.49847221009595,107.93978320563744,45-60,32649,-4000.0,0.0,12.5,0.001,14,20,cuda:0,0.000243295893285,psf_aware_matched,12.5,0.0001918268802107,0.2115490417013522,169334,170658,22.0,65536.0,170658.0,1441792.0,0.0001289127963529,0.2779418369755149,0.0403824257664382,1.627536972053349,0.3183242627419531,1.9458612347953024,computed,175,True
water__lake_baikal__r1c0,water,lake_baikal,Lake Baikal,53.5,108.0,53.49847221009595,107.93978320563744,45-60,32649,-4000.0,0.0,12.5,0.001,14,20,cuda:0,0.000243295893285,psf_aware_plus50,18.75,0.0003907200089601,-0.6059457629332254,169334,172628,48.0,65536.0,172628.0,3145728.0,0.0002780545450332,0.4243655861355364,0.079880204051733,1.624639824964106,0.5042457901872694,2.1288856151513755,computed,175,True
water__lake_baikal__r1c0,water,lake_baikal,Lake Baikal,53.5,108.0,53.49847221009595,107.93978320563744,45-60,32649,-4000.0,0.0,12.5,0.001,14,20,cuda:0,0.000243295893285,psf_aware_minus50,6.25,0.0002943471107323,-0.2098318091520679,168798,168798,9.0,65536.0,168798.0,589824.0,5.331816727686347e-05,0.1962046753615141,0.0211055036634206,1.5788706680759788,0.2173101790249347,1.7961808471009135,computed,175,True
water__lake_baikal__r1c0,water,lake_baikal,Lake Baikal,53.5,108.0,53.49847221009595,107.93978320563744,45-60,32649,-4000.0,0.0,12.5,0.001,14,20,cuda:0,0.000243295893285,nearest,,0.0003068514602326,-0.2612274547238471,168354,169334,,,,,,0.0,0.1201075850985944,0.0,0.1201075850985944,0.1201075850985944,computed,175,True
water__lake_baikal__r1c0,water,lake_baikal,Lake Baikal,53.5,108.0,53.49847221009595,107.93978320563744,45-60,32649,-4000.0,0.0,12.5,0.001,14,20,cuda:0,0.000243295893285,bilinear,,0.0003175012391581,-0.3050004045326784,168354,169334,,,,,,0.0,0.1075843060389161,0.0,0.1075843060389161,0.1075843060389161,computed,175,True
water__lake_baikal__r1c0,water,lake_baikal,Lake Baikal,53.5,108.0,53.49847221009595,107.93978320563744,45-60,32649,-4000.0,0.0,12.5,0.001,14,20,cuda:0,0.000243295893285,bicubic,,0.0002813631237271,-0.1564647472184699,168354,169334,,,,,,0.0,0.7508339821361005,0.0,0.7508339821361005,0.7508339821361005,computed,175,True
water__lake_baikal__r1c1,water,lake_baikal,Lake Baikal,53.5,108.0,53.49999999999999,108.0,45-60,32649,0.0,0.0,12.5,0.001,14,20,cuda:0,0.0002550655236426,blurred_observation,12.5,0.0002550655236426,0.0,169342,169342,,,,,,0.0,0.0,0.0,0.0,0.0,computed,176,True
water__lake_baikal__r1c1,water,lake_baikal,Lake Baikal,53.5,108.0,53.49999999999999,108.0,45-60,32649,0.0,0.0,12.5,0.001,14,20,cuda:0,0.0002550655236426,psf_aware_matched,12.5,0.0002035093393661,0.2021291766140195,169342,170660,22.0,65536.0,170660.0,1441792.0,0.000128911285597,0.2715791347436607,0.0404112599790096,1.513845669105649,0.3119903947226703,1.8258360638283195,computed,176,True
water__lake_baikal__r1c1,water,lake_baikal,Lake Baikal,53.5,108.0,53.49999999999999,108.0,45-60,32649,0.0,0.0,12.5,0.001,14,20,cuda:0,0.0002550655236426,psf_aware_plus50,18.75,0.0004082873351652,-0.6007154919816982,169342,172636,48.0,65536.0,172636.0,3145728.0,0.0002780416599087,0.427531402092427,0.0797895020805299,1.5628923643380404,0.5073209041729569,2.0702132685109973,computed,176,True
water__lake_baikal__r1c1,water,lake_baikal,Lake Baikal,53.5,108.0,53.49999999999999,108.0,45-60,32649,0.0,0.0,12.5,0.001,14,20,cuda:0,0.0002550655236426,psf_aware_minus50,6.25,0.0003087224042047,-0.2103650850018461,168802,168802,9.0,65536.0,168802.0,589824.0,5.331690382815369e-05,0.1685892809182405,0.0213217339478433,1.5768834939226508,0.1899110148660838,1.766794508788735,computed,176,True
water__lake_baikal__r1c1,water,lake_baikal,Lake Baikal,53.5,108.0,53.49999999999999,108.0,45-60,32649,0.0,0.0,12.5,0.001,14,20,cuda:0,0.0002550655236426,nearest,,0.0003209969314037,-0.2584881203053852,168365,169342,,,,,,0.0,0.1205669352784752,0.0,0.1205669352784752,0.1205669352784752,computed,176,True
water__lake_baikal__r1c1,water,lake_baikal,Lake Baikal,53.5,108.0,53.49999999999999,108.0,45-60,32649,0.0,0.0,12.5,0.001,14,20,cuda:0,0.0002550655236426,bilinear,,0.0003315673471513,-0.299930082341945,168365,169342,,,,,,0.0,0.1072820839472115,0.0,0.1072820839472115,0.1072820839472115,computed,176,True
water__lake_baikal__r1c1,water,lake_baikal,Lake Baikal,53.5,108.0,53.49999999999999,108.0,45-60,32649,0.0,0.0,12.5,0.001,14,20,cuda:0,0.0002550655236426,bicubic,,0.0002947648025871,-0.1556434534056978,168365,169342,,,,,,0.0,0.7459131218492985,0.0,0.7459131218492985,0.7459131218492985,computed,176,True
water__lake_baikal__r1c2,water,lake_baikal,Lake Baikal,53.5,108.0,53.50149748331145,108.0602222575994,45-60,32649,4000.0,0.0,12.5,0.001,14,20,cuda:0,0.0002911889301205,blurred_observation,12.5,0.0002911889301205,0.0,169350,169350,,,,,,0.0,0.0,0.0,0.0,0.0,computed,177,True
water__lake_baikal__r1c2,water,lake_baikal,Lake Baikal,53.5,108.0,53.50149748331145,108.0602222575994,45-60,32649,4000.0,0.0,12.5,0.001,14,20,cuda:0,0.0002911889301205,psf_aware_matched,12.5,0.0002326228238061,0.2011275163867163,169350,170674,22.0,65536.0,170674.0,1441792.0,0.0001289007112975,0.2840703739784658,0.040327311027795,1.5272912248037755,0.3243976850062608,1.8516889098100364,computed,177,True
water__lake_baikal__r1c2,water,lake_baikal,Lake Baikal,53.5,108.0,53.50149748331145,108.0602222575994,45-60,32649,4000.0,0.0,12.5,0.001,14,20,cuda:0,0.0002911889301205,psf_aware_plus50,18.75,0.0004630884966681,-0.5903368870391339,169350,172638,48.0,65536.0,172638.0,3145728.0,0.0002780384388141,0.7109777736477554,0.0798753257840871,1.5268053049221637,0.7908530994318426,2.317658404354006,computed,177,True
water__lake_baikal__r1c2,water,lake_baikal,Lake Baikal,53.5,108.0,53.50149748331145,108.0602222575994,45-60,32649,4000.0,0.0,12.5,0.001,14,20,cuda:0,0.0002911889301205,psf_aware_minus50,6.25,0.0003502975009094,-0.2029904459775382,168807,168807,9.0,65536.0,168807.0,589824.0,5.331532460146795e-05,0.1696375566534698,0.0210291487164795,1.4942045980133116,0.1906667053699493,1.684871303383261,computed,177,True
water__lake_baikal__r1c2,water,lake_baikal,Lake Baikal,53.5,108.0,53.50149748331145,108.0602222575994,45-60,32649,4000.0,0.0,12.5,0.001,14,20,cuda:0,0.0002911889301205,nearest,,0.0003660879869635,-0.2572180776653472,168366,169350,,,,,,0.0,0.1198829398490488,0.0,0.1198829398490488,0.1198829398490488,computed,177,True
water__lake_baikal__r1c2,water,lake_baikal,Lake Baikal,53.5,108.0,53.50149748331145,108.0602222575994,45-60,32649,4000.0,0.0,12.5,0.001,14,20,cuda:0,0.0002911889301205,bilinear,,0.0003782948548867,-0.2991388605678404,168366,169350,,,,,,0.0,0.107450442854315,0.0,0.107450442854315,0.107450442854315,computed,177,True
water__lake_baikal__r1c2,water,lake_baikal,Lake Baikal,53.5,108.0,53.50149748331145,108.0602222575994,45-60,32649,4000.0,0.0,12.5,0.001,14,20,cuda:0,0.0002911889301205,bicubic,,0.0003365903001388,-0.1559172252855483,168366,169350,,,,,,0.0,0.7488806718029082,0.0,0.7488806718029082,0.7488806718029082,computed,177,True
water__lake_baikal__r2c0,water,lake_baikal,Lake Baikal,53.5,108.0,53.5343754391084,107.93719273032696,45-60,32649,-4000.0,4000.0,12.5,0.001,14,20,cuda:0,0.0002549944371771,blurred_observation,12.5,0.0002549944371771,0.0,169336,169336,,,,,,0.0,0.0,0.0,0.0,0.0,computed,178,True
water__lake_baikal__r2c0,water,lake_baikal,Lake Baikal,53.5,108.0,53.5343754391084,107.93719273032696,45-60,32649,-4000.0,4000.0,12.5,0.001,14,20,cuda:0,0.0002549944371771,psf_aware_matched,12.5,0.0002058463803312,0.1927416824853381,169336,170655,22.0,65536.0,170655.0,1441792.0,0.0001289150625531,0.2803040398284793,0.0404245937243104,1.548871718812734,0.3207286335527897,1.869600352365524,computed,178,True
water__lake_baikal__r2c0,water,lake_baikal,Lake Baikal,53.5,108.0,53.5343754391084,107.93719273032696,45-60,32649,-4000.0,4000.0,12.5,0.001,14,20,cuda:0,0.0002549944371771,psf_aware_plus50,18.75,0.0004077781011159,-0.5991646940618409,169336,172630,48.0,65536.0,172630.0,3145728.0,0.0002780513236401,0.4352749581448734,0.0796944419853389,1.5244094370864332,0.5149694001302123,2.039378837216645,computed,178,True
water__lake_baikal__r2c0,water,lake_baikal,Lake Baikal,53.5,108.0,53.5343754391084,107.93719273032696,45-60,32649,-4000.0,4000.0,12.5,0.001,14,20,cuda:0,0.0002549944371771,psf_aware_minus50,6.25,0.0003068422325181,-0.2033291232348664,168795,168795,9.0,65536.0,168795.0,589824.0,5.3319114902692615e-05,0.3579665450379252,0.021027386188507,1.4909324813634155,0.3789939312264323,1.869926412589848,computed,178,True
water__lake_baikal__r2c0,water,lake_baikal,Lake Baikal,53.5,108.0,53.5343754391084,107.93719273032696,45-60,32649,-4000.0,4000.0,12.5,0.001,14,20,cuda:0,0.0002549944371771,nearest,,0.000319280473214,-0.2521076018303543,168354,169336,,,,,,0.0,0.1194856879301369,0.0,0.1194856879301369,0.1194856879301369,computed,178,True
water__lake_baikal__r2c0,water,lake_baikal,Lake Baikal,53.5,108.0,53.5343754391084,107.93719273032696,45-60,32649,-4000.0,4000.0,12.5,0.001,14,20,cuda:0,0.0002549944371771,bilinear,,0.000329958421768,-0.2939828233931987,168354,169336,,,,,,0.0,0.108050029259175,0.0,0.108050029259175,0.108050029259175,computed,178,True
water__lake_baikal__r2c0,water,lake_baikal,Lake Baikal,53.5,108.0,53.5343754391084,107.93719273032696,45-60,32649,-4000.0,4000.0,12.5,0.001,14,20,cuda:0,0.0002549944371771,bicubic,,0.0002945936918727,-0.1552945826344833,168354,169336,,,,,,0.0,0.7525726347230375,0.0,0.7525726347230375,0.7525726347230375,computed,178,True
water__lake_baikal__r2c1,water,lake_baikal,Lake Baikal,53.5,108.0,53.535905220627086,107.99746030965586,45-60,32649,0.0,4000.0,12.5,0.001,14,20,cuda:0,0.0002818251070279,blurred_observation,12.5,0.0002818251070279,0.0,169341,169341,,,,,,0.0,0.0,0.0,0.0,0.0,computed,179,True
water__lake_baikal__r2c1,water,lake_baikal,Lake Baikal,53.5,108.0,53.535905220627086,107.99746030965586,45-60,32649,0.0,4000.0,12.5,0.001,14,20,cuda:0,0.0002818251070279,psf_aware_matched,12.5,0.0002175167588284,0.2281853056942065,169341,170664,22.0,65536.0,170664.0,1441792.0,0.0001289082641916,0.2753399782814085,0.0403619962744414,1.563543736934662,0.31570197455585,1.879245711490512,computed,179,True
water__lake_baikal__r2c1,water,lake_baikal,Lake Baikal,53.5,108.0,53.535905220627086,107.99746030965586,45-60,32649,0.0,4000.0,12.5,0.001,14,20,cuda:0,0.0002818251070279,psf_aware_plus50,18.75,0.00045444408611,-0.6125039067756666,169341,172631,48.0,65536.0,172631.0,3145728.0,0.0002780497129715,0.4825576618313789,0.0797006851062178,1.5541454181075096,0.5622583469375968,2.1164037650451064,computed,179,True
water__lake_baikal__r2c1,water,lake_baikal,Lake Baikal,53.5,108.0,53.535905220627086,107.99746030965586,45-60,32649,0.0,4000.0,12.5,0.001,14,20,cuda:0,0.0002818251070279,psf_aware_minus50,6.25,0.0003408461219482,-0.2094242615312329,168809,168809,9.0,65536.0,168809.0,589824.0,5.331469293698796e-05,0.1683096406050026,0.0210473439656198,1.5846813432872295,0.1893569845706224,1.774038327857852,computed,179,True
water__lake_baikal__r2c1,water,lake_baikal,Lake Baikal,53.5,108.0,53.535905220627086,107.99746030965586,45-60,32649,0.0,4000.0,12.5,0.001,14,20,cuda:0,0.0002818251070279,nearest,,0.0003558204957518,-0.2625578306496103,168360,169341,,,,,,0.0,0.1206499529071152,0.0,0.1206499529071152,0.1206499529071152,computed,179,True
water__lake_baikal__r2c1,water,lake_baikal,Lake Baikal,53.5,108.0,53.535905220627086,107.99746030965586,45-60,32649,0.0,4000.0,12.5,0.001,14,20,cuda:0,0.0002818251070279,bilinear,,0.0003686468177264,-0.3080694676712781,168360,169341,,,,,,0.0,0.1070103803649544,0.0,0.1070103803649544,0.1070103803649544,computed,179,True
water__lake_baikal__r2c1,water,lake_baikal,Lake Baikal,53.5,108.0,53.535905220627086,107.99746030965586,45-60,32649,0.0,4000.0,12.5,0.001,14,20,cuda:0,0.0002818251070279,bicubic,,0.0003257976903673,-0.1560279132087585,168360,169341,,,,,,0.0,0.7872090879827738,0.0,0.7872090879827738,0.7872090879827738,computed,179,True
water__lake_baikal__r2c2,water,lake_baikal,Lake Baikal,53.5,108.0,53.53740465618505,108.05773336806578,45-60,32649,4000.0,4000.0,12.5,0.001,14,20,cuda:0,0.0002688151776174,blurred_observation,12.5,0.0002688151776174,0.0,169344,169344,,,,,,0.0,0.0,0.0,0.0,0.0,computed,180,True
water__lake_baikal__r2c2,water,lake_baikal,Lake Baikal,53.5,108.0,53.53740465618505,108.05773336806578,45-60,32649,4000.0,4000.0,12.5,0.001,14,20,cuda:0,0.0002688151776174,psf_aware_matched,12.5,0.0002137410758065,0.2048772033595719,169344,170670,22.0,65536.0,170670.0,1441792.0,0.0001289037323489,0.2720165029168129,0.0404639900662004,1.525178954936564,0.3124804929830134,1.8376594479195771,computed,180,True
water__lake_baikal__r2c2,water,lake_baikal,Lake Baikal,53.5,108.0,53.53740465618505,108.05773336806578,45-60,32649,4000.0,4000.0,12.5,0.001,14,20,cuda:0,0.0002688151776174,psf_aware_plus50,18.75,0.0004334190801318,-0.6123311338790589,169344,172634,48.0,65536.0,172634.0,3145728.0,0.0002780448810778,0.4285924006253481,0.0797944818623364,1.637406264897436,0.5083868824876845,2.1457931473851204,computed,180,True
water__lake_baikal__r2c2,water,lake_baikal,Lake Baikal,53.5,108.0,53.53740465618505,108.05773336806578,45-60,32649,4000.0,4000.0,12.5,0.001,14,20,cuda:0,0.0002688151776174,psf_aware_minus50,6.25,0.0003228420506501,-0.2009814829337721,168814,168814,9.0,65536.0,168814.0,589824.0,5.331311384126909e-05,0.3950771130621433,0.0217861030250787,1.5761103387922049,0.4168632160872221,1.992973554879427,computed,180,True
water__lake_baikal__r2c2,water,lake_baikal,Lake Baikal,53.5,108.0,53.53740465618505,108.05773336806578,45-60,32649,4000.0,4000.0,12.5,0.001,14,20,cuda:0,0.0002688151776174,nearest,,0.0003371725216089,-0.2542912368168366,168365,169344,,,,,,0.0,0.1212010667659342,0.0,0.1212010667659342,0.1212010667659342,computed,180,True
water__lake_baikal__r2c2,water,lake_baikal,Lake Baikal,53.5,108.0,53.53740465618505,108.05773336806578,45-60,32649,4000.0,4000.0,12.5,0.001,14,20,cuda:0,0.0002688151776174,bilinear,,0.0003494718654681,-0.3000451409237588,168365,169344,,,,,,0.0,0.1093604802154004,0.0,0.1093604802154004,0.1093604802154004,computed,180,True
water__lake_baikal__r2c2,water,lake_baikal,Lake Baikal,53.5,108.0,53.53740465618505,108.05773336806578,45-60,32649,4000.0,4000.0,12.5,0.001,14,20,cuda:0,0.0002688151776174,bicubic,,0.0003107350848857,-0.1559432307351922,168365,169344,,,,,,0.0,0.7784624309279025,0.0,0.7784624309279025,0.7784624309279025,computed,180,True
forest__amazon__r0c0,forest,amazon,"Amazon, Brazil",-3.0,-60.0,-3.0360374009743705,-60.03604610728331,00-15,32721,-4000.0,-4000.0,12.5,0.001,14,20,cuda:0,0.0369657128589742,blurred_observation,12.5,0.0369657128589742,0.0,170470,170470,,,,,,0.0,0.0,0.0,0.0,0.0,computed,181,True
forest__amazon__r0c0,forest,amazon,"Amazon, Brazil",-3.0,-60.0,-3.0360374009743705,-60.03604610728331,00-15,32721,-4000.0,-4000.0,12.5,0.001,14,20,cuda:0,0.0369657128589742,psf_aware_matched,12.5,0.0301980643557255,0.1830790746297124,170470,171809,22.0,65536.0,171809.0,1441792.0,0.0001280491708816,0.2846486191265285,0.0420198058709502,2.8709254707209766,0.3266684249974787,3.1975938957184558,computed,181,True
forest__amazon__r0c0,forest,amazon,"Amazon, Brazil",-3.0,-60.0,-3.0360374009743705,-60.03604610728331,00-15,32721,-4000.0,-4000.0,12.5,0.001,14,20,cuda:0,0.0369657128589742,psf_aware_plus50,18.75,0.0569849300110519,-0.5415617772191195,170470,173808,48.0,65536.0,173808.0,3145728.0,0.00027616680475,0.4491688027046621,0.0799774779006838,3.007938244845718,0.529146280605346,3.537084525451064,computed,181,True
forest__amazon__r0c0,forest,amazon,"Amazon, Brazil",-3.0,-60.0,-3.0360374009743705,-60.03604610728331,00-15,32721,-4000.0,-4000.0,12.5,0.001,14,20,cuda:0,0.0369657128589742,psf_aware_minus50,6.25,0.0432575532884617,-0.1702074691076882,169954,169954,9.0,65536.0,169954.0,589824.0,5.295550560739965e-05,0.1682429453358054,0.0224960977211594,2.800760135985911,0.1907390430569648,2.991499179042876,computed,181,True
forest__amazon__r0c0,forest,amazon,"Amazon, Brazil",-3.0,-60.0,-3.0360374009743705,-60.03604610728331,00-15,32721,-4000.0,-4000.0,12.5,0.001,14,20,cuda:0,0.0369657128589742,nearest,,0.0450226145094388,-0.2179560740841668,169481,170470,,,,,,0.0,0.1211192919872701,0.0,0.1211192919872701,0.1211192919872701,computed,181,True
forest__amazon__r0c0,forest,amazon,"Amazon, Brazil",-3.0,-60.0,-3.0360374009743705,-60.03604610728331,00-15,32721,-4000.0,-4000.0,12.5,0.001,14,20,cuda:0,0.0369657128589742,bilinear,,0.0465711225978242,-0.2598464630046508,169481,170470,,,,,,0.0,0.1073777149431407,0.0,0.1073777149431407,0.1073777149431407,computed,181,True
forest__amazon__r0c0,forest,amazon,"Amazon, Brazil",-3.0,-60.0,-3.0360374009743705,-60.03604610728331,00-15,32721,-4000.0,-4000.0,12.5,0.001,14,20,cuda:0,0.0369657128589742,bicubic,,0.0422299338939227,-0.1424082109556981,169481,170470,,,,,,0.0,0.7644921909086406,0.0,0.7644921909086406,0.7644921909086406,computed,181,True
forest__amazon__r0c1,forest,amazon,"Amazon, Brazil",-3.0,-60.0,-3.036138318393608,-60.00009919239565,00-15,32721,0.0,-4000.0,12.5,0.001,14,20,cuda:0,0.0821938613338202,blurred_observation,12.5,0.0821938613338202,0.0,170480,170480,,,,,,0.0,0.0,0.0,0.0,0.0,computed,182,True
forest__amazon__r0c1,forest,amazon,"Amazon, Brazil",-3.0,-60.0,-3.036138318393608,-60.00009919239565,00-15,32721,0.0,-4000.0,12.5,0.001,14,20,cuda:0,0.0821938613338202,psf_aware_matched,12.5,0.0683740508254065,0.1681367718239476,170480,171836,22.0,65536.0,171836.0,1441792.0,0.0001280290509555,0.2740728389471769,0.0405783257447183,3.657708170358092,0.3146511646918952,3.972359335049987,computed,182,True
forest__amazon__r0c1,forest,amazon,"Amazon, Brazil",-3.0,-60.0,-3.036138318393608,-60.00009919239565,00-15,32721,0.0,-4000.0,12.5,0.001,14,20,cuda:0,0.0821938613338202,psf_aware_plus50,18.75,0.12719344969909,-0.5474811334451068,170480,173838,48.0,65536.0,173838.0,3145728.0,0.0002761191454112,0.4554661209695041,0.0803196770139038,3.08844135934487,0.535785797983408,3.624227157328278,computed,182,True
forest__amazon__r0c1,forest,amazon,"Amazon, Brazil",-3.0,-60.0,-3.036138318393608,-60.00009919239565,00-15,32721,0.0,-4000.0,12.5,0.001,14,20,cuda:0,0.0821938613338202,psf_aware_minus50,6.25,0.0939905354555585,-0.1435225688427952,169961,169961,9.0,65536.0,169961.0,589824.0,5.295332458622861e-05,0.172253631055355,0.0233407272025942,2.8390740733593702,0.1955943582579493,3.03466843161732,computed,182,True
forest__amazon__r0c1,forest,amazon,"Amazon, Brazil",-3.0,-60.0,-3.036138318393608,-60.00009919239565,00-15,32721,0.0,-4000.0,12.5,0.001,14,20,cuda:0,0.0821938613338202,nearest,,0.0980786129922909,-0.1932595865518083,169478,170480,,,,,,0.0,0.1220101388171315,0.0,0.1220101388171315,0.1220101388171315,computed,182,True
forest__amazon__r0c1,forest,amazon,"Amazon, Brazil",-3.0,-60.0,-3.036138318393608,-60.00009919239565,00-15,32721,0.0,-4000.0,12.5,0.001,14,20,cuda:0,0.0821938613338202,bilinear,,0.1017842622829267,-0.2383438450414503,169478,170480,,,,,,0.0,0.1089577679522335,0.0,0.1089577679522335,0.1089577679522335,computed,182,True
forest__amazon__r0c1,forest,amazon,"Amazon, Brazil",-3.0,-60.0,-3.036138318393608,-60.00009919239565,00-15,32721,0.0,-4000.0,12.5,0.001,14,20,cuda:0,0.0821938613338202,bicubic,,0.093542225118532,-0.1380682644732049,169478,170480,,,,,,0.0,0.7675577471964061,0.0,0.7675577471964061,0.7675577471964061,computed,182,True
forest__amazon__r0c2,forest,amazon,"Amazon, Brazil",-3.0,-60.0,-3.036238038172088,-59.9641510842274,00-15,32721,4000.0,-4000.0,12.5,0.001,14,20,cuda:0,0.0787458382982649,blurred_observation,12.5,0.0787458382982649,0.0,170507,170507,,,,,,0.0,0.0,0.0,0.0,0.0,computed,183,True
forest__amazon__r0c2,forest,amazon,"Amazon, Brazil",-3.0,-60.0,-3.036238038172088,-59.9641510842274,00-15,32721,4000.0,-4000.0,12.5,0.001,14,20,cuda:0,0.0787458382982649,psf_aware_matched,12.5,0.0635900774061444,0.1924642777274798,170507,171845,22.0,65536.0,171845.0,1441792.0,0.0001280223457185,0.2737232460640371,0.0405285819433629,2.991217465139925,0.3142518280074,3.305469293147325,computed,183,True
forest__amazon__r0c2,forest,amazon,"Amazon, Brazil",-3.0,-60.0,-3.036238038172088,-59.9641510842274,00-15,32721,4000.0,-4000.0,12.5,0.001,14,20,cuda:0,0.0787458382982649,psf_aware_plus50,18.75,0.122727767566722,-0.5585302057724884,170507,173812,48.0,65536.0,173812.0,3145728.0,0.0002761604492209,0.4482150468975305,0.0803228020668029,2.685567719861865,0.5285378489643335,3.2141055688261986,computed,183,True
forest__amazon__r0c2,forest,amazon,"Amazon, Brazil",-3.0,-60.0,-3.036238038172088,-59.9641510842274,00-15,32721,4000.0,-4000.0,12.5,0.001,14,20,cuda:0,0.0787458382982649,psf_aware_minus50,6.25,0.0900586805306104,-0.1436627316036169,169956,169956,9.0,65536.0,169956.0,589824.0,5.295488244016098e-05,0.168228096794337,0.0225887433625757,2.6134805656038225,0.1908168401569128,2.8042974057607357,computed,183,True
forest__amazon__r0c2,forest,amazon,"Amazon, Brazil",-3.0,-60.0,-3.036238038172088,-59.9641510842274,00-15,32721,4000.0,-4000.0,12.5,0.001,14,20,cuda:0,0.0787458382982649,nearest,,0.0942036034795075,-0.1962994555051058,169560,170507,,,,,,0.0,0.1210838751867413,0.0,0.1210838751867413,0.1210838751867413,computed,183,True
forest__amazon__r0c2,forest,amazon,"Amazon, Brazil",-3.0,-60.0,-3.036238038172088,-59.9641510842274,00-15,32721,4000.0,-4000.0,12.5,0.001,14,20,cuda:0,0.0787458382982649,bilinear,,0.0979025034586577,-0.2432720963339445,169560,170507,,,,,,0.0,0.1073111603036522,0.0,0.1073111603036522,0.1073111603036522,computed,183,True
forest__amazon__r0c2,forest,amazon,"Amazon, Brazil",-3.0,-60.0,-3.036238038172088,-59.9641510842274,00-15,32721,4000.0,-4000.0,12.5,0.001,14,20,cuda:0,0.0787458382982649,bicubic,,0.0895187250814024,-0.1368057921020928,169560,170507,,,,,,0.0,0.7615161640569568,0.0,0.7615161640569568,0.7615161640569568,computed,183,True
forest__amazon__r1c0,forest,amazon,"Amazon, Brazil",-3.0,-60.0,-2.999900285895845,-60.03594573079937,00-15,32721,-4000.0,0.0,12.5,0.001,14,20,cuda:0,0.0620975739001763,blurred_observation,12.5,0.0620975739001763,0.0,170488,170488,,,,,,0.0,0.0,0.0,0.0,0.0,computed,184,True
forest__amazon__r1c0,forest,amazon,"Amazon, Brazil",-3.0,-60.0,-2.999900285895845,-60.03594573079937,00-15,32721,-4000.0,0.0,12.5,0.001,14,20,cuda:0,0.0620975739001763,psf_aware_matched,12.5,0.0503446485762587,0.1892654508984634,170488,171799,22.0,65536.0,171799.0,1441792.0,0.0001280566243109,0.2712477780878544,0.0405692788772285,2.95270365010947,0.3118170569650829,3.2645207070745528,computed,184,True
forest__amazon__r1c0,forest,amazon,"Amazon, Brazil",-3.0,-60.0,-2.999900285895845,-60.03594573079937,00-15,32721,-4000.0,0.0,12.5,0.001,14,20,cuda:0,0.0620975739001763,psf_aware_plus50,18.75,0.0963184570009763,-0.5510824489828077,170488,173774,48.0,65536.0,173774.0,3145728.0,0.0002762208385604,0.4614122929051518,0.0799942007288336,2.7236974891275167,0.5414064936339855,3.2651039827615023,computed,184,True
forest__amazon__r1c0,forest,amazon,"Amazon, Brazil",-3.0,-60.0,-2.999900285895845,-60.03594573079937,00-15,32721,-4000.0,0.0,12.5,0.001,14,20,cuda:0,0.0620975739001763,psf_aware_minus50,6.25,0.0715862401105279,-0.1528025269651427,169938,169938,9.0,65536.0,169938.0,589824.0,5.296049147336087e-05,0.6001326008699834,0.0233130152337253,2.677753117866814,0.6234456161037087,3.301198733970523,computed,184,True
forest__amazon__r1c0,forest,amazon,"Amazon, Brazil",-3.0,-60.0,-2.999900285895845,-60.03594573079937,00-15,32721,-4000.0,0.0,12.5,0.001,14,20,cuda:0,0.0620975739001763,nearest,,0.0748261697944517,-0.2049773460511841,169520,170488,,,,,,0.0,0.123628735076636,0.0,0.123628735076636,0.123628735076636,computed,184,True
forest__amazon__r1c0,forest,amazon,"Amazon, Brazil",-3.0,-60.0,-2.999900285895845,-60.03594573079937,00-15,32721,-4000.0,0.0,12.5,0.001,14,20,cuda:0,0.0620975739001763,bilinear,,0.0776631930512661,-0.250663885454077,169520,170488,,,,,,0.0,0.1082517611794173,0.0,0.1082517611794173,0.1082517611794173,computed,184,True
forest__amazon__r1c0,forest,amazon,"Amazon, Brazil",-3.0,-60.0,-2.999900285895845,-60.03594573079937,00-15,32721,-4000.0,0.0,12.5,0.001,14,20,cuda:0,0.0620975739001763,bicubic,,0.0707974590068747,-0.1401002416082108,169520,170488,,,,,,0.0,0.7732772398740053,0.0,0.7732772398740053,0.7732772398740053,computed,184,True
forest__amazon__r1c1,forest,amazon,"Amazon, Brazil",-3.0,-60.0,-3.0,-59.99999999999999,00-15,32721,0.0,0.0,12.5,0.001,14,20,cuda:0,0.0775294515674072,blurred_observation,12.5,0.0775294515674072,0.0,170484,170484,,,,,,0.0,0.0,0.0,0.0,0.0,computed,185,True
forest__amazon__r1c1,forest,amazon,"Amazon, Brazil",-3.0,-60.0,-3.0,-59.99999999999999,00-15,32721,0.0,0.0,12.5,0.001,14,20,cuda:0,0.0775294515674072,psf_aware_matched,12.5,0.0643914448726342,0.1694582694597068,170484,171806,22.0,65536.0,171806.0,1441792.0,0.0001280514068193,0.2676556836813688,0.0406130217015743,2.7111344328150158,0.3082687053829431,3.0194031381979585,computed,185,True
forest__amazon__r1c1,forest,amazon,"Amazon, Brazil",-3.0,-60.0,-3.0,-59.99999999999999,00-15,32721,0.0,0.0,12.5,0.001,14,20,cuda:0,0.0775294515674072,psf_aware_plus50,18.75,0.1195176477623357,-0.541577366356349,170484,173820,48.0,65536.0,173820.0,3145728.0,0.0002761477390403,0.4465082841925323,0.0798362209461629,2.9255618629977107,0.5263445051386952,3.451906368136406,computed,185,True
forest__amazon__r1c1,forest,amazon,"Amazon, Brazil",-3.0,-60.0,-3.0,-59.99999999999999,00-15,32721,0.0,0.0,12.5,0.001,14,20,cuda:0,0.0775294515674072,psf_aware_minus50,6.25,0.0887965495600962,-0.1453266825045576,169966,169966,9.0,65536.0,169966.0,589824.0,5.2951766823953024e-05,0.1760587291792035,0.0224821623414754,2.801018616184592,0.198540891520679,2.9995595077052712,computed,185,True
forest__amazon__r1c1,forest,amazon,"Amazon, Brazil",-3.0,-60.0,-3.0,-59.99999999999999,00-15,32721,0.0,0.0,12.5,0.001,14,20,cuda:0,0.0775294515674072,nearest,,0.0926736159694289,-0.1953343419288189,169480,170484,,,,,,0.0,0.1240826752036809,0.0,0.1240826752036809,0.1240826752036809,computed,185,True
forest__amazon__r1c1,forest,amazon,"Amazon, Brazil",-3.0,-60.0,-3.0,-59.99999999999999,00-15,32721,0.0,0.0,12.5,0.001,14,20,cuda:0,0.0775294515674072,bilinear,,0.0961888682909856,-0.2406752059551873,169480,170484,,,,,,0.0,0.1076305638998746,0.0,0.1076305638998746,0.1076305638998746,computed,185,True
forest__amazon__r1c1,forest,amazon,"Amazon, Brazil",-3.0,-60.0,-3.0,-59.99999999999999,00-15,32721,0.0,0.0,12.5,0.001,14,20,cuda:0,0.0775294515674072,bicubic,,0.0882458365552756,-0.1382234076369186,169480,170484,,,,,,0.0,0.7820013733580709,0.0,0.7820013733580709,0.7820013733580709,computed,185,True
forest__amazon__r1c2,forest,amazon,"Amazon, Brazil",-3.0,-60.0,-3.000098530743569,-59.96405307611551,00-15,32721,4000.0,0.0,12.5,0.001,14,20,cuda:0,0.0501218509470582,blurred_observation,12.5,0.0501218509470582,0.0,170495,170495,,,,,,0.0,0.0,0.0,0.0,0.0,computed,186,True
forest__amazon__r1c2,forest,amazon,"Amazon, Brazil",-3.0,-60.0,-3.000098530743569,-59.96405307611551,00-15,32721,4000.0,0.0,12.5,0.001,14,20,cuda:0,0.0501218509470582,psf_aware_matched,12.5,0.0424437840203251,0.1531880164370453,170495,171855,22.0,65536.0,171855.0,1441792.0,0.0001280148962788,0.2724623889662325,0.0403363080695271,2.720273813698441,0.3127986970357597,3.0330725107342005,computed,186,True
forest__amazon__r1c2,forest,amazon,"Amazon, Brazil",-3.0,-60.0,-3.000098530743569,-59.96405307611551,00-15,32721,4000.0,0.0,12.5,0.001,14,20,cuda:0,0.0501218509470582,psf_aware_plus50,18.75,0.0766492746509937,-0.529258660697816,170495,173836,48.0,65536.0,173836.0,3145728.0,0.0002761223221887,0.4449192541651428,0.0806962898932397,2.7456051013432443,0.5256155440583825,3.271220645401627,computed,186,True
forest__amazon__r1c2,forest,amazon,"Amazon, Brazil",-3.0,-60.0,-3.000098530743569,-59.96405307611551,00-15,32721,4000.0,0.0,12.5,0.001,14,20,cuda:0,0.0501218509470582,psf_aware_minus50,6.25,0.0568355537501503,-0.1339476231670602,169959,169959,9.0,65536.0,169959.0,589824.0,5.2953947716802285e-05,0.1729596587829291,0.0224932422861456,2.674866321031004,0.1954529010690748,2.870319222100079,computed,186,True
forest__amazon__r1c2,forest,amazon,"Amazon, Brazil",-3.0,-60.0,-3.000098530743569,-59.96405307611551,00-15,32721,4000.0,0.0,12.5,0.001,14,20,cuda:0,0.0501218509470582,nearest,,0.0590816037773234,-0.1787594165213315,169503,170495,,,,,,0.0,0.3239044500514865,0.0,0.3239044500514865,0.3239044500514865,computed,186,True
forest__amazon__r1c2,forest,amazon,"Amazon, Brazil",-3.0,-60.0,-3.000098530743569,-59.96405307611551,00-15,32721,4000.0,0.0,12.5,0.001,14,20,cuda:0,0.0501218509470582,bilinear,,0.061189755780427,-0.2208199542562678,169503,170495,,,,,,0.0,0.2994213388301432,0.0,0.2994213388301432,0.2994213388301432,computed,186,True
forest__amazon__r1c2,forest,amazon,"Amazon, Brazil",-3.0,-60.0,-3.000098530743569,-59.96405307611551,00-15,32721,4000.0,0.0,12.5,0.001,14,20,cuda:0,0.0501218509470582,bicubic,,0.0567306811620753,-0.1318552705086217,169503,170495,,,,,,0.0,0.7652312908321619,0.0,0.7652312908321619,0.7652312908321619,computed,186,True
forest__amazon__r2c0,forest,amazon,"Amazon, Brazil",-3.0,-60.0,-2.963763143579563,-60.03584656164271,00-15,32721,-4000.0,4000.0,12.5,0.001,14,20,cuda:0,0.0436584571532585,blurred_observation,12.5,0.0436584571532585,0.0,170476,170476,,,,,,0.0,0.0,0.0,0.0,0.0,computed,187,True
forest__amazon__r2c0,forest,amazon,"Amazon, Brazil",-3.0,-60.0,-2.963763143579563,-60.03584656164271,00-15,32721,-4000.0,4000.0,12.5,0.001,14,20,cuda:0,0.0436584571532585,psf_aware_matched,12.5,0.0348185775442954,0.2024780577548053,170476,171836,22.0,65536.0,171836.0,1441792.0,0.0001280290509555,0.2829228499904275,0.0405057687312364,2.6420649238862097,0.3234286187216639,2.9654935426078737,computed,187,True
forest__amazon__r2c0,forest,amazon,"Amazon, Brazil",-3.0,-60.0,-2.963763143579563,-60.03584656164271,00-15,32721,-4000.0,4000.0,12.5,0.001,14,20,cuda:0,0.0436584571532585,psf_aware_plus50,18.75,0.0673421778504562,-0.542477271105994,170476,173826,48.0,65536.0,173826.0,3145728.0,0.0002761382071726,0.6522193644195795,0.0798263717442751,2.8253947752527893,0.7320457361638546,3.557440511416644,computed,187,True
forest__amazon__r2c0,forest,amazon,"Amazon, Brazil",-3.0,-60.0,-2.963763143579563,-60.03584656164271,00-15,32721,-4000.0,4000.0,12.5,0.001,14,20,cuda:0,0.0436584571532585,psf_aware_minus50,6.25,0.0509620668080149,-0.1672896875195972,169942,169942,9.0,65536.0,169942.0,589824.0,5.2959244918854666e-05,0.170130250044167,0.023148784879595,2.768543157260865,0.193279034923762,2.961822192184627,computed,187,True
forest__amazon__r2c0,forest,amazon,"Amazon, Brazil",-3.0,-60.0,-2.963763143579563,-60.03584656164271,00-15,32721,-4000.0,4000.0,12.5,0.001,14,20,cuda:0,0.0436584571532585,nearest,,0.0531832036435836,-0.2181649813434643,169460,170476,,,,,,0.0,0.1212816103361547,0.0,0.1212816103361547,0.1212816103361547,computed,187,True
forest__amazon__r2c0,forest,amazon,"Amazon, Brazil",-3.0,-60.0,-2.963763143579563,-60.03584656164271,00-15,32721,-4000.0,4000.0,12.5,0.001,14,20,cuda:0,0.0436584571532585,bilinear,,0.0551868481477673,-0.2640585981781156,169460,170476,,,,,,0.0,0.109548766631633,0.0,0.109548766631633,0.109548766631633,computed,187,True
forest__amazon__r2c0,forest,amazon,"Amazon, Brazil",-3.0,-60.0,-2.963763143579563,-60.03584656164271,00-15,32721,-4000.0,4000.0,12.5,0.001,14,20,cuda:0,0.0436584571532585,bicubic,,0.0498387342615185,-0.1415596773510516,169460,170476,,,,,,0.0,0.7639718661084771,0.0,0.7639718661084771,0.7639718661084771,computed,187,True
forest__amazon__r2c1,forest,amazon,"Amazon, Brazil",-3.0,-60.0,-2.9638616544441003,-59.99990200068984,00-15,32721,0.0,4000.0,12.5,0.001,14,20,cuda:0,0.0536946433213632,blurred_observation,12.5,0.0536946433213632,0.0,170495,170495,,,,,,0.0,0.0,0.0,0.0,0.0,computed,188,True
forest__amazon__r2c1,forest,amazon,"Amazon, Brazil",-3.0,-60.0,-2.9638616544441003,-59.99990200068984,00-15,32721,0.0,4000.0,12.5,0.001,14,20,cuda:0,0.0536946433213632,psf_aware_matched,12.5,0.0437433568199236,0.1853310849255657,170495,171805,22.0,65536.0,171805.0,1441792.0,0.0001280521521492,0.2654835097491741,0.0405406737700104,2.843750671017915,0.3060241835191846,3.1497748545371,computed,188,True
forest__amazon__r2c1,forest,amazon,"Amazon, Brazil",-3.0,-60.0,-2.9638616544441003,-59.99990200068984,00-15,32721,0.0,4000.0,12.5,0.001,14,20,cuda:0,0.0536946433213632,psf_aware_plus50,18.75,0.0817126833119653,-0.5218032611356371,170495,173784,48.0,65536.0,173784.0,3145728.0,0.0002762049440684,0.4498521671630442,0.0798224252648651,2.6610047770664096,0.5296745924279094,3.190679369494319,computed,188,True
forest__amazon__r2c1,forest,amazon,"Amazon, Brazil",-3.0,-60.0,-2.9638616544441003,-59.99990200068984,00-15,32721,0.0,4000.0,12.5,0.001,14,20,cuda:0,0.0536946433213632,psf_aware_minus50,6.25,0.061751384149847,-0.1500473851788923,169954,169954,9.0,65536.0,169954.0,589824.0,5.295550560739965e-05,0.1773942979052662,0.0227127680554986,2.625602393876761,0.2001070659607648,2.825709459837526,computed,188,True
forest__amazon__r2c1,forest,amazon,"Amazon, Brazil",-3.0,-60.0,-2.9638616544441003,-59.99990200068984,00-15,32721,0.0,4000.0,12.5,0.001,14,20,cuda:0,0.0536946433213632,nearest,,0.064456179048728,-0.2004210301380875,169536,170495,,,,,,0.0,0.1240469571202993,0.0,0.1240469571202993,0.1240469571202993,computed,188,True
forest__amazon__r2c1,forest,amazon,"Amazon, Brazil",-3.0,-60.0,-2.9638616544441003,-59.99990200068984,00-15,32721,0.0,4000.0,12.5,0.001,14,20,cuda:0,0.0536946433213632,bilinear,,0.0668100459674295,-0.2442590514582701,169536,170495,,,,,,0.0,0.1077473349869251,0.0,0.1077473349869251,0.1077473349869251,computed,188,True
forest__amazon__r2c1,forest,amazon,"Amazon, Brazil",-3.0,-60.0,-2.9638616544441003,-59.99990200068984,00-15,32721,0.0,4000.0,12.5,0.001,14,20,cuda:0,0.0536946433213632,bicubic,,0.0609030829620627,-0.1342487666331433,169536,170495,,,,,,0.0,0.7616891320794821,0.0,0.7616891320794821,0.7616891320794821,computed,188,True
forest__amazon__r2c2,forest,amazon,"Amazon, Brazil",-3.0,-60.0,-2.9639589962273365,-59.96395624684498,00-15,32721,4000.0,4000.0,12.5,0.001,14,20,cuda:0,0.0310145698264244,blurred_observation,12.5,0.0310145698264244,0.0,170497,170497,,,,,,0.0,0.0,0.0,0.0,0.0,computed,189,True
forest__amazon__r2c2,forest,amazon,"Amazon, Brazil",-3.0,-60.0,-2.9639589962273365,-59.96395624684498,00-15,32721,4000.0,4000.0,12.5,0.001,14,20,cuda:0,0.0310145698264244,psf_aware_matched,12.5,0.0263813871286814,0.1493872951865212,170497,171824,22.0,65536.0,171824.0,1441792.0,0.0001280379923642,0.2691058912314474,0.0405689179897308,2.800424901768565,0.3096748092211783,3.1100997109897435,computed,189,True
forest__amazon__r2c2,forest,amazon,"Amazon, Brazil",-3.0,-60.0,-2.9639589962273365,-59.96395624684498,00-15,32721,4000.0,4000.0,12.5,0.001,14,20,cuda:0,0.0310145698264244,psf_aware_plus50,18.75,0.0468362360486137,-0.5101365684172481,170497,173847,48.0,65536.0,173847.0,3145728.0,0.000276104850817,0.4361383328214288,0.0800444250926375,2.8869885238818824,0.5161827579140663,3.4031712817959487,computed,189,True
forest__amazon__r2c2,forest,amazon,"Amazon, Brazil",-3.0,-60.0,-2.9639589962273365,-59.96395624684498,00-15,32721,4000.0,4000.0,12.5,0.001,14,20,cuda:0,0.0310145698264244,psf_aware_minus50,6.25,0.034928254286998,-0.1261885778998983,169984,169984,9.0,65536.0,169984.0,589824.0,5.294615963855422e-05,0.2245937041006982,0.0225270558148622,2.7389733609743416,0.2471207599155604,2.986094120889902,computed,189,True
forest__amazon__r2c2,forest,amazon,"Amazon, Brazil",-3.0,-60.0,-2.9639589962273365,-59.96395624684498,00-15,32721,4000.0,4000.0,12.5,0.001,14,20,cuda:0,0.0310145698264244,nearest,,0.0363383054768876,-0.1716527322564174,169469,170497,,,,,,0.0,0.1207691188901662,0.0,0.1207691188901662,0.1207691188901662,computed,189,True
forest__amazon__r2c2,forest,amazon,"Amazon, Brazil",-3.0,-60.0,-2.9639589962273365,-59.96395624684498,00-15,32721,4000.0,4000.0,12.5,0.001,14,20,cuda:0,0.0310145698264244,bilinear,,0.0376135051590072,-0.2127688815132444,169469,170497,,,,,,0.0,0.119234181009233,0.0,0.119234181009233,0.119234181009233,computed,189,True
forest__amazon__r2c2,forest,amazon,"Amazon, Brazil",-3.0,-60.0,-2.9639589962273365,-59.96395624684498,00-15,32721,4000.0,4000.0,12.5,0.001,14,20,cuda:0,0.0310145698264244,bicubic,,0.03495431770814,-0.1270289384558511,169469,170497,,,,,,0.0,0.7652455666102469,0.0,0.7652455666102469,0.7652455666102469,computed,189,True
forest__congo__r0c0,forest,congo,Congo Basin,-1.0,20.0,-1.0361719642168652,19.964041734513277,00-15,32734,-4000.0,-4000.0,12.5,0.001,14,20,cuda:0,0.0131499288763206,blurred_observation,12.5,0.0131499288763206,0.0,171032,171032,,,,,,0.0,0.0,0.0,0.0,0.0,computed,190,True
forest__congo__r0c0,forest,congo,Congo Basin,-1.0,20.0,-1.0361719642168652,19.964041734513277,00-15,32734,-4000.0,-4000.0,12.5,0.001,14,20,cuda:0,0.0131499288763206,psf_aware_matched,12.5,0.0115670336341311,0.1203729128177943,171032,172207,22.0,65536.0,172207.0,1441792.0,0.0001277532272207,0.262997031211853,0.0402851710096001,1.680704282131046,0.3032822022214532,1.9839864843524992,computed,190,True
forest__congo__r0c0,forest,congo,Congo Basin,-1.0,20.0,-1.0361719642168652,19.964041734513277,00-15,32734,-4000.0,-4000.0,12.5,0.001,14,20,cuda:0,0.0131499288763206,psf_aware_plus50,18.75,0.0188504066877907,-0.4334987561594421,171032,174353,48.0,65536.0,174353.0,3145728.0,0.0002753035508422,0.4605882321484387,0.0798275237902998,1.68994006421417,0.5404157559387386,2.230355820152909,computed,190,True
forest__congo__r0c0,forest,congo,Congo Basin,-1.0,20.0,-1.0361719642168652,19.964041734513277,00-15,32734,-4000.0,-4000.0,12.5,0.001,14,20,cuda:0,0.0131499288763206,psf_aware_minus50,6.25,0.0145511838569513,-0.1065598904610058,170327,170327,9.0,65536.0,170327.0,589824.0,5.283953806501611e-05,0.1675298837944865,0.0225038919597864,1.6590955243445933,0.1900337757542729,1.8491293000988664,computed,190,True
forest__congo__r0c0,forest,congo,Congo Basin,-1.0,20.0,-1.0361719642168652,19.964041734513277,00-15,32734,-4000.0,-4000.0,12.5,0.001,14,20,cuda:0,0.0131499288763206,nearest,,0.0150581411562635,-0.1451119848548461,169862,171032,,,,,,0.0,0.1205756519921124,0.0,0.1205756519921124,0.1205756519921124,computed,190,True
forest__congo__r0c0,forest,congo,Congo Basin,-1.0,20.0,-1.0361719642168652,19.964041734513277,00-15,32734,-4000.0,-4000.0,12.5,0.001,14,20,cuda:0,0.0131499288763206,bilinear,,0.0155245691553253,-0.1805819865140712,169862,171032,,,,,,0.0,0.1078431457281112,0.0,0.1078431457281112,0.1078431457281112,computed,190,True
forest__congo__r0c0,forest,congo,Congo Basin,-1.0,20.0,-1.0361719642168652,19.964041734513277,00-15,32734,-4000.0,-4000.0,12.5,0.001,14,20,cuda:0,0.0131499288763206,bicubic,,0.014595271579692,-0.1099125871299628,169862,171032,,,,,,0.0,0.7667873781174421,0.0,0.7667873781174421,0.7667873781174421,computed,190,True
forest__congo__r0c1,forest,congo,Congo Basin,-1.0,20.0,-1.036183591076444,19.99998885114432,00-15,32734,0.0,-4000.0,12.5,0.001,14,20,cuda:0,0.0152222922334774,blurred_observation,12.5,0.0152222922334774,0.0,170858,170858,,,,,,0.0,0.0,0.0,0.0,0.0,computed,191,True
forest__congo__r0c1,forest,congo,Congo Basin,-1.0,20.0,-1.036183591076444,19.99998885114432,00-15,32734,0.0,-4000.0,12.5,0.001,14,20,cuda:0,0.0152222922334774,psf_aware_matched,12.5,0.0128407008968458,0.156454185749633,170858,172366,22.0,65536.0,172366.0,1441792.0,0.0001276353805274,0.2717399899847805,0.0405378299765288,1.7052811509929595,0.3122778199613094,2.017558970954269,computed,191,True
forest__congo__r0c1,forest,congo,Congo Basin,-1.0,20.0,-1.036183591076444,19.99998885114432,00-15,32734,0.0,-4000.0,12.5,0.001,14,20,cuda:0,0.0152222922334774,psf_aware_plus50,18.75,0.0228025946624573,-0.4979737816561482,170858,174084,48.0,65536.0,174084.0,3145728.0,0.0002757289584338,0.6831894521601498,0.0797442370094358,1.6815193551592529,0.7629336891695857,2.4444530443288386,computed,191,True
forest__congo__r0c1,forest,congo,Congo Basin,-1.0,20.0,-1.036183591076444,19.99998885114432,00-15,32734,0.0,-4000.0,12.5,0.001,14,20,cuda:0,0.0152222922334774,psf_aware_minus50,6.25,0.0170735362653095,-0.1216140120973818,170421,170421,9.0,65536.0,170421.0,589824.0,5.28103930853592e-05,0.1656016721390187,0.0223624850623309,1.6473242193460464,0.1879641572013497,1.835288376547396,computed,191,True
forest__congo__r0c1,forest,congo,Congo Basin,-1.0,20.0,-1.036183591076444,19.99998885114432,00-15,32734,0.0,-4000.0,12.5,0.001,14,20,cuda:0,0.0152222922334774,nearest,,0.0177805769568717,-0.1680617271141291,169923,170858,,,,,,0.0,0.1204731678590178,0.0,0.1204731678590178,0.1204731678590178,computed,191,True
forest__congo__r0c1,forest,congo,Congo Basin,-1.0,20.0,-1.036183591076444,19.99998885114432,00-15,32734,0.0,-4000.0,12.5,0.001,14,20,cuda:0,0.0152222922334774,bilinear,,0.018412235463511,-0.2095573505689301,169923,170858,,,,,,0.0,0.1070412681438028,0.0,0.1070412681438028,0.1070412681438028,computed,191,True
forest__congo__r0c1,forest,congo,Congo Basin,-1.0,20.0,-1.036183591076444,19.99998885114432,00-15,32734,0.0,-4000.0,12.5,0.001,14,20,cuda:0,0.0152222922334774,bicubic,,0.0171025946673611,-0.1235229494378276,169923,170858,,,,,,0.0,0.7646646178327501,0.0,0.7646646178327501,0.7646646178327501,computed,191,True
forest__congo__r0c2,forest,congo,Congo Basin,-1.0,20.0,-1.0361948075293572,20.035936364230206,00-15,32734,4000.0,-4000.0,12.5,0.001,14,20,cuda:0,0.0116027806169857,blurred_observation,12.5,0.0116027806169857,0.0,170842,170842,,,,,,0.0,0.0,0.0,0.0,0.0,computed,192,True
forest__congo__r0c2,forest,congo,Congo Basin,-1.0,20.0,-1.0361948075293572,20.035936364230206,00-15,32734,4000.0,-4000.0,12.5,0.001,14,20,cuda:0,0.0116027806169857,psf_aware_matched,12.5,0.0099919532582598,0.1388311484893331,170842,172207,22.0,65536.0,172207.0,1441792.0,0.0001277532272207,0.2747446307912469,0.0409876708872616,1.7468435210175812,0.3157323016785085,2.0625758226960897,computed,192,True
forest__congo__r0c2,forest,congo,Congo Basin,-1.0,20.0,-1.0361948075293572,20.035936364230206,00-15,32734,4000.0,-4000.0,12.5,0.001,14,20,cuda:0,0.0116027806169857,psf_aware_plus50,18.75,0.017077721068459,-0.4718645152575231,170842,174269,48.0,65536.0,174269.0,3145728.0,0.0002754362508535,0.4334056978113949,0.0800230149179697,1.87239543767646,0.5134287127293646,2.385824150405824,computed,192,True
forest__congo__r0c2,forest,congo,Congo Basin,-1.0,20.0,-1.0361948075293572,20.035936364230206,00-15,32734,4000.0,-4000.0,12.5,0.001,14,20,cuda:0,0.0116027806169857,psf_aware_minus50,6.25,0.0129022905619878,-0.1119998720909849,170431,170431,9.0,65536.0,170431.0,589824.0,5.280729444760637e-05,0.1689203279092908,0.0225359131582081,1.6559979179874065,0.1914562410674989,1.8474541590549047,computed,192,True
forest__congo__r0c2,forest,congo,Congo Basin,-1.0,20.0,-1.0361948075293572,20.035936364230206,00-15,32734,4000.0,-4000.0,12.5,0.001,14,20,cuda:0,0.0116027806169857,nearest,,0.0133941304538553,-0.1543897015726771,169767,170842,,,,,,0.0,0.1217446262016892,0.0,0.1217446262016892,0.1217446262016892,computed,192,True
forest__congo__r0c2,forest,congo,Congo Basin,-1.0,20.0,-1.0361948075293572,20.035936364230206,00-15,32734,4000.0,-4000.0,12.5,0.001,14,20,cuda:0,0.0116027806169857,bilinear,,0.0138535065548671,-0.1939815990820756,169767,170842,,,,,,0.0,0.1075630667619407,0.0,0.1075630667619407,0.1075630667619407,computed,192,True
forest__congo__r0c2,forest,congo,Congo Basin,-1.0,20.0,-1.0361948075293572,20.035936364230206,00-15,32734,4000.0,-4000.0,12.5,0.001,14,20,cuda:0,0.0116027806169857,bicubic,,0.0129418943463869,-0.1154131732389083,169767,170842,,,,,,0.0,0.7715393179096282,0.0,0.7715393179096282,0.7715393179096282,computed,192,True
forest__congo__r1c0,forest,congo,Congo Basin,-1.0,20.0,-0.999988779231608,19.96405328396204,00-15,32734,-4000.0,0.0,12.5,0.001,14,20,cuda:0,0.0175804067128424,blurred_observation,12.5,0.0175804067128424,0.0,171034,171034,,,,,,0.0,0.0,0.0,0.0,0.0,computed,193,True
forest__congo__r1c0,forest,congo,Congo Basin,-1.0,20.0,-0.999988779231608,19.96405328396204,00-15,32734,-4000.0,0.0,12.5,0.001,14,20,cuda:0,0.0175804067128424,psf_aware_matched,12.5,0.0149261488046347,0.1509781856337093,171034,172207,22.0,65536.0,172207.0,1441792.0,0.0001277532272207,0.2641686801798641,0.040556653868407,1.6626035082153976,0.3047253340482712,1.9673288422636688,computed,193,True
forest__congo__r1c0,forest,congo,Congo Basin,-1.0,20.0,-0.999988779231608,19.96405328396204,00-15,32734,-4000.0,0.0,12.5,0.001,14,20,cuda:0,0.0175804067128424,psf_aware_plus50,18.75,0.0254311625201865,-0.4465628091305329,171034,174252,48.0,65536.0,174252.0,3145728.0,0.0002754631223744,0.4578140769153833,0.079765688162297,1.6817596796900034,0.5375797650776803,2.219339444767684,computed,193,True
forest__congo__r1c0,forest,congo,Congo Basin,-1.0,20.0,-0.999988779231608,19.96405328396204,00-15,32734,-4000.0,0.0,12.5,0.001,14,20,cuda:0,0.0175804067128424,psf_aware_minus50,6.25,0.0200072274911364,-0.1380412192922258,170281,170281,9.0,65536.0,170281.0,589824.0,5.285381222802309e-05,0.1647228682413697,0.0223077908158302,1.6305953250266612,0.1870306590571999,1.817625984083861,computed,193,True
forest__congo__r1c0,forest,congo,Congo Basin,-1.0,20.0,-0.999988779231608,19.96405328396204,00-15,32734,-4000.0,0.0,12.5,0.001,14,20,cuda:0,0.0175804067128424,nearest,,0.0206967439200057,-0.1772619517890235,169862,171034,,,,,,0.0,0.1598687241785228,0.0,0.1598687241785228,0.1598687241785228,computed,193,True
forest__congo__r1c0,forest,congo,Congo Basin,-1.0,20.0,-0.999988779231608,19.96405328396204,00-15,32734,-4000.0,0.0,12.5,0.001,14,20,cuda:0,0.0175804067128424,bilinear,,0.0212949217414512,-0.2112872067911484,169862,171034,,,,,,0.0,0.1078530559316277,0.0,0.1078530559316277,0.1078530559316277,computed,193,True
forest__congo__r1c0,forest,congo,Congo Basin,-1.0,20.0,-0.999988779231608,19.96405328396204,00-15,32734,-4000.0,0.0,12.5,0.001,14,20,cuda:0,0.0175804067128424,bicubic,,0.0196682209452893,-0.1187580166118564,169862,171034,,,,,,0.0,1.0424834210425615,0.0,1.0424834210425615,1.0424834210425615,computed,193,True
forest__congo__r1c1,forest,congo,Congo Basin,-1.0,20.0,-0.9999999999999925,20.0,00-15,32734,0.0,0.0,12.5,0.001,14,20,cuda:0,0.0150588639652362,blurred_observation,12.5,0.0150588639652362,0.0,170880,170880,,,,,,0.0,0.0,0.0,0.0,0.0,computed,194,True
forest__congo__r1c1,forest,congo,Congo Basin,-1.0,20.0,-0.9999999999999925,20.0,00-15,32734,0.0,0.0,12.5,0.001,14,20,cuda:0,0.0150588639652362,psf_aware_matched,12.5,0.01259858270673,0.1633776136225051,170880,172207,22.0,65536.0,172207.0,1441792.0,0.0001277532272207,0.2622053008526563,0.0403983751311898,1.6927949120290575,0.3026036759838462,1.995398588012904,computed,194,True
forest__congo__r1c1,forest,congo,Congo Basin,-1.0,20.0,-0.9999999999999925,20.0,00-15,32734,0.0,0.0,12.5,0.001,14,20,cuda:0,0.0150588639652362,psf_aware_plus50,18.75,0.0219250456913831,-0.4559561559223664,170880,174239,48.0,65536.0,174239.0,3145728.0,0.0002754836747226,0.4270283193327486,0.0796929998323321,1.6800418570637703,0.5067213191650808,2.186763176228851,computed,194,True
forest__congo__r1c1,forest,congo,Congo Basin,-1.0,20.0,-0.9999999999999925,20.0,00-15,32734,0.0,0.0,12.5,0.001,14,20,cuda:0,0.0150588639652362,psf_aware_minus50,6.25,0.0172941127324231,-0.1484340898720519,170375,170375,9.0,65536.0,170375.0,589824.0,5.282465150403522e-05,0.1695893751457333,0.0222993153147399,1.6965371798723936,0.1918886904604733,1.888425870332867,computed,194,True
forest__congo__r1c1,forest,congo,Congo Basin,-1.0,20.0,-0.9999999999999925,20.0,00-15,32734,0.0,0.0,12.5,0.001,14,20,cuda:0,0.0150588639652362,nearest,,0.0179081703338318,-0.1892112429711392,169895,170880,,,,,,0.0,0.1217000316828489,0.0,0.1217000316828489,0.1217000316828489,computed,194,True
forest__congo__r1c1,forest,congo,Congo Basin,-1.0,20.0,-0.9999999999999925,20.0,00-15,32734,0.0,0.0,12.5,0.001,14,20,cuda:0,0.0150588639652362,bilinear,,0.0184268763685378,-0.2236564730962948,169895,170880,,,,,,0.0,0.1085444646887481,0.0,0.1085444646887481,0.1085444646887481,computed,194,True
forest__congo__r1c1,forest,congo,Congo Basin,-1.0,20.0,-0.9999999999999925,20.0,00-15,32734,0.0,0.0,12.5,0.001,14,20,cuda:0,0.0150588639652362,bicubic,,0.0169084377063572,-0.1228229264432454,169895,170880,,,,,,0.0,0.7614260041154921,0.0,0.7614260041154921,0.7614260041154921,computed,194,True
forest__congo__r1c2,forest,congo,Congo Basin,-1.0,20.0,-1.0000108246959782,20.035947112470836,00-15,32734,4000.0,0.0,12.5,0.001,14,20,cuda:0,0.0123100258357112,blurred_observation,12.5,0.0123100258357112,0.0,170788,170788,,,,,,0.0,0.0,0.0,0.0,0.0,computed,195,True
forest__congo__r1c2,forest,congo,Congo Basin,-1.0,20.0,-1.0000108246959782,20.035947112470836,00-15,32734,4000.0,0.0,12.5,0.001,14,20,cuda:0,0.0123100258357112,psf_aware_matched,12.5,0.0107241578541452,0.1288273479463737,170788,172352,22.0,65536.0,172352.0,1441792.0,0.0001276457482361,0.2623840202577412,0.040385820902884,1.6507972069084644,0.3027698411606252,1.9535670480690897,computed,195,True
forest__congo__r1c2,forest,congo,Congo Basin,-1.0,20.0,-1.0000108246959782,20.035947112470836,00-15,32734,4000.0,0.0,12.5,0.001,14,20,cuda:0,0.0123100258357112,psf_aware_plus50,18.75,0.0178502668064636,-0.4500592480220631,170788,174040,48.0,65536.0,174040.0,3145728.0,0.0002757986669731,0.4398036259226501,0.0795962158590555,1.6805860977619886,0.5193998417817056,2.1999859395436943,computed,195,True
forest__congo__r1c2,forest,congo,Congo Basin,-1.0,20.0,-1.0000108246959782,20.035947112470836,00-15,32734,4000.0,0.0,12.5,0.001,14,20,cuda:0,0.0123100258357112,psf_aware_minus50,6.25,0.0136476312134867,-0.1086598351317069,170441,170441,9.0,65536.0,170441.0,589824.0,5.280419617345592e-05,0.3410567170940339,0.0227024089545011,1.6356668900698423,0.3637591260485351,1.9994260161183772,computed,195,True
forest__congo__r1c2,forest,congo,Congo Basin,-1.0,20.0,-1.0000108246959782,20.035947112470836,00-15,32734,4000.0,0.0,12.5,0.001,14,20,cuda:0,0.0123100258357112,nearest,,0.0141510506382842,-0.1495549097250559,169911,170788,,,,,,0.0,0.1205182936973869,0.0,0.1205182936973869,0.1205182936973869,computed,195,True
forest__congo__r1c2,forest,congo,Congo Basin,-1.0,20.0,-1.0000108246959782,20.035947112470836,00-15,32734,4000.0,0.0,12.5,0.001,14,20,cuda:0,0.0123100258357112,bilinear,,0.0146147177213636,-0.1872207188198185,169911,170788,,,,,,0.0,0.1075516049750149,0.0,0.1075516049750149,0.1075516049750149,computed,195,True
forest__congo__r1c2,forest,congo,Congo Basin,-1.0,20.0,-1.0000108246959782,20.035947112470836,00-15,32734,4000.0,0.0,12.5,0.001,14,20,cuda:0,0.0123100258357112,bicubic,,0.0136964016514078,-0.1126216820499812,169911,170788,,,,,,0.0,0.7586780888959765,0.0,0.7586780888959765,0.7586780888959765,computed,195,True
forest__congo__r2c0,forest,congo,Congo Basin,-1.0,20.0,-0.963805586109991,19.964064422733447,00-15,32734,-4000.0,4000.0,12.5,0.001,14,20,cuda:0,0.0151380081822295,blurred_observation,12.5,0.0151380081822295,0.0,171010,171010,,,,,,0.0,0.0,0.0,0.0,0.0,computed,196,True
forest__congo__r2c0,forest,congo,Congo Basin,-1.0,20.0,-0.963805586109991,19.964064422733447,00-15,32734,-4000.0,4000.0,12.5,0.001,14,20,cuda:0,0.0151380081822295,psf_aware_matched,12.5,0.0132308164167946,0.125986968858542,171010,172233,22.0,65536.0,172233.0,1441792.0,0.0001277339418113,0.2619370729662478,0.0403393832966685,1.670457314234227,0.3022764562629163,1.9727337704971435,computed,196,True
forest__congo__r2c0,forest,congo,Congo Basin,-1.0,20.0,-0.963805586109991,19.964064422733447,00-15,32734,-4000.0,4000.0,12.5,0.001,14,20,cuda:0,0.0151380081822295,psf_aware_plus50,18.75,0.0213940215758887,-0.413265293448791,171010,174240,48.0,65536.0,174240.0,3145728.0,0.0002754820936639,0.4321915889158845,0.0797344879247248,1.7116533499211073,0.5119260768406093,2.2235794267617166,computed,196,True
forest__congo__r2c0,forest,congo,Congo Basin,-1.0,20.0,-0.963805586109991,19.964064422733447,00-15,32734,-4000.0,4000.0,12.5,0.001,14,20,cuda:0,0.0151380081822295,psf_aware_minus50,6.25,0.0169404283328966,-0.1190658724034139,170323,170323,9.0,65536.0,170323.0,589824.0,5.284077899050627e-05,0.1657453449442982,0.0222473070025444,1.7213483033701775,0.1879926519468426,1.9093409553170204,computed,196,True
forest__congo__r2c0,forest,congo,Congo Basin,-1.0,20.0,-0.963805586109991,19.964064422733447,00-15,32734,-4000.0,4000.0,12.5,0.001,14,20,cuda:0,0.0151380081822295,nearest,,0.017503386534059,-0.1562542656441614,170178,171010,,,,,,0.0,0.1207981943152844,0.0,0.1207981943152844,0.1207981943152844,computed,196,True
forest__congo__r2c0,forest,congo,Congo Basin,-1.0,20.0,-0.963805586109991,19.964064422733447,00-15,32734,-4000.0,4000.0,12.5,0.001,14,20,cuda:0,0.0151380081822295,bilinear,,0.017995549909353,-0.1887660313513386,170178,171010,,,,,,0.0,0.1074069808237254,0.0,0.1074069808237254,0.1074069808237254,computed,196,True
forest__congo__r2c0,forest,congo,Congo Basin,-1.0,20.0,-0.963805586109991,19.964064422733447,00-15,32734,-4000.0,4000.0,12.5,0.001,14,20,cuda:0,0.0151380081822295,bicubic,,0.0168009043352447,-0.1098490721498799,170178,171010,,,,,,0.0,0.7795401620678604,0.0,0.7795401620678604,0.7795401620678604,computed,196,True
forest__congo__r2c1,forest,congo,Congo Basin,-1.0,20.0,-0.963816400795684,20.00001075242268,00-15,32734,0.0,4000.0,12.5,0.001,14,20,cuda:0,0.022931493309291,blurred_observation,12.5,0.022931493309291,0.0,171032,171032,,,,,,0.0,0.0,0.0,0.0,0.0,computed,197,True
forest__congo__r2c1,forest,congo,Congo Basin,-1.0,20.0,-0.963816400795684,20.00001075242268,00-15,32734,0.0,4000.0,12.5,0.001,14,20,cuda:0,0.022931493309291,psf_aware_matched,12.5,0.0199120044669556,0.13167432236574,171032,172207,22.0,65536.0,172207.0,1441792.0,0.0001277532272207,0.2625929550267756,0.0403042370453476,1.6788934520445764,0.3028971920721233,1.9817906441167,computed,197,True
forest__congo__r2c1,forest,congo,Congo Basin,-1.0,20.0,-0.963816400795684,20.00001075242268,00-15,32734,0.0,4000.0,12.5,0.001,14,20,cuda:0,0.022931493309291,psf_aware_plus50,18.75,0.0336103335948016,-0.4656844690172876,171032,174503,48.0,65536.0,174503.0,3145728.0,0.0002750669042939,0.4307548962533474,0.080081766936928,1.7227170849218965,0.5108366631902754,2.233553748112172,computed,197,True
forest__congo__r2c1,forest,congo,Congo Basin,-1.0,20.0,-0.963816400795684,20.00001075242268,00-15,32734,0.0,4000.0,12.5,0.001,14,20,cuda:0,0.022931493309291,psf_aware_minus50,6.25,0.0255537855964257,-0.1143533154062983,170363,170363,9.0,65536.0,170363.0,589824.0,5.2828372357847657e-05,0.1985248201526701,0.0222780951298773,1.6377272829413414,0.2208029152825474,1.8585301982238889,computed,197,True
forest__congo__r2c1,forest,congo,Congo Basin,-1.0,20.0,-0.963816400795684,20.00001075242268,00-15,32734,0.0,4000.0,12.5,0.001,14,20,cuda:0,0.022931493309291,nearest,,0.0264759650064142,-0.1545678534457719,169863,171032,,,,,,0.0,0.1218789704144001,0.0,0.1218789704144001,0.1218789704144001,computed,197,True
forest__congo__r2c1,forest,congo,Congo Basin,-1.0,20.0,-0.963816400795684,20.00001075242268,00-15,32734,0.0,4000.0,12.5,0.001,14,20,cuda:0,0.022931493309291,bilinear,,0.0273344621555572,-0.1920053259018401,169863,171032,,,,,,0.0,0.1073484290391206,0.0,0.1073484290391206,0.1073484290391206,computed,197,True
forest__congo__r2c1,forest,congo,Congo Basin,-1.0,20.0,-0.963816400795684,20.00001075242268,00-15,32734,0.0,4000.0,12.5,0.001,14,20,cuda:0,0.022931493309291,bicubic,,0.0256587661482492,-0.1189313230575004,169863,171032,,,,,,0.0,0.7644289708696306,0.0,0.7644289708696306,0.7644289708696306,computed,197,True
forest__congo__r2c2,forest,congo,Congo Basin,-1.0,20.0,-0.9638268337429444,20.03595747852359,00-15,32734,4000.0,4000.0,12.5,0.001,14,20,cuda:0,0.0210146750185048,blurred_observation,12.5,0.0210146750185048,0.0,170765,170765,,,,,,0.0,0.0,0.0,0.0,0.0,computed,198,True
forest__congo__r2c2,forest,congo,Congo Basin,-1.0,20.0,-0.9638268337429444,20.03595747852359,00-15,32734,4000.0,4000.0,12.5,0.001,14,20,cuda:0,0.0210146750185048,psf_aware_matched,12.5,0.0181286478295581,0.1373338957849856,170765,172264,22.0,65536.0,172264.0,1441792.0,0.0001277109552779,0.2675794898532331,0.0403040773235261,1.6631806818768382,0.3078835671767592,1.9710642490535972,computed,198,True
forest__congo__r2c2,forest,congo,Congo Basin,-1.0,20.0,-0.9638268337429444,20.03595747852359,00-15,32734,4000.0,4000.0,12.5,0.001,14,20,cuda:0,0.0210146750185048,psf_aware_plus50,18.75,0.0311885813930248,-0.484133414652433,170765,174112,48.0,65536.0,174112.0,3145728.0,0.0002756846167983,0.4248341433703899,0.0795873291790485,1.6726910951547325,0.5044214725494385,2.177112567704171,computed,198,True
forest__congo__r2c2,forest,congo,Congo Basin,-1.0,20.0,-0.9638268337429444,20.03595747852359,00-15,32734,4000.0,4000.0,12.5,0.001,14,20,cuda:0,0.0210146750185048,psf_aware_minus50,6.25,0.0233050377503101,-0.1089887295325047,170423,170423,9.0,65536.0,170423.0,589824.0,5.280977332871737e-05,0.1649364321492612,0.0222824132069945,1.6423635738901794,0.1872188453562557,1.8295824192464352,computed,198,True
forest__congo__r2c2,forest,congo,Congo Basin,-1.0,20.0,-0.9638268337429444,20.03595747852359,00-15,32734,4000.0,4000.0,12.5,0.001,14,20,cuda:0,0.0210146750185048,nearest,,0.0242207774674622,-0.1525649312270693,169940,170765,,,,,,0.0,0.165867627132684,0.0,0.165867627132684,0.165867627132684,computed,198,True
forest__congo__r2c2,forest,congo,Congo Basin,-1.0,20.0,-0.9638268337429444,20.03595747852359,00-15,32734,4000.0,4000.0,12.5,0.001,14,20,cuda:0,0.0210146750185048,bilinear,,0.0250520191088577,-0.1921202248808382,169940,170765,,,,,,0.0,0.1073204870335757,0.0,0.1073204870335757,0.1073204870335757,computed,198,True
forest__congo__r2c2,forest,congo,Congo Basin,-1.0,20.0,-0.9638268337429444,20.03595747852359,00-15,32734,4000.0,4000.0,12.5,0.001,14,20,cuda:0,0.0210146750185048,bicubic,,0.0235064820797481,-0.1185746179300435,169940,170765,,,,,,0.0,0.7851634831167758,0.0,0.7851634831167758,0.7851634831167758,computed,198,True
forest__borneo__r0c0,forest,borneo,Borneo,1.0,114.0,0.9638287314823708,113.9641304000693,00-15,32650,-4000.0,-4000.0,12.5,0.001,14,20,cuda:0,0.0278036284055658,blurred_observation,12.5,0.0278036284055658,0.0,170535,170535,,,,,,0.0,0.0,0.0,0.0,0.0,computed,199,True
forest__borneo__r0c0,forest,borneo,Borneo,1.0,114.0,0.9638287314823708,113.9641304000693,00-15,32650,-4000.0,-4000.0,12.5,0.001,14,20,cuda:0,0.0278036284055658,psf_aware_matched,12.5,0.0233828618874835,0.1589996260055528,170535,171708,22.0,65536.0,171708.0,1441792.0,0.0001281244904139,0.2728784261271357,0.0403043068945407,1.673409114126116,0.3131827330216765,1.9865918471477928,computed,199,True
forest__borneo__r0c0,forest,borneo,Borneo,1.0,114.0,0.9638287314823708,113.9641304000693,00-15,32650,-4000.0,-4000.0,12.5,0.001,14,20,cuda:0,0.0278036284055658,psf_aware_plus50,18.75,0.041804049291816,-0.5035465401144368,170535,173831,48.0,65536.0,173831.0,3145728.0,0.0002761302644522,0.4228830682113766,0.0796705870889127,1.7262408290989697,0.5025536553002894,2.228794484399259,computed,199,True
forest__borneo__r0c0,forest,borneo,Borneo,1.0,114.0,0.9638287314823708,113.9641304000693,00-15,32650,-4000.0,-4000.0,12.5,0.001,14,20,cuda:0,0.0278036284055658,psf_aware_minus50,6.25,0.0311397101539131,-0.1199872800659143,169944,169944,9.0,65536.0,169944.0,589824.0,5.295862166360683e-05,0.1678883330896496,0.0224026408977806,1.7161826388910413,0.1902909739874303,1.906473612878472,computed,199,True
forest__borneo__r0c0,forest,borneo,Borneo,1.0,114.0,0.9638287314823708,113.9641304000693,00-15,32650,-4000.0,-4000.0,12.5,0.001,14,20,cuda:0,0.0278036284055658,nearest,,0.0324364107137933,-0.1666250980141879,169513,170535,,,,,,0.0,0.1206321902573108,0.0,0.1206321902573108,0.1206321902573108,computed,199,True
forest__borneo__r0c0,forest,borneo,Borneo,1.0,114.0,0.9638287314823708,113.9641304000693,00-15,32650,-4000.0,-4000.0,12.5,0.001,14,20,cuda:0,0.0278036284055658,bilinear,,0.0336012376523338,-0.2085198795710925,169513,170535,,,,,,0.0,0.1072655618190765,0.0,0.1072655618190765,0.1072655618190765,computed,199,True
forest__borneo__r0c0,forest,borneo,Borneo,1.0,114.0,0.9638287314823708,113.9641304000693,00-15,32650,-4000.0,-4000.0,12.5,0.001,14,20,cuda:0,0.0278036284055658,bicubic,,0.0312307109211878,-0.123260261777053,169513,170535,,,,,,0.0,0.7626052666455507,0.0,0.7626052666455507,0.7626052666455507,computed,199,True
forest__borneo__r0c1,forest,borneo,Borneo,1.0,114.0,0.9638607816682334,114.00003224516448,00-15,32650,0.0,-4000.0,12.5,0.001,14,20,cuda:0,0.0253111395717008,blurred_observation,12.5,0.0253111395717008,0.0,170497,170497,,,,,,0.0,0.0,0.0,0.0,0.0,computed,200,True
forest__borneo__r0c1,forest,borneo,Borneo,1.0,114.0,0.9638607816682334,114.00003224516448,00-15,32650,0.0,-4000.0,12.5,0.001,14,20,cuda:0,0.0253111395717008,psf_aware_matched,12.5,0.0212961157254809,0.1586267514683108,170497,171773,22.0,65536.0,171773.0,1441792.0,0.0001280760072886,0.4185664220713079,0.0403479002416133,1.7609050329774618,0.4589143223129213,2.219819355290383,computed,200,True
forest__borneo__r0c1,forest,borneo,Borneo,1.0,114.0,0.9638607816682334,114.00003224516448,00-15,32650,0.0,-4000.0,12.5,0.001,14,20,cuda:0,0.0253111395717008,psf_aware_plus50,18.75,0.0379545123625831,-0.499518117509738,170497,173837,48.0,65536.0,173837.0,3145728.0,0.0002761207337908,0.4432914722710848,0.080986610148102,1.755546865053475,0.5242780824191868,2.2798249474726617,computed,200,True
forest__borneo__r0c1,forest,borneo,Borneo,1.0,114.0,0.9638607816682334,114.00003224516448,00-15,32650,0.0,-4000.0,12.5,0.001,14,20,cuda:0,0.0253111395717008,psf_aware_minus50,6.25,0.0283111519271827,-0.1185253768200969,169976,169976,9.0,65536.0,169976.0,589824.0,5.294865157433991e-05,0.1731274770572781,0.0224872110411524,1.725584995932877,0.1956146880984306,1.921199684031308,computed,200,True
forest__borneo__r0c1,forest,borneo,Borneo,1.0,114.0,0.9638607816682334,114.00003224516448,00-15,32650,0.0,-4000.0,12.5,0.001,14,20,cuda:0,0.0253111395717008,nearest,,0.0295081096012698,-0.1658151351771382,169509,170497,,,,,,0.0,0.1206829859875142,0.0,0.1206829859875142,0.1206829859875142,computed,200,True
forest__borneo__r0c1,forest,borneo,Borneo,1.0,114.0,0.9638607816682334,114.00003224516448,00-15,32650,0.0,-4000.0,12.5,0.001,14,20,cuda:0,0.0253111395717008,bilinear,,0.0305749664507821,-0.2079648316177138,169509,170497,,,,,,0.0,0.1079644770361483,0.0,0.1079644770361483,0.1079644770361483,computed,200,True
forest__borneo__r0c1,forest,borneo,Borneo,1.0,114.0,0.9638607816682334,114.00003224516448,00-15,32650,0.0,-4000.0,12.5,0.001,14,20,cuda:0,0.0253111395717008,bicubic,,0.0284045429807557,-0.122215098229454,169509,170497,,,,,,0.0,0.7674805913120508,0.0,0.7674805913120508,0.7674805913120508,computed,200,True
forest__borneo__r0c2,forest,borneo,Borneo,1.0,114.0,0.9638924519575656,114.03593527756362,00-15,32650,4000.0,-4000.0,12.5,0.001,14,20,cuda:0,0.0181847864537598,blurred_observation,12.5,0.0181847864537598,0.0,170563,170563,,,,,,0.0,0.0,0.0,0.0,0.0,computed,201,True
forest__borneo__r0c2,forest,borneo,Borneo,1.0,114.0,0.9638924519575656,114.03593527756362,00-15,32650,4000.0,-4000.0,12.5,0.001,14,20,cuda:0,0.0181847864537598,psf_aware_matched,12.5,0.0153434401863282,0.1562485363606852,170563,171962,22.0,65536.0,171962.0,1441792.0,0.0001279352415068,0.268443196080625,0.040323925204575,1.7061394872143865,0.3087671212852001,2.0149066084995866,computed,201,True
forest__borneo__r0c2,forest,borneo,Borneo,1.0,114.0,0.9638924519575656,114.03593527756362,00-15,32650,4000.0,-4000.0,12.5,0.001,14,20,cuda:0,0.0181847864537598,psf_aware_plus50,18.75,0.0268438920486919,-0.4761730701072812,170563,173741,48.0,65536.0,173741.0,3145728.0,0.0002762733033653,0.4616409949958324,0.0797801949083805,1.704676445107907,0.541421189904213,2.24609763501212,computed,201,True
forest__borneo__r0c2,forest,borneo,Borneo,1.0,114.0,0.9638924519575656,114.03593527756362,00-15,32650,4000.0,-4000.0,12.5,0.001,14,20,cuda:0,0.0181847864537598,psf_aware_minus50,6.25,0.0205130890758823,-0.1280357417472506,169903,169903,9.0,65536.0,169903.0,589824.0,5.29714013289936e-05,0.1675976626574993,0.022383855190128,1.6696462780237198,0.1899815178476274,1.8596277958713472,computed,201,True
forest__borneo__r0c2,forest,borneo,Borneo,1.0,114.0,0.9638924519575656,114.03593527756362,00-15,32650,4000.0,-4000.0,12.5,0.001,14,20,cuda:0,0.0181847864537598,nearest,,0.0213355266410327,-0.1732624243504117,169534,170563,,,,,,0.0,0.1213449887000024,0.0,0.1213449887000024,0.1213449887000024,computed,201,True
forest__borneo__r0c2,forest,borneo,Borneo,1.0,114.0,0.9638924519575656,114.03593527756362,00-15,32650,4000.0,-4000.0,12.5,0.001,14,20,cuda:0,0.0181847864537598,bilinear,,0.0220207516465309,-0.2109436480062714,169534,170563,,,,,,0.0,0.1082101012580096,0.0,0.1082101012580096,0.1082101012580096,computed,201,True
forest__borneo__r0c2,forest,borneo,Borneo,1.0,114.0,0.9638924519575656,114.03593527756362,00-15,32650,4000.0,-4000.0,12.5,0.001,14,20,cuda:0,0.0181847864537598,bicubic,,0.0203715312674426,-0.1202513331263628,169534,170563,,,,,,0.0,0.7746540983207524,0.0,0.7746540983207524,0.7746540983207524,computed,201,True
forest__borneo__r1c0,forest,borneo,Borneo,1.0,114.0,0.9999667478870532,113.96409777045068,00-15,32650,-4000.0,0.0,12.5,0.001,14,20,cuda:0,0.0240944004971927,blurred_observation,12.5,0.0240944004971927,0.0,170638,170638,,,,,,0.0,0.0,0.0,0.0,0.0,computed,202,True
forest__borneo__r1c0,forest,borneo,Borneo,1.0,114.0,0.9999667478870532,113.96409777045068,00-15,32650,-4000.0,0.0,12.5,0.001,14,20,cuda:0,0.0240944004971927,psf_aware_matched,12.5,0.0204914388750206,0.1495352259373218,170638,171903,22.0,65536.0,171903.0,1441792.0,0.0001279791510328,0.2672077864408493,0.0402780072763562,1.7429034882225096,0.3074857937172055,2.050389281939715,computed,202,True
forest__borneo__r1c0,forest,borneo,Borneo,1.0,114.0,0.9999667478870532,113.96409777045068,00-15,32650,-4000.0,0.0,12.5,0.001,14,20,cuda:0,0.0240944004971927,psf_aware_plus50,18.75,0.0355548500030023,-0.4756478380586786,170638,173679,48.0,65536.0,173679.0,3145728.0,0.0002763719275214,0.4288881723769009,0.0797105631791055,1.7304523661732674,0.5085987355560064,2.239051101729274,computed,202,True
forest__borneo__r1c0,forest,borneo,Borneo,1.0,114.0,0.9999667478870532,113.96409777045068,00-15,32650,-4000.0,0.0,12.5,0.001,14,20,cuda:0,0.0240944004971927,psf_aware_minus50,6.25,0.027053302126323,-0.122804534168639,169846,169846,9.0,65536.0,169846.0,589824.0,5.298917843222684e-05,0.3805077178403735,0.0226401211693882,1.7504145638085902,0.4031478390097618,2.153562402818352,computed,202,True
forest__borneo__r1c0,forest,borneo,Borneo,1.0,114.0,0.9999667478870532,113.96409777045068,00-15,32650,-4000.0,0.0,12.5,0.001,14,20,cuda:0,0.0240944004971927,nearest,,0.028057837035444,-0.1644961674274956,169580,170638,,,,,,0.0,0.1210527960211038,0.0,0.1210527960211038,0.1210527960211038,computed,202,True
forest__borneo__r1c0,forest,borneo,Borneo,1.0,114.0,0.9999667478870532,113.96409777045068,00-15,32650,-4000.0,0.0,12.5,0.001,14,20,cuda:0,0.0240944004971927,bilinear,,0.0289435570057171,-0.201256574492876,169580,170638,,,,,,0.0,0.1088852612301707,0.0,0.1088852612301707,0.1088852612301707,computed,202,True
forest__borneo__r1c0,forest,borneo,Borneo,1.0,114.0,0.9999667478870532,113.96409777045068,00-15,32650,-4000.0,0.0,12.5,0.001,14,20,cuda:0,0.0240944004971927,bicubic,,0.0269311472866518,-0.1177346906717886,169580,170638,,,,,,0.0,0.7657291637733579,0.0,0.7657291637733579,0.7657291637733579,computed,202,True
forest__borneo__r1c1,forest,borneo,Borneo,1.0,114.0,1.0000000000000002,114.0,00-15,32650,0.0,0.0,12.5,0.001,14,20,cuda:0,0.0214775667029993,blurred_observation,12.5,0.0214775667029993,0.0,170368,170368,,,,,,0.0,0.0,0.0,0.0,0.0,computed,203,True
forest__borneo__r1c1,forest,borneo,Borneo,1.0,114.0,1.0000000000000002,114.0,00-15,32650,0.0,0.0,12.5,0.001,14,20,cuda:0,0.0214775667029993,psf_aware_matched,12.5,0.0184537083887568,0.140791475871435,170368,171709,22.0,65536.0,171709.0,1441792.0,0.0001281237442417,0.2638615276664495,0.0403856807388365,1.6861058319918811,0.3042472084052861,1.9903530403971672,computed,203,True
forest__borneo__r1c1,forest,borneo,Borneo,1.0,114.0,1.0000000000000002,114.0,00-15,32650,0.0,0.0,12.5,0.001,14,20,cuda:0,0.0214775667029993,psf_aware_plus50,18.75,0.0312749195160179,-0.4561667971283953,170368,173953,48.0,65536.0,173953.0,3145728.0,0.0002759366035653,0.4268109672702849,0.0800580219365656,1.7267867526970804,0.5068689892068505,2.233655741903931,computed,203,True
forest__borneo__r1c1,forest,borneo,Borneo,1.0,114.0,1.0000000000000002,114.0,00-15,32650,0.0,0.0,12.5,0.001,14,20,cuda:0,0.0214775667029993,psf_aware_minus50,6.25,0.0240372303511887,-0.1191784750845164,170055,170055,9.0,65536.0,170055.0,589824.0,5.292405398253506e-05,0.1677383901551365,0.0224048350937664,1.7653384101577103,0.190143225248903,1.9554816354066131,computed,203,True
forest__borneo__r1c1,forest,borneo,Borneo,1.0,114.0,1.0000000000000002,114.0,00-15,32650,0.0,0.0,12.5,0.001,14,20,cuda:0,0.0214775667029993,nearest,,0.0248972877631292,-0.1592229281565882,169437,170368,,,,,,0.0,0.2145314160734415,0.0,0.2145314160734415,0.2145314160734415,computed,203,True
forest__borneo__r1c1,forest,borneo,Borneo,1.0,114.0,1.0000000000000002,114.0,00-15,32650,0.0,0.0,12.5,0.001,14,20,cuda:0,0.0214775667029993,bilinear,,0.0256672548523373,-0.1950727569502985,169437,170368,,,,,,0.0,0.1078364439308643,0.0,0.1078364439308643,0.1078364439308643,computed,203,True
forest__borneo__r1c1,forest,borneo,Borneo,1.0,114.0,1.0000000000000002,114.0,00-15,32650,0.0,0.0,12.5,0.001,14,20,cuda:0,0.0214775667029993,bicubic,,0.0239951686443447,-0.117220073212199,169437,170368,,,,,,0.0,0.7641319688409567,0.0,0.7641319688409567,0.7641319688409567,computed,203,True
forest__borneo__r1c2,forest,borneo,Borneo,1.0,114.0,1.0000328579697848,114.03590341691668,00-15,32650,4000.0,0.0,12.5,0.001,14,20,cuda:0,0.014375902798287,blurred_observation,12.5,0.014375902798287,0.0,170524,170524,,,,,,0.0,0.0,0.0,0.0,0.0,computed,204,True
forest__borneo__r1c2,forest,borneo,Borneo,1.0,114.0,1.0000328579697848,114.03590341691668,00-15,32650,4000.0,0.0,12.5,0.001,14,20,cuda:0,0.014375902798287,psf_aware_matched,12.5,0.0117376079453614,0.183522029186231,170524,171956,22.0,65536.0,171956.0,1441792.0,0.000127939705506,0.2631861390545964,0.0402449150569736,1.678023625165224,0.3034310541115701,1.9814546792767944,computed,204,True
forest__borneo__r1c2,forest,borneo,Borneo,1.0,114.0,1.0000328579697848,114.03590341691668,00-15,32650,4000.0,0.0,12.5,0.001,14,20,cuda:0,0.014375902798287,psf_aware_plus50,18.75,0.0213314792522503,-0.4838358015882003,170524,173760,48.0,65536.0,173760.0,3145728.0,0.0002762430939226,0.6085814828984439,0.0800510682165622,1.771490582730621,0.6886325511150062,2.4601231338456278,computed,204,True
forest__borneo__r1c2,forest,borneo,Borneo,1.0,114.0,1.0000328579697848,114.03590341691668,00-15,32650,4000.0,0.0,12.5,0.001,14,20,cuda:0,0.014375902798287,psf_aware_minus50,6.25,0.0170414865744409,-0.1854202698470883,169916,169916,9.0,65536.0,169916.0,589824.0,5.2967348572235694e-05,0.1686232951469719,0.0228971582837402,1.7414568178355694,0.1915204534307122,1.9329772712662816,computed,204,True
forest__borneo__r1c2,forest,borneo,Borneo,1.0,114.0,1.0000328579697848,114.03590341691668,00-15,32650,4000.0,0.0,12.5,0.001,14,20,cuda:0,0.014375902798287,nearest,,0.0175573092175628,-0.2213013307000673,169536,170524,,,,,,0.0,0.1206411868333816,0.0,0.1206411868333816,0.1206411868333816,computed,204,True
forest__borneo__r1c2,forest,borneo,Borneo,1.0,114.0,1.0000328579697848,114.03590341691668,00-15,32650,4000.0,0.0,12.5,0.001,14,20,cuda:0,0.014375902798287,bilinear,,0.0179508066582407,-0.2486733466491995,169536,170524,,,,,,0.0,0.1077468148432672,0.0,0.1077468148432672,0.1077468148432672,computed,204,True
forest__borneo__r1c2,forest,borneo,Borneo,1.0,114.0,1.0000328579697848,114.03590341691668,00-15,32650,4000.0,0.0,12.5,0.001,14,20,cuda:0,0.014375902798287,bicubic,,0.0162499894061671,-0.1303630550495536,169536,170524,,,,,,0.0,0.7636493653990328,0.0,0.7636493653990328,0.7636493653990328,computed,204,True
forest__borneo__r2c0,forest,borneo,Borneo,1.0,114.0,1.0361047552001827,113.9640639393076,00-15,32650,-4000.0,4000.0,12.5,0.001,14,20,cuda:0,0.0251694422576999,blurred_observation,12.5,0.0251694422576999,0.0,170524,170524,,,,,,0.0,0.0,0.0,0.0,0.0,computed,205,True
forest__borneo__r2c0,forest,borneo,Borneo,1.0,114.0,1.0361047552001827,113.9640639393076,00-15,32650,-4000.0,4000.0,12.5,0.001,14,20,cuda:0,0.0251694422576999,psf_aware_matched,12.5,0.0214552112333501,0.1475690635621281,170524,171886,22.0,65536.0,171886.0,1441792.0,0.0001279918085242,0.2682951460592448,0.0403298661112785,1.7273020991124213,0.3086250121705234,2.0359271112829447,computed,205,True
forest__borneo__r2c0,forest,borneo,Borneo,1.0,114.0,1.0361047552001827,113.9640639393076,00-15,32650,-4000.0,4000.0,12.5,0.001,14,20,cuda:0,0.0251694422576999,psf_aware_plus50,18.75,0.0370053171457617,-0.4702478015555122,170524,173742,48.0,65536.0,173742.0,3145728.0,0.0002762717132299,0.4559885300695896,0.0802510767243802,1.7762337857857349,0.5362396067939699,2.3124733925797045,computed,205,True
forest__borneo__r2c0,forest,borneo,Borneo,1.0,114.0,1.0361047552001827,113.9640639393076,00-15,32650,-4000.0,4000.0,12.5,0.001,14,20,cuda:0,0.0251694422576999,psf_aware_minus50,6.25,0.0281735260700751,-0.1193544052989941,169902,169902,9.0,65536.0,169902.0,589824.0,5.297171310520182e-05,0.1738119120709598,0.0229128170758485,1.75397391570732,0.1967247291468083,1.9506986448541284,computed,205,True
forest__borneo__r2c0,forest,borneo,Borneo,1.0,114.0,1.0361047552001827,113.9640639393076,00-15,32650,-4000.0,4000.0,12.5,0.001,14,20,cuda:0,0.0251694422576999,nearest,,0.0292221008849315,-0.1610150350467851,169521,170524,,,,,,0.0,0.129770406987518,0.0,0.129770406987518,0.129770406987518,computed,205,True
forest__borneo__r2c0,forest,borneo,Borneo,1.0,114.0,1.0361047552001827,113.9640639393076,00-15,32650,-4000.0,4000.0,12.5,0.001,14,20,cuda:0,0.0251694422576999,bilinear,,0.0301568793895343,-0.1981544557392258,169521,170524,,,,,,0.0,0.1098146811127662,0.0,0.1098146811127662,0.1098146811127662,computed,205,True
forest__borneo__r2c0,forest,borneo,Borneo,1.0,114.0,1.0361047552001827,113.9640639393076,00-15,32650,-4000.0,4000.0,12.5,0.001,14,20,cuda:0,0.0251694422576999,bicubic,,0.0281439179192803,-0.1181780522240401,169521,170524,,,,,,0.0,0.7799431248567998,0.0,0.7799431248567998,0.7799431248567998,computed,205,True
forest__borneo__r2c1,forest,borneo,Borneo,1.0,114.0,1.0361392092653152,113.99996656746782,00-15,32650,0.0,4000.0,12.5,0.001,14,20,cuda:0,0.0228360017658941,blurred_observation,12.5,0.0228360017658941,0.0,170461,170461,,,,,,0.0,0.0,0.0,0.0,0.0,computed,206,True
forest__borneo__r2c1,forest,borneo,Borneo,1.0,114.0,1.0361392092653152,113.99996656746782,00-15,32650,0.0,4000.0,12.5,0.001,14,20,cuda:0,0.0228360017658941,psf_aware_matched,12.5,0.0198589868175824,0.1303649815248236,170461,171871,22.0,65536.0,171871.0,1441792.0,0.0001280029789784,0.2661162689328193,0.0404793689958751,1.7594590648077428,0.3065956379286945,2.0660547027364373,computed,206,True
forest__borneo__r2c1,forest,borneo,Borneo,1.0,114.0,1.0361392092653152,113.99996656746782,00-15,32650,0.0,4000.0,12.5,0.001,14,20,cuda:0,0.0228360017658941,psf_aware_plus50,18.75,0.0332922041073892,-0.4578823582467768,170461,173810,48.0,65536.0,173810.0,3145728.0,0.0002761636269489,0.4416343630291521,0.0798370731063187,1.7218047669157386,0.5214714361354709,2.243276203051209,computed,206,True
forest__borneo__r2c1,forest,borneo,Borneo,1.0,114.0,1.0361392092653152,113.99996656746782,00-15,32650,0.0,4000.0,12.5,0.001,14,20,cuda:0,0.0228360017658941,psf_aware_minus50,6.25,0.0253680733899716,-0.1108806896248912,169968,169968,9.0,65536.0,169968.0,589824.0,5.295114374470489e-05,0.1728591178543865,0.0225822809152305,1.6762258089147508,0.195441398769617,1.871667207684368,computed,206,True
forest__borneo__r2c1,forest,borneo,Borneo,1.0,114.0,1.0361392092653152,113.99996656746782,00-15,32650,0.0,4000.0,12.5,0.001,14,20,cuda:0,0.0228360017658941,nearest,,0.0262731010879255,-0.1505123075951402,169475,170461,,,,,,0.0,0.119357475079596,0.0,0.119357475079596,0.119357475079596,computed,206,True
forest__borneo__r2c1,forest,borneo,Borneo,1.0,114.0,1.0361392092653152,113.99996656746782,00-15,32650,0.0,4000.0,12.5,0.001,14,20,cuda:0,0.0228360017658941,bilinear,,0.0271007766214602,-0.1867566353903365,169475,170461,,,,,,0.0,0.1113022491335868,0.0,0.1113022491335868,0.1113022491335868,computed,206,True
forest__borneo__r2c1,forest,borneo,Borneo,1.0,114.0,1.0361392092653152,113.99996656746782,00-15,32650,0.0,4000.0,12.5,0.001,14,20,cuda:0,0.0228360017658941,bicubic,,0.0254610851370779,-0.1149537207999538,169475,170461,,,,,,0.0,0.7614308930933475,0.0,0.7614308930933475,0.7614308930933475,computed,206,True
forest__borneo__r2c2,forest,borneo,Borneo,1.0,114.0,1.0361732549403584,114.03587038306108,00-15,32650,4000.0,4000.0,12.5,0.001,14,20,cuda:0,0.0183396039004685,blurred_observation,12.5,0.0183396039004685,0.0,170376,170376,,,,,,0.0,0.0,0.0,0.0,0.0,computed,207,True
forest__borneo__r2c2,forest,borneo,Borneo,1.0,114.0,1.0361732549403584,114.03587038306108,00-15,32650,4000.0,4000.0,12.5,0.001,14,20,cuda:0,0.0183396039004685,psf_aware_matched,12.5,0.0158786020167144,0.1341905690608278,170376,171821,22.0,65536.0,171821.0,1441792.0,0.0001280402279116,0.2713357550092041,0.0405060993507504,1.7223770506680012,0.3118418543599546,2.034218905027956,computed,207,True
forest__borneo__r2c2,forest,borneo,Borneo,1.0,114.0,1.0361732549403584,114.03587038306108,00-15,32650,4000.0,4000.0,12.5,0.001,14,20,cuda:0,0.0183396039004685,psf_aware_plus50,18.75,0.0270404858027306,-0.4744312881283044,170376,173910,48.0,65536.0,173910.0,3145728.0,0.0002760048300845,0.4846981456503272,0.0818538628518581,1.811508377082646,0.5665520085021853,2.3780603855848312,computed,207,True
forest__borneo__r2c2,forest,borneo,Borneo,1.0,114.0,1.0361732549403584,114.03587038306108,00-15,32650,4000.0,4000.0,12.5,0.001,14,20,cuda:0,0.0183396039004685,psf_aware_minus50,6.25,0.0203867759446019,-0.1116257502203235,170058,170058,9.0,65536.0,170058.0,589824.0,5.292312034717567e-05,0.1779607511125505,0.023037873674184,1.7093974379822612,0.2009986247867345,1.910396062768996,computed,207,True
forest__borneo__r2c2,forest,borneo,Borneo,1.0,114.0,1.0361732549403584,114.03587038306108,00-15,32650,4000.0,4000.0,12.5,0.001,14,20,cuda:0,0.0183396039004685,nearest,,0.0211470764286645,-0.1530825062216487,169440,170376,,,,,,0.0,0.121021837927401,0.0,0.121021837927401,0.121021837927401,computed,207,True
forest__borneo__r2c2,forest,borneo,Borneo,1.0,114.0,1.0361732549403584,114.03587038306108,00-15,32650,4000.0,4000.0,12.5,0.001,14,20,cuda:0,0.0183396039004685,bilinear,,0.0218320507595538,-0.1904319677807249,169440,170376,,,,,,0.0,0.1077875718474388,0.0,0.1077875718474388,0.1077875718474388,computed,207,True
forest__borneo__r2c2,forest,borneo,Borneo,1.0,114.0,1.0361732549403584,114.03587038306108,00-15,32650,4000.0,4000.0,12.5,0.001,14,20,cuda:0,0.0183396039004685,bicubic,,0.0204947390413431,-0.1175126329102214,169440,170376,,,,,,0.0,0.7704886980354786,0.0,0.7704886980354786,0.7704886980354786,computed,207,True
forest__appalachian__r0c0,forest,appalachian,Great Smoky Mountains,35.5,-83.5,35.46304713735165,-83.54292588563318,30-45,32617,-4000.0,-4000.0,12.5,0.001,14,20,cuda:0,0.0326009825604263,blurred_observation,12.5,0.0326009825604263,0.0,169979,169979,,,,,,0.0,0.0,0.0,0.0,0.0,computed,208,True
forest__appalachian__r0c0,forest,appalachian,Great Smoky Mountains,35.5,-83.5,35.46304713735165,-83.54292588563318,30-45,32617,-4000.0,-4000.0,12.5,0.001,14,20,cuda:0,0.0326009825604263,psf_aware_matched,12.5,0.0279193005400189,0.1436055496710817,169979,171309,22.0,65536.0,171309.0,1441792.0,0.0001284229083118,0.2721105921082198,0.040642337873578,2.6980512542650104,0.3127529299817979,3.0108041842468083,computed,208,True
forest__appalachian__r0c0,forest,appalachian,Great Smoky Mountains,35.5,-83.5,35.46304713735165,-83.54292588563318,30-45,32617,-4000.0,-4000.0,12.5,0.001,14,20,cuda:0,0.0326009825604263,psf_aware_plus50,18.75,0.0473588041952785,-0.4526802714457567,169979,173293,48.0,65536.0,173293.0,3145728.0,0.0002769875297905,0.4492266732268035,0.0800455179996788,2.704958056099713,0.5292721912264824,3.2342302473261952,computed,208,True
forest__appalachian__r0c0,forest,appalachian,Great Smoky Mountains,35.5,-83.5,35.46304713735165,-83.54292588563318,30-45,32617,-4000.0,-4000.0,12.5,0.001,14,20,cuda:0,0.0326009825604263,psf_aware_minus50,6.25,0.0363464116472513,-0.1148870001044546,169454,169454,9.0,65536.0,169454.0,589824.0,5.311175894343008e-05,0.1706628487445414,0.0226297709159553,2.6393125308677554,0.1932926196604967,2.832605150528252,computed,208,True
forest__appalachian__r0c0,forest,appalachian,Great Smoky Mountains,35.5,-83.5,35.46304713735165,-83.54292588563318,30-45,32617,-4000.0,-4000.0,12.5,0.001,14,20,cuda:0,0.0326009825604263,nearest,,0.0376515677732295,-0.154921257463386,168987,169979,,,,,,0.0,0.1213960759341716,0.0,0.1213960759341716,0.1213960759341716,computed,208,True
forest__appalachian__r0c0,forest,appalachian,Great Smoky Mountains,35.5,-83.5,35.46304713735165,-83.54292588563318,30-45,32617,-4000.0,-4000.0,12.5,0.001,14,20,cuda:0,0.0326009825604263,bilinear,,0.0388915838012704,-0.1929574125314888,168987,169979,,,,,,0.0,0.1075005168095231,0.0,0.1075005168095231,0.1075005168095231,computed,208,True
forest__appalachian__r0c0,forest,appalachian,Great Smoky Mountains,35.5,-83.5,35.46304713735165,-83.54292588563318,30-45,32617,-4000.0,-4000.0,12.5,0.001,14,20,cuda:0,0.0326009825604263,bicubic,,0.0363285144590224,-0.1143380231466046,168987,169979,,,,,,0.0,0.7664988618344069,0.0,0.7664988618344069,0.7664988618344069,computed,208,True
forest__appalachian__r0c1,forest,appalachian,Great Smoky Mountains,35.5,-83.5,35.46396752537654,-83.49888381743439,30-45,32617,0.0,-4000.0,12.5,0.001,14,20,cuda:0,0.0266190352232887,blurred_observation,12.5,0.0266190352232887,0.0,169979,169979,,,,,,0.0,0.0,0.0,0.0,0.0,computed,209,True
forest__appalachian__r0c1,forest,appalachian,Great Smoky Mountains,35.5,-83.5,35.46396752537654,-83.49888381743439,30-45,32617,0.0,-4000.0,12.5,0.001,14,20,cuda:0,0.0266190352232887,psf_aware_matched,12.5,0.0224947653670061,0.1549368646041043,169979,171318,22.0,65536.0,171318.0,1441792.0,0.0001284161617576,0.2728306259959936,0.0417157807387411,2.6929467152804136,0.3145464067347348,3.0074931220151484,computed,209,True
forest__appalachian__r0c1,forest,appalachian,Great Smoky Mountains,35.5,-83.5,35.46396752537654,-83.49888381743439,30-45,32617,0.0,-4000.0,12.5,0.001,14,20,cuda:0,0.0266190352232887,psf_aware_plus50,18.75,0.0392866097246043,-0.4758840579703989,169979,173304,48.0,65536.0,173304.0,3145728.0,0.0002769699487605,0.4552987432107329,0.0798739832825958,2.666402780916542,0.5351727264933288,3.20157550740987,computed,209,True
forest__appalachian__r0c1,forest,appalachian,Great Smoky Mountains,35.5,-83.5,35.46396752537654,-83.49888381743439,30-45,32617,0.0,-4000.0,12.5,0.001,14,20,cuda:0,0.0266190352232887,psf_aware_minus50,6.25,0.0299765867646554,-0.1261334797900268,169459,169459,9.0,65536.0,169459.0,589824.0,5.311019184581521e-05,0.1803643829189241,0.022470018826425,2.68456285726279,0.2028344017453491,2.88739725900814,computed,209,True
forest__appalachian__r0c1,forest,appalachian,Great Smoky Mountains,35.5,-83.5,35.46396752537654,-83.49888381743439,30-45,32617,0.0,-4000.0,12.5,0.001,14,20,cuda:0,0.0266190352232887,nearest,,0.0310661317020846,-0.1670645251224281,168997,169979,,,,,,0.0,0.1271032649092376,0.0,0.1271032649092376,0.1271032649092376,computed,209,True
forest__appalachian__r0c1,forest,appalachian,Great Smoky Mountains,35.5,-83.5,35.46396752537654,-83.49888381743439,30-45,32617,0.0,-4000.0,12.5,0.001,14,20,cuda:0,0.0266190352232887,bilinear,,0.0321105413932032,-0.2062999700721717,168997,169979,,,,,,0.0,0.1080024489201605,0.0,0.1080024489201605,0.1080024489201605,computed,209,True
forest__appalachian__r0c1,forest,appalachian,Great Smoky Mountains,35.5,-83.5,35.46396752537654,-83.49888381743439,30-45,32617,0.0,-4000.0,12.5,0.001,14,20,cuda:0,0.0266190352232887,bicubic,,0.0298344751903012,-0.1207947598416103,168997,169979,,,,,,0.0,0.765978685580194,0.0,0.765978685580194,0.765978685580194,computed,209,True
forest__appalachian__r0c2,forest,appalachian,Great Smoky Mountains,35.5,-83.5,35.46487186327694,-83.45483976996755,30-45,32617,4000.0,-4000.0,12.5,0.001,14,20,cuda:0,0.0289209704059023,blurred_observation,12.5,0.0289209704059023,0.0,169990,169990,,,,,,0.0,0.0,0.0,0.0,0.0,computed,210,True
forest__appalachian__r0c2,forest,appalachian,Great Smoky Mountains,35.5,-83.5,35.46487186327694,-83.45483976996755,30-45,32617,4000.0,-4000.0,12.5,0.001,14,20,cuda:0,0.0289209704059023,psf_aware_matched,12.5,0.0242938364753448,0.1599923469239189,169990,171324,22.0,65536.0,171324.0,1441792.0,0.0001284116644486,0.2847599904052913,0.0406201547011733,2.817507836036384,0.3253801451064646,3.1428879811428487,computed,210,True
forest__appalachian__r0c2,forest,appalachian,Great Smoky Mountains,35.5,-83.5,35.46487186327694,-83.45483976996755,30-45,32617,4000.0,-4000.0,12.5,0.001,14,20,cuda:0,0.0289209704059023,psf_aware_plus50,18.75,0.0427543414235665,-0.478316281352751,169990,173309,48.0,65536.0,173309.0,3145728.0,0.000276961958121,0.4453216572292149,0.0798135180957615,2.747828412335366,0.5251351753249764,3.2729635876603425,computed,210,True
forest__appalachian__r0c2,forest,appalachian,Great Smoky Mountains,35.5,-83.5,35.46487186327694,-83.45483976996755,30-45,32617,4000.0,-4000.0,12.5,0.001,14,20,cuda:0,0.0289209704059023,psf_aware_minus50,6.25,0.0326095269731027,-0.1275391702087445,169465,169465,9.0,65536.0,169465.0,589824.0,5.310831145074204e-05,0.1665890733711421,0.0223140129819512,2.6304901223629717,0.1889030863530933,2.8193932087160647,computed,210,True
forest__appalachian__r0c2,forest,appalachian,Great Smoky Mountains,35.5,-83.5,35.46487186327694,-83.45483976996755,30-45,32617,4000.0,-4000.0,12.5,0.001,14,20,cuda:0,0.0289209704059023,nearest,,0.0338681724076804,-0.1710593362651651,169008,169990,,,,,,0.0,0.1204796400852501,0.0,0.1204796400852501,0.1204796400852501,computed,210,True
forest__appalachian__r0c2,forest,appalachian,Great Smoky Mountains,35.5,-83.5,35.46487186327694,-83.45483976996755,30-45,32617,4000.0,-4000.0,12.5,0.001,14,20,cuda:0,0.0289209704059023,bilinear,,0.0350310648300706,-0.2112686517227404,169008,169990,,,,,,0.0,0.1067873770371079,0.0,0.1067873770371079,0.1067873770371079,computed,210,True
forest__appalachian__r0c2,forest,appalachian,Great Smoky Mountains,35.5,-83.5,35.46487186327694,-83.45483976996755,30-45,32617,4000.0,-4000.0,12.5,0.001,14,20,cuda:0,0.0289209704059023,bicubic,,0.032412696946058,-0.1207333810432258,169008,169990,,,,,,0.0,0.7626578155905008,0.0,0.7626578155905008,0.7626578155905008,computed,210,True
forest__appalachian__r1c0,forest,appalachian,Great Smoky Mountains,35.5,-83.5,35.49907839391964,-83.54406168929839,30-45,32617,-4000.0,0.0,12.5,0.001,14,20,cuda:0,0.0285790234064638,blurred_observation,12.5,0.0285790234064638,0.0,169973,169973,,,,,,0.0,0.0,0.0,0.0,0.0,computed,211,True
forest__appalachian__r1c0,forest,appalachian,Great Smoky Mountains,35.5,-83.5,35.49907839391964,-83.54406168929839,30-45,32617,-4000.0,0.0,12.5,0.001,14,20,cuda:0,0.0285790234064638,psf_aware_matched,12.5,0.0242449777811109,0.1516512850600992,169973,171311,22.0,65536.0,171311.0,1441792.0,0.0001284214090163,0.2840198487974703,0.0406923522241413,2.645946546923369,0.3247122010216117,2.970658747944981,computed,211,True
forest__appalachian__r1c0,forest,appalachian,Great Smoky Mountains,35.5,-83.5,35.49907839391964,-83.54406168929839,30-45,32617,-4000.0,0.0,12.5,0.001,14,20,cuda:0,0.0285790234064638,psf_aware_plus50,18.75,0.0419196815776782,-0.466798951856316,169973,173295,48.0,65536.0,173295.0,3145728.0,0.0002769843330736,0.488407471217215,0.0800694031640887,2.789103979244828,0.5684768743813038,3.357580853626132,computed,211,True
forest__appalachian__r1c0,forest,appalachian,Great Smoky Mountains,35.5,-83.5,35.49907839391964,-83.54406168929839,30-45,32617,-4000.0,0.0,12.5,0.001,14,20,cuda:0,0.0285790234064638,psf_aware_minus50,6.25,0.0320523821766524,-0.1215352505503402,169443,169443,9.0,65536.0,169443.0,589824.0,5.311520688373081e-05,0.2423122529871761,0.0225822208449244,2.7065351619385183,0.2648944738321006,2.971429635770619,computed,211,True
forest__appalachian__r1c0,forest,appalachian,Great Smoky Mountains,35.5,-83.5,35.49907839391964,-83.54406168929839,30-45,32617,-4000.0,0.0,12.5,0.001,14,20,cuda:0,0.0285790234064638,nearest,,0.0331989964983936,-0.1616560869216035,168989,169973,,,,,,0.0,0.1546311140991747,0.0,0.1546311140991747,0.1546311140991747,computed,211,True
forest__appalachian__r1c0,forest,appalachian,Great Smoky Mountains,35.5,-83.5,35.49907839391964,-83.54406168929839,30-45,32617,-4000.0,0.0,12.5,0.001,14,20,cuda:0,0.0285790234064638,bilinear,,0.0342936758284521,-0.1999596816417401,168989,169973,,,,,,0.0,0.1079260529950261,0.0,0.1079260529950261,0.1079260529950261,computed,211,True
forest__appalachian__r1c0,forest,appalachian,Great Smoky Mountains,35.5,-83.5,35.49907839391964,-83.54406168929839,30-45,32617,-4000.0,0.0,12.5,0.001,14,20,cuda:0,0.0285790234064638,bicubic,,0.0319540546739386,-0.1180947025191716,168989,169973,,,,,,0.0,0.8230446898378432,0.0,0.8230446898378432,0.8230446898378432,computed,211,True
forest__appalachian__r1c1,forest,appalachian,Great Smoky Mountains,35.5,-83.5,35.5,-83.5,30-45,32617,0.0,0.0,12.5,0.001,14,20,cuda:0,0.0285691541147903,blurred_observation,12.5,0.0285691541147903,0.0,169980,169980,,,,,,0.0,0.0,0.0,0.0,0.0,computed,212,True
forest__appalachian__r1c1,forest,appalachian,Great Smoky Mountains,35.5,-83.5,35.5,-83.5,30-45,32617,0.0,0.0,12.5,0.001,14,20,cuda:0,0.0285691541147903,psf_aware_matched,12.5,0.0244030401830838,0.1458255961995621,169980,171321,22.0,65536.0,171321.0,1441792.0,0.0001284139130637,0.3045984241180122,0.0407610721886158,2.6876584603451192,0.345359496306628,3.0330179566517472,computed,212,True
forest__appalachian__r1c1,forest,appalachian,Great Smoky Mountains,35.5,-83.5,35.5,-83.5,30-45,32617,0.0,0.0,12.5,0.001,14,20,cuda:0,0.0285691541147903,psf_aware_plus50,18.75,0.0417162511068973,-0.4601850282049702,169980,173303,48.0,65536.0,173303.0,3145728.0,0.0002769715469437,0.5158498981036246,0.0801515784114599,2.7915590899065137,0.5960014765150845,3.387560566421598,computed,212,True
forest__appalachian__r1c1,forest,appalachian,Great Smoky Mountains,35.5,-83.5,35.5,-83.5,30-45,32617,0.0,0.0,12.5,0.001,14,20,cuda:0,0.0285691541147903,psf_aware_minus50,6.25,0.0318659211035512,-0.1153960308210229,169443,169443,9.0,65536.0,169443.0,589824.0,5.311520688373081e-05,0.1704468787647783,0.0226439982652664,2.693032518029213,0.1930908770300448,2.8861233950592577,computed,212,True
forest__appalachian__r1c1,forest,appalachian,Great Smoky Mountains,35.5,-83.5,35.5,-83.5,30-45,32617,0.0,0.0,12.5,0.001,14,20,cuda:0,0.0285691541147903,nearest,,0.0330117152913351,-0.1555020200701304,168994,169980,,,,,,0.0,0.1406709430739283,0.0,0.1406709430739283,0.1406709430739283,computed,212,True
forest__appalachian__r1c1,forest,appalachian,Great Smoky Mountains,35.5,-83.5,35.5,-83.5,30-45,32617,0.0,0.0,12.5,0.001,14,20,cuda:0,0.0285691541147903,bilinear,,0.0340884855522646,-0.1931919795489105,168994,169980,,,,,,0.0,0.1087640696205198,0.0,0.1087640696205198,0.1087640696205198,computed,212,True
forest__appalachian__r1c1,forest,appalachian,Great Smoky Mountains,35.5,-83.5,35.5,-83.5,30-45,32617,0.0,0.0,12.5,0.001,14,20,cuda:0,0.0285691541147903,bicubic,,0.0318675806671617,-0.1154541201716479,168994,169980,,,,,,0.0,0.792826637160033,0.0,0.792826637160033,0.792826637160033,computed,212,True
forest__appalachian__r1c2,forest,appalachian,Great Smoky Mountains,35.5,-83.5,35.50090553474169,-83.4559363279118,30-45,32617,4000.0,0.0,12.5,0.001,14,20,cuda:0,0.0263041468590852,blurred_observation,12.5,0.0263041468590852,0.0,169996,169996,,,,,,0.0,0.0,0.0,0.0,0.0,computed,213,True
forest__appalachian__r1c2,forest,appalachian,Great Smoky Mountains,35.5,-83.5,35.50090553474169,-83.4559363279118,30-45,32617,4000.0,0.0,12.5,0.001,14,20,cuda:0,0.0263041468590852,psf_aware_matched,12.5,0.0222012031834007,0.1559808686312647,169996,171325,22.0,65536.0,171325.0,1441792.0,0.0001284109149277,0.2709531593136489,0.0405973028391599,2.757562869228422,0.3115504621528089,3.0691133313812315,computed,213,True
forest__appalachian__r1c2,forest,appalachian,Great Smoky Mountains,35.5,-83.5,35.50090553474169,-83.4559363279118,30-45,32617,4000.0,0.0,12.5,0.001,14,20,cuda:0,0.0263041468590852,psf_aware_plus50,18.75,0.038814930298069,-0.4756201942608395,169996,173298,48.0,65536.0,173298.0,3145728.0,0.0002769795381366,0.5447830888442695,0.0800251686014235,2.767680572811514,0.624808257445693,3.392488830257207,computed,213,True
forest__appalachian__r1c2,forest,appalachian,Great Smoky Mountains,35.5,-83.5,35.50090553474169,-83.4559363279118,30-45,32617,4000.0,0.0,12.5,0.001,14,20,cuda:0,0.0263041468590852,psf_aware_minus50,6.25,0.0295239707712846,-0.1224074640948591,169455,169455,9.0,65536.0,169455.0,589824.0,5.311144551650881e-05,0.1774339429102838,0.0224541593343019,2.6593981948681176,0.1998881022445857,2.8592862971127038,computed,213,True
forest__appalachian__r1c2,forest,appalachian,Great Smoky Mountains,35.5,-83.5,35.50090553474169,-83.4559363279118,30-45,32617,4000.0,0.0,12.5,0.001,14,20,cuda:0,0.0263041468590852,nearest,,0.030591775797414,-0.1630020149027529,169000,169996,,,,,,0.0,0.2293216390535235,0.0,0.2293216390535235,0.2293216390535235,computed,213,True
forest__appalachian__r1c2,forest,appalachian,Great Smoky Mountains,35.5,-83.5,35.50090553474169,-83.4559363279118,30-45,32617,4000.0,0.0,12.5,0.001,14,20,cuda:0,0.0263041468590852,bilinear,,0.031623875207226,-0.2022391517443724,169000,169996,,,,,,0.0,0.1092101261019706,0.0,0.1092101261019706,0.1092101261019706,computed,213,True
forest__appalachian__r1c2,forest,appalachian,Great Smoky Mountains,35.5,-83.5,35.50090553474169,-83.4559363279118,30-45,32617,4000.0,0.0,12.5,0.001,14,20,cuda:0,0.0263041468590852,bicubic,,0.0294218879271616,-0.1185265990483757,169000,169996,,,,,,0.0,0.7748866379261017,0.0,0.7748866379261017,0.7748866379261017,computed,213,True
forest__appalachian__r2c0,forest,appalachian,Great Smoky Mountains,35.5,-83.5,35.535109403202235,-83.5451995105412,30-45,32617,-4000.0,4000.0,12.5,0.001,14,20,cuda:0,0.0270738510387188,blurred_observation,12.5,0.0270738510387188,0.0,169968,169968,,,,,,0.0,0.0,0.0,0.0,0.0,computed,214,True
forest__appalachian__r2c0,forest,appalachian,Great Smoky Mountains,35.5,-83.5,35.535109403202235,-83.5451995105412,30-45,32617,-4000.0,4000.0,12.5,0.001,14,20,cuda:0,0.0270738510387188,psf_aware_matched,12.5,0.0233081826144516,0.1390887620265698,169968,171305,22.0,65536.0,171305.0,1441792.0,0.0001284259070079,0.2688213130459189,0.0404504537582397,2.633035722654313,0.3092717668041587,2.9423074894584715,computed,214,True
forest__appalachian__r2c0,forest,appalachian,Great Smoky Mountains,35.5,-83.5,35.535109403202235,-83.5451995105412,30-45,32617,-4000.0,4000.0,12.5,0.001,14,20,cuda:0,0.0270738510387188,psf_aware_plus50,18.75,0.0390949923896564,-0.4440129826283665,169968,173289,48.0,65536.0,173289.0,3145728.0,0.0002769939234458,0.4508867068216204,0.0798518406227231,2.807990781962872,0.5307385474443436,3.338729329407215,computed,214,True
forest__appalachian__r2c0,forest,appalachian,Great Smoky Mountains,35.5,-83.5,35.535109403202235,-83.5451995105412,30-45,32617,-4000.0,4000.0,12.5,0.001,14,20,cuda:0,0.0270738510387188,psf_aware_minus50,6.25,0.0301269356192553,-0.1127687589094836,169443,169443,9.0,65536.0,169443.0,589824.0,5.311520688373081e-05,0.1698825499042868,0.022434621118009,2.65242514712736,0.1923171710222959,2.844742318149656,computed,214,True
forest__appalachian__r2c0,forest,appalachian,Great Smoky Mountains,35.5,-83.5,35.535109403202235,-83.5451995105412,30-45,32617,-4000.0,4000.0,12.5,0.001,14,20,cuda:0,0.0270738510387188,nearest,,0.031188171040497,-0.1519665597588697,168984,169968,,,,,,0.0,0.121674423571676,0.0,0.121674423571676,0.121674423571676,computed,214,True
forest__appalachian__r2c0,forest,appalachian,Great Smoky Mountains,35.5,-83.5,35.535109403202235,-83.5451995105412,30-45,32617,-4000.0,4000.0,12.5,0.001,14,20,cuda:0,0.0270738510387188,bilinear,,0.0321744329645821,-0.1883951388581166,168984,169968,,,,,,0.0,0.1088762641884386,0.0,0.1088762641884386,0.1088762641884386,computed,214,True
forest__appalachian__r2c0,forest,appalachian,Great Smoky Mountains,35.5,-83.5,35.535109403202235,-83.5451995105412,30-45,32617,-4000.0,4000.0,12.5,0.001,14,20,cuda:0,0.0270738510387188,bicubic,,0.0301296919027689,-0.1128705650215737,168984,169968,,,,,,0.0,0.7566457600332797,0.0,0.7566457600332797,0.7566457600332797,computed,214,True
forest__appalachian__r2c1,forest,appalachian,Great Smoky Mountains,35.5,-83.5,35.53603222840682,-83.50111816535704,30-45,32617,0.0,4000.0,12.5,0.001,14,20,cuda:0,0.0299292163876922,blurred_observation,12.5,0.0299292163876922,0.0,169982,169982,,,,,,0.0,0.0,0.0,0.0,0.0,computed,215,True
forest__appalachian__r2c1,forest,appalachian,Great Smoky Mountains,35.5,-83.5,35.53603222840682,-83.50111816535704,30-45,32617,0.0,4000.0,12.5,0.001,14,20,cuda:0,0.0299292163876922,psf_aware_matched,12.5,0.0255860555026809,0.1451144202625141,169982,171315,22.0,65536.0,171315.0,1441792.0,0.0001284184105303,0.2676162691786885,0.0404196954332292,2.6278283703140914,0.3080359646119177,2.935864334926009,computed,215,True
forest__appalachian__r2c1,forest,appalachian,Great Smoky Mountains,35.5,-83.5,35.53603222840682,-83.50111816535704,30-45,32617,0.0,4000.0,12.5,0.001,14,20,cuda:0,0.0299292163876922,psf_aware_plus50,18.75,0.0440232190685123,-0.4709111825131491,169982,173297,48.0,65536.0,173297.0,3145728.0,0.0002769811364305,0.5001800400204957,0.0798417311161756,2.638195836916566,0.5800217711366713,3.218217608053237,computed,215,True
forest__appalachian__r2c1,forest,appalachian,Great Smoky Mountains,35.5,-83.5,35.53603222840682,-83.50111816535704,30-45,32617,0.0,4000.0,12.5,0.001,14,20,cuda:0,0.0299292163876922,psf_aware_minus50,6.25,0.0334132586886418,-0.1164094059736997,169449,169449,9.0,65536.0,169449.0,589824.0,5.31133261335269e-05,0.1700659575872123,0.0223357840441167,2.5792775750160217,0.192401741631329,2.771679316647351,computed,215,True
forest__appalachian__r2c1,forest,appalachian,Great Smoky Mountains,35.5,-83.5,35.53603222840682,-83.50111816535704,30-45,32617,0.0,4000.0,12.5,0.001,14,20,cuda:0,0.0299292163876922,nearest,,0.0346406035916748,-0.1574176598195222,168993,169982,,,,,,0.0,0.1204464170150458,0.0,0.1204464170150458,0.1204464170150458,computed,215,True
forest__appalachian__r2c1,forest,appalachian,Great Smoky Mountains,35.5,-83.5,35.53603222840682,-83.50111816535704,30-45,32617,0.0,4000.0,12.5,0.001,14,20,cuda:0,0.0299292163876922,bilinear,,0.0358092654516756,-0.1964651859846689,168993,169982,,,,,,0.0,0.108011154923588,0.0,0.108011154923588,0.108011154923588,computed,215,True
forest__appalachian__r2c1,forest,appalachian,Great Smoky Mountains,35.5,-83.5,35.53603222840682,-83.50111816535704,30-45,32617,0.0,4000.0,12.5,0.001,14,20,cuda:0,0.0299292163876922,bicubic,,0.0334512620185702,-0.1176791796101388,168993,169982,,,,,,0.0,0.7652725889347494,0.0,0.7652725889347494,0.7652725889347494,computed,215,True
forest__appalachian__r2c2,forest,appalachian,Great Smoky Mountains,35.5,-83.5,35.536938961040065,-83.45703483385154,30-45,32617,4000.0,4000.0,12.5,0.001,14,20,cuda:0,0.0320361535133777,blurred_observation,12.5,0.0320361535133777,0.0,169987,169987,,,,,,0.0,0.0,0.0,0.0,0.0,computed,216,True
forest__appalachian__r2c2,forest,appalachian,Great Smoky Mountains,35.5,-83.5,35.536938961040065,-83.45703483385154,30-45,32617,4000.0,4000.0,12.5,0.001,14,20,cuda:0,0.0320361535133777,psf_aware_matched,12.5,0.027318247322366,0.1472681852720444,169987,171324,22.0,65536.0,171324.0,1441792.0,0.0001284116644486,0.2725779470056295,0.0403885971754789,2.6641921838745475,0.3129665441811085,2.977158728055656,computed,216,True
forest__appalachian__r2c2,forest,appalachian,Great Smoky Mountains,35.5,-83.5,35.536938961040065,-83.45703483385154,30-45,32617,4000.0,4000.0,12.5,0.001,14,20,cuda:0,0.0320361535133777,psf_aware_plus50,18.75,0.0468065470371249,-0.4610539001687346,169987,173310,48.0,65536.0,173310.0,3145728.0,0.0002769603600484,0.4292413610965013,0.0797710679471492,2.6809030449949205,0.5090124290436506,3.189915474038571,computed,216,True
forest__appalachian__r2c2,forest,appalachian,Great Smoky Mountains,35.5,-83.5,35.536938961040065,-83.45703483385154,30-45,32617,4000.0,4000.0,12.5,0.001,14,20,cuda:0,0.0320361535133777,psf_aware_minus50,6.25,0.0357260623805274,-0.1151795225855931,169449,169449,9.0,65536.0,169449.0,589824.0,5.31133261335269e-05,0.1703141080215573,0.0224003470502793,2.6029164167121053,0.1927144550718367,2.795630871783942,computed,216,True
forest__appalachian__r2c2,forest,appalachian,Great Smoky Mountains,35.5,-83.5,35.536938961040065,-83.45703483385154,30-45,32617,4000.0,4000.0,12.5,0.001,14,20,cuda:0,0.0320361535133777,nearest,,0.0370188547217337,-0.1555336912178064,169006,169987,,,,,,0.0,0.1205318388529121,0.0,0.1205318388529121,0.1205318388529121,computed,216,True
forest__appalachian__r2c2,forest,appalachian,Great Smoky Mountains,35.5,-83.5,35.536938961040065,-83.45703483385154,30-45,32617,4000.0,4000.0,12.5,0.001,14,20,cuda:0,0.0320361535133777,bilinear,,0.0382358040733853,-0.1935204411296982,169006,169987,,,,,,0.0,0.1070305579341948,0.0,0.1070305579341948,0.1070305579341948,computed,216,True
forest__appalachian__r2c2,forest,appalachian,Great Smoky Mountains,35.5,-83.5,35.536938961040065,-83.45703483385154,30-45,32617,4000.0,4000.0,12.5,0.001,14,20,cuda:0,0.0320361535133777,bicubic,,0.0357573896360857,-0.116157394524722,169006,169987,,,,,,0.0,0.7630537771619856,0.0,0.7630537771619856,0.7630537771619856,computed,216,True
forest__black_forest__r0c0,forest,black_forest,"Black Forest, Germany",48.1,8.2,48.06362921073826,8.146874592040898,45-60,32632,-4000.0,-4000.0,12.5,0.001,14,20,cuda:0,0.0249369529296273,blurred_observation,12.5,0.0249369529296273,0.0,169693,169693,,,,,,0.0,0.0,0.0,0.0,0.0,computed,217,True
forest__black_forest__r0c0,forest,black_forest,"Black Forest, Germany",48.1,8.2,48.06362921073826,8.146874592040898,45-60,32632,-4000.0,-4000.0,12.5,0.001,14,20,cuda:0,0.0249369529296273,psf_aware_matched,12.5,0.0205956866379213,0.1740896854542399,169693,171011,22.0,65536.0,171011.0,1441792.0,0.0001286466952418,0.2701163948513567,0.0404456849209964,1.4833506010472777,0.3105620797723532,1.7939126808196306,computed,217,True
forest__black_forest__r0c0,forest,black_forest,"Black Forest, Germany",48.1,8.2,48.06362921073826,8.146874592040898,45-60,32632,-4000.0,-4000.0,12.5,0.001,14,20,cuda:0,0.0249369529296273,psf_aware_plus50,18.75,0.0386300365789365,-0.5491081323348295,169693,172995,48.0,65536.0,172995.0,3145728.0,0.0002774646666088,0.4264752906747162,0.0798739218153059,1.5224084872752428,0.5063492124900222,2.028757699765265,computed,217,True
forest__black_forest__r0c0,forest,black_forest,"Black Forest, Germany",48.1,8.2,48.06362921073826,8.146874592040898,45-60,32632,-4000.0,-4000.0,12.5,0.001,14,20,cuda:0,0.0249369529296273,psf_aware_minus50,6.25,0.0280531156902287,-0.124961649059343,169159,169159,9.0,65536.0,169159.0,589824.0,5.320438167641095e-05,0.1902170949615538,0.0211462620645761,1.4820654359646142,0.2113633570261299,1.693428792990744,computed,217,True
forest__black_forest__r0c0,forest,black_forest,"Black Forest, Germany",48.1,8.2,48.06362921073826,8.146874592040898,45-60,32632,-4000.0,-4000.0,12.5,0.001,14,20,cuda:0,0.0249369529296273,nearest,,0.0293339894930943,-0.1763261363918662,168725,169693,,,,,,0.0,0.1190138142555952,0.0,0.1190138142555952,0.1190138142555952,computed,217,True
forest__black_forest__r0c0,forest,black_forest,"Black Forest, Germany",48.1,8.2,48.06362921073826,8.146874592040898,45-60,32632,-4000.0,-4000.0,12.5,0.001,14,20,cuda:0,0.0249369529296273,bilinear,,0.0304994691132555,-0.2230631865619579,168725,169693,,,,,,0.0,0.107568226289004,0.0,0.107568226289004,0.107568226289004,computed,217,True
forest__black_forest__r0c0,forest,black_forest,"Black Forest, Germany",48.1,8.2,48.06362921073826,8.146874592040898,45-60,32632,-4000.0,-4000.0,12.5,0.001,14,20,cuda:0,0.0249369529296273,bicubic,,0.0280311268471135,-0.1240798715952993,168725,169693,,,,,,0.0,0.7654488426633179,0.0,0.7654488426633179,0.7654488426633179,computed,217,True
forest__black_forest__r0c1,forest,black_forest,"Black Forest, Germany",48.1,8.2,48.06401527723078,8.200557790188315,45-60,32632,0.0,-4000.0,12.5,0.001,14,20,cuda:0,0.030840991849866,blurred_observation,12.5,0.030840991849866,0.0,169699,169699,,,,,,0.0,0.0,0.0,0.0,0.0,computed,218,True
forest__black_forest__r0c1,forest,black_forest,"Black Forest, Germany",48.1,8.2,48.06401527723078,8.200557790188315,45-60,32632,0.0,-4000.0,12.5,0.001,14,20,cuda:0,0.030840991849866,psf_aware_matched,12.5,0.0244373805384277,0.2076331183708719,169699,171028,22.0,65536.0,171028.0,1441792.0,0.0001286339078981,0.2672506072558462,0.0404916312545537,1.502046940848231,0.3077422385104,1.8097891793586316,computed,218,True
forest__black_forest__r0c1,forest,black_forest,"Black Forest, Germany",48.1,8.2,48.06401527723078,8.200557790188315,45-60,32632,0.0,-4000.0,12.5,0.001,14,20,cuda:0,0.030840991849866,psf_aware_plus50,18.75,0.048608112589975,-0.5760878517331507,169699,172984,48.0,65536.0,172984.0,3145728.0,0.0002774823105027,0.4229172221384942,0.0797836510464549,1.5091976057738066,0.5027008731849492,2.011898478958756,computed,218,True
forest__black_forest__r0c1,forest,black_forest,"Black Forest, Germany",48.1,8.2,48.06401527723078,8.200557790188315,45-60,32632,0.0,-4000.0,12.5,0.001,14,20,cuda:0,0.030840991849866,psf_aware_minus50,6.25,0.0353346765289138,-0.1457049339049474,169170,169170,9.0,65536.0,169170.0,589824.0,5.320092214931725e-05,0.1879664422012865,0.0211490872316062,1.4877248760312796,0.2091155294328928,1.6968404054641724,computed,218,True
forest__black_forest__r0c1,forest,black_forest,"Black Forest, Germany",48.1,8.2,48.06401527723078,8.200557790188315,45-60,32632,0.0,-4000.0,12.5,0.001,14,20,cuda:0,0.030840991849866,nearest,,0.037054360824191,-0.2014646287827473,168717,169699,,,,,,0.0,0.1198294591158628,0.0,0.1198294591158628,0.1198294591158628,computed,218,True
forest__black_forest__r0c1,forest,black_forest,"Black Forest, Germany",48.1,8.2,48.06401527723078,8.200557790188315,45-60,32632,0.0,-4000.0,12.5,0.001,14,20,cuda:0,0.030840991849866,bilinear,,0.0386787802237311,-0.2541354186019504,168717,169699,,,,,,0.0,0.1060874117538333,0.0,0.1060874117538333,0.1060874117538333,computed,218,True
forest__black_forest__r0c1,forest,black_forest,"Black Forest, Germany",48.1,8.2,48.06401527723078,8.200557790188315,45-60,32632,0.0,-4000.0,12.5,0.001,14,20,cuda:0,0.030840991849866,bicubic,,0.0350836453572537,-0.1375654041232168,168717,169699,,,,,,0.0,0.764614081941545,0.0,0.764614081941545,0.764614081941545,computed,218,True
forest__black_forest__r0c2,forest,black_forest,"Black Forest, Germany",48.1,8.2,48.06437626460109,8.254242079544024,45-60,32632,4000.0,-4000.0,12.5,0.001,14,20,cuda:0,0.033894809369436,blurred_observation,12.5,0.033894809369436,0.0,169703,169703,,,,,,0.0,0.0,0.0,0.0,0.0,computed,219,True
forest__black_forest__r0c2,forest,black_forest,"Black Forest, Germany",48.1,8.2,48.06437626460109,8.254242079544024,45-60,32632,4000.0,-4000.0,12.5,0.001,14,20,cuda:0,0.033894809369436,psf_aware_matched,12.5,0.0287799271592447,0.1509045870251621,169703,171020,22.0,65536.0,171020.0,1441792.0,0.0001286399251549,0.2732577747665345,0.0405022520571947,1.4929931028746068,0.3137600268237293,1.806753129698336,computed,219,True
forest__black_forest__r0c2,forest,black_forest,"Black Forest, Germany",48.1,8.2,48.06437626460109,8.254242079544024,45-60,32632,4000.0,-4000.0,12.5,0.001,14,20,cuda:0,0.033894809369436,psf_aware_plus50,18.75,0.0511971599525663,-0.5104719839118594,169703,172989,48.0,65536.0,172989.0,3145728.0,0.0002774742902727,0.4965929449535906,0.0798653960227966,1.4927021930925548,0.5764583409763873,2.069160534068942,computed,219,True
forest__black_forest__r0c2,forest,black_forest,"Black Forest, Germany",48.1,8.2,48.06437626460109,8.254242079544024,45-60,32632,4000.0,-4000.0,12.5,0.001,14,20,cuda:0,0.033894809369436,psf_aware_minus50,6.25,0.0378314955703134,-0.1161442201361735,169176,169176,9.0,65536.0,169176.0,589824.0,5.3199035324159454e-05,0.194107913877815,0.0210366640239954,1.5502278469502926,0.2151445779018104,1.765372424852103,computed,219,True
forest__black_forest__r0c2,forest,black_forest,"Black Forest, Germany",48.1,8.2,48.06437626460109,8.254242079544024,45-60,32632,4000.0,-4000.0,12.5,0.001,14,20,cuda:0,0.033894809369436,nearest,,0.0394470663029152,-0.1638084720572543,168719,169703,,,,,,0.0,0.1195003660395741,0.0,0.1195003660395741,0.1195003660395741,computed,219,True
forest__black_forest__r0c2,forest,black_forest,"Black Forest, Germany",48.1,8.2,48.06437626460109,8.254242079544024,45-60,32632,4000.0,-4000.0,12.5,0.001,14,20,cuda:0,0.033894809369436,bilinear,,0.0409117861528049,-0.2070221639805518,168719,169703,,,,,,0.0,0.1062491778284311,0.0,0.1062491778284311,0.1062491778284311,computed,219,True
forest__black_forest__r0c2,forest,black_forest,"Black Forest, Germany",48.1,8.2,48.06437626460109,8.254242079544024,45-60,32632,4000.0,-4000.0,12.5,0.001,14,20,cuda:0,0.033894809369436,bicubic,,0.0378719899502315,-0.1173389275462892,168719,169703,,,,,,0.0,0.7755686603486538,0.0,0.7755686603486538,0.7755686603486538,computed,219,True
forest__black_forest__r1c0,forest,black_forest,"Black Forest, Germany",48.1,8.2,48.099613448687,8.146279356521001,45-60,32632,-4000.0,0.0,12.5,0.001,14,20,cuda:0,0.0297605531078973,blurred_observation,12.5,0.0297605531078973,0.0,169690,169690,,,,,,0.0,0.0,0.0,0.0,0.0,computed,220,True
forest__black_forest__r1c0,forest,black_forest,"Black Forest, Germany",48.1,8.2,48.099613448687,8.146279356521001,45-60,32632,-4000.0,0.0,12.5,0.001,14,20,cuda:0,0.0297605531078973,psf_aware_matched,12.5,0.0253855899023534,0.1470054400428099,169690,171026,22.0,65536.0,171026.0,1441792.0,0.0001286354121595,0.2817510212771594,0.0408250940963625,1.574027253780514,0.322576115373522,1.896603369154036,computed,220,True
forest__black_forest__r1c0,forest,black_forest,"Black Forest, Germany",48.1,8.2,48.099613448687,8.146279356521001,45-60,32632,-4000.0,0.0,12.5,0.001,14,20,cuda:0,0.0297605531078973,psf_aware_plus50,18.75,0.0450869343780438,-0.5149897992345942,169690,172985,48.0,65536.0,172985.0,3145728.0,0.0002774807064196,0.4479288649745285,0.0800124653615057,1.535210544243455,0.5279413303360343,2.063151874579489,computed,220,True
forest__black_forest__r1c0,forest,black_forest,"Black Forest, Germany",48.1,8.2,48.099613448687,8.146279356521001,45-60,32632,-4000.0,0.0,12.5,0.001,14,20,cuda:0,0.0297605531078973,psf_aware_minus50,6.25,0.0329992871878023,-0.1088264074986424,169164,169164,9.0,65536.0,169164.0,589824.0,5.320280910832092e-05,0.1708952188491821,0.0210600979626178,1.482617741916329,0.1919553168118,1.674573058728129,computed,220,True
forest__black_forest__r1c0,forest,black_forest,"Black Forest, Germany",48.1,8.2,48.099613448687,8.146279356521001,45-60,32632,-4000.0,0.0,12.5,0.001,14,20,cuda:0,0.0297605531078973,nearest,,0.0343800585344749,-0.1552224318489494,168717,169690,,,,,,0.0,0.1196271358057856,0.0,0.1196271358057856,0.1196271358057856,computed,220,True
forest__black_forest__r1c0,forest,black_forest,"Black Forest, Germany",48.1,8.2,48.099613448687,8.146279356521001,45-60,32632,-4000.0,0.0,12.5,0.001,14,20,cuda:0,0.0297605531078973,bilinear,,0.0356158302351661,-0.1967462468200937,168717,169690,,,,,,0.0,0.1062934705987572,0.0,0.1062934705987572,0.1062934705987572,computed,220,True
forest__black_forest__r1c0,forest,black_forest,"Black Forest, Germany",48.1,8.2,48.099613448687,8.146279356521001,45-60,32632,-4000.0,0.0,12.5,0.001,14,20,cuda:0,0.0297605531078973,bicubic,,0.0332203358350855,-0.1162539793748034,168717,169690,,,,,,0.0,0.757222521584481,0.0,0.757222521584481,0.757222521584481,computed,220,True
forest__black_forest__r1c1,forest,black_forest,"Black Forest, Germany",48.1,8.2,48.1,8.2,45-60,32632,0.0,0.0,12.5,0.001,14,20,cuda:0,0.0310433922546011,blurred_observation,12.5,0.0310433922546011,0.0,169696,169696,,,,,,0.0,0.0,0.0,0.0,0.0,computed,221,True
forest__black_forest__r1c1,forest,black_forest,"Black Forest, Germany",48.1,8.2,48.1,8.2,45-60,32632,0.0,0.0,12.5,0.001,14,20,cuda:0,0.0310433922546011,psf_aware_matched,12.5,0.0244615741983306,0.2120199365549341,169696,171020,22.0,65536.0,171020.0,1441792.0,0.0001286399251549,0.2706063231453299,0.0404689689166843,1.509736395906657,0.3110752920620143,1.8208116879686715,computed,221,True
forest__black_forest__r1c1,forest,black_forest,"Black Forest, Germany",48.1,8.2,48.1,8.2,45-60,32632,0.0,0.0,12.5,0.001,14,20,cuda:0,0.0310433922546011,psf_aware_plus50,18.75,0.0506127653942153,-0.6303877159788716,169696,172980,48.0,65536.0,172980.0,3145728.0,0.0002774887270204,0.478502060752362,0.0799927078187465,1.530912403948605,0.5584947685711086,2.0894071725197136,computed,221,True
forest__black_forest__r1c1,forest,black_forest,"Black Forest, Germany",48.1,8.2,48.1,8.2,45-60,32632,0.0,0.0,12.5,0.001,14,20,cuda:0,0.0310433922546011,psf_aware_minus50,6.25,0.0355019953738698,-0.1436248681426812,169149,169149,9.0,65536.0,169149.0,589824.0,5.320752709149921e-05,0.193471297621727,0.0212189690209925,1.5788125172257423,0.2146902666427195,1.7935027838684618,computed,221,True
forest__black_forest__r1c1,forest,black_forest,"Black Forest, Germany",48.1,8.2,48.1,8.2,45-60,32632,0.0,0.0,12.5,0.001,14,20,cuda:0,0.0310433922546011,nearest,,0.0374320707534679,-0.2057983369365799,168715,169696,,,,,,0.0,0.1200710958801209,0.0,0.1200710958801209,0.1200710958801209,computed,221,True
forest__black_forest__r1c1,forest,black_forest,"Black Forest, Germany",48.1,8.2,48.1,8.2,45-60,32632,0.0,0.0,12.5,0.001,14,20,cuda:0,0.0310433922546011,bilinear,,0.0390792264738737,-0.2588581219915327,168715,169696,,,,,,0.0,0.1059723426587879,0.0,0.1059723426587879,0.1059723426587879,computed,221,True
forest__black_forest__r1c1,forest,black_forest,"Black Forest, Germany",48.1,8.2,48.1,8.2,45-60,32632,0.0,0.0,12.5,0.001,14,20,cuda:0,0.0310433922546011,bicubic,,0.035450755908078,-0.1419742925428389,168715,169696,,,,,,0.0,0.757288055960089,0.0,0.757288055960089,0.757288055960089,computed,221,True
forest__black_forest__r1c2,forest,black_forest,"Black Forest, Germany",48.1,8.2,48.10036144070311,8.253721737409213,45-60,32632,4000.0,0.0,12.5,0.001,14,20,cuda:0,0.0360141399572397,blurred_observation,12.5,0.0360141399572397,0.0,169695,169695,,,,,,0.0,0.0,0.0,0.0,0.0,computed,222,True
forest__black_forest__r1c2,forest,black_forest,"Black Forest, Germany",48.1,8.2,48.10036144070311,8.253721737409213,45-60,32632,4000.0,0.0,12.5,0.001,14,20,cuda:0,0.0360141399572397,psf_aware_matched,12.5,0.0307267854878685,0.1468132926580765,169695,171034,22.0,65536.0,171034.0,1441792.0,0.0001286293953249,0.270295413210988,0.0404650722630322,1.5008088070899248,0.3107604854740202,1.811569292563945,computed,222,True
forest__black_forest__r1c2,forest,black_forest,"Black Forest, Germany",48.1,8.2,48.10036144070311,8.253721737409213,45-60,32632,4000.0,0.0,12.5,0.001,14,20,cuda:0,0.0360141399572397,psf_aware_plus50,18.75,0.0543252134009838,-0.5084412251822532,169695,172976,48.0,65536.0,172976.0,3145728.0,0.0002774951438349,0.4768940163776278,0.0796813182532787,1.5261963605880735,0.5565753346309066,2.0827716952189803,computed,222,True
forest__black_forest__r1c2,forest,black_forest,"Black Forest, Germany",48.1,8.2,48.10036144070311,8.253721737409213,45-60,32632,4000.0,0.0,12.5,0.001,14,20,cuda:0,0.0360141399572397,psf_aware_minus50,6.25,0.0402051536062213,-0.1163713378677862,169161,169161,9.0,65536.0,169161.0,589824.0,5.320375263801941e-05,0.1905912230722606,0.021087160333991,1.4758233041502535,0.2116783834062516,1.6875016875565052,computed,222,True
forest__black_forest__r1c2,forest,black_forest,"Black Forest, Germany",48.1,8.2,48.10036144070311,8.253721737409213,45-60,32632,4000.0,0.0,12.5,0.001,14,20,cuda:0,0.0360141399572397,nearest,,0.0419416494647,-0.1645883954051998,168707,169695,,,,,,0.0,0.1211517229676246,0.0,0.1211517229676246,0.1211517229676246,computed,222,True
forest__black_forest__r1c2,forest,black_forest,"Black Forest, Germany",48.1,8.2,48.10036144070311,8.253721737409213,45-60,32632,4000.0,0.0,12.5,0.001,14,20,cuda:0,0.0360141399572397,bilinear,,0.0434285508629719,-0.2058749956138204,168707,169695,,,,,,0.0,0.1074224999174475,0.0,0.1074224999174475,0.1074224999174475,computed,222,True
forest__black_forest__r1c2,forest,black_forest,"Black Forest, Germany",48.1,8.2,48.10036144070311,8.253721737409213,45-60,32632,4000.0,0.0,12.5,0.001,14,20,cuda:0,0.0360141399572397,bicubic,,0.0402612697213776,-0.1179295068320578,168707,169695,,,,,,0.0,0.7655519880354404,0.0,0.7655519880354404,0.7655519880354404,computed,222,True
forest__black_forest__r2c0,forest,black_forest,"Black Forest, Germany",48.1,8.2,48.13559745461978,8.145682953654482,45-60,32632,-4000.0,4000.0,12.5,0.001,14,20,cuda:0,0.033157649002617,blurred_observation,12.5,0.033157649002617,0.0,169683,169683,,,,,,0.0,0.0,0.0,0.0,0.0,computed,223,True
forest__black_forest__r2c0,forest,black_forest,"Black Forest, Germany",48.1,8.2,48.13559745461978,8.145682953654482,45-60,32632,-4000.0,4000.0,12.5,0.001,14,20,cuda:0,0.033157649002617,psf_aware_matched,12.5,0.0279917446393798,0.1557982703426709,169683,171023,22.0,65536.0,171023.0,1441792.0,0.0001286376686176,0.2691553253680467,0.0405125608667731,1.5069795940071344,0.3096678862348199,1.8166474802419543,computed,223,True
forest__black_forest__r2c0,forest,black_forest,"Black Forest, Germany",48.1,8.2,48.13559745461978,8.145682953654482,45-60,32632,-4000.0,4000.0,12.5,0.001,14,20,cuda:0,0.033157649002617,psf_aware_plus50,18.75,0.0506223596473879,-0.5267173991555474,169683,172968,48.0,65536.0,172968.0,3145728.0,0.0002775079783543,0.4707291792146861,0.0798101518303155,1.5302482559345665,0.5505393310450017,2.080787586979568,computed,223,True
forest__black_forest__r2c0,forest,black_forest,"Black Forest, Germany",48.1,8.2,48.13559745461978,8.145682953654482,45-60,32632,-4000.0,4000.0,12.5,0.001,14,20,cuda:0,0.033157649002617,psf_aware_minus50,6.25,0.0370726649861674,-0.1180727856562275,169157,169157,9.0,65536.0,169157.0,589824.0,5.3205010729677166e-05,0.1712895850650966,0.0209810379892587,1.485905971378088,0.1922706230543553,1.6781765944324434,computed,223,True
forest__black_forest__r2c0,forest,black_forest,"Black Forest, Germany",48.1,8.2,48.13559745461978,8.145682953654482,45-60,32632,-4000.0,4000.0,12.5,0.001,14,20,cuda:0,0.033157649002617,nearest,,0.0387266595770173,-0.1679555318883063,168700,169683,,,,,,0.0,0.1195420850999653,0.0,0.1195420850999653,0.1195420850999653,computed,223,True
forest__black_forest__r2c0,forest,black_forest,"Black Forest, Germany",48.1,8.2,48.13559745461978,8.145682953654482,45-60,32632,-4000.0,4000.0,12.5,0.001,14,20,cuda:0,0.033157649002617,bilinear,,0.040158648250767,-0.2111428119526037,168700,169683,,,,,,0.0,0.106499542016536,0.0,0.106499542016536,0.106499542016536,computed,223,True
forest__black_forest__r2c0,forest,black_forest,"Black Forest, Germany",48.1,8.2,48.13559745461978,8.145682953654482,45-60,32632,-4000.0,4000.0,12.5,0.001,14,20,cuda:0,0.033157649002617,bicubic,,0.0372125073043131,-0.1222902836499693,168700,169683,,,,,,0.0,0.7570936679840088,0.0,0.7570936679840088,0.7570936679840088,computed,223,True
forest__black_forest__r2c1,forest,black_forest,"Black Forest, Germany",48.1,8.2,48.135984491426136,8.199441115879894,45-60,32632,0.0,4000.0,12.5,0.001,14,20,cuda:0,0.0347824548817875,blurred_observation,12.5,0.0347824548817875,0.0,169695,169695,,,,,,0.0,0.0,0.0,0.0,0.0,computed,224,True
forest__black_forest__r2c1,forest,black_forest,"Black Forest, Germany",48.1,8.2,48.135984491426136,8.199441115879894,45-60,32632,0.0,4000.0,12.5,0.001,14,20,cuda:0,0.0347824548817875,psf_aware_matched,12.5,0.0274142623430612,0.2118364722607416,169695,171025,22.0,65536.0,171025.0,1441792.0,0.0001286361643034,0.270572688896209,0.0404663742519915,1.5304410099051893,0.3110390631482005,1.8414800730533896,computed,224,True
forest__black_forest__r2c1,forest,black_forest,"Black Forest, Germany",48.1,8.2,48.135984491426136,8.199441115879894,45-60,32632,0.0,4000.0,12.5,0.001,14,20,cuda:0,0.0347824548817875,psf_aware_plus50,18.75,0.0561669755550641,-0.614807688127663,169695,172981,48.0,65536.0,172981.0,3145728.0,0.0002774871228632,0.4726108629256487,0.0797836622223258,1.5569301918148994,0.5523945251479745,2.109324716962874,computed,224,True
forest__black_forest__r2c1,forest,black_forest,"Black Forest, Germany",48.1,8.2,48.135984491426136,8.199441115879894,45-60,32632,0.0,4000.0,12.5,0.001,14,20,cuda:0,0.0347824548817875,psf_aware_minus50,6.25,0.0399718870698163,-0.1491968351764048,169152,169152,9.0,65536.0,169152.0,589824.0,5.3206583427922814e-05,0.1707346341572702,0.0209758579730987,1.4943806119263172,0.1917104921303689,1.6860911040566862,computed,224,True
forest__black_forest__r2c1,forest,black_forest,"Black Forest, Germany",48.1,8.2,48.135984491426136,8.199441115879894,45-60,32632,0.0,4000.0,12.5,0.001,14,20,cuda:0,0.0347824548817875,nearest,,0.0420479872144324,-0.208884978283957,168713,169695,,,,,,0.0,0.1192969102412462,0.0,0.1192969102412462,0.1192969102412462,computed,224,True
forest__black_forest__r2c1,forest,black_forest,"Black Forest, Germany",48.1,8.2,48.135984491426136,8.199441115879894,45-60,32632,0.0,4000.0,12.5,0.001,14,20,cuda:0,0.0347824548817875,bilinear,,0.0438713057010365,-0.2613056165856762,168713,169695,,,,,,0.0,0.106647522188723,0.0,0.106647522188723,0.106647522188723,computed,224,True
forest__black_forest__r2c1,forest,black_forest,"Black Forest, Germany",48.1,8.2,48.135984491426136,8.199441115879894,45-60,32632,0.0,4000.0,12.5,0.001,14,20,cuda:0,0.0347824548817875,bicubic,,0.0397318347317389,-0.1422952999370652,168713,169695,,,,,,0.0,0.756728156004101,0.0,0.756728156004101,0.756728156004101,computed,224,True
forest__black_forest__r2c2,forest,black_forest,"Black Forest, Germany",48.1,8.2,48.136346386091226,8.253200374766893,45-60,32632,4000.0,4000.0,12.5,0.001,14,20,cuda:0,0.0358360209199181,blurred_observation,12.5,0.0358360209199181,0.0,169698,169698,,,,,,0.0,0.0,0.0,0.0,0.0,computed,225,True
forest__black_forest__r2c2,forest,black_forest,"Black Forest, Germany",48.1,8.2,48.136346386091226,8.253200374766893,45-60,32632,4000.0,4000.0,12.5,0.001,14,20,cuda:0,0.0358360209199181,psf_aware_matched,12.5,0.0291159223987982,0.1875235684267833,169698,171023,22.0,65536.0,171023.0,1441792.0,0.0001286376686176,0.2703005140647292,0.0404195548035204,1.5015228493139148,0.3107200688682496,1.8122429181821644,computed,225,True
forest__black_forest__r2c2,forest,black_forest,"Black Forest, Germany",48.1,8.2,48.136346386091226,8.253200374766893,45-60,32632,4000.0,4000.0,12.5,0.001,14,20,cuda:0,0.0358360209199181,psf_aware_plus50,18.75,0.0566215935094222,-0.5800189880442679,169698,172977,48.0,65536.0,172977.0,3145728.0,0.0002774935396035,0.4352032919414341,0.0803286740556359,1.5181249440647662,0.5155319659970701,2.033656910061836,computed,225,True
forest__black_forest__r2c2,forest,black_forest,"Black Forest, Germany",48.1,8.2,48.136346386091226,8.253200374766893,45-60,32632,4000.0,4000.0,12.5,0.001,14,20,cuda:0,0.0358360209199181,psf_aware_minus50,6.25,0.0405262201295597,-0.1308794639930213,169157,169157,9.0,65536.0,169157.0,589824.0,5.3205010729677166e-05,0.1691040662117302,0.0209997841157019,1.5838182978332045,0.1901038503274321,1.7739221481606364,computed,225,True
forest__black_forest__r2c2,forest,black_forest,"Black Forest, Germany",48.1,8.2,48.136346386091226,8.253200374766893,45-60,32632,4000.0,4000.0,12.5,0.001,14,20,cuda:0,0.0358360209199181,nearest,,0.0425095320263756,-0.1862235520335982,168709,169698,,,,,,0.0,0.1198228569701314,0.0,0.1198228569701314,0.1198228569701314,computed,225,True
forest__black_forest__r2c2,forest,black_forest,"Black Forest, Germany",48.1,8.2,48.136346386091226,8.253200374766893,45-60,32632,4000.0,4000.0,12.5,0.001,14,20,cuda:0,0.0358360209199181,bilinear,,0.04425071308828,-0.2348110072590377,168709,169698,,,,,,0.0,0.1067760749720037,0.0,0.1067760749720037,0.1067760749720037,computed,225,True
forest__black_forest__r2c2,forest,black_forest,"Black Forest, Germany",48.1,8.2,48.136346386091226,8.253200374766893,45-60,32632,4000.0,4000.0,12.5,0.001,14,20,cuda:0,0.0358360209199181,bicubic,,0.0404519314288058,-0.1288064464300531,168709,169698,,,,,,0.0,0.7610309747979045,0.0,0.7610309747979045,0.7610309747979045,computed,225,True
forest__canadian_rockies__r0c0,forest,canadian_rockies,Canadian Rockies,53.0,-122.0,52.96453326789507,-122.06037552274115,45-60,32610,-4000.0,-4000.0,12.5,0.001,14,20,cuda:0,0.0310069638625228,blurred_observation,12.5,0.0310069638625228,0.0,169502,169502,,,,,,0.0,0.0,0.0,0.0,0.0,computed,226,True
forest__canadian_rockies__r0c0,forest,canadian_rockies,Canadian Rockies,53.0,-122.0,52.96453326789507,-122.06037552274115,45-60,32610,-4000.0,-4000.0,12.5,0.001,14,20,cuda:0,0.0310069638625228,psf_aware_matched,12.5,0.0267019381667018,0.1388406073844726,169502,170838,22.0,65536.0,170838.0,1441792.0,0.0001287769699949,0.2696614130400121,0.0403908411972224,1.890235908795148,0.3100522542372346,2.2002881630323827,computed,226,True
forest__canadian_rockies__r0c0,forest,canadian_rockies,Canadian Rockies,53.0,-122.0,52.96453326789507,-122.06037552274115,45-60,32610,-4000.0,-4000.0,12.5,0.001,14,20,cuda:0,0.0310069638625228,psf_aware_plus50,18.75,0.0447427604288558,-0.4429906980649265,169502,172808,48.0,65536.0,172808.0,3145728.0,0.0002777649182908,0.4302885141223669,0.0797561700455844,1.9289632579311728,0.5100446841679513,2.439007942099124,computed,226,True
forest__canadian_rockies__r0c0,forest,canadian_rockies,Canadian Rockies,53.0,-122.0,52.96453326789507,-122.06037552274115,45-60,32610,-4000.0,-4000.0,12.5,0.001,14,20,cuda:0,0.0310069638625228,psf_aware_minus50,6.25,0.0345476066889058,-0.1141886333044834,168979,168979,9.0,65536.0,168979.0,589824.0,5.326105610756366e-05,0.1708743181079626,0.0222813407890498,1.863558300305158,0.1931556588970124,2.0567139592021704,computed,226,True
forest__canadian_rockies__r0c0,forest,canadian_rockies,Canadian Rockies,53.0,-122.0,52.96453326789507,-122.06037552274115,45-60,32610,-4000.0,-4000.0,12.5,0.001,14,20,cuda:0,0.0310069638625228,nearest,,0.0357944305981354,-0.1543997263595027,168520,169502,,,,,,0.0,0.1224948479793965,0.0,0.1224948479793965,0.1224948479793965,computed,226,True
forest__canadian_rockies__r0c0,forest,canadian_rockies,Canadian Rockies,53.0,-122.0,52.96453326789507,-122.06037552274115,45-60,32610,-4000.0,-4000.0,12.5,0.001,14,20,cuda:0,0.0310069638625228,bilinear,,0.0369424093004878,-0.1914229804724265,168520,169502,,,,,,0.0,0.1085236156359314,0.0,0.1085236156359314,0.1085236156359314,computed,226,True
forest__canadian_rockies__r0c0,forest,canadian_rockies,Canadian Rockies,53.0,-122.0,52.96453326789507,-122.06037552274115,45-60,32610,-4000.0,-4000.0,12.5,0.001,14,20,cuda:0,0.0310069638625228,bicubic,,0.0344475746807033,-0.1109625190468586,168520,169502,,,,,,0.0,0.764132889918983,0.0,0.764132889918983,0.764132889918983,computed,226,True
forest__canadian_rockies__r0c1,forest,canadian_rockies,Canadian Rockies,53.0,-122.0,52.9640476464532,-122.00082987198086,45-60,32610,0.0,-4000.0,12.5,0.001,14,20,cuda:0,0.0298730003863613,blurred_observation,12.5,0.0298730003863613,0.0,169495,169495,,,,,,0.0,0.0,0.0,0.0,0.0,computed,227,True
forest__canadian_rockies__r0c1,forest,canadian_rockies,Canadian Rockies,53.0,-122.0,52.9640476464532,-122.00082987198086,45-60,32610,0.0,-4000.0,12.5,0.001,14,20,cuda:0,0.0298730003863613,psf_aware_matched,12.5,0.0262142028453522,0.1224784083851028,169495,170835,22.0,65536.0,170835.0,1441792.0,0.0001287792314221,0.2825928651727736,0.0406970707699656,1.882689334917813,0.3232899359427392,2.205979270860553,computed,227,True
forest__canadian_rockies__r0c1,forest,canadian_rockies,Canadian Rockies,53.0,-122.0,52.9640476464532,-122.00082987198086,45-60,32610,0.0,-4000.0,12.5,0.001,14,20,cuda:0,0.0298730003863613,psf_aware_plus50,18.75,0.0425290565722596,-0.4236620366957322,169495,172803,48.0,65536.0,172803.0,3145728.0,0.0002777729553306,0.4372499091550708,0.0798030076548457,1.9265561792999504,0.5170529168099165,2.443609096109867,computed,227,True
forest__canadian_rockies__r0c1,forest,canadian_rockies,Canadian Rockies,53.0,-122.0,52.9640476464532,-122.00082987198086,45-60,32610,0.0,-4000.0,12.5,0.001,14,20,cuda:0,0.0298730003863613,psf_aware_minus50,6.25,0.0328460125484304,-0.099521712704373,168965,168965,9.0,65536.0,168965.0,589824.0,5.32654691800077e-05,0.1709366873838007,0.0222937450744211,1.879305105190724,0.1932304324582219,2.072535537648946,computed,227,True
forest__canadian_rockies__r0c1,forest,canadian_rockies,Canadian Rockies,53.0,-122.0,52.9640476464532,-122.00082987198086,45-60,32610,0.0,-4000.0,12.5,0.001,14,20,cuda:0,0.0298730003863613,nearest,,0.0339865600895952,-0.1377015917394057,168515,169495,,,,,,0.0,0.123988636303693,0.0,0.123988636303693,0.123988636303693,computed,227,True
forest__canadian_rockies__r0c1,forest,canadian_rockies,Canadian Rockies,53.0,-122.0,52.9640476464532,-122.00082987198086,45-60,32610,0.0,-4000.0,12.5,0.001,14,20,cuda:0,0.0298730003863613,bilinear,,0.0350267379841079,-0.1725215924443763,168515,169495,,,,,,0.0,0.1093205250799655,0.0,0.1093205250799655,0.1093205250799655,computed,227,True
forest__canadian_rockies__r0c1,forest,canadian_rockies,Canadian Rockies,53.0,-122.0,52.9640476464532,-122.00082987198086,45-60,32610,0.0,-4000.0,12.5,0.001,14,20,cuda:0,0.0298730003863613,bicubic,,0.0329839128136668,-0.1041379301399449,168515,169495,,,,,,0.0,0.7561140418983996,0.0,0.7561140418983996,0.7561140418983996,computed,227,True
forest__canadian_rockies__r0c2,forest,canadian_rockies,Canadian Rockies,53.0,-122.0,52.96353220240553,-121.94128598915609,45-60,32610,4000.0,-4000.0,12.5,0.001,14,20,cuda:0,0.0201597758612136,blurred_observation,12.5,0.0201597758612136,0.0,169495,169495,,,,,,0.0,0.0,0.0,0.0,0.0,computed,228,True
forest__canadian_rockies__r0c2,forest,canadian_rockies,Canadian Rockies,53.0,-122.0,52.96353220240553,-121.94128598915609,45-60,32610,4000.0,-4000.0,12.5,0.001,14,20,cuda:0,0.0201597758612136,psf_aware_matched,12.5,0.0173757731583894,0.1380969075246751,169495,170824,22.0,65536.0,170824.0,1441792.0,0.0001287875240013,0.2885554288513958,0.0403857519850134,1.9159219483844936,0.3289411808364093,2.244863129220903,computed,228,True
forest__canadian_rockies__r0c2,forest,canadian_rockies,Canadian Rockies,53.0,-122.0,52.96353220240553,-121.94128598915609,45-60,32610,4000.0,-4000.0,12.5,0.001,14,20,cuda:0,0.0201597758612136,psf_aware_plus50,18.75,0.0293094408852792,-0.4538574777346169,169495,172811,48.0,65536.0,172811.0,3145728.0,0.0002777600962901,0.429308176971972,0.0805539907887578,1.909223971888423,0.5098621677607298,2.4190861396491528,computed,228,True
forest__canadian_rockies__r0c2,forest,canadian_rockies,Canadian Rockies,53.0,-122.0,52.96353220240553,-121.94128598915609,45-60,32610,4000.0,-4000.0,12.5,0.001,14,20,cuda:0,0.0201597758612136,psf_aware_minus50,6.25,0.0223049572296923,-0.1064089890307737,168963,168963,9.0,65536.0,168963.0,589824.0,5.326609967862787e-05,0.1896479758433997,0.0221919319592416,1.876412856858224,0.2118399078026414,2.088252764660865,computed,228,True
forest__canadian_rockies__r0c2,forest,canadian_rockies,Canadian Rockies,53.0,-122.0,52.96353220240553,-121.94128598915609,45-60,32610,4000.0,-4000.0,12.5,0.001,14,20,cuda:0,0.0201597758612136,nearest,,0.0231452339317011,-0.1480898444030525,168522,169495,,,,,,0.0,0.1226941850036382,0.0,0.1226941850036382,0.1226941850036382,computed,228,True
forest__canadian_rockies__r0c2,forest,canadian_rockies,Canadian Rockies,53.0,-122.0,52.96353220240553,-121.94128598915609,45-60,32610,4000.0,-4000.0,12.5,0.001,14,20,cuda:0,0.0201597758612136,bilinear,,0.0239113411978787,-0.1860916193955757,168522,169495,,,,,,0.0,0.1088894382119178,0.0,0.1088894382119178,0.1088894382119178,computed,228,True
forest__canadian_rockies__r0c2,forest,canadian_rockies,Canadian Rockies,53.0,-122.0,52.96353220240553,-121.94128598915609,45-60,32610,4000.0,-4000.0,12.5,0.001,14,20,cuda:0,0.0201597758612136,bicubic,,0.0223141233156563,-0.106863661048316,168522,169495,,,,,,0.0,0.7587954611517489,0.0,0.7587954611517489,0.7587954611517489,computed,228,True
forest__canadian_rockies__r1c0,forest,canadian_rockies,Canadian Rockies,53.0,-122.0,53.00048625180694,-122.05959508874882,45-60,32610,-4000.0,0.0,12.5,0.001,14,20,cuda:0,0.0341694223095658,blurred_observation,12.5,0.0341694223095658,0.0,169507,169507,,,,,,0.0,0.0,0.0,0.0,0.0,computed,229,True
forest__canadian_rockies__r1c0,forest,canadian_rockies,Canadian Rockies,53.0,-122.0,53.00048625180694,-122.05959508874882,45-60,32610,-4000.0,0.0,12.5,0.001,14,20,cuda:0,0.0341694223095658,psf_aware_matched,12.5,0.0293612852703566,0.1407146130727268,169507,170827,22.0,65536.0,170827.0,1441792.0,0.0001287852622828,0.2723231250420213,0.0403974638320505,1.8640244333073497,0.3127205888740718,2.176745022181421,computed,229,True
forest__canadian_rockies__r1c0,forest,canadian_rockies,Canadian Rockies,53.0,-122.0,53.00048625180694,-122.05959508874882,45-60,32610,-4000.0,0.0,12.5,0.001,14,20,cuda:0,0.0341694223095658,psf_aware_plus50,18.75,0.0497342775186741,-0.4555199987899971,169507,172819,48.0,65536.0,172819.0,3145728.0,0.0002777472384402,0.4295812537893653,0.0797504880465567,1.9331745053641496,0.509331741835922,2.442506247200072,computed,229,True
forest__canadian_rockies__r1c0,forest,canadian_rockies,Canadian Rockies,53.0,-122.0,53.00048625180694,-122.05959508874882,45-60,32610,-4000.0,0.0,12.5,0.001,14,20,cuda:0,0.0341694223095658,psf_aware_minus50,6.25,0.038011605668131,-0.1124450780512495,168969,168969,9.0,65536.0,168969.0,589824.0,5.32642082275447e-05,0.1685959133319556,0.0222747586667537,1.84664255194366,0.1908706719987094,2.037513223942369,computed,229,True
forest__canadian_rockies__r1c0,forest,canadian_rockies,Canadian Rockies,53.0,-122.0,53.00048625180694,-122.05959508874882,45-60,32610,-4000.0,0.0,12.5,0.001,14,20,cuda:0,0.0341694223095658,nearest,,0.0394500525309264,-0.1545425665532029,168526,169507,,,,,,0.0,0.1216293480247259,0.0,0.1216293480247259,0.1216293480247259,computed,229,True
forest__canadian_rockies__r1c0,forest,canadian_rockies,Canadian Rockies,53.0,-122.0,53.00048625180694,-122.05959508874882,45-60,32610,-4000.0,0.0,12.5,0.001,14,20,cuda:0,0.0341694223095658,bilinear,,0.0407428646083909,-0.1923779172873165,168526,169507,,,,,,0.0,0.1086032958701253,0.0,0.1086032958701253,0.1086032958701253,computed,229,True
forest__canadian_rockies__r1c0,forest,canadian_rockies,Canadian Rockies,53.0,-122.0,53.00048625180694,-122.05959508874882,45-60,32610,-4000.0,0.0,12.5,0.001,14,20,cuda:0,0.0341694223095658,bicubic,,0.0379572793977843,-0.110855169101236,168526,169507,,,,,,0.0,0.8224620069377124,0.0,0.8224620069377124,0.8224620069377124,computed,229,True
forest__canadian_rockies__r1c1,forest,canadian_rockies,Canadian Rockies,53.0,-122.0,52.99999999999999,-122.0,45-60,32610,0.0,0.0,12.5,0.001,14,20,cuda:0,0.0302492621082352,blurred_observation,12.5,0.0302492621082352,0.0,169496,169496,,,,,,0.0,0.0,0.0,0.0,0.0,computed,230,True
forest__canadian_rockies__r1c1,forest,canadian_rockies,Canadian Rockies,53.0,-122.0,52.99999999999999,-122.0,45-60,32610,0.0,0.0,12.5,0.001,14,20,cuda:0,0.0302492621082352,psf_aware_matched,12.5,0.0264641891404842,0.1251294313959633,169496,170836,22.0,65536.0,170836.0,1441792.0,0.0001287784776042,0.2699346113950014,0.0402441429905593,1.913541859947145,0.3101787543855607,2.2237206143327057,computed,230,True
forest__canadian_rockies__r1c1,forest,canadian_rockies,Canadian Rockies,53.0,-122.0,52.99999999999999,-122.0,45-60,32610,0.0,0.0,12.5,0.001,14,20,cuda:0,0.0302492621082352,psf_aware_plus50,18.75,0.0430984283389068,-0.4247761874222222,169496,172808,48.0,65536.0,172808.0,3145728.0,0.0002777649182908,0.4246721561066806,0.0797581044025719,1.8757156068459155,0.5044302605092525,2.380145867355168,computed,230,True
forest__canadian_rockies__r1c1,forest,canadian_rockies,Canadian Rockies,53.0,-122.0,52.99999999999999,-122.0,45-60,32610,0.0,0.0,12.5,0.001,14,20,cuda:0,0.0302492621082352,psf_aware_minus50,6.25,0.0332541447143935,-0.0993373853354342,168966,168966,9.0,65536.0,168966.0,589824.0,5.326515393629488e-05,0.1727155861444771,0.0222798292525112,1.8755098469555376,0.1949954153969884,2.070505262352526,computed,230,True
forest__canadian_rockies__r1c1,forest,canadian_rockies,Canadian Rockies,53.0,-122.0,52.99999999999999,-122.0,45-60,32610,0.0,0.0,12.5,0.001,14,20,cuda:0,0.0302492621082352,nearest,,0.0344122035589707,-0.1376212562091625,168517,169496,,,,,,0.0,0.1220012321136891,0.0,0.1220012321136891,0.1220012321136891,computed,230,True
forest__canadian_rockies__r1c1,forest,canadian_rockies,Canadian Rockies,53.0,-122.0,52.99999999999999,-122.0,45-60,32610,0.0,0.0,12.5,0.001,14,20,cuda:0,0.0302492621082352,bilinear,,0.0354543173795028,-0.1720721402275336,168517,169496,,,,,,0.0,0.1086239358410239,0.0,0.1086239358410239,0.1086239358410239,computed,230,True
forest__canadian_rockies__r1c1,forest,canadian_rockies,Canadian Rockies,53.0,-122.0,52.99999999999999,-122.0,45-60,32610,0.0,0.0,12.5,0.001,14,20,cuda:0,0.0302492621082352,bicubic,,0.0333583480465554,-0.1027822076186701,168517,169496,,,,,,0.0,0.7535211709327996,0.0,0.7535211709327996,0.7535211709327996,computed,230,True
forest__canadian_rockies__r1c2,forest,canadian_rockies,Canadian Rockies,53.0,-122.0,52.99948388689128,-121.9404066842441,45-60,32610,4000.0,0.0,12.5,0.001,14,20,cuda:0,0.0305893224115014,blurred_observation,12.5,0.0305893224115014,0.0,169498,169498,,,,,,0.0,0.0,0.0,0.0,0.0,computed,231,True
forest__canadian_rockies__r1c2,forest,canadian_rockies,Canadian Rockies,53.0,-122.0,52.99948388689128,-121.9404066842441,45-60,32610,4000.0,0.0,12.5,0.001,14,20,cuda:0,0.0305893224115014,psf_aware_matched,12.5,0.026971740965904,0.1182628826141379,169498,170817,22.0,65536.0,170817.0,1441792.0,0.0001287928016532,0.267473479732871,0.0403778357431292,1.9413425750099125,0.3078513154760003,2.249193890485913,computed,231,True
forest__canadian_rockies__r1c2,forest,canadian_rockies,Canadian Rockies,53.0,-122.0,52.99948388689128,-121.9404066842441,45-60,32610,4000.0,0.0,12.5,0.001,14,20,cuda:0,0.0305893224115014,psf_aware_plus50,18.75,0.0440006330375375,-0.4384311115369288,169498,172805,48.0,65536.0,172805.0,3145728.0,0.0002777697404588,0.424987883772701,0.0797325042076408,1.9737773169763384,0.5047203879803419,2.4784977049566805,computed,231,True
forest__canadian_rockies__r1c2,forest,canadian_rockies,Canadian Rockies,53.0,-122.0,52.99948388689128,-121.9404066842441,45-60,32610,4000.0,0.0,12.5,0.001,14,20,cuda:0,0.0305893224115014,psf_aware_minus50,6.25,0.0336125294743456,-0.0988321029859577,168963,168963,9.0,65536.0,168963.0,589824.0,5.326609967862787e-05,0.168245640117675,0.0224447911605238,1.9182363110594447,0.1906904312781989,2.108926742337644,computed,231,True
forest__canadian_rockies__r1c2,forest,canadian_rockies,Canadian Rockies,53.0,-122.0,52.99948388689128,-121.9404066842441,45-60,32610,4000.0,0.0,12.5,0.001,14,20,cuda:0,0.0305893224115014,nearest,,0.0348013658847564,-0.1376965274546679,168518,169498,,,,,,0.0,0.122090321034193,0.0,0.122090321034193,0.122090321034193,computed,231,True
forest__canadian_rockies__r1c2,forest,canadian_rockies,Canadian Rockies,53.0,-122.0,52.99948388689128,-121.9404066842441,45-60,32610,4000.0,0.0,12.5,0.001,14,20,cuda:0,0.0305893224115014,bilinear,,0.0358456233073068,-0.1718344991463127,168518,169498,,,,,,0.0,0.1088504851795733,0.0,0.1088504851795733,0.1088504851795733,computed,231,True
forest__canadian_rockies__r1c2,forest,canadian_rockies,Canadian Rockies,53.0,-122.0,52.99948388689128,-121.9404066842441,45-60,32610,4000.0,0.0,12.5,0.001,14,20,cuda:0,0.0305893224115014,bicubic,,0.0338394099784932,-0.1062490866345509,168518,169498,,,,,,0.0,0.7546168668195605,0.0,0.7546168668195605,0.7546168668195605,computed,231,True
forest__canadian_rockies__r2c0,forest,canadian_rockies,Canadian Rockies,53.0,-122.0,53.03643900898122,-122.05881298733723,45-60,32610,-4000.0,4000.0,12.5,0.001,14,20,cuda:0,0.0268823641763751,blurred_observation,12.5,0.0268823641763751,0.0,169504,169504,,,,,,0.0,0.0,0.0,0.0,0.0,computed,232,True
forest__canadian_rockies__r2c0,forest,canadian_rockies,Canadian Rockies,53.0,-122.0,53.03643900898122,-122.05881298733723,45-60,32610,-4000.0,4000.0,12.5,0.001,14,20,cuda:0,0.0268823641763751,psf_aware_matched,12.5,0.022932933587516,0.1469152996718178,169504,170824,22.0,65536.0,170824.0,1441792.0,0.0001287875240013,0.2745673460885882,0.040476884227246,1.890349413268268,0.3150442303158343,2.2053936435841024,computed,232,True
forest__canadian_rockies__r2c0,forest,canadian_rockies,Canadian Rockies,53.0,-122.0,53.03643900898122,-122.05881298733723,45-60,32610,-4000.0,4000.0,12.5,0.001,14,20,cuda:0,0.0268823641763751,psf_aware_plus50,18.75,0.0394372041583226,-0.4670288632195865,169504,172814,48.0,65536.0,172814.0,3145728.0,0.0002777552744569,0.4233653098344803,0.0797179779037833,1.9072545319795609,0.5030832877382636,2.4103378197178245,computed,232,True
forest__canadian_rockies__r2c0,forest,canadian_rockies,Canadian Rockies,53.0,-122.0,53.03643900898122,-122.05881298733723,45-60,32610,-4000.0,4000.0,12.5,0.001,14,20,cuda:0,0.0268823641763751,psf_aware_minus50,6.25,0.0301638462324166,-0.122068209273251,168960,168960,9.0,65536.0,168960.0,589824.0,5.326704545454545e-05,0.1690281620249152,0.0222641387954354,1.887562254909426,0.1912923008203506,2.0788545557297766,computed,232,True
forest__canadian_rockies__r2c0,forest,canadian_rockies,Canadian Rockies,53.0,-122.0,53.03643900898122,-122.05881298733723,45-60,32610,-4000.0,4000.0,12.5,0.001,14,20,cuda:0,0.0268823641763751,nearest,,0.0312833876014027,-0.1637141508891284,168528,169504,,,,,,0.0,0.125469101127237,0.0,0.125469101127237,0.125469101127237,computed,232,True
forest__canadian_rockies__r2c0,forest,canadian_rockies,Canadian Rockies,53.0,-122.0,53.03643900898122,-122.05881298733723,45-60,32610,-4000.0,4000.0,12.5,0.001,14,20,cuda:0,0.0268823641763751,bilinear,,0.0322904224538717,-0.2011749503136819,168528,169504,,,,,,0.0,0.1105533898808062,0.0,0.1105533898808062,0.1105533898808062,computed,232,True
forest__canadian_rockies__r2c0,forest,canadian_rockies,Canadian Rockies,53.0,-122.0,53.03643900898122,-122.05881298733723,45-60,32610,-4000.0,4000.0,12.5,0.001,14,20,cuda:0,0.0268823641763751,bicubic,,0.0299811117222451,-0.1152706482785193,168528,169504,,,,,,0.0,0.7572295246645808,0.0,0.7572295246645808,0.7572295246645808,computed,232,True
forest__canadian_rockies__r2c1,forest,canadian_rockies,Canadian Rockies,53.0,-122.0,53.03595212576481,-121.99916835502287,45-60,32610,0.0,4000.0,12.5,0.001,14,20,cuda:0,0.0318499927258101,blurred_observation,12.5,0.0318499927258101,0.0,169498,169498,,,,,,0.0,0.0,0.0,0.0,0.0,computed,233,True
forest__canadian_rockies__r2c1,forest,canadian_rockies,Canadian Rockies,53.0,-122.0,53.03595212576481,-121.99916835502287,45-60,32610,0.0,4000.0,12.5,0.001,14,20,cuda:0,0.0318499927258101,psf_aware_matched,12.5,0.026905258510356,0.1552507172614524,169498,170825,22.0,65536.0,170825.0,1441792.0,0.0001287867700863,0.2733268849551677,0.0404865317977964,1.915696871932596,0.3138134167529642,2.22951028868556,computed,233,True
forest__canadian_rockies__r2c1,forest,canadian_rockies,Canadian Rockies,53.0,-122.0,53.03595212576481,-121.99916835502287,45-60,32610,0.0,4000.0,12.5,0.001,14,20,cuda:0,0.0318499927258101,psf_aware_plus50,18.75,0.0476651573289942,-0.4965515923138037,169498,172804,48.0,65536.0,172804.0,3145728.0,0.0002777713478854,0.4318921412341296,0.07974817417562,1.9497539661824703,0.5116403154097497,2.46139428159222,computed,233,True
forest__canadian_rockies__r2c1,forest,canadian_rockies,Canadian Rockies,53.0,-122.0,53.03595212576481,-121.99916835502287,45-60,32610,0.0,4000.0,12.5,0.001,14,20,cuda:0,0.0318499927258101,psf_aware_minus50,6.25,0.0357863425965018,-0.1235902910427306,168970,168970,9.0,65536.0,168970.0,589824.0,5.3263892998757177e-05,0.1697859680280089,0.022229041904211,1.890869839116931,0.1920150099322199,2.082884849049151,computed,233,True
forest__canadian_rockies__r2c1,forest,canadian_rockies,Canadian Rockies,53.0,-122.0,53.03595212576481,-121.99916835502287,45-60,32610,0.0,4000.0,12.5,0.001,14,20,cuda:0,0.0318499927258101,nearest,,0.0372252835358939,-0.1687689807768102,168510,169498,,,,,,0.0,0.1224725851789116,0.0,0.1224725851789116,0.1224725851789116,computed,233,True
forest__canadian_rockies__r2c1,forest,canadian_rockies,Canadian Rockies,53.0,-122.0,53.03595212576481,-121.99916835502287,45-60,32610,0.0,4000.0,12.5,0.001,14,20,cuda:0,0.0318499927258101,bilinear,,0.0385655236149438,-0.2108487416919151,168510,169498,,,,,,0.0,0.1089041964150965,0.0,0.1089041964150965,0.1089041964150965,computed,233,True
forest__canadian_rockies__r2c1,forest,canadian_rockies,Canadian Rockies,53.0,-122.0,53.03595212576481,-121.99916835502287,45-60,32610,0.0,4000.0,12.5,0.001,14,20,cuda:0,0.0318499927258101,bicubic,,0.0356635523528243,-0.1197350234847571,168510,169498,,,,,,0.0,0.773224710021168,0.0,0.773224710021168,0.773224710021168,computed,233,True
forest__canadian_rockies__r2c2,forest,canadian_rockies,Canadian Rockies,53.0,-122.0,53.03543534248655,-121.93952550077869,45-60,32610,4000.0,4000.0,12.5,0.001,14,20,cuda:0,0.0314387454289198,blurred_observation,12.5,0.0314387454289198,0.0,169497,169497,,,,,,0.0,0.0,0.0,0.0,0.0,computed,234,True
forest__canadian_rockies__r2c2,forest,canadian_rockies,Canadian Rockies,53.0,-122.0,53.03543534248655,-121.93952550077869,45-60,32610,4000.0,4000.0,12.5,0.001,14,20,cuda:0,0.0314387454289198,psf_aware_matched,12.5,0.0274048286157762,0.1283103622014406,169497,170825,22.0,65536.0,170825.0,1441792.0,0.0001287867700863,0.2715210751630366,0.0403825850225985,1.98059063218534,0.3119036601856351,2.292494292370975,computed,234,True
forest__canadian_rockies__r2c2,forest,canadian_rockies,Canadian Rockies,53.0,-122.0,53.03543534248655,-121.93952550077869,45-60,32610,4000.0,4000.0,12.5,0.001,14,20,cuda:0,0.0314387454289198,psf_aware_plus50,18.75,0.045348406701488,-0.4424369065240425,169497,172805,48.0,65536.0,172805.0,3145728.0,0.0002777697404588,0.4340783013030886,0.0800981172360479,2.024674736894667,0.5141764185391366,2.538851155433804,computed,234,True
forest__canadian_rockies__r2c2,forest,canadian_rockies,Canadian Rockies,53.0,-122.0,53.03543534248655,-121.93952550077869,45-60,32610,4000.0,4000.0,12.5,0.001,14,20,cuda:0,0.0314387454289198,psf_aware_minus50,6.25,0.0347120577530912,-0.1041171420651005,168967,168967,9.0,65536.0,168967.0,589824.0,5.326483869631348e-05,0.1703954110853374,0.0223154360428452,1.913925637025386,0.1927108471281826,2.1066364841535687,computed,234,True
forest__canadian_rockies__r2c2,forest,canadian_rockies,Canadian Rockies,53.0,-122.0,53.03543534248655,-121.93952550077869,45-60,32610,4000.0,4000.0,12.5,0.001,14,20,cuda:0,0.0314387454289198,nearest,,0.0359495887197437,-0.1434803847698866,168515,169497,,,,,,0.0,0.1209227992221713,0.0,0.1209227992221713,0.1209227992221713,computed,234,True
forest__canadian_rockies__r2c2,forest,canadian_rockies,Canadian Rockies,53.0,-122.0,53.03543534248655,-121.93952550077869,45-60,32610,4000.0,4000.0,12.5,0.001,14,20,cuda:0,0.0314387454289198,bilinear,,0.0370572840219464,-0.1787138295874306,168515,169497,,,,,,0.0,0.1085069337859749,0.0,0.1085069337859749,0.1085069337859749,computed,234,True
forest__canadian_rockies__r2c2,forest,canadian_rockies,Canadian Rockies,53.0,-122.0,53.03543534248655,-121.93952550077869,45-60,32610,4000.0,4000.0,12.5,0.001,14,20,cuda:0,0.0314387454289198,bicubic,,0.0348181590458115,-0.1074919997851784,168515,169497,,,,,,0.0,0.7547218659892678,0.0,0.7547218659892678,0.7547218659892678,computed,234,True
forest__finland_boreal__r0c0,forest,finland_boreal,Central Finland,62.0,25.0,61.962989603382255,24.92612039152568,60-75,32635,-4000.0,-4000.0,12.5,0.001,14,20,cuda:0,0.0299881247051233,blurred_observation,12.5,0.0299881247051233,0.0,169149,169149,,,,,,0.0,0.0,0.0,0.0,0.0,computed,235,True
forest__finland_boreal__r0c0,forest,finland_boreal,Central Finland,62.0,25.0,61.962989603382255,24.92612039152568,60-75,32635,-4000.0,-4000.0,12.5,0.001,14,20,cuda:0,0.0299881247051233,psf_aware_matched,12.5,0.0257880807736448,0.14005690495081,169149,170479,22.0,65536.0,170479.0,1441792.0,0.0001290481525583,0.2715610908344388,0.0402619368396699,1.5319291888736188,0.3118230276741087,1.843752216547728,computed,235,True
forest__finland_boreal__r0c0,forest,finland_boreal,Central Finland,62.0,25.0,61.962989603382255,24.92612039152568,60-75,32635,-4000.0,-4000.0,12.5,0.001,14,20,cuda:0,0.0299881247051233,psf_aware_plus50,18.75,0.0432986240908842,-0.4438590114135032,169149,172450,48.0,65536.0,172450.0,3145728.0,0.0002783415482748,0.4209192581474781,0.0797454589046537,1.5474895811639726,0.5006647170521319,2.0481542982161045,computed,235,True
forest__finland_boreal__r0c0,forest,finland_boreal,Central Finland,62.0,25.0,61.962989603382255,24.92612039152568,60-75,32635,-4000.0,-4000.0,12.5,0.001,14,20,cuda:0,0.0299881247051233,psf_aware_minus50,6.25,0.0333733056462235,-0.1128840490823308,168619,168619,9.0,65536.0,168619.0,589824.0,5.337476796802258e-05,0.1679715509526431,0.022143340203911,1.5474434229545295,0.1901148911565542,1.7375583141110835,computed,235,True
forest__finland_boreal__r0c0,forest,finland_boreal,Central Finland,62.0,25.0,61.962989603382255,24.92612039152568,60-75,32635,-4000.0,-4000.0,12.5,0.001,14,20,cuda:0,0.0299881247051233,nearest,,0.0346138360779958,-0.1542514384729847,168171,169149,,,,,,0.0,0.1248898929916322,0.0,0.1248898929916322,0.1248898929916322,computed,235,True
forest__finland_boreal__r0c0,forest,finland_boreal,Central Finland,62.0,25.0,61.962989603382255,24.92612039152568,60-75,32635,-4000.0,-4000.0,12.5,0.001,14,20,cuda:0,0.0299881247051233,bilinear,,0.0357642584654166,-0.1926140369593203,168171,169149,,,,,,0.0,0.1117011937312781,0.0,0.1117011937312781,0.1117011937312781,computed,235,True
forest__finland_boreal__r0c0,forest,finland_boreal,Central Finland,62.0,25.0,61.962989603382255,24.92612039152568,60-75,32635,-4000.0,-4000.0,12.5,0.001,14,20,cuda:0,0.0299881247051233,bicubic,,0.033281357229509,-0.1098178881396712,168171,169149,,,,,,0.0,0.7875377796590328,0.0,0.7875377796590328,0.7875377796590328,computed,235,True
forest__finland_boreal__r0c1,forest,finland_boreal,Central Finland,62.0,25.0,61.964115438780304,25.00235011123801,60-75,32635,0.0,-4000.0,12.5,0.001,14,20,cuda:0,0.0310571380765213,blurred_observation,12.5,0.0310571380765213,0.0,169149,169149,,,,,,0.0,0.0,0.0,0.0,0.0,computed,236,True
forest__finland_boreal__r0c1,forest,finland_boreal,Central Finland,62.0,25.0,61.964115438780304,25.00235011123801,60-75,32635,0.0,-4000.0,12.5,0.001,14,20,cuda:0,0.0310571380765213,psf_aware_matched,12.5,0.0268975607530576,0.1339330531105265,169149,170480,22.0,65536.0,170480.0,1441792.0,0.0001290473955889,0.272741116117686,0.0404766327701509,1.5553928199224174,0.3132177488878369,1.8686105688102543,computed,236,True
forest__finland_boreal__r0c1,forest,finland_boreal,Central Finland,62.0,25.0,61.964115438780304,25.00235011123801,60-75,32635,0.0,-4000.0,12.5,0.001,14,20,cuda:0,0.0310571380765213,psf_aware_plus50,18.75,0.0449337845261424,-0.4468102120494974,169149,172455,48.0,65536.0,172455.0,3145728.0,0.0002783334782986,0.4257715176790952,0.0797527730464935,1.587252481840551,0.5055242907255888,2.09277677256614,computed,236,True
forest__finland_boreal__r0c1,forest,finland_boreal,Central Finland,62.0,25.0,61.964115438780304,25.00235011123801,60-75,32635,0.0,-4000.0,12.5,0.001,14,20,cuda:0,0.0310571380765213,psf_aware_minus50,6.25,0.0345457355938335,-0.1123283642142638,168618,168618,9.0,65536.0,168618.0,589824.0,5.337508451055048e-05,0.1898138406686484,0.0223486879840493,1.4891454270109534,0.2121625286526978,1.7013079556636512,computed,236,True
forest__finland_boreal__r0c1,forest,finland_boreal,Central Finland,62.0,25.0,61.964115438780304,25.00235011123801,60-75,32635,0.0,-4000.0,12.5,0.001,14,20,cuda:0,0.0310571380765213,nearest,,0.0358141111913639,-0.1531684311388206,168171,169149,,,,,,0.0,0.1193535770289599,0.0,0.1193535770289599,0.1193535770289599,computed,236,True
forest__finland_boreal__r0c1,forest,finland_boreal,Central Finland,62.0,25.0,61.964115438780304,25.00235011123801,60-75,32635,0.0,-4000.0,12.5,0.001,14,20,cuda:0,0.0310571380765213,bilinear,,0.0369716614258332,-0.1904400635608827,168171,169149,,,,,,0.0,0.1070666969753801,0.0,0.1070666969753801,0.1070666969753801,computed,236,True
forest__finland_boreal__r0c1,forest,finland_boreal,Central Finland,62.0,25.0,61.964115438780304,25.00235011123801,60-75,32635,0.0,-4000.0,12.5,0.001,14,20,cuda:0,0.0310571380765213,bicubic,,0.0344947116101014,-0.1106854574014593,168171,169149,,,,,,0.0,0.752196392044425,0.0,0.752196392044425,0.752196392044425,computed,236,True
forest__finland_boreal__r0c2,forest,finland_boreal,Central Finland,62.0,25.0,61.96519914294394,25.07858612615139,60-75,32635,4000.0,-4000.0,12.5,0.001,14,20,cuda:0,0.0317449060825141,blurred_observation,12.5,0.0317449060825141,0.0,169153,169153,,,,,,0.0,0.0,0.0,0.0,0.0,computed,237,True
forest__finland_boreal__r0c2,forest,finland_boreal,Central Finland,62.0,25.0,61.96519914294394,25.07858612615139,60-75,32635,4000.0,-4000.0,12.5,0.001,14,20,cuda:0,0.0317449060825141,psf_aware_matched,12.5,0.0277349053526505,0.1263195020782359,169153,170483,22.0,65536.0,170483.0,1441792.0,0.0001290451247338,0.2775019239634275,0.040129265282303,1.5625899606384337,0.3176311892457306,1.8802211498841643,computed,237,True
forest__finland_boreal__r0c2,forest,finland_boreal,Central Finland,62.0,25.0,61.96519914294394,25.07858612615139,60-75,32635,4000.0,-4000.0,12.5,0.001,14,20,cuda:0,0.0317449060825141,psf_aware_plus50,18.75,0.0459275164949875,-0.4467680696741918,169153,172463,48.0,65536.0,172463.0,3145728.0,0.00027832056731,0.4280781066045165,0.0796922179870307,1.582404631190002,0.5077703245915473,2.090174955781549,computed,237,True
forest__finland_boreal__r0c2,forest,finland_boreal,Central Finland,62.0,25.0,61.96519914294394,25.07858612615139,60-75,32635,4000.0,-4000.0,12.5,0.001,14,20,cuda:0,0.0317449060825141,psf_aware_minus50,6.25,0.0351772447999396,-0.1081225034499659,168626,168626,9.0,65536.0,168626.0,589824.0,5.3372552275449815e-05,0.1701893405988812,0.0223568039946258,1.5918949050828817,0.192546144593507,1.7844410496763885,computed,237,True
forest__finland_boreal__r0c2,forest,finland_boreal,Central Finland,62.0,25.0,61.96519914294394,25.07858612615139,60-75,32635,4000.0,-4000.0,12.5,0.001,14,20,cuda:0,0.0317449060825141,nearest,,0.036449030417165,-0.1481851709506871,168176,169153,,,,,,0.0,0.1197513011284172,0.0,0.1197513011284172,0.1197513011284172,computed,237,True
forest__finland_boreal__r0c2,forest,finland_boreal,Central Finland,62.0,25.0,61.96519914294394,25.07858612615139,60-75,32635,4000.0,-4000.0,12.5,0.001,14,20,cuda:0,0.0317449060825141,bilinear,,0.0376128550191987,-0.1848469458826611,168176,169153,,,,,,0.0,0.106987124774605,0.0,0.106987124774605,0.106987124774605,computed,237,True
forest__finland_boreal__r0c2,forest,finland_boreal,Central Finland,62.0,25.0,61.96519914294394,25.07858612615139,60-75,32635,4000.0,-4000.0,12.5,0.001,14,20,cuda:0,0.0317449060825141,bicubic,,0.0352367831835991,-0.1099980290383801,168176,169153,,,,,,0.0,0.7529477360658348,0.0,0.7529477360658348,0.7529477360658348,computed,237,True
forest__finland_boreal__r1c0,forest,finland_boreal,Central Finland,62.0,25.0,61.99887247093604,24.92368075484641,60-75,32635,-4000.0,0.0,12.5,0.001,14,20,cuda:0,0.0297642301509795,blurred_observation,12.5,0.0297642301509795,0.0,169149,169149,,,,,,0.0,0.0,0.0,0.0,0.0,computed,238,True
forest__finland_boreal__r1c0,forest,finland_boreal,Central Finland,62.0,25.0,61.99887247093604,24.92368075484641,60-75,32635,-4000.0,0.0,12.5,0.001,14,20,cuda:0,0.0297642301509795,psf_aware_matched,12.5,0.0250901459988383,0.1570369577318767,169149,170479,22.0,65536.0,170479.0,1441792.0,0.0001290481525583,0.2719585141167044,0.0402131136506795,1.5239076660946012,0.312171627767384,1.8360792938619848,computed,238,True
forest__finland_boreal__r1c0,forest,finland_boreal,Central Finland,62.0,25.0,61.99887247093604,24.92368075484641,60-75,32635,-4000.0,0.0,12.5,0.001,14,20,cuda:0,0.0297642301509795,psf_aware_plus50,18.75,0.0440402494427463,-0.4796367727084312,169149,172454,48.0,65536.0,172454.0,3145728.0,0.0002783350922564,0.4245061613619327,0.0798986488953232,1.5450037429109216,0.504404810257256,2.0494085531681776,computed,238,True
forest__finland_boreal__r1c0,forest,finland_boreal,Central Finland,62.0,25.0,61.99887247093604,24.92368075484641,60-75,32635,-4000.0,0.0,12.5,0.001,14,20,cuda:0,0.0297642301509795,psf_aware_minus50,6.25,0.0334129918788568,-0.1225888158157946,168622,168622,9.0,65536.0,168622.0,589824.0,5.337381836296569e-05,0.1692755809053778,0.0222488101571798,1.566418242640793,0.1915243910625577,1.757942633703351,computed,238,True
forest__finland_boreal__r1c0,forest,finland_boreal,Central Finland,62.0,25.0,61.99887247093604,24.92368075484641,60-75,32635,-4000.0,0.0,12.5,0.001,14,20,cuda:0,0.0297642301509795,nearest,,0.0347721192707342,-0.1682519283835719,168166,169149,,,,,,0.0,0.120355756022036,0.0,0.120355756022036,0.120355756022036,computed,238,True
forest__finland_boreal__r1c0,forest,finland_boreal,Central Finland,62.0,25.0,61.99887247093604,24.92368075484641,60-75,32635,-4000.0,0.0,12.5,0.001,14,20,cuda:0,0.0297642301509795,bilinear,,0.0359911849399224,-0.2092093347402761,168166,169149,,,,,,0.0,0.1078495583496987,0.0,0.1078495583496987,0.1078495583496987,computed,238,True
forest__finland_boreal__r1c0,forest,finland_boreal,Central Finland,62.0,25.0,61.99887247093604,24.92368075484641,60-75,32635,-4000.0,0.0,12.5,0.001,14,20,cuda:0,0.0297642301509795,bicubic,,0.0332440669159604,-0.1169133805016748,168166,169149,,,,,,0.0,0.7669168929569423,0.0,0.7669168929569423,0.7669168929569423,computed,238,True
forest__finland_boreal__r1c1,forest,finland_boreal,Central Finland,62.0,25.0,62.0,25.0,60-75,32635,0.0,0.0,12.5,0.001,14,20,cuda:0,0.0304061280940717,blurred_observation,12.5,0.0304061280940717,0.0,169155,169155,,,,,,0.0,0.0,0.0,0.0,0.0,computed,239,True
forest__finland_boreal__r1c1,forest,finland_boreal,Central Finland,62.0,25.0,62.0,25.0,60-75,32635,0.0,0.0,12.5,0.001,14,20,cuda:0,0.0304061280940717,psf_aware_matched,12.5,0.0259026950182211,0.1481093897229422,169155,170482,22.0,65536.0,170482.0,1441792.0,0.0001290458816766,0.2704974673688411,0.0405989149585366,1.531791449058801,0.3110963823273778,1.8428878313861787,computed,239,True
forest__finland_boreal__r1c1,forest,finland_boreal,Central Finland,62.0,25.0,62.0,25.0,60-75,32635,0.0,0.0,12.5,0.001,14,20,cuda:0,0.0304061280940717,psf_aware_plus50,18.75,0.044767798850333,-0.4723281672637993,169155,172452,48.0,65536.0,172452.0,3145728.0,0.0002783383202282,0.4235076103359461,0.0795724219642579,1.5539380349218843,0.503080032300204,2.057018067222089,computed,239,True
forest__finland_boreal__r1c1,forest,finland_boreal,Central Finland,62.0,25.0,62.0,25.0,60-75,32635,0.0,0.0,12.5,0.001,14,20,cuda:0,0.0304061280940717,psf_aware_minus50,6.25,0.0340663427164156,-0.1203775308391701,168612,168612,9.0,65536.0,168612.0,589824.0,5.337698384456623e-05,0.1900027287192642,0.0223524053581058,1.5002409210428596,0.2123551340773701,1.7125960551202295,computed,239,True
forest__finland_boreal__r1c1,forest,finland_boreal,Central Finland,62.0,25.0,62.0,25.0,60-75,32635,0.0,0.0,12.5,0.001,14,20,cuda:0,0.0304061280940717,nearest,,0.0353870375053149,-0.1638126826221682,168170,169155,,,,,,0.0,0.1198016959242522,0.0,0.1198016959242522,0.1198016959242522,computed,239,True
forest__finland_boreal__r1c1,forest,finland_boreal,Central Finland,62.0,25.0,62.0,25.0,60-75,32635,0.0,0.0,12.5,0.001,14,20,cuda:0,0.0304061280940717,bilinear,,0.0365671424086898,-0.2026240991801666,168170,169155,,,,,,0.0,0.1075098351575434,0.0,0.1075098351575434,0.1075098351575434,computed,239,True
forest__finland_boreal__r1c1,forest,finland_boreal,Central Finland,62.0,25.0,62.0,25.0,60-75,32635,0.0,0.0,12.5,0.001,14,20,cuda:0,0.0304061280940717,bicubic,,0.0338825165261478,-0.1143318353892584,168170,169155,,,,,,0.0,0.7599365129135549,0.0,0.7599365129135549,0.7599365129135549,computed,239,True
forest__finland_boreal__r1c2,forest,finland_boreal,Central Finland,62.0,25.0,62.001085334567215,25.076325564419125,60-75,32635,4000.0,0.0,12.5,0.001,14,20,cuda:0,0.0307069386328638,blurred_observation,12.5,0.0307069386328638,0.0,169161,169161,,,,,,0.0,0.0,0.0,0.0,0.0,computed,240,True
forest__finland_boreal__r1c2,forest,finland_boreal,Central Finland,62.0,25.0,62.001085334567215,25.076325564419125,60-75,32635,4000.0,0.0,12.5,0.001,14,20,cuda:0,0.0307069386328638,psf_aware_matched,12.5,0.0264264733308204,0.1393973314377298,169161,170483,22.0,65536.0,170483.0,1441792.0,0.0001290451247338,0.2726191952824592,0.0402679988183081,1.5341206998564303,0.3128871941007674,1.8470078939571977,computed,240,True
forest__finland_boreal__r1c2,forest,finland_boreal,Central Finland,62.0,25.0,62.001085334567215,25.076325564419125,60-75,32635,4000.0,0.0,12.5,0.001,14,20,cuda:0,0.0307069386328638,psf_aware_plus50,18.75,0.0447030823402216,-0.455797429847941,169161,172452,48.0,65536.0,172452.0,3145728.0,0.0002783383202282,0.4235108359716832,0.0795736140571534,1.5526871350593865,0.5030844500288367,2.055771585088223,computed,240,True
forest__finland_boreal__r1c2,forest,finland_boreal,Central Finland,62.0,25.0,62.001085334567215,25.076325564419125,60-75,32635,4000.0,0.0,12.5,0.001,14,20,cuda:0,0.0307069386328638,psf_aware_minus50,6.25,0.0341945249822254,-0.1135764913285435,168621,168621,9.0,65536.0,168621.0,589824.0,5.3374134894230254e-05,0.1893363059498369,0.0223256247118115,1.5821529142558577,0.2116619306616485,1.793814844917506,computed,240,True
forest__finland_boreal__r1c2,forest,finland_boreal,Central Finland,62.0,25.0,62.001085334567215,25.076325564419125,60-75,32635,4000.0,0.0,12.5,0.001,14,20,cuda:0,0.0307069386328638,nearest,,0.0355131508993633,-0.1565187700396721,168176,169161,,,,,,0.0,0.1205923329107463,0.0,0.1205923329107463,0.1205923329107463,computed,240,True
forest__finland_boreal__r1c2,forest,finland_boreal,Central Finland,62.0,25.0,62.001085334567215,25.076325564419125,60-75,32635,4000.0,0.0,12.5,0.001,14,20,cuda:0,0.0307069386328638,bilinear,,0.0366885885462668,-0.1947979896309548,168176,169161,,,,,,0.0,0.1070104599930346,0.0,0.1070104599930346,0.1070104599930346,computed,240,True
forest__finland_boreal__r1c2,forest,finland_boreal,Central Finland,62.0,25.0,62.001085334567215,25.076325564419125,60-75,32635,4000.0,0.0,12.5,0.001,14,20,cuda:0,0.0307069386328638,bicubic,,0.0341393872390548,-0.1117808794692898,168176,169161,,,,,,0.0,0.750635496340692,0.0,0.750635496340692,0.750635496340692,computed,240,True
forest__finland_boreal__r2c0,forest,finland_boreal,Central Finland,62.0,25.0,62.034755094976,24.921234558698814,60-75,32635,-4000.0,4000.0,12.5,0.001,14,20,cuda:0,0.0303911617398856,blurred_observation,12.5,0.0303911617398856,0.0,169149,169149,,,,,,0.0,0.0,0.0,0.0,0.0,computed,241,True
forest__finland_boreal__r2c0,forest,finland_boreal,Central Finland,62.0,25.0,62.034755094976,24.921234558698814,60-75,32635,-4000.0,4000.0,12.5,0.001,14,20,cuda:0,0.0303911617398856,psf_aware_matched,12.5,0.0258777343718899,0.1485111825150221,169149,170475,22.0,65536.0,170475.0,1441792.0,0.000129051180525,0.272314228117466,0.0404192549176514,1.5421157530508935,0.3127334830351174,1.854849236086011,computed,241,True
forest__finland_boreal__r2c0,forest,finland_boreal,Central Finland,62.0,25.0,62.034755094976,24.921234558698814,60-75,32635,-4000.0,4000.0,12.5,0.001,14,20,cuda:0,0.0303911617398856,psf_aware_plus50,18.75,0.0448449651785805,-0.4755923305072469,169149,172450,48.0,65536.0,172450.0,3145728.0,0.0002783415482748,0.4401783351786434,0.0807723840698599,1.565502027049661,0.5209507192485034,2.086452746298164,computed,241,True
forest__finland_boreal__r2c0,forest,finland_boreal,Central Finland,62.0,25.0,62.034755094976,24.921234558698814,60-75,32635,-4000.0,4000.0,12.5,0.001,14,20,cuda:0,0.0303911617398856,psf_aware_minus50,6.25,0.0339629871920803,-0.1175284275989683,168611,168611,9.0,65536.0,168611.0,589824.0,5.337730041337754e-05,0.1874632677063346,0.0223595802672207,1.5102496170438826,0.2098228479735553,1.720072465017438,computed,241,True
forest__finland_boreal__r2c0,forest,finland_boreal,Central Finland,62.0,25.0,62.034755094976,24.921234558698814,60-75,32635,-4000.0,4000.0,12.5,0.001,14,20,cuda:0,0.0303911617398856,nearest,,0.0353447100599693,-0.1629930557601095,168164,169149,,,,,,0.0,0.1195662412792444,0.0,0.1195662412792444,0.1195662412792444,computed,241,True
forest__finland_boreal__r2c0,forest,finland_boreal,Central Finland,62.0,25.0,62.034755094976,24.921234558698814,60-75,32635,-4000.0,4000.0,12.5,0.001,14,20,cuda:0,0.0303911617398856,bilinear,,0.0365649027697079,-0.2031426466241284,168164,169149,,,,,,0.0,0.1072109597735107,0.0,0.1072109597735107,0.1072109597735107,computed,241,True
forest__finland_boreal__r2c0,forest,finland_boreal,Central Finland,62.0,25.0,62.034755094976,24.921234558698814,60-75,32635,-4000.0,4000.0,12.5,0.001,14,20,cuda:0,0.0303911617398856,bicubic,,0.0338862640863919,-0.1150039072681883,168164,169149,,,,,,0.0,0.7606157693080604,0.0,0.7606157693080604,0.7606157693080604,computed,241,True
forest__finland_boreal__r2c1,forest,finland_boreal,Central Finland,62.0,25.0,62.035884321690354,24.99764356947585,60-75,32635,0.0,4000.0,12.5,0.001,14,20,cuda:0,0.0293253453829348,blurred_observation,12.5,0.0293253453829348,0.0,169152,169152,,,,,,0.0,0.0,0.0,0.0,0.0,computed,242,True
forest__finland_boreal__r2c1,forest,finland_boreal,Central Finland,62.0,25.0,62.035884321690354,24.99764356947585,60-75,32635,0.0,4000.0,12.5,0.001,14,20,cuda:0,0.0293253453829348,psf_aware_matched,12.5,0.0244737293104761,0.1654410547976702,169152,170478,22.0,65536.0,170478.0,1441792.0,0.0001290489095367,0.2728335009887814,0.0403087260201573,1.538154549896717,0.3131422270089388,1.851296776905656,computed,242,True
forest__finland_boreal__r2c1,forest,finland_boreal,Central Finland,62.0,25.0,62.035884321690354,24.99764356947585,60-75,32635,0.0,4000.0,12.5,0.001,14,20,cuda:0,0.0293253453829348,psf_aware_plus50,18.75,0.044201403962252,-0.5072765004150293,169152,172451,48.0,65536.0,172451.0,3145728.0,0.0002783399342421,0.4267445621080696,0.0796887017786502,1.5643063322640955,0.5064332638867199,2.0707395961508155,computed,242,True
forest__finland_boreal__r2c1,forest,finland_boreal,Central Finland,62.0,25.0,62.035884321690354,24.99764356947585,60-75,32635,0.0,4000.0,12.5,0.001,14,20,cuda:0,0.0293253453829348,psf_aware_minus50,6.25,0.033190213910057,-0.1317927709513444,168615,168615,9.0,65536.0,168615.0,589824.0,5.337603416066186e-05,0.1868824390694499,0.0223482376895844,1.5326490928418934,0.2092306767590344,1.7418797696009278,computed,242,True
forest__finland_boreal__r2c1,forest,finland_boreal,Central Finland,62.0,25.0,62.035884321690354,24.99764356947585,60-75,32635,0.0,4000.0,12.5,0.001,14,20,cuda:0,0.0293253453829348,nearest,,0.0345698240378824,-0.1788377455223244,168170,169152,,,,,,0.0,0.1192442909814417,0.0,0.1192442909814417,0.1192442909814417,computed,242,True
forest__finland_boreal__r2c1,forest,finland_boreal,Central Finland,62.0,25.0,62.035884321690354,24.99764356947585,60-75,32635,0.0,4000.0,12.5,0.001,14,20,cuda:0,0.0293253453829348,bilinear,,0.0358022743518841,-0.2208645417256842,168170,169152,,,,,,0.0,0.1067929081618785,0.0,0.1067929081618785,0.1067929081618785,computed,242,True
forest__finland_boreal__r2c1,forest,finland_boreal,Central Finland,62.0,25.0,62.035884321690354,24.99764356947585,60-75,32635,0.0,4000.0,12.5,0.001,14,20,cuda:0,0.0293253453829348,bicubic,,0.0329335588841843,-0.1230407844863508,168170,169152,,,,,,0.0,0.7593167489394546,0.0,0.7593167489394546,0.7593167489394546,computed,242,True
forest__finland_boreal__r2c2,forest,finland_boreal,Central Finland,62.0,25.0,62.03697129049733,25.07405892370652,60-75,32635,4000.0,4000.0,12.5,0.001,14,20,cuda:0,0.0305340052247443,blurred_observation,12.5,0.0305340052247443,0.0,169155,169155,,,,,,0.0,0.0,0.0,0.0,0.0,computed,243,True
forest__finland_boreal__r2c2,forest,finland_boreal,Central Finland,62.0,25.0,62.03697129049733,25.07405892370652,60-75,32635,4000.0,4000.0,12.5,0.001,14,20,cuda:0,0.0305340052247443,psf_aware_matched,12.5,0.0266611055443105,0.1268389014781215,169155,170479,22.0,65536.0,170479.0,1441792.0,0.0001290481525583,0.2781891748309135,0.0403240248560905,1.5226388229057193,0.3185131996870041,1.8411520225927236,computed,243,True
forest__finland_boreal__r2c2,forest,finland_boreal,Central Finland,62.0,25.0,62.03697129049733,25.07405892370652,60-75,32635,4000.0,4000.0,12.5,0.001,14,20,cuda:0,0.0305340052247443,psf_aware_plus50,18.75,0.0437689671707889,-0.4334499142391965,169155,172455,48.0,65536.0,172455.0,3145728.0,0.0002783334782986,0.4341657771728933,0.0798279563896358,1.5267606610432267,0.5139937335625291,2.040754394605756,computed,243,True
forest__finland_boreal__r2c2,forest,finland_boreal,Central Finland,62.0,25.0,62.03697129049733,25.07405892370652,60-75,32635,4000.0,4000.0,12.5,0.001,14,20,cuda:0,0.0305340052247443,psf_aware_minus50,6.25,0.0337277381766682,-0.104595939131358,168623,168623,9.0,65536.0,168623.0,589824.0,5.337350183545543e-05,0.1909440509043634,0.0222986442968249,1.5097229797393084,0.2132426952011883,1.722965674940497,computed,243,True
forest__finland_boreal__r2c2,forest,finland_boreal,Central Finland,62.0,25.0,62.03697129049733,25.07405892370652,60-75,32635,4000.0,4000.0,12.5,0.001,14,20,cuda:0,0.0305340052247443,nearest,,0.0349267922032955,-0.1438654033828292,168172,169155,,,,,,0.0,0.1220701122656464,0.0,0.1220701122656464,0.1220701122656464,computed,243,True
forest__finland_boreal__r2c2,forest,finland_boreal,Central Finland,62.0,25.0,62.03697129049733,25.07405892370652,60-75,32635,4000.0,4000.0,12.5,0.001,14,20,cuda:0,0.0305340052247443,bilinear,,0.0360170300623555,-0.1795710977729123,168172,169155,,,,,,0.0,0.1117689716629684,0.0,0.1117689716629684,0.1117689716629684,computed,243,True
forest__finland_boreal__r2c2,forest,finland_boreal,Central Finland,62.0,25.0,62.03697129049733,25.07405892370652,60-75,32635,4000.0,4000.0,12.5,0.001,14,20,cuda:0,0.0305340052247443,bicubic,,0.0338002627677755,-0.1069711463985818,168172,169155,,,,,,0.0,0.7921024449169636,0.0,0.7921024449169636,0.7921024449169636,computed,243,True
forest__tasmania__r0c0,forest,tasmania,Tasmania,-42.0,146.0,-42.03558964167568,145.95111719684712,30-45,32755,-4000.0,-4000.0,12.5,0.001,14,20,cuda:0,0.0276860559679432,blurred_observation,12.5,0.0276860559679432,0.0,169920,169920,,,,,,0.0,0.0,0.0,0.0,0.0,computed,244,True
forest__tasmania__r0c0,forest,tasmania,Tasmania,-42.0,146.0,-42.03558964167568,145.95111719684712,30-45,32755,-4000.0,-4000.0,12.5,0.001,14,20,cuda:0,0.0276860559679432,psf_aware_matched,12.5,0.0238090817643671,0.1400334597338502,169920,171256,22.0,65536.0,171256.0,1441792.0,0.0001284626524034,0.2734266351908445,0.0403514970093965,1.4836440263316035,0.3137781322002411,1.7974221585318446,computed,244,True
forest__tasmania__r0c0,forest,tasmania,Tasmania,-42.0,146.0,-42.03558964167568,145.95111719684712,30-45,32755,-4000.0,-4000.0,12.5,0.001,14,20,cuda:0,0.0276860559679432,psf_aware_plus50,18.75,0.0406938098965339,-0.4698305148140982,169920,173223,48.0,65536.0,173223.0,3145728.0,0.0002770994613879,0.4222768102772534,0.0797793427482247,1.5064500221051276,0.5020561530254781,2.0085061751306057,computed,244,True
forest__tasmania__r0c0,forest,tasmania,Tasmania,-42.0,146.0,-42.03558964167568,145.95111719684712,30-45,32755,-4000.0,-4000.0,12.5,0.001,14,20,cuda:0,0.0276860559679432,psf_aware_minus50,6.25,0.0305474505628685,-0.1033514704383444,169389,169389,9.0,65536.0,169389.0,589824.0,5.313213963126295e-05,0.1681883120909333,0.0209546382538974,1.479102365206927,0.1891429503448307,1.6682453155517578,computed,244,True
forest__tasmania__r0c0,forest,tasmania,Tasmania,-42.0,146.0,-42.03558964167568,145.95111719684712,30-45,32755,-4000.0,-4000.0,12.5,0.001,14,20,cuda:0,0.0276860559679432,nearest,,0.0316968382804766,-0.1448665103175865,168934,169920,,,,,,0.0,0.1201956332661211,0.0,0.1201956332661211,0.1201956332661211,computed,244,True
forest__tasmania__r0c0,forest,tasmania,Tasmania,-42.0,146.0,-42.03558964167568,145.95111719684712,30-45,32755,-4000.0,-4000.0,12.5,0.001,14,20,cuda:0,0.0276860559679432,bilinear,,0.0327606805620543,-0.1832917118995507,168934,169920,,,,,,0.0,0.1087866839952766,0.0,0.1087866839952766,0.1087866839952766,computed,244,True
forest__tasmania__r0c0,forest,tasmania,Tasmania,-42.0,146.0,-42.03558964167568,145.95111719684712,30-45,32755,-4000.0,-4000.0,12.5,0.001,14,20,cuda:0,0.0276860559679432,bicubic,,0.030741699915078,-0.1103676143208249,168934,169920,,,,,,0.0,0.7567614391446114,0.0,0.7567614391446114,0.7567614391446114,computed,244,True
forest__tasmania__r0c1,forest,tasmania,Tasmania,-42.0,146.0,-42.036021056131055,145.99943545282602,30-45,32755,0.0,-4000.0,12.5,0.001,14,20,cuda:0,0.0243709856708518,blurred_observation,12.5,0.0243709856708518,0.0,169922,169922,,,,,,0.0,0.0,0.0,0.0,0.0,computed,245,True
forest__tasmania__r0c1,forest,tasmania,Tasmania,-42.0,146.0,-42.036021056131055,145.99943545282602,30-45,32755,0.0,-4000.0,12.5,0.001,14,20,cuda:0,0.0243709856708518,psf_aware_matched,12.5,0.0214994444759223,0.1178262231044645,169922,171248,22.0,65536.0,171248.0,1441792.0,0.0001284686536485,0.2725756228901446,0.0404174108989536,1.4899856080301106,0.3129930337890982,1.8029786418192089,computed,245,True
forest__tasmania__r0c1,forest,tasmania,Tasmania,-42.0,146.0,-42.036021056131055,145.99943545282602,30-45,32755,0.0,-4000.0,12.5,0.001,14,20,cuda:0,0.0243709856708518,psf_aware_plus50,18.75,0.0347415018339405,-0.4255271536059359,169922,173231,48.0,65536.0,173231.0,3145728.0,0.000277086664627,0.4276870558969676,0.0796398287639021,1.5021062237210572,0.5073268846608698,2.009433108381927,computed,245,True
forest__tasmania__r0c1,forest,tasmania,Tasmania,-42.0,146.0,-42.036021056131055,145.99943545282602,30-45,32755,0.0,-4000.0,12.5,0.001,14,20,cuda:0,0.0243709856708518,psf_aware_minus50,6.25,0.026755169347093,-0.0978287751033684,169393,169393,9.0,65536.0,169393.0,589824.0,5.313088498344088e-05,0.1757417079061269,0.0208942843601107,1.586221951059997,0.1966359922662377,1.7828579433262348,computed,245,True
forest__tasmania__r0c1,forest,tasmania,Tasmania,-42.0,146.0,-42.036021056131055,145.99943545282602,30-45,32755,0.0,-4000.0,12.5,0.001,14,20,cuda:0,0.0243709856708518,nearest,,0.0276042936486709,-0.1326703819651467,168940,169922,,,,,,0.0,0.1628781738691032,0.0,0.1628781738691032,0.1628781738691032,computed,245,True
forest__tasmania__r0c1,forest,tasmania,Tasmania,-42.0,146.0,-42.036021056131055,145.99943545282602,30-45,32755,0.0,-4000.0,12.5,0.001,14,20,cuda:0,0.0243709856708518,bilinear,,0.0284660682853916,-0.1680310624218024,168940,169922,,,,,,0.0,0.1328183501027524,0.0,0.1328183501027524,0.1328183501027524,computed,245,True
forest__tasmania__r0c1,forest,tasmania,Tasmania,-42.0,146.0,-42.036021056131055,145.99943545282602,30-45,32755,0.0,-4000.0,12.5,0.001,14,20,cuda:0,0.0243709856708518,bicubic,,0.0268697322963962,-0.1025295677118609,168940,169922,,,,,,0.0,0.7827111780643463,0.0,0.7827111780643463,0.7827111780643463,computed,245,True
forest__tasmania__r0c2,forest,tasmania,Tasmania,-42.0,146.0,-42.03643213343804,146.0477547410131,30-45,32755,4000.0,-4000.0,12.5,0.001,14,20,cuda:0,0.0220607071288943,blurred_observation,12.5,0.0220607071288943,0.0,169929,169929,,,,,,0.0,0.0,0.0,0.0,0.0,computed,246,True
forest__tasmania__r0c2,forest,tasmania,Tasmania,-42.0,146.0,-42.03643213343804,146.0477547410131,30-45,32755,4000.0,-4000.0,12.5,0.001,14,20,cuda:0,0.0220607071288943,psf_aware_matched,12.5,0.019849583660819,0.1002290386775157,169929,171257,22.0,65536.0,171257.0,1441792.0,0.0001284619022872,0.2710398738272488,0.0405089640989899,1.5113754509948194,0.3115488379262388,1.8229242889210584,computed,246,True
forest__tasmania__r0c2,forest,tasmania,Tasmania,-42.0,146.0,-42.03643213343804,146.0477547410131,30-45,32755,4000.0,-4000.0,12.5,0.001,14,20,cuda:0,0.0220607071288943,psf_aware_plus50,18.75,0.0312643192308697,-0.4171947910917541,169929,173226,48.0,65536.0,173226.0,3145728.0,0.000277094662464,0.4299508039839566,0.0800902317278087,1.526596478652209,0.5100410357117653,2.0366375143639743,computed,246,True
forest__tasmania__r0c2,forest,tasmania,Tasmania,-42.0,146.0,-42.03643213343804,146.0477547410131,30-45,32755,4000.0,-4000.0,12.5,0.001,14,20,cuda:0,0.0220607071288943,psf_aware_minus50,6.25,0.0242520155066764,-0.0993308312820127,169389,169389,9.0,65536.0,169389.0,589824.0,5.313213963126295e-05,0.1712755188345909,0.0210660998709499,1.5705674909986556,0.1923416187055409,1.7629091097041965,computed,246,True
forest__tasmania__r0c2,forest,tasmania,Tasmania,-42.0,146.0,-42.03643213343804,146.0477547410131,30-45,32755,4000.0,-4000.0,12.5,0.001,14,20,cuda:0,0.0220607071288943,nearest,,0.0249849112060872,-0.1325525995203895,168943,169929,,,,,,0.0,0.1217428729869425,0.0,0.1217428729869425,0.1217428729869425,computed,246,True
forest__tasmania__r0c2,forest,tasmania,Tasmania,-42.0,146.0,-42.03643213343804,146.0477547410131,30-45,32755,4000.0,-4000.0,12.5,0.001,14,20,cuda:0,0.0220607071288943,bilinear,,0.0257031484365533,-0.1651099072381185,168943,169929,,,,,,0.0,0.1087462771683931,0.0,0.1087462771683931,0.1087462771683931,computed,246,True
forest__tasmania__r0c2,forest,tasmania,Tasmania,-42.0,146.0,-42.03643213343804,146.0477547410131,30-45,32755,4000.0,-4000.0,12.5,0.001,14,20,cuda:0,0.0220607071288943,bicubic,,0.0244288789889317,-0.1073479578964022,168943,169929,,,,,,0.0,0.7580622318200767,0.0,0.7580622318200767,0.7580622318200767,computed,246,True
forest__tasmania__r1c0,forest,tasmania,Tasmania,-42.0,146.0,-41.99956912697892,145.951708994673,30-45,32755,-4000.0,0.0,12.5,0.001,14,20,cuda:0,0.0236867241299469,blurred_observation,12.5,0.0236867241299469,0.0,169921,169921,,,,,,0.0,0.0,0.0,0.0,0.0,computed,247,True
forest__tasmania__r1c0,forest,tasmania,Tasmania,-42.0,146.0,-41.99956912697892,145.951708994673,30-45,32755,-4000.0,0.0,12.5,0.001,14,20,cuda:0,0.0236867241299469,psf_aware_matched,12.5,0.0214018608144347,0.0964617691740444,169921,171240,22.0,65536.0,171240.0,1441792.0,0.0001284746554543,0.2716257539577782,0.0405357959680259,1.5118628828786314,0.3121615499258041,1.8240244328044355,computed,247,True
forest__tasmania__r1c0,forest,tasmania,Tasmania,-42.0,146.0,-41.99956912697892,145.951708994673,30-45,32755,-4000.0,0.0,12.5,0.001,14,20,cuda:0,0.0236867241299469,psf_aware_plus50,18.75,0.0328278511650384,-0.3859177396140825,169921,173231,48.0,65536.0,173231.0,3145728.0,0.000277086664627,0.4325974569655955,0.0800259402021765,1.5356509387493134,0.512623397167772,2.0482743359170854,computed,247,True
forest__tasmania__r1c0,forest,tasmania,Tasmania,-42.0,146.0,-41.99956912697892,145.951708994673,30-45,32755,-4000.0,0.0,12.5,0.001,14,20,cuda:0,0.0236867241299469,psf_aware_minus50,6.25,0.0258414805197068,-0.0909689485949518,169380,169380,9.0,65536.0,169380.0,589824.0,5.313496280552604e-05,0.1750270542688667,0.021042875945568,1.4864216172136366,0.1960699302144348,1.6824915474280715,computed,247,True
forest__tasmania__r1c0,forest,tasmania,Tasmania,-42.0,146.0,-41.99956912697892,145.951708994673,30-45,32755,-4000.0,0.0,12.5,0.001,14,20,cuda:0,0.0236867241299469,nearest,,0.0265781790509433,-0.1220706968652034,168936,169921,,,,,,0.0,0.1210052357055246,0.0,0.1210052357055246,0.1210052357055246,computed,247,True
forest__tasmania__r1c0,forest,tasmania,Tasmania,-42.0,146.0,-41.99956912697892,145.951708994673,30-45,32755,-4000.0,0.0,12.5,0.001,14,20,cuda:0,0.0236867241299469,bilinear,,0.0272984638471357,-0.1524794943097491,168936,169921,,,,,,0.0,0.1081585339270532,0.0,0.1081585339270532,0.1081585339270532,computed,247,True
forest__tasmania__r1c0,forest,tasmania,Tasmania,-42.0,146.0,-41.99956912697892,145.951708994673,30-45,32755,-4000.0,0.0,12.5,0.001,14,20,cuda:0,0.0236867241299469,bicubic,,0.0260293353405141,-0.0988997548886652,168936,169921,,,,,,0.0,0.7565870191901922,0.0,0.7565870191901922,0.7565870191901922,computed,247,True
forest__tasmania__r1c1,forest,tasmania,Tasmania,-42.0,146.0,-41.99999999999999,146.0,30-45,32755,0.0,0.0,12.5,0.001,14,20,cuda:0,0.0269174863222666,blurred_observation,12.5,0.0269174863222666,0.0,169925,169925,,,,,,0.0,0.0,0.0,0.0,0.0,computed,248,True
forest__tasmania__r1c1,forest,tasmania,Tasmania,-42.0,146.0,-41.99999999999999,146.0,30-45,32755,0.0,0.0,12.5,0.001,14,20,cuda:0,0.0269174863222666,psf_aware_matched,12.5,0.0243098188271592,0.0968763377043226,169925,171261,22.0,65536.0,171261.0,1441792.0,0.0001284589019099,0.2738465499132871,0.0406388007104396,1.5230655218474567,0.3144853506237268,1.8375508724711835,computed,248,True
forest__tasmania__r1c1,forest,tasmania,Tasmania,-42.0,146.0,-41.99999999999999,146.0,30-45,32755,0.0,0.0,12.5,0.001,14,20,cuda:0,0.0269174863222666,psf_aware_plus50,18.75,0.0376346108435664,-0.3981473007170955,169925,173226,48.0,65536.0,173226.0,3145728.0,0.000277094662464,0.4314574883319437,0.0799011439085006,1.5332701592706144,0.5113586322404444,2.044628791511059,computed,248,True
forest__tasmania__r1c1,forest,tasmania,Tasmania,-42.0,146.0,-41.99999999999999,146.0,30-45,32755,0.0,0.0,12.5,0.001,14,20,cuda:0,0.0269174863222666,psf_aware_minus50,6.25,0.0294444783708215,-0.0938791987595268,169390,169390,9.0,65536.0,169390.0,589824.0,5.3131825963752285e-05,0.1817059940658509,0.0208737552165985,1.502441429067403,0.2025797492824494,1.7050211783498526,computed,248,True
forest__tasmania__r1c1,forest,tasmania,Tasmania,-42.0,146.0,-41.99999999999999,146.0,30-45,32755,0.0,0.0,12.5,0.001,14,20,cuda:0,0.0269174863222666,nearest,,0.0302913730468325,-0.1253418199668596,168935,169925,,,,,,0.0,0.1211020788177847,0.0,0.1211020788177847,0.1211020788177847,computed,248,True
forest__tasmania__r1c1,forest,tasmania,Tasmania,-42.0,146.0,-41.99999999999999,146.0,30-45,32755,0.0,0.0,12.5,0.001,14,20,cuda:0,0.0269174863222666,bilinear,,0.0311455414792516,-0.1570746653816432,168935,169925,,,,,,0.0,0.1092837760224938,0.0,0.1092837760224938,0.1092837760224938,computed,248,True
forest__tasmania__r1c1,forest,tasmania,Tasmania,-42.0,146.0,-41.99999999999999,146.0,30-45,32755,0.0,0.0,12.5,0.001,14,20,cuda:0,0.0269174863222666,bicubic,,0.0296868167781276,-0.1028822090854084,168935,169925,,,,,,0.0,0.7555812541395426,0.0,0.7555812541395426,0.7555812541395426,computed,248,True
forest__tasmania__r1c2,forest,tasmania,Tasmania,-42.0,146.0,-42.000410561389465,146.04829203534845,30-45,32755,4000.0,0.0,12.5,0.001,14,20,cuda:0,0.0239993632390116,blurred_observation,12.5,0.0239993632390116,0.0,169931,169931,,,,,,0.0,0.0,0.0,0.0,0.0,computed,249,True
forest__tasmania__r1c2,forest,tasmania,Tasmania,-42.0,146.0,-42.000410561389465,146.04829203534845,30-45,32755,4000.0,0.0,12.5,0.001,14,20,cuda:0,0.0239993632390116,psf_aware_matched,12.5,0.021135983397021,0.1193106589318183,169931,171245,22.0,65536.0,171245.0,1441792.0,0.0001284709042599,0.2708054496906698,0.0406042258255183,1.5040998999029398,0.3114096755161881,1.815509575419128,computed,249,True
forest__tasmania__r1c2,forest,tasmania,Tasmania,-42.0,146.0,-42.000410561389465,146.04829203534845,30-45,32755,4000.0,0.0,12.5,0.001,14,20,cuda:0,0.0239993632390116,psf_aware_plus50,18.75,0.0346084330715557,-0.4420563048647381,169931,173245,48.0,65536.0,173245.0,3145728.0,0.0002770642731391,0.4292238769121468,0.0800162516534328,1.5633027711883187,0.5092401285655797,2.0725428997538984,computed,249,True
forest__tasmania__r1c2,forest,tasmania,Tasmania,-42.0,146.0,-42.000410561389465,146.04829203534845,30-45,32755,4000.0,0.0,12.5,0.001,14,20,cuda:0,0.0239993632390116,psf_aware_minus50,6.25,0.0265452916642829,-0.106083165620531,169390,169390,9.0,65536.0,169390.0,589824.0,5.3131825963752285e-05,0.1704871146939695,0.021054757758975,1.558521114755422,0.1915418724529445,1.7500629872083664,computed,249,True
forest__tasmania__r1c2,forest,tasmania,Tasmania,-42.0,146.0,-42.000410561389465,146.04829203534845,30-45,32755,4000.0,0.0,12.5,0.001,14,20,cuda:0,0.0239993632390116,nearest,,0.0274323044988578,-0.1430430143357273,168947,169931,,,,,,0.0,0.1215259721502661,0.0,0.1215259721502661,0.1215259721502661,computed,249,True
forest__tasmania__r1c2,forest,tasmania,Tasmania,-42.0,146.0,-42.000410561389465,146.04829203534845,30-45,32755,4000.0,0.0,12.5,0.001,14,20,cuda:0,0.0239993632390116,bilinear,,0.0283007800247032,-0.1792304546938798,168947,169931,,,,,,0.0,0.1081974580883979,0.0,0.1081974580883979,0.1081974580883979,computed,249,True
forest__tasmania__r1c2,forest,tasmania,Tasmania,-42.0,146.0,-42.000410561389465,146.04829203534845,30-45,32755,4000.0,0.0,12.5,0.001,14,20,cuda:0,0.0239993632390116,bicubic,,0.0266982344504732,-0.1124559507926685,168947,169931,,,,,,0.0,0.7586737009696662,0.0,0.7586737009696662,0.7586737009696662,computed,249,True
forest__tasmania__r2c0,forest,tasmania,Tasmania,-42.0,146.0,-41.96354837866546,145.9522997127773,30-45,32755,-4000.0,4000.0,12.5,0.001,14,20,cuda:0,0.0277816700876565,blurred_observation,12.5,0.0277816700876565,0.0,169922,169922,,,,,,0.0,0.0,0.0,0.0,0.0,computed,250,True
forest__tasmania__r2c0,forest,tasmania,Tasmania,-42.0,146.0,-41.96354837866546,145.9522997127773,30-45,32755,-4000.0,4000.0,12.5,0.001,14,20,cuda:0,0.0277816700876565,psf_aware_matched,12.5,0.0245365681959939,0.1168073006922785,169922,171248,22.0,65536.0,171248.0,1441792.0,0.0001284686536485,0.2669439362362027,0.0404273900203406,1.514738149009645,0.3073713262565434,1.8221094752661884,computed,250,True
forest__tasmania__r2c0,forest,tasmania,Tasmania,-42.0,146.0,-41.96354837866546,145.9522997127773,30-45,32755,-4000.0,4000.0,12.5,0.001,14,20,cuda:0,0.0277816700876565,psf_aware_plus50,18.75,0.0397610066981428,-0.4311956974756803,169922,173233,48.0,65536.0,173233.0,3145728.0,0.0002770834656214,0.4264959702268243,0.0797476535663008,1.5283895749598742,0.5062436237931252,2.0346331987529997,computed,250,True
forest__tasmania__r2c0,forest,tasmania,Tasmania,-42.0,146.0,-41.96354837866546,145.9522997127773,30-45,32755,-4000.0,4000.0,12.5,0.001,14,20,cuda:0,0.0277816700876565,psf_aware_minus50,6.25,0.0305002592093591,-0.09785549656032,169390,169390,9.0,65536.0,169390.0,589824.0,5.3131825963752285e-05,0.1727088228799402,0.0244335480965673,1.6227378719486296,0.1971423709765076,1.8198802429251373,computed,250,True
forest__tasmania__r2c0,forest,tasmania,Tasmania,-42.0,146.0,-41.96354837866546,145.9522997127773,30-45,32755,-4000.0,4000.0,12.5,0.001,14,20,cuda:0,0.0277816700876565,nearest,,0.0315034067031234,-0.1339637467338743,168936,169922,,,,,,0.0,0.1216944116167724,0.0,0.1216944116167724,0.1216944116167724,computed,250,True
forest__tasmania__r2c0,forest,tasmania,Tasmania,-42.0,146.0,-41.96354837866546,145.9522997127773,30-45,32755,-4000.0,4000.0,12.5,0.001,14,20,cuda:0,0.0277816700876565,bilinear,,0.0324469378986392,-0.167926110858809,168936,169922,,,,,,0.0,0.1080111148767173,0.0,0.1080111148767173,0.1080111148767173,computed,250,True
forest__tasmania__r2c0,forest,tasmania,Tasmania,-42.0,146.0,-41.96354837866546,145.9522997127773,30-45,32755,-4000.0,4000.0,12.5,0.001,14,20,cuda:0,0.0277816700876565,bicubic,,0.0307312714738502,-0.1061707729192349,168936,169922,,,,,,0.0,0.7584236268885434,0.0,0.7584236268885434,0.7584236268885434,computed,250,True
forest__tasmania__r2c1,forest,tasmania,Tasmania,-42.0,146.0,-41.96397871085584,146.00056351715148,30-45,32755,0.0,4000.0,12.5,0.001,14,20,cuda:0,0.0266621277209522,blurred_observation,12.5,0.0266621277209522,0.0,169924,169924,,,,,,0.0,0.0,0.0,0.0,0.0,computed,251,True
forest__tasmania__r2c1,forest,tasmania,Tasmania,-42.0,146.0,-41.96397871085584,146.00056351715148,30-45,32755,0.0,4000.0,12.5,0.001,14,20,cuda:0,0.0266621277209522,psf_aware_matched,12.5,0.0236413137947256,0.1132998070462586,169924,171237,22.0,65536.0,171237.0,1441792.0,0.000128476906276,0.2732826923020184,0.0407894663512706,1.5413043261505663,0.3140721586532891,1.8553764848038556,computed,251,True
forest__tasmania__r2c1,forest,tasmania,Tasmania,-42.0,146.0,-41.96397871085584,146.00056351715148,30-45,32755,0.0,4000.0,12.5,0.001,14,20,cuda:0,0.0266621277209522,psf_aware_plus50,18.75,0.038320005678732,-0.4372448470651719,169924,173244,48.0,65536.0,173244.0,3145728.0,0.0002770658724111,0.5016311081126332,0.0797798037528991,1.553189055994153,0.5814109118655324,2.1345999678596854,computed,251,True
forest__tasmania__r2c1,forest,tasmania,Tasmania,-42.0,146.0,-41.96397871085584,146.00056351715148,30-45,32755,0.0,4000.0,12.5,0.001,14,20,cuda:0,0.0266621277209522,psf_aware_minus50,6.25,0.0292546212337311,-0.0972350571534326,169389,169389,9.0,65536.0,169389.0,589824.0,5.313213963126295e-05,0.183020653668791,0.0211967062205076,1.5103151523508132,0.2042173598892986,1.7145325122401118,computed,251,True
forest__tasmania__r2c1,forest,tasmania,Tasmania,-42.0,146.0,-41.96397871085584,146.00056351715148,30-45,32755,0.0,4000.0,12.5,0.001,14,20,cuda:0,0.0266621277209522,nearest,,0.0301784168772815,-0.1318832912785903,168953,169924,,,,,,0.0,0.1227183500304818,0.0,0.1227183500304818,0.1227183500304818,computed,251,True
forest__tasmania__r2c1,forest,tasmania,Tasmania,-42.0,146.0,-41.96397871085584,146.00056351715148,30-45,32755,0.0,4000.0,12.5,0.001,14,20,cuda:0,0.0266621277209522,bilinear,,0.0310974249930547,-0.1663519625486265,168953,169924,,,,,,0.0,0.1114594358950853,0.0,0.1114594358950853,0.1114594358950853,computed,251,True
forest__tasmania__r2c1,forest,tasmania,Tasmania,-42.0,146.0,-41.96397871085584,146.00056351715148,30-45,32755,0.0,4000.0,12.5,0.001,14,20,cuda:0,0.0266621277209522,bicubic,,0.0295064549916874,-0.1066804307782234,168953,169924,,,,,,0.0,0.7635016948916018,0.0,0.7635016948916018,0.7635016948916018,computed,251,True
forest__tasmania__r2c2,forest,tasmania,Tasmania,-42.0,146.0,-41.964388756903,146.04882834936697,30-45,32755,4000.0,4000.0,12.5,0.001,14,20,cuda:0,0.0219459446494227,blurred_observation,12.5,0.0219459446494227,0.0,169927,169927,,,,,,0.0,0.0,0.0,0.0,0.0,computed,252,True
forest__tasmania__r2c2,forest,tasmania,Tasmania,-42.0,146.0,-41.964388756903,146.04882834936697,30-45,32755,4000.0,4000.0,12.5,0.001,14,20,cuda:0,0.0219459446494227,psf_aware_matched,12.5,0.0194378824719377,0.1142836281395166,169927,171259,22.0,65536.0,171259.0,1441792.0,0.000128460402081,0.2833715407177806,0.0406222399324178,1.5684010572731495,0.3239937806501984,1.892394837923348,computed,252,True
forest__tasmania__r2c2,forest,tasmania,Tasmania,-42.0,146.0,-41.964388756903,146.04882834936697,30-45,32755,4000.0,4000.0,12.5,0.001,14,20,cuda:0,0.0219459446494227,psf_aware_plus50,18.75,0.0309900158696178,-0.4121067178775062,169927,173231,48.0,65536.0,173231.0,3145728.0,0.000277086664627,0.5067566861398518,0.0813965261913836,1.5623816968873143,0.5881532123312354,2.1505349092185497,computed,252,True
forest__tasmania__r2c2,forest,tasmania,Tasmania,-42.0,146.0,-41.964388756903,146.04882834936697,30-45,32755,4000.0,4000.0,12.5,0.001,14,20,cuda:0,0.0219459446494227,psf_aware_minus50,6.25,0.0242246131949298,-0.1038309620254609,169394,169394,9.0,65536.0,169394.0,589824.0,5.313057133074371e-05,0.18303789710626,0.0214967150241136,1.5785804269835353,0.2045346121303737,1.783115039113909,computed,252,True
forest__tasmania__r2c2,forest,tasmania,Tasmania,-42.0,146.0,-41.964388756903,146.04882834936697,30-45,32755,4000.0,4000.0,12.5,0.001,14,20,cuda:0,0.0219459446494227,nearest,,0.0249710474813752,-0.1378433637866698,168936,169927,,,,,,0.0,0.1218837592750787,0.0,0.1218837592750787,0.1218837592750787,computed,252,True
forest__tasmania__r2c2,forest,tasmania,Tasmania,-42.0,146.0,-41.964388756903,146.04882834936697,30-45,32755,4000.0,4000.0,12.5,0.001,14,20,cuda:0,0.0219459446494227,bilinear,,0.0257147916744724,-0.1717331873954573,168936,169927,,,,,,0.0,0.109250261913985,0.0,0.109250261913985,0.109250261913985,computed,252,True
forest__tasmania__r2c2,forest,tasmania,Tasmania,-42.0,146.0,-41.964388756903,146.04882834936697,30-45,32755,4000.0,4000.0,12.5,0.001,14,20,cuda:0,0.0219459446494227,bicubic,,0.0242769760112494,-0.1062169525652194,168936,169927,,,,,,0.0,0.7662884327583015,0.0,0.7662884327583015,0.7662884327583015,computed,252,True
forest__new_zealand__r0c0,forest,new_zealand,"South Island, New Zealand",-41.5,172.5,-41.53663307515397,172.45289564126605,30-45,32759,-4000.0,-4000.0,12.5,0.001,14,20,cuda:0,0.0326475822769763,blurred_observation,12.5,0.0326475822769763,0.0,169907,169907,,,,,,0.0,0.0,0.0,0.0,0.0,computed,253,True
forest__new_zealand__r0c0,forest,new_zealand,"South Island, New Zealand",-41.5,172.5,-41.53663307515397,172.45289564126605,30-45,32759,-4000.0,-4000.0,12.5,0.001,14,20,cuda:0,0.0326475822769763,psf_aware_matched,12.5,0.0296671671557429,0.0912905309786208,169907,171233,22.0,65536.0,171233.0,1441792.0,0.0001284799074944,0.2824079049751162,0.0403908509761095,1.6901146448217332,0.3227987559512257,2.012913400772959,computed,253,True
forest__new_zealand__r0c0,forest,new_zealand,"South Island, New Zealand",-41.5,172.5,-41.53663307515397,172.45289564126605,30-45,32759,-4000.0,-4000.0,12.5,0.001,14,20,cuda:0,0.0326475822769763,psf_aware_plus50,18.75,0.0455235545693139,-0.3943928277169235,169907,173222,48.0,65536.0,173222.0,3145728.0,0.0002771010610661,0.4536370658315718,0.0809958968311548,1.7236988539807498,0.5346329626627266,2.2583318166434765,computed,253,True
forest__new_zealand__r0c0,forest,new_zealand,"South Island, New Zealand",-41.5,172.5,-41.53663307515397,172.45289564126605,30-45,32759,-4000.0,-4000.0,12.5,0.001,14,20,cuda:0,0.0326475822769763,psf_aware_minus50,6.25,0.0356835189612547,-0.0929911642008296,169373,169373,9.0,65536.0,169373.0,589824.0,5.313715881515944e-05,0.1724704918451607,0.0217006709426641,1.6896769870072603,0.1941711627878248,1.8838481497950847,computed,253,True
forest__new_zealand__r0c0,forest,new_zealand,"South Island, New Zealand",-41.5,172.5,-41.53663307515397,172.45289564126605,30-45,32759,-4000.0,-4000.0,12.5,0.001,14,20,cuda:0,0.0326475822769763,nearest,,0.0367228778569429,-0.1248268721828298,168927,169907,,,,,,0.0,0.1212518224492669,0.0,0.1212518224492669,0.1212518224492669,computed,253,True
forest__new_zealand__r0c0,forest,new_zealand,"South Island, New Zealand",-41.5,172.5,-41.53663307515397,172.45289564126605,30-45,32759,-4000.0,-4000.0,12.5,0.001,14,20,cuda:0,0.0326475822769763,bilinear,,0.0377254065442193,-0.1555344657427815,168927,169907,,,,,,0.0,0.1088756117969751,0.0,0.1088756117969751,0.1088756117969751,computed,253,True
forest__new_zealand__r0c0,forest,new_zealand,"South Island, New Zealand",-41.5,172.5,-41.53663307515397,172.45289564126605,30-45,32759,-4000.0,-4000.0,12.5,0.001,14,20,cuda:0,0.0326475822769763,bicubic,,0.0359410803902808,-0.1008803067058097,168927,169907,,,,,,0.0,0.766981384716928,0.0,0.766981384716928,0.766981384716928,computed,253,True
forest__new_zealand__r0c1,forest,new_zealand,"South Island, New Zealand",-41.5,172.5,-41.53601732439317,172.50083204365427,30-45,32759,0.0,-4000.0,12.5,0.001,14,20,cuda:0,0.0349124534166086,blurred_observation,12.5,0.0349124534166086,0.0,169901,169901,,,,,,0.0,0.0,0.0,0.0,0.0,computed,254,True
forest__new_zealand__r0c1,forest,new_zealand,"South Island, New Zealand",-41.5,172.5,-41.53601732439317,172.50083204365427,30-45,32759,0.0,-4000.0,12.5,0.001,14,20,cuda:0,0.0349124534166086,psf_aware_matched,12.5,0.0307777761446191,0.1184298686388664,169901,171230,22.0,65536.0,171230.0,1441792.0,0.0001284821585002,0.2696254248730838,0.0404461859725415,1.7146443738602102,0.3100716108456254,2.024715984705836,computed,254,True
forest__new_zealand__r0c1,forest,new_zealand,"South Island, New Zealand",-41.5,172.5,-41.53601732439317,172.50083204365427,30-45,32759,0.0,-4000.0,12.5,0.001,14,20,cuda:0,0.0349124534166086,psf_aware_plus50,18.75,0.0505933970925489,-0.4491504360584586,169901,173215,48.0,65536.0,173215.0,3145728.0,0.0002771122593308,0.4411330143921077,0.079814039170742,1.761506742797792,0.5209470535628498,2.2824537963606417,computed,254,True
forest__new_zealand__r0c1,forest,new_zealand,"South Island, New Zealand",-41.5,172.5,-41.53601732439317,172.50083204365427,30-45,32759,0.0,-4000.0,12.5,0.001,14,20,cuda:0,0.0349124534166086,psf_aware_minus50,6.25,0.0387545049191175,-0.1100481669581312,169393,169393,9.0,65536.0,169393.0,589824.0,5.313088498344088e-05,0.1753113027662038,0.0210091713815927,1.7477143500000238,0.1963204741477966,1.9440348241478205,computed,254,True
forest__new_zealand__r0c1,forest,new_zealand,"South Island, New Zealand",-41.5,172.5,-41.53601732439317,172.50083204365427,30-45,32759,0.0,-4000.0,12.5,0.001,14,20,cuda:0,0.0349124534166086,nearest,,0.0400501505253216,-0.1471594404267482,168933,169901,,,,,,0.0,0.1329462029971182,0.0,0.1329462029971182,0.1329462029971182,computed,254,True
forest__new_zealand__r0c1,forest,new_zealand,"South Island, New Zealand",-41.5,172.5,-41.53601732439317,172.50083204365427,30-45,32759,0.0,-4000.0,12.5,0.001,14,20,cuda:0,0.0349124534166086,bilinear,,0.0412847691282933,-0.1825227129025903,168933,169901,,,,,,0.0,0.1077411039732396,0.0,0.1077411039732396,0.1077411039732396,computed,254,True
forest__new_zealand__r0c1,forest,new_zealand,"South Island, New Zealand",-41.5,172.5,-41.53601732439317,172.50083204365427,30-45,32759,0.0,-4000.0,12.5,0.001,14,20,cuda:0,0.0349124534166086,bicubic,,0.0388739697544035,-0.1134700071210239,168933,169901,,,,,,0.0,0.7570868949405849,0.0,0.7570868949405849,0.7570868949405849,computed,254,True
forest__new_zealand__r0c2,forest,new_zealand,"South Island, New Zealand",-41.5,172.5,-41.53538160014447,172.54876693105012,30-45,32759,4000.0,-4000.0,12.5,0.001,14,20,cuda:0,0.0476123963218256,blurred_observation,12.5,0.0476123963218256,0.0,169891,169891,,,,,,0.0,0.0,0.0,0.0,0.0,computed,255,True
forest__new_zealand__r0c2,forest,new_zealand,"South Island, New Zealand",-41.5,172.5,-41.53538160014447,172.54876693105012,30-45,32759,4000.0,-4000.0,12.5,0.001,14,20,cuda:0,0.0476123963218256,psf_aware_matched,12.5,0.0385188567390814,0.1909910083348541,169891,171222,22.0,65536.0,171222.0,1441792.0,0.000128488161568,0.2695316676981747,0.0406719730235636,1.7000771537423134,0.3102036407217383,2.010280794464052,computed,255,True
forest__new_zealand__r0c2,forest,new_zealand,"South Island, New Zealand",-41.5,172.5,-41.53538160014447,172.54876693105012,30-45,32759,4000.0,-4000.0,12.5,0.001,14,20,cuda:0,0.0476123963218256,psf_aware_plus50,18.75,0.073051738468015,-0.534300814733996,169891,173213,48.0,65536.0,173213.0,3145728.0,0.0002771154590013,0.4743180070072412,0.08013657014817,2.3478427841328084,0.5544545771554112,2.90229736128822,computed,255,True
forest__new_zealand__r0c2,forest,new_zealand,"South Island, New Zealand",-41.5,172.5,-41.53538160014447,172.54876693105012,30-45,32759,4000.0,-4000.0,12.5,0.001,14,20,cuda:0,0.0476123963218256,psf_aware_minus50,6.25,0.0548999572934482,-0.1530601594249501,169370,169370,9.0,65536.0,169370.0,589824.0,5.31381000177127e-05,0.2047741659916937,0.0221006888896226,1.7045452878810463,0.2268748548813164,1.931420142762363,computed,255,True
forest__new_zealand__r0c2,forest,new_zealand,"South Island, New Zealand",-41.5,172.5,-41.53538160014447,172.54876693105012,30-45,32759,4000.0,-4000.0,12.5,0.001,14,20,cuda:0,0.0476123963218256,nearest,,0.0572762343729174,-0.2029689492158977,168930,169891,,,,,,0.0,0.1344469143077731,0.0,0.1344469143077731,0.1344469143077731,computed,255,True
forest__new_zealand__r0c2,forest,new_zealand,"South Island, New Zealand",-41.5,172.5,-41.53538160014447,172.54876693105012,30-45,32759,4000.0,-4000.0,12.5,0.001,14,20,cuda:0,0.0476123963218256,bilinear,,0.0593927814815329,-0.2474226476668031,168930,169891,,,,,,0.0,0.1205212087370455,0.0,0.1205212087370455,0.1205212087370455,computed,255,True
forest__new_zealand__r0c2,forest,new_zealand,"South Island, New Zealand",-41.5,172.5,-41.53538160014447,172.54876693105012,30-45,32759,4000.0,-4000.0,12.5,0.001,14,20,cuda:0,0.0476123963218256,bicubic,,0.0540685063454136,-0.1355972503452536,168930,169891,,,,,,0.0,0.7589207086712122,0.0,0.7589207086712122,0.7589207086712122,computed,255,True
forest__new_zealand__r1c0,forest,new_zealand,"South Island, New Zealand",-41.5,172.5,-41.50061497649879,172.45209014984465,30-45,32759,-4000.0,0.0,12.5,0.001,14,20,cuda:0,0.035873451193683,blurred_observation,12.5,0.035873451193683,0.0,169915,169915,,,,,,0.0,0.0,0.0,0.0,0.0,computed,256,True
forest__new_zealand__r1c0,forest,new_zealand,"South Island, New Zealand",-41.5,172.5,-41.50061497649879,172.45209014984465,30-45,32759,-4000.0,0.0,12.5,0.001,14,20,cuda:0,0.035873451193683,psf_aware_matched,12.5,0.0319609483154837,0.1090640222228828,169915,171237,22.0,65536.0,171237.0,1441792.0,0.000128476906276,0.277540675830096,0.0405751499347388,1.7204616931267085,0.3181158257648349,2.038577518891543,computed,256,True
forest__new_zealand__r1c0,forest,new_zealand,"South Island, New Zealand",-41.5,172.5,-41.50061497649879,172.45209014984465,30-45,32759,-4000.0,0.0,12.5,0.001,14,20,cuda:0,0.035873451193683,psf_aware_plus50,18.75,0.0515347276769345,-0.4365701085935454,169915,173218,48.0,65536.0,173218.0,3145728.0,0.0002771074599637,0.5006171870045364,0.0799482529982924,1.7408807468600571,0.5805654400028288,2.321446186862886,computed,256,True
forest__new_zealand__r1c0,forest,new_zealand,"South Island, New Zealand",-41.5,172.5,-41.50061497649879,172.45209014984465,30-45,32759,-4000.0,0.0,12.5,0.001,14,20,cuda:0,0.035873451193683,psf_aware_minus50,6.25,0.0395906572302621,-0.1036199727901729,169375,169375,9.0,65536.0,169375.0,589824.0,5.3136531365313655e-05,0.1924396441318094,0.0212962757796049,1.7786704911850393,0.2137359199114143,1.9924064110964537,computed,256,True
forest__new_zealand__r1c0,forest,new_zealand,"South Island, New Zealand",-41.5,172.5,-41.50061497649879,172.45209014984465,30-45,32759,-4000.0,0.0,12.5,0.001,14,20,cuda:0,0.035873451193683,nearest,,0.0408495528527011,-0.1387126549980319,168930,169915,,,,,,0.0,0.137314636260271,0.0,0.137314636260271,0.137314636260271,computed,256,True
forest__new_zealand__r1c0,forest,new_zealand,"South Island, New Zealand",-41.5,172.5,-41.50061497649879,172.45209014984465,30-45,32759,-4000.0,0.0,12.5,0.001,14,20,cuda:0,0.035873451193683,bilinear,,0.0420707372645994,-0.1727541082528365,168930,169915,,,,,,0.0,0.1218265020288527,0.0,0.1218265020288527,0.1218265020288527,computed,256,True
forest__new_zealand__r1c0,forest,new_zealand,"South Island, New Zealand",-41.5,172.5,-41.50061497649879,172.45209014984465,30-45,32759,-4000.0,0.0,12.5,0.001,14,20,cuda:0,0.035873451193683,bicubic,,0.0397940814505718,-0.109290579145036,168930,169915,,,,,,0.0,0.7790425098501146,0.0,0.7790425098501146,0.7790425098501146,computed,256,True
forest__new_zealand__r1c1,forest,new_zealand,"South Island, New Zealand",-41.5,172.5,-41.5,172.5,30-45,32759,0.0,0.0,12.5,0.001,14,20,cuda:0,0.0267449356817861,blurred_observation,12.5,0.0267449356817861,0.0,169908,169908,,,,,,0.0,0.0,0.0,0.0,0.0,computed,257,True
forest__new_zealand__r1c1,forest,new_zealand,"South Island, New Zealand",-41.5,172.5,-41.5,172.5,30-45,32759,0.0,0.0,12.5,0.001,14,20,cuda:0,0.0267449356817861,psf_aware_matched,12.5,0.0230429425953598,0.1384184703404399,169908,171236,22.0,65536.0,171236.0,1441792.0,0.0001284776565675,0.2761037652380764,0.0406986437737941,1.7095319018699229,0.3168024090118706,2.026334310881793,computed,257,True
forest__new_zealand__r1c1,forest,new_zealand,"South Island, New Zealand",-41.5,172.5,-41.5,172.5,30-45,32759,0.0,0.0,12.5,0.001,14,20,cuda:0,0.0267449356817861,psf_aware_plus50,18.75,0.0387413458908022,-0.448548852453807,169908,173214,48.0,65536.0,173214.0,3145728.0,0.0002771138591568,0.4440977782942354,0.0799103821627795,1.7265014532022178,0.524008160457015,2.250509613659233,computed,257,True
forest__new_zealand__r1c1,forest,new_zealand,"South Island, New Zealand",-41.5,172.5,-41.5,172.5,30-45,32759,0.0,0.0,12.5,0.001,14,20,cuda:0,0.0267449356817861,psf_aware_minus50,6.25,0.0301008193461698,-0.1254773503407245,169359,169359,9.0,65536.0,169359.0,589824.0,5.314155137902326e-05,0.1908293534070253,0.0209975796751678,1.6856869189068675,0.2118269330821931,1.8975138519890609,computed,257,True
forest__new_zealand__r1c1,forest,new_zealand,"South Island, New Zealand",-41.5,172.5,-41.5,172.5,30-45,32759,0.0,0.0,12.5,0.001,14,20,cuda:0,0.0267449356817861,nearest,,0.0311039559977707,-0.1629848868529226,168924,169908,,,,,,0.0,0.1371300066821277,0.0,0.1371300066821277,0.1371300066821277,computed,257,True
forest__new_zealand__r1c1,forest,new_zealand,"South Island, New Zealand",-41.5,172.5,-41.5,172.5,30-45,32759,0.0,0.0,12.5,0.001,14,20,cuda:0,0.0267449356817861,bilinear,,0.0320443246620437,-0.1981455122311843,168924,169908,,,,,,0.0,0.1268306891433894,0.0,0.1268306891433894,0.1268306891433894,computed,257,True
forest__new_zealand__r1c1,forest,new_zealand,"South Island, New Zealand",-41.5,172.5,-41.5,172.5,30-45,32759,0.0,0.0,12.5,0.001,14,20,cuda:0,0.0267449356817861,bicubic,,0.0298312530095095,-0.1153981959218262,168924,169908,,,,,,0.0,0.8004537629894912,0.0,0.8004537629894912,0.8004537629894912,computed,257,True
forest__new_zealand__r1c2,forest,new_zealand,"South Island, New Zealand",-41.5,172.5,-41.49936507511324,172.54790833832976,30-45,32759,4000.0,0.0,12.5,0.001,14,20,cuda:0,0.0232143326032226,blurred_observation,12.5,0.0232143326032226,0.0,169903,169903,,,,,,0.0,0.0,0.0,0.0,0.0,computed,258,True
forest__new_zealand__r1c2,forest,new_zealand,"South Island, New Zealand",-41.5,172.5,-41.49936507511324,172.54790833832976,30-45,32759,4000.0,0.0,12.5,0.001,14,20,cuda:0,0.0232143326032226,psf_aware_matched,12.5,0.0193953688170865,0.1645088769687901,169903,171236,22.0,65536.0,171236.0,1441792.0,0.0001284776565675,0.2838099910877645,0.0417092381976544,1.689660495147109,0.325519229285419,2.015179724432528,computed,258,True
forest__new_zealand__r1c2,forest,new_zealand,"South Island, New Zealand",-41.5,172.5,-41.49936507511324,172.54790833832976,30-45,32759,4000.0,0.0,12.5,0.001,14,20,cuda:0,0.0232143326032226,psf_aware_plus50,18.75,0.034539672823407,-0.4878598240904064,169903,173207,48.0,65536.0,173207.0,3145728.0,0.000277125058456,0.4858491760678589,0.0803704536519944,1.7503971308469772,0.5662196297198534,2.31661676056683,computed,258,True
forest__new_zealand__r1c2,forest,new_zealand,"South Island, New Zealand",-41.5,172.5,-41.49936507511324,172.54790833832976,30-45,32759,4000.0,0.0,12.5,0.001,14,20,cuda:0,0.0232143326032226,psf_aware_minus50,6.25,0.0266263261669653,-0.1469778874137868,169373,169373,9.0,65536.0,169373.0,589824.0,5.313715881515944e-05,0.1766558089293539,0.0219117919914424,1.7460232069715858,0.1985676009207964,1.944590807892382,computed,258,True
forest__new_zealand__r1c2,forest,new_zealand,"South Island, New Zealand",-41.5,172.5,-41.49936507511324,172.54790833832976,30-45,32759,4000.0,0.0,12.5,0.001,14,20,cuda:0,0.0232143326032226,nearest,,0.0275869667218331,-0.1883592431170491,168913,169903,,,,,,0.0,0.1294976198114454,0.0,0.1294976198114454,0.1294976198114454,computed,258,True
forest__new_zealand__r1c2,forest,new_zealand,"South Island, New Zealand",-41.5,172.5,-41.49936507511324,172.54790833832976,30-45,32759,4000.0,0.0,12.5,0.001,14,20,cuda:0,0.0232143326032226,bilinear,,0.028436261419318,-0.2249441715748659,168913,169903,,,,,,0.0,0.1144112069159746,0.0,0.1144112069159746,0.1144112069159746,computed,258,True
forest__new_zealand__r1c2,forest,new_zealand,"South Island, New Zealand",-41.5,172.5,-41.49936507511324,172.54790833832976,30-45,32759,4000.0,0.0,12.5,0.001,14,20,cuda:0,0.0232143326032226,bicubic,,0.0261162478595493,-0.1250053277828806,168913,169903,,,,,,0.0,0.7740947878919542,0.0,0.7740947878919542,0.7740947878919542,computed,258,True
forest__new_zealand__r2c0,forest,new_zealand,"South Island, New Zealand",-41.5,172.5,-41.4645966387108,172.45128612204334,30-45,32759,-4000.0,4000.0,12.5,0.001,14,20,cuda:0,0.0307385164432513,blurred_observation,12.5,0.0307385164432513,0.0,169911,169911,,,,,,0.0,0.0,0.0,0.0,0.0,computed,259,True
forest__new_zealand__r2c0,forest,new_zealand,"South Island, New Zealand",-41.5,172.5,-41.4645966387108,172.45128612204334,30-45,32759,-4000.0,4000.0,12.5,0.001,14,20,cuda:0,0.0307385164432513,psf_aware_matched,12.5,0.02665257787681,0.1329256919078912,169911,171240,22.0,65536.0,171240.0,1441792.0,0.0001284746554543,0.2811079826205969,0.0401849411427974,1.6756534650921822,0.3212929237633943,1.9969463888555763,computed,259,True
forest__new_zealand__r2c0,forest,new_zealand,"South Island, New Zealand",-41.5,172.5,-41.4645966387108,172.45128612204334,30-45,32759,-4000.0,4000.0,12.5,0.001,14,20,cuda:0,0.0307385164432513,psf_aware_plus50,18.75,0.045216728266377,-0.4710120558308341,169911,173227,48.0,65536.0,173227.0,3145728.0,0.0002770930628597,0.4890009360387921,0.0798285766504705,1.710217008832842,0.5688295126892626,2.2790465215221047,computed,259,True
forest__new_zealand__r2c0,forest,new_zealand,"South Island, New Zealand",-41.5,172.5,-41.4645966387108,172.45128612204334,30-45,32759,-4000.0,4000.0,12.5,0.001,14,20,cuda:0,0.0307385164432513,psf_aware_minus50,6.25,0.0344187928045165,-0.1197284965935059,169366,169366,9.0,65536.0,169366.0,589824.0,5.313935500631768e-05,0.1867012060247361,0.0210942230187356,1.73810674296692,0.2077954290434718,1.945902172010392,computed,259,True
forest__new_zealand__r2c0,forest,new_zealand,"South Island, New Zealand",-41.5,172.5,-41.4645966387108,172.45128612204334,30-45,32759,-4000.0,4000.0,12.5,0.001,14,20,cuda:0,0.0307385164432513,nearest,,0.0356143470874671,-0.1586228357252512,168929,169911,,,,,,0.0,0.1288726669736206,0.0,0.1288726669736206,0.1288726669736206,computed,259,True
forest__new_zealand__r2c0,forest,new_zealand,"South Island, New Zealand",-41.5,172.5,-41.4645966387108,172.45128612204334,30-45,32759,-4000.0,4000.0,12.5,0.001,14,20,cuda:0,0.0307385164432513,bilinear,,0.036751716833414,-0.1956242878950971,168929,169911,,,,,,0.0,0.1162057057954371,0.0,0.1162057057954371,0.1162057057954371,computed,259,True
forest__new_zealand__r2c0,forest,new_zealand,"South Island, New Zealand",-41.5,172.5,-41.4645966387108,172.45128612204334,30-45,32759,-4000.0,4000.0,12.5,0.001,14,20,cuda:0,0.0307385164432513,bicubic,,0.0343864881267295,-0.1186775454896484,168929,169911,,,,,,0.0,0.7614083299413323,0.0,0.7614083299413323,0.7614083299413323,computed,259,True
forest__new_zealand__r2c1,forest,new_zealand,"South Island, New Zealand",-41.5,172.5,-41.4639824356265,172.49916946817297,30-45,32759,0.0,4000.0,12.5,0.001,14,20,cuda:0,0.0314297098734269,blurred_observation,12.5,0.0314297098734269,0.0,169914,169914,,,,,,0.0,0.0,0.0,0.0,0.0,computed,260,True
forest__new_zealand__r2c1,forest,new_zealand,"South Island, New Zealand",-41.5,172.5,-41.4639824356265,172.49916946817297,30-45,32759,0.0,4000.0,12.5,0.001,14,20,cuda:0,0.0314297098734269,psf_aware_matched,12.5,0.0275973900109857,0.1219330333583913,169914,171230,22.0,65536.0,171230.0,1441792.0,0.0001284821585002,0.278820380102843,0.0404086243361234,1.721137602813542,0.3192290044389665,2.0403666072525084,computed,260,True
forest__new_zealand__r2c1,forest,new_zealand,"South Island, New Zealand",-41.5,172.5,-41.4639824356265,172.49916946817297,30-45,32759,0.0,4000.0,12.5,0.001,14,20,cuda:0,0.0314297098734269,psf_aware_plus50,18.75,0.0452320581048424,-0.4391497181170309,169914,173226,48.0,65536.0,173226.0,3145728.0,0.000277094662464,0.4472406408749521,0.0808756700716912,1.8064960138872264,0.5281163109466434,2.33461232483387,computed,260,True
forest__new_zealand__r2c1,forest,new_zealand,"South Island, New Zealand",-41.5,172.5,-41.4639824356265,172.49916946817297,30-45,32759,0.0,4000.0,12.5,0.001,14,20,cuda:0,0.0314297098734269,psf_aware_minus50,6.25,0.034750354069946,-0.1056530337025674,169356,169356,9.0,65536.0,169356.0,589824.0,5.314249273719266e-05,0.1850172458216548,0.0209938627667725,1.7682150290347636,0.2060111085884273,1.9742261376231909,computed,260,True
forest__new_zealand__r2c1,forest,new_zealand,"South Island, New Zealand",-41.5,172.5,-41.4639824356265,172.49916946817297,30-45,32759,0.0,4000.0,12.5,0.001,14,20,cuda:0,0.0314297098734269,nearest,,0.0358996613342293,-0.1422205766074107,168928,169914,,,,,,0.0,0.1298927692696452,0.0,0.1298927692696452,0.1298927692696452,computed,260,True
forest__new_zealand__r2c1,forest,new_zealand,"South Island, New Zealand",-41.5,172.5,-41.4639824356265,172.49916946817297,30-45,32759,0.0,4000.0,12.5,0.001,14,20,cuda:0,0.0314297098734269,bilinear,,0.0369810615060977,-0.1766275175630658,168928,169914,,,,,,0.0,0.1164083592593669,0.0,0.1164083592593669,0.1164083592593669,computed,260,True
forest__new_zealand__r2c1,forest,new_zealand,"South Island, New Zealand",-41.5,172.5,-41.4639824356265,172.49916946817297,30-45,32759,0.0,4000.0,12.5,0.001,14,20,cuda:0,0.0314297098734269,bicubic,,0.0348773313718993,-0.1096930742395223,168928,169914,,,,,,0.0,0.7581800548359752,0.0,0.7581800548359752,0.7581800548359752,computed,260,True
forest__new_zealand__r2c2,forest,new_zealand,"South Island, New Zealand",-41.5,172.5,-41.46334830922675,172.5470513056341,30-45,32759,4000.0,4000.0,12.5,0.001,14,20,cuda:0,0.0263668053657005,blurred_observation,12.5,0.0263668053657005,0.0,169913,169913,,,,,,0.0,0.0,0.0,0.0,0.0,computed,261,True
forest__new_zealand__r2c2,forest,new_zealand,"South Island, New Zealand",-41.5,172.5,-41.46334830922675,172.5470513056341,30-45,32759,4000.0,4000.0,12.5,0.001,14,20,cuda:0,0.0263668053657005,psf_aware_matched,12.5,0.0233099365694708,0.1159362597717723,169913,171228,22.0,65536.0,171228.0,1441792.0,0.0001284836592146,0.2746819020248949,0.0404230919666588,1.695796457119286,0.3151049939915538,2.01090145111084,computed,261,True
forest__new_zealand__r2c2,forest,new_zealand,"South Island, New Zealand",-41.5,172.5,-41.46334830922675,172.5470513056341,30-45,32759,4000.0,4000.0,12.5,0.001,14,20,cuda:0,0.0263668053657005,psf_aware_plus50,18.75,0.0376064236371736,-0.4262791079762107,169913,173220,48.0,65536.0,173220.0,3145728.0,0.000277104260478,0.4298455538228154,0.0800035083666443,1.7165359170176089,0.5098490621894598,2.2263849792070687,computed,261,True
forest__new_zealand__r2c2,forest,new_zealand,"South Island, New Zealand",-41.5,172.5,-41.46334830922675,172.5470513056341,30-45,32759,4000.0,4000.0,12.5,0.001,14,20,cuda:0,0.0263668053657005,psf_aware_minus50,6.25,0.0291123806414321,-0.1041299936663278,169363,169363,9.0,65536.0,169363.0,589824.0,5.314029628667419e-05,0.1757206977345049,0.0211208937689661,1.7149889478459954,0.1968415915034711,1.9118305393494663,computed,261,True
forest__new_zealand__r2c2,forest,new_zealand,"South Island, New Zealand",-41.5,172.5,-41.46334830922675,172.5470513056341,30-45,32759,4000.0,4000.0,12.5,0.001,14,20,cuda:0,0.0263668053657005,nearest,,0.0300167609564294,-0.1384299516041125,168922,169913,,,,,,0.0,0.1272576176561415,0.0,0.1272576176561415,0.1272576176561415,computed,261,True
forest__new_zealand__r2c2,forest,new_zealand,"South Island, New Zealand",-41.5,172.5,-41.46334830922675,172.5470513056341,30-45,32759,4000.0,4000.0,12.5,0.001,14,20,cuda:0,0.0263668053657005,bilinear,,0.0308866748997588,-0.1714227215382737,168922,169913,,,,,,0.0,0.1152040190063417,0.0,0.1152040190063417,0.1152040190063417,computed,261,True
forest__new_zealand__r2c2,forest,new_zealand,"South Island, New Zealand",-41.5,172.5,-41.46334830922675,172.5470513056341,30-45,32759,4000.0,4000.0,12.5,0.001,14,20,cuda:0,0.0263668053657005,bicubic,,0.0292028001546891,-0.1075592871284232,168922,169913,,,,,,0.0,0.7680351305752993,0.0,0.7680351305752993,0.7680351305752993,computed,261,True
forest__patagonia__r0c0,forest,patagonia,Patagonian forest,-42.5,-72.0,-42.53468829592536,-72.05036409594506,30-45,32719,-4000.0,-4000.0,12.5,0.001,14,20,cuda:0,0.0392844199909631,blurred_observation,12.5,0.0392844199909631,0.0,169678,169678,,,,,,0.0,0.0,0.0,0.0,0.0,computed,262,True
forest__patagonia__r0c0,forest,patagonia,Patagonian forest,-42.5,-72.0,-42.53468829592536,-72.05036409594506,30-45,32719,-4000.0,-4000.0,12.5,0.001,14,20,cuda:0,0.0392844199909631,psf_aware_matched,12.5,0.0312130376744163,0.205460137082424,169678,170997,22.0,65536.0,170997.0,1441792.0,0.0001286572279045,0.2892058701254427,0.0404179226607084,2.219676252920181,0.3296237927861511,2.549300045706332,computed,262,True
forest__patagonia__r0c0,forest,patagonia,Patagonian forest,-42.5,-72.0,-42.53468829592536,-72.05036409594506,30-45,32719,-4000.0,-4000.0,12.5,0.001,14,20,cuda:0,0.0392844199909631,psf_aware_plus50,18.75,0.0619007156729053,-0.57570649349398,169678,172971,48.0,65536.0,172971.0,3145728.0,0.0002775031652704,0.4566981932148337,0.0797937409952282,2.178613309748471,0.536491934210062,2.715105243958533,computed,262,True
forest__patagonia__r0c0,forest,patagonia,Patagonian forest,-42.5,-72.0,-42.53468829592536,-72.05036409594506,30-45,32719,-4000.0,-4000.0,12.5,0.001,14,20,cuda:0,0.0392844199909631,psf_aware_minus50,6.25,0.0450782536322413,-0.1474842607479227,169125,169125,9.0,65536.0,169125.0,589824.0,5.321507760532151e-05,0.1941383010707795,0.0212343381717801,2.162752619944513,0.2153726392425596,2.3781252591870725,computed,262,True
forest__patagonia__r0c0,forest,patagonia,Patagonian forest,-42.5,-72.0,-42.53468829592536,-72.05036409594506,30-45,32719,-4000.0,-4000.0,12.5,0.001,14,20,cuda:0,0.0392844199909631,nearest,,0.0473749099946668,-0.2059465305982575,168692,169678,,,,,,0.0,0.1344998450949788,0.0,0.1344998450949788,0.1344998450949788,computed,262,True
forest__patagonia__r0c0,forest,patagonia,Patagonian forest,-42.5,-72.0,-42.53468829592536,-72.05036409594506,30-45,32719,-4000.0,-4000.0,12.5,0.001,14,20,cuda:0,0.0392844199909631,bilinear,,0.0493565106020648,-0.2563889351915742,168692,169678,,,,,,0.0,0.1185226226225495,0.0,0.1185226226225495,0.1185226226225495,computed,262,True
forest__patagonia__r0c0,forest,patagonia,Patagonian forest,-42.5,-72.0,-42.53468829592536,-72.05036409594506,30-45,32719,-4000.0,-4000.0,12.5,0.001,14,20,cuda:0,0.0392844199909631,bicubic,,0.0446620384720052,-0.1368893439760361,168692,169678,,,,,,0.0,0.7623733580112457,0.0,0.7623733580112457,0.7623733580112457,computed,262,True
forest__patagonia__r0c1,forest,patagonia,Patagonian forest,-42.5,-72.0,-42.53597391029905,-72.00172285882306,30-45,32719,0.0,-4000.0,12.5,0.001,14,20,cuda:0,0.0418016527828519,blurred_observation,12.5,0.0418016527828519,0.0,169682,169682,,,,,,0.0,0.0,0.0,0.0,0.0,computed,263,True
forest__patagonia__r0c1,forest,patagonia,Patagonian forest,-42.5,-72.0,-42.53597391029905,-72.00172285882306,30-45,32719,0.0,-4000.0,12.5,0.001,14,20,cuda:0,0.0418016527828519,psf_aware_matched,12.5,0.0315033424926291,0.2463613183842211,169682,171010,22.0,65536.0,171010.0,1441792.0,0.0001286474475176,0.2781538981944322,0.0403291038237512,2.1355469822883606,0.3184830020181834,2.454029984306544,computed,263,True
forest__patagonia__r0c1,forest,patagonia,Patagonian forest,-42.5,-72.0,-42.53597391029905,-72.00172285882306,30-45,32719,0.0,-4000.0,12.5,0.001,14,20,cuda:0,0.0418016527828519,psf_aware_plus50,18.75,0.0683757739856665,-0.6357193898734039,169682,172978,48.0,65536.0,172978.0,3145728.0,0.0002774919353906,0.4751527570188045,0.0798519398085773,2.187765714712441,0.5550046968273818,2.742770411539823,computed,263,True
forest__patagonia__r0c1,forest,patagonia,Patagonian forest,-42.5,-72.0,-42.53597391029905,-72.00172285882306,30-45,32719,0.0,-4000.0,12.5,0.001,14,20,cuda:0,0.0418016527828519,psf_aware_minus50,6.25,0.0490458057799962,-0.1732982433679262,169147,169147,9.0,65536.0,169147.0,589824.0,5.320815621914666e-05,0.2026407551020383,0.0209688558243215,2.1252225968055427,0.2236096109263599,2.3488322077319026,computed,263,True
forest__patagonia__r0c1,forest,patagonia,Patagonian forest,-42.5,-72.0,-42.53597391029905,-72.00172285882306,30-45,32719,0.0,-4000.0,12.5,0.001,14,20,cuda:0,0.0418016527828519,nearest,,0.0517686875837797,-0.2384363807982374,168706,169682,,,,,,0.0,0.131648404058069,0.0,0.131648404058069,0.131648404058069,computed,263,True
forest__patagonia__r0c1,forest,patagonia,Patagonian forest,-42.5,-72.0,-42.53597391029905,-72.00172285882306,30-45,32719,0.0,-4000.0,12.5,0.001,14,20,cuda:0,0.0418016527828519,bilinear,,0.0541737237764202,-0.2959708568902226,168706,169682,,,,,,0.0,0.1167722181417048,0.0,0.1167722181417048,0.1167722181417048,computed,263,True
forest__patagonia__r0c1,forest,patagonia,Patagonian forest,-42.5,-72.0,-42.53597391029905,-72.00172285882306,30-45,32719,0.0,-4000.0,12.5,0.001,14,20,cuda:0,0.0418016527828519,bicubic,,0.0481750597185588,-0.1524678215192814,168706,169682,,,,,,0.0,0.7628193120472133,0.0,0.7628193120472133,0.7628193120472133,computed,263,True
forest__patagonia__r0c2,forest,patagonia,Patagonian forest,-42.5,-72.0,-42.53723890782606,-71.95307846212971,30-45,32719,4000.0,-4000.0,12.5,0.001,14,20,cuda:0,0.0265758146421024,blurred_observation,12.5,0.0265758146421024,0.0,169696,169696,,,,,,0.0,0.0,0.0,0.0,0.0,computed,264,True
forest__patagonia__r0c2,forest,patagonia,Patagonian forest,-42.5,-72.0,-42.53723890782606,-71.95307846212971,30-45,32719,4000.0,-4000.0,12.5,0.001,14,20,cuda:0,0.0265758146421024,psf_aware_matched,12.5,0.0201038283029997,0.2435291796793898,169696,171011,22.0,65536.0,171011.0,1441792.0,0.0001286466952418,0.2820585230365395,0.0402928851544857,2.192635738756508,0.3223514081910252,2.514987146947533,computed,264,True
forest__patagonia__r0c2,forest,patagonia,Patagonian forest,-42.5,-72.0,-42.53723890782606,-71.95307846212971,30-45,32719,4000.0,-4000.0,12.5,0.001,14,20,cuda:0,0.0265758146421024,psf_aware_plus50,18.75,0.0425258995237983,-0.6001729428240075,169696,172983,48.0,65536.0,172983.0,3145728.0,0.0002774839146043,0.4268068592064082,0.0798388058319687,2.212299761828035,0.506645665038377,2.718945426866412,computed,264,True
forest__patagonia__r0c2,forest,patagonia,Patagonian forest,-42.5,-72.0,-42.53723890782606,-71.95307846212971,30-45,32719,4000.0,-4000.0,12.5,0.001,14,20,cuda:0,0.0265758146421024,psf_aware_minus50,6.25,0.0312948986326358,-0.1775706240461678,169160,169160,9.0,65536.0,169160.0,589824.0,5.320406715535588e-05,0.1748312842100858,0.0209522140212357,2.133296880405396,0.1957834982313215,2.329080378636718,computed,264,True
forest__patagonia__r0c2,forest,patagonia,Patagonian forest,-42.5,-72.0,-42.53723890782606,-71.95307846212971,30-45,32719,4000.0,-4000.0,12.5,0.001,14,20,cuda:0,0.0265758146421024,nearest,,0.03295119918998,-0.2398942284078655,168714,169696,,,,,,0.0,0.1312632146291434,0.0,0.1312632146291434,0.1312632146291434,computed,264,True
forest__patagonia__r0c2,forest,patagonia,Patagonian forest,-42.5,-72.0,-42.53723890782606,-71.95307846212971,30-45,32719,4000.0,-4000.0,12.5,0.001,14,20,cuda:0,0.0265758146421024,bilinear,,0.0343474408602176,-0.2924322856242034,168714,169696,,,,,,0.0,0.1202185656875372,0.0,0.1202185656875372,0.1202185656875372,computed,264,True
forest__patagonia__r0c2,forest,patagonia,Patagonian forest,-42.5,-72.0,-42.53723890782606,-71.95307846212971,30-45,32719,4000.0,-4000.0,12.5,0.001,14,20,cuda:0,0.0265758146421024,bicubic,,0.0304638268947247,-0.1462988926203148,168714,169696,,,,,,0.0,0.758287328761071,0.0,0.758287328761071,0.758287328761071,computed,264,True
forest__patagonia__r1c0,forest,patagonia,Patagonian forest,-42.5,-72.0,-42.4987159942444,-72.04861342380961,30-45,32719,-4000.0,0.0,12.5,0.001,14,20,cuda:0,0.034027304707239,blurred_observation,12.5,0.034027304707239,0.0,169678,169678,,,,,,0.0,0.0,0.0,0.0,0.0,computed,265,True
forest__patagonia__r1c0,forest,patagonia,Patagonian forest,-42.5,-72.0,-42.4987159942444,-72.04861342380961,30-45,32719,-4000.0,0.0,12.5,0.001,14,20,cuda:0,0.034027304707239,psf_aware_matched,12.5,0.0269071008006904,0.2092497177725005,169678,171000,22.0,65536.0,171000.0,1441792.0,0.0001286549707602,0.2792105390690267,0.0406231610104441,2.1635046838782728,0.3198337000794709,2.483338383957744,computed,265,True
forest__patagonia__r1c0,forest,patagonia,Patagonian forest,-42.5,-72.0,-42.4987159942444,-72.04861342380961,30-45,32719,-4000.0,0.0,12.5,0.001,14,20,cuda:0,0.034027304707239,psf_aware_plus50,18.75,0.0537775310740936,-0.5804228849972022,169678,172967,48.0,65536.0,172967.0,3145728.0,0.0002775095827527,0.4303337186574936,0.0797465611249208,2.2065252251923084,0.5100802797824144,2.716605504974723,computed,265,True
forest__patagonia__r1c0,forest,patagonia,Patagonian forest,-42.5,-72.0,-42.4987159942444,-72.04861342380961,30-45,32719,-4000.0,0.0,12.5,0.001,14,20,cuda:0,0.034027304707239,psf_aware_minus50,6.25,0.0393182947576086,-0.1554924815788891,169130,169130,9.0,65536.0,169130.0,589824.0,5.321350440489564e-05,0.1726425881497562,0.0209530149586498,2.1475862339138985,0.193595603108406,2.3411818370223045,computed,265,True
forest__patagonia__r1c0,forest,patagonia,Patagonian forest,-42.5,-72.0,-42.4987159942444,-72.04861342380961,30-45,32719,-4000.0,0.0,12.5,0.001,14,20,cuda:0,0.034027304707239,nearest,,0.041247688084949,-0.2121938084674064,168698,169678,,,,,,0.0,0.1308172000572085,0.0,0.1308172000572085,0.1308172000572085,computed,265,True
forest__patagonia__r1c0,forest,patagonia,Patagonian forest,-42.5,-72.0,-42.4987159942444,-72.04861342380961,30-45,32719,-4000.0,0.0,12.5,0.001,14,20,cuda:0,0.034027304707239,bilinear,,0.042970312511046,-0.2628185770442299,168698,169678,,,,,,0.0,0.1176327490247786,0.0,0.1176327490247786,0.1176327490247786,computed,265,True
forest__patagonia__r1c0,forest,patagonia,Patagonian forest,-42.5,-72.0,-42.4987159942444,-72.04861342380961,30-45,32719,-4000.0,0.0,12.5,0.001,14,20,cuda:0,0.034027304707239,bicubic,,0.0387405531230703,-0.1385137158638545,168698,169678,,,,,,0.0,0.7602801127359271,0.0,0.7602801127359271,0.7602801127359271,computed,265,True
forest__patagonia__r1c1,forest,patagonia,Patagonian forest,-42.5,-72.0,-42.50000000000001,-72.0,30-45,32719,0.0,0.0,12.5,0.001,14,20,cuda:0,0.0307706917664262,blurred_observation,12.5,0.0307706917664262,0.0,169689,169689,,,,,,0.0,0.0,0.0,0.0,0.0,computed,266,True
forest__patagonia__r1c1,forest,patagonia,Patagonian forest,-42.5,-72.0,-42.50000000000001,-72.0,30-45,32719,0.0,0.0,12.5,0.001,14,20,cuda:0,0.0307706917664262,psf_aware_matched,12.5,0.022877007751435,0.2565325497038037,169689,171005,22.0,65536.0,171005.0,1441792.0,0.0001286512090289,0.2775231641717255,0.0404092757962644,2.1671632528305054,0.3179324399679899,2.4850956927984957,computed,266,True
forest__patagonia__r1c1,forest,patagonia,Patagonian forest,-42.5,-72.0,-42.50000000000001,-72.0,30-45,32719,0.0,0.0,12.5,0.001,14,20,cuda:0,0.0307706917664262,psf_aware_plus50,18.75,0.0499100512722495,-0.6219996498975751,169689,172976,48.0,65536.0,172976.0,3145728.0,0.0002774951438349,0.4318505022674799,0.0798010150901973,2.251021551899612,0.5116515173576772,2.762673069257289,computed,266,True
forest__patagonia__r1c1,forest,patagonia,Patagonian forest,-42.5,-72.0,-42.50000000000001,-72.0,30-45,32719,0.0,0.0,12.5,0.001,14,20,cuda:0,0.0307706917664262,psf_aware_minus50,6.25,0.0363048524531889,-0.1798516825286662,169145,169145,9.0,65536.0,169145.0,589824.0,5.320878536167194e-05,0.176801084075123,0.0211086799390614,2.150130672845989,0.1979097640141844,2.348040436860174,computed,266,True
forest__patagonia__r1c1,forest,patagonia,Patagonian forest,-42.5,-72.0,-42.50000000000001,-72.0,30-45,32719,0.0,0.0,12.5,0.001,14,20,cuda:0,0.0307706917664262,nearest,,0.0382672890282835,-0.2436278429735143,168707,169689,,,,,,0.0,0.1307811718434095,0.0,0.1307811718434095,0.1307811718434095,computed,266,True
forest__patagonia__r1c1,forest,patagonia,Patagonian forest,-42.5,-72.0,-42.50000000000001,-72.0,30-45,32719,0.0,0.0,12.5,0.001,14,20,cuda:0,0.0307706917664262,bilinear,,0.0400060725436902,-0.3001356240986643,168707,169689,,,,,,0.0,0.1169793708249926,0.0,0.1169793708249926,0.1169793708249926,computed,266,True
forest__patagonia__r1c1,forest,patagonia,Patagonian forest,-42.5,-72.0,-42.50000000000001,-72.0,30-45,32719,0.0,0.0,12.5,0.001,14,20,cuda:0,0.0307706917664262,bicubic,,0.0353848275935829,-0.149952294286447,168707,169689,,,,,,0.0,0.7696627541445196,0.0,0.7696627541445196,0.7696627541445196,computed,266,True
forest__patagonia__r1c2,forest,patagonia,Patagonian forest,-42.5,-72.0,-42.50126341464168,-71.95138342338863,30-45,32719,4000.0,0.0,12.5,0.001,14,20,cuda:0,0.0320423530636553,blurred_observation,12.5,0.0320423530636553,0.0,169698,169698,,,,,,0.0,0.0,0.0,0.0,0.0,computed,267,True
forest__patagonia__r1c2,forest,patagonia,Patagonian forest,-42.5,-72.0,-42.50126341464168,-71.95138342338863,30-45,32719,4000.0,0.0,12.5,0.001,14,20,cuda:0,0.0320423530636553,psf_aware_matched,12.5,0.0272401009385853,0.1498720183105728,169698,171012,22.0,65536.0,171012.0,1441792.0,0.0001286459429747,0.284998872783035,0.0401856419630348,2.235205034725368,0.3251845147460699,2.560389549471438,computed,267,True
forest__patagonia__r1c2,forest,patagonia,Patagonian forest,-42.5,-72.0,-42.50126341464168,-71.95138342338863,30-45,32719,4000.0,0.0,12.5,0.001,14,20,cuda:0,0.0320423530636553,psf_aware_plus50,18.75,0.0486143929694338,-0.517191726614348,169698,172991,48.0,65536.0,172991.0,3145728.0,0.0002774710823106,0.4334655809216201,0.0797414719127118,2.209828421007842,0.513207052834332,2.723035473842174,computed,267,True
forest__patagonia__r1c2,forest,patagonia,Patagonian forest,-42.5,-72.0,-42.50126341464168,-71.95138342338863,30-45,32719,4000.0,0.0,12.5,0.001,14,20,cuda:0,0.0320423530636553,psf_aware_minus50,6.25,0.0358032301464953,-0.1173720630119945,169153,169153,9.0,65536.0,169153.0,589824.0,5.320626888083569e-05,0.1923705129884183,0.0210660500451922,2.1672547068446875,0.2134365630336105,2.380691269878298,computed,267,True
forest__patagonia__r1c2,forest,patagonia,Patagonian forest,-42.5,-72.0,-42.50126341464168,-71.95138342338863,30-45,32719,4000.0,0.0,12.5,0.001,14,20,cuda:0,0.0320423530636553,nearest,,0.0373126954150748,-0.1644805030688412,168716,169698,,,,,,0.0,0.1318043400533497,0.0,0.1318043400533497,0.1318043400533497,computed,267,True
forest__patagonia__r1c2,forest,patagonia,Patagonian forest,-42.5,-72.0,-42.50126341464168,-71.95138342338863,30-45,32719,4000.0,0.0,12.5,0.001,14,20,cuda:0,0.0320423530636553,bilinear,,0.038643766949037,-0.2060215076048646,168716,169698,,,,,,0.0,0.1172511950135231,0.0,0.1172511950135231,0.1172511950135231,computed,267,True
forest__patagonia__r1c2,forest,patagonia,Patagonian forest,-42.5,-72.0,-42.50126341464168,-71.95138342338863,30-45,32719,4000.0,0.0,12.5,0.001,14,20,cuda:0,0.0320423530636553,bicubic,,0.035915600897489,-0.1208790074230519,168716,169698,,,,,,0.0,0.7652559778653085,0.0,0.7652559778653085,0.7652559778653085,computed,267,True
forest__patagonia__r2c0,forest,patagonia,Patagonian forest,-42.5,-72.0,-42.46274340757977,-72.04686595519775,30-45,32719,-4000.0,4000.0,12.5,0.001,14,20,cuda:0,0.0323791341981416,blurred_observation,12.5,0.0323791341981416,0.0,169676,169676,,,,,,0.0,0.0,0.0,0.0,0.0,computed,268,True
forest__patagonia__r2c0,forest,patagonia,Patagonian forest,-42.5,-72.0,-42.46274340757977,-72.04686595519775,30-45,32719,-4000.0,4000.0,12.5,0.001,14,20,cuda:0,0.0323791341981416,psf_aware_matched,12.5,0.0254007490925269,0.2155210532471623,169676,171000,22.0,65536.0,171000.0,1441792.0,0.0001286549707602,0.2818900239653885,0.0403718850575387,2.176784686278552,0.3222619090229273,2.499046595301479,computed,268,True
forest__patagonia__r2c0,forest,patagonia,Patagonian forest,-42.5,-72.0,-42.46274340757977,-72.04686595519775,30-45,32719,-4000.0,4000.0,12.5,0.001,14,20,cuda:0,0.0323791341981416,psf_aware_plus50,18.75,0.0505988901077135,-0.5627005280029234,169676,172972,48.0,65536.0,172972.0,3145728.0,0.0002775015609462,0.4275259720161557,0.0798866269178688,2.191133303102106,0.5074125989340246,2.6985459020361304,computed,268,True
forest__patagonia__r2c0,forest,patagonia,Patagonian forest,-42.5,-72.0,-42.46274340757977,-72.04686595519775,30-45,32719,-4000.0,4000.0,12.5,0.001,14,20,cuda:0,0.0323791341981416,psf_aware_minus50,6.25,0.0375506652521429,-0.1597180153846749,169133,169133,9.0,65536.0,169133.0,589824.0,5.32125605292876e-05,0.1941297254525125,0.0211730329319834,2.1540593239478767,0.2153027583844959,2.3693620823323727,computed,268,True
forest__patagonia__r2c0,forest,patagonia,Patagonian forest,-42.5,-72.0,-42.46274340757977,-72.04686595519775,30-45,32719,-4000.0,4000.0,12.5,0.001,14,20,cuda:0,0.0323791341981416,nearest,,0.0393960717002552,-0.216711708817596,168700,169676,,,,,,0.0,0.1309071998111903,0.0,0.1309071998111903,0.1309071998111903,computed,268,True
forest__patagonia__r2c0,forest,patagonia,Patagonian forest,-42.5,-72.0,-42.46274340757977,-72.04686595519775,30-45,32719,-4000.0,4000.0,12.5,0.001,14,20,cuda:0,0.0323791341981416,bilinear,,0.0410328803149081,-0.2672630485982277,168700,169676,,,,,,0.0,0.1172508550807833,0.0,0.1172508550807833,0.1172508550807833,computed,268,True
forest__patagonia__r2c0,forest,patagonia,Patagonian forest,-42.5,-72.0,-42.46274340757977,-72.04686595519775,30-45,32719,-4000.0,4000.0,12.5,0.001,14,20,cuda:0,0.0323791341981416,bicubic,,0.0368742659951482,-0.1388280418339464,168700,169676,,,,,,0.0,0.7627754188142717,0.0,0.7627754188142717,0.7627754188142717,computed,268,True
forest__patagonia__r2c1,forest,patagonia,Patagonian forest,-42.5,-72.0,-42.46402580653854,-71.99828029398216,30-45,32719,0.0,4000.0,12.5,0.001,14,20,cuda:0,0.0358994532427704,blurred_observation,12.5,0.0358994532427704,0.0,169690,169690,,,,,,0.0,0.0,0.0,0.0,0.0,computed,269,True
forest__patagonia__r2c1,forest,patagonia,Patagonian forest,-42.5,-72.0,-42.46402580653854,-71.99828029398216,30-45,32719,0.0,4000.0,12.5,0.001,14,20,cuda:0,0.0358994532427704,psf_aware_matched,12.5,0.0264954896946255,0.2619528348955746,169690,171006,22.0,65536.0,171006.0,1441792.0,0.0001286504567091,0.2788224341347813,0.0403463658876717,2.170203641988337,0.319168800022453,2.48937244201079,computed,269,True
forest__patagonia__r2c1,forest,patagonia,Patagonian forest,-42.5,-72.0,-42.46402580653854,-71.99828029398216,30-45,32719,0.0,4000.0,12.5,0.001,14,20,cuda:0,0.0358994532427704,psf_aware_plus50,18.75,0.058126538148873,-0.6191482849555323,169690,172985,48.0,65536.0,172985.0,3145728.0,0.0002774807064196,0.428010739851743,0.0798183772712946,2.1973519008606672,0.5078291171230376,2.705181017983705,computed,269,True
forest__patagonia__r2c1,forest,patagonia,Patagonian forest,-42.5,-72.0,-42.46402580653854,-71.99828029398216,30-45,32719,0.0,4000.0,12.5,0.001,14,20,cuda:0,0.0358994532427704,psf_aware_minus50,6.25,0.042644888246282,-0.1878979871335528,169142,169142,9.0,65536.0,169142.0,589824.0,5.320972910335695e-05,0.19419058971107,0.0211260425858199,2.1742791808210318,0.21531663229689,2.3895958131179214,computed,269,True
forest__patagonia__r2c1,forest,patagonia,Patagonian forest,-42.5,-72.0,-42.46402580653854,-71.99828029398216,30-45,32719,0.0,4000.0,12.5,0.001,14,20,cuda:0,0.0358994532427704,nearest,,0.0449436979726185,-0.25193265949446,168707,169690,,,,,,0.0,0.1320139071904122,0.0,0.1320139071904122,0.1320139071904122,computed,269,True
forest__patagonia__r2c1,forest,patagonia,Patagonian forest,-42.5,-72.0,-42.46402580653854,-71.99828029398216,30-45,32719,0.0,4000.0,12.5,0.001,14,20,cuda:0,0.0358994532427704,bilinear,,0.046934490975834,-0.3073873481704314,168707,169690,,,,,,0.0,0.1173036349937319,0.0,0.1173036349937319,0.1173036349937319,computed,269,True
forest__patagonia__r2c1,forest,patagonia,Patagonian forest,-42.5,-72.0,-42.46402580653854,-71.99828029398216,30-45,32719,0.0,4000.0,12.5,0.001,14,20,cuda:0,0.0358994532427704,bicubic,,0.0414002386539793,-0.1532275540245657,168707,169690,,,,,,0.0,0.7628622339107096,0.0,0.7628622339107096,0.7628622339107096,computed,269,True
forest__patagonia__r2c2,forest,patagonia,Patagonian forest,-42.5,-72.0,-42.46528764008722,-71.94969148671358,30-45,32719,4000.0,4000.0,12.5,0.001,14,20,cuda:0,0.0349765683119323,blurred_observation,12.5,0.0349765683119323,0.0,169699,169699,,,,,,0.0,0.0,0.0,0.0,0.0,computed,270,True
forest__patagonia__r2c2,forest,patagonia,Patagonian forest,-42.5,-72.0,-42.46528764008722,-71.94969148671358,30-45,32719,4000.0,4000.0,12.5,0.001,14,20,cuda:0,0.0349765683119323,psf_aware_matched,12.5,0.0277874006672602,0.2055423957135181,169699,171014,22.0,65536.0,171014.0,1441792.0,0.000128644438467,0.2786979787051677,0.0403501940891146,2.1770149720832705,0.3190481727942824,2.496063144877553,computed,270,True
forest__patagonia__r2c2,forest,patagonia,Patagonian forest,-42.5,-72.0,-42.46528764008722,-71.94969148671358,30-45,32719,4000.0,4000.0,12.5,0.001,14,20,cuda:0,0.0349765683119323,psf_aware_plus50,18.75,0.0551490910546164,-0.5767439093160587,169699,172997,48.0,65536.0,172997.0,3145728.0,0.0002774614588692,0.4298222106881439,0.0798007538542151,2.2318635866977274,0.5096229645423591,2.7414865512400866,computed,270,True
forest__patagonia__r2c2,forest,patagonia,Patagonian forest,-42.5,-72.0,-42.46528764008722,-71.94969148671358,30-45,32719,4000.0,4000.0,12.5,0.001,14,20,cuda:0,0.0349765683119323,psf_aware_minus50,6.25,0.0404981995096645,-0.1578665793764697,169141,169141,9.0,65536.0,169141.0,589824.0,5.3210043691358095e-05,0.1930234897881746,0.0209953961893916,2.16352080507204,0.2140188859775662,2.3775396910496056,computed,270,True
forest__patagonia__r2c2,forest,patagonia,Patagonian forest,-42.5,-72.0,-42.46528764008722,-71.94969148671358,30-45,32719,4000.0,4000.0,12.5,0.001,14,20,cuda:0,0.0349765683119323,nearest,,0.0424064936142039,-0.2124257942062539,168717,169699,,,,,,0.0,0.1326677650213241,0.0,0.1326677650213241,0.1326677650213241,computed,270,True
forest__patagonia__r2c2,forest,patagonia,Patagonian forest,-42.5,-72.0,-42.46528764008722,-71.94969148671358,30-45,32719,4000.0,4000.0,12.5,0.001,14,20,cuda:0,0.0349765683119323,bilinear,,0.0441494420350215,-0.2622576818080731,168717,169699,,,,,,0.0,0.1177433980628848,0.0,0.1177433980628848,0.1177433980628848,computed,270,True
forest__patagonia__r2c2,forest,patagonia,Patagonian forest,-42.5,-72.0,-42.46528764008722,-71.94969148671358,30-45,32719,4000.0,4000.0,12.5,0.001,14,20,cuda:0,0.0349765683119323,bicubic,,0.0398085606815785,-0.1381494126740192,168717,169699,,,,,,0.0,0.7604326116852462,0.0,0.7604326116852462,0.7604326116852462,computed,270,True
agriculture__beauce__r0c0,agriculture,beauce,"Beauce, France",48.258,1.499,48.22131003301224,1.4462177849996587,45-60,32631,-4000.0,-4000.0,12.5,0.001,14,20,cuda:0,0.023486321388721,blurred_observation,12.5,0.023486321388721,0.0,169656,169656,,,,,,0.0,0.0,0.0,0.0,0.0,computed,271,True
agriculture__beauce__r0c0,agriculture,beauce,"Beauce, France",48.258,1.499,48.22131003301224,1.4462177849996587,45-60,32631,-4000.0,-4000.0,12.5,0.001,14,20,cuda:0,0.023486321388721,psf_aware_matched,12.5,0.0181120237375368,0.2288267099063535,169656,170974,22.0,65536.0,170974.0,1441792.0,0.0001286745353094,0.2808026149868965,0.0403680982999503,1.4922980167903006,0.3211707132868469,1.8134687300771477,computed,271,True
agriculture__beauce__r0c0,agriculture,beauce,"Beauce, France",48.258,1.499,48.22131003301224,1.4462177849996587,45-60,32631,-4000.0,-4000.0,12.5,0.001,14,20,cuda:0,0.023486321388721,psf_aware_plus50,18.75,0.0392307421111738,-0.6703655486045503,169656,172929,48.0,65536.0,172929.0,3145728.0,0.0002775705636417,0.5008670398965478,0.0797769292257726,1.5056988089345396,0.5806439691223204,2.08634277805686,computed,271,True
agriculture__beauce__r0c0,agriculture,beauce,"Beauce, France",48.258,1.499,48.22131003301224,1.4462177849996587,45-60,32631,-4000.0,-4000.0,12.5,0.001,14,20,cuda:0,0.023486321388721,psf_aware_minus50,6.25,0.0272616533436547,-0.1607459888012381,169123,169123,9.0,65536.0,169123.0,589824.0,5.321570691153776e-05,0.1944118090905249,0.0210351506248116,1.5481818919070065,0.2154469597153365,1.763628851622343,computed,271,True
agriculture__beauce__r0c0,agriculture,beauce,"Beauce, France",48.258,1.499,48.22131003301224,1.4462177849996587,45-60,32631,-4000.0,-4000.0,12.5,0.001,14,20,cuda:0,0.023486321388721,nearest,,0.0287822946226868,-0.2254918148445766,168677,169656,,,,,,0.0,0.1269481820054352,0.0,0.1269481820054352,0.1269481820054352,computed,271,True
agriculture__beauce__r0c0,agriculture,beauce,"Beauce, France",48.258,1.499,48.22131003301224,1.4462177849996587,45-60,32631,-4000.0,-4000.0,12.5,0.001,14,20,cuda:0,0.023486321388721,bilinear,,0.030032274089287,-0.2787134090615621,168677,169656,,,,,,0.0,0.1136373719200491,0.0,0.1136373719200491,0.1136373719200491,computed,271,True
agriculture__beauce__r0c0,agriculture,beauce,"Beauce, France",48.258,1.499,48.22131003301224,1.4462177849996587,45-60,32631,-4000.0,-4000.0,12.5,0.001,14,20,cuda:0,0.023486321388721,bicubic,,0.0269408466944307,-0.147086691378097,168677,169656,,,,,,0.0,0.7585715567693114,0.0,0.7585715567693114,0.7585715567693114,computed,271,True
agriculture__beauce__r0c1,agriculture,beauce,"Beauce, France",48.258,1.499,48.22202511725372,1.5000522800096348,45-60,32631,0.0,-4000.0,12.5,0.001,14,20,cuda:0,0.0178132905131583,blurred_observation,12.5,0.0178132905131583,0.0,169660,169660,,,,,,0.0,0.0,0.0,0.0,0.0,computed,272,True
agriculture__beauce__r0c1,agriculture,beauce,"Beauce, France",48.258,1.499,48.22202511725372,1.5000522800096348,45-60,32631,0.0,-4000.0,12.5,0.001,14,20,cuda:0,0.0178132905131583,psf_aware_matched,12.5,0.0141926347455114,0.2032558647697568,169660,170976,22.0,65536.0,170976.0,1441792.0,0.0001286730301328,0.2878079726360738,0.040311150252819,1.497497004456818,0.3281191228888929,1.825616127345711,computed,272,True
agriculture__beauce__r0c1,agriculture,beauce,"Beauce, France",48.258,1.499,48.22202511725372,1.5000522800096348,45-60,32631,0.0,-4000.0,12.5,0.001,14,20,cuda:0,0.0178132905131583,psf_aware_plus50,18.75,0.0287466778934652,-0.6137769645776909,169660,172926,48.0,65536.0,172926.0,3145728.0,0.0002775753790638,0.475899581797421,0.079734900034964,1.5272256308235228,0.5556344818323851,2.082860112655908,computed,272,True
agriculture__beauce__r0c1,agriculture,beauce,"Beauce, France",48.258,1.499,48.22202511725372,1.5000522800096348,45-60,32631,0.0,-4000.0,12.5,0.001,14,20,cuda:0,0.0178132905131583,psf_aware_minus50,6.25,0.0206869805380969,-0.161322806856814,169130,169130,9.0,65536.0,169130.0,589824.0,5.321350440489564e-05,0.1956351157277822,0.021035601850599,1.4725984358228743,0.2166707175783813,1.6892691534012556,computed,272,True
agriculture__beauce__r0c1,agriculture,beauce,"Beauce, France",48.258,1.499,48.22202511725372,1.5000522800096348,45-60,32631,0.0,-4000.0,12.5,0.001,14,20,cuda:0,0.0178132905131583,nearest,,0.021757829048219,-0.2214379500602026,168685,169660,,,,,,0.0,0.1275484883226454,0.0,0.1275484883226454,0.1275484883226454,computed,272,True
agriculture__beauce__r0c1,agriculture,beauce,"Beauce, France",48.258,1.499,48.22202511725372,1.5000522800096348,45-60,32631,0.0,-4000.0,12.5,0.001,14,20,cuda:0,0.0178132905131583,bilinear,,0.0226569230699424,-0.2719111639259546,168685,169660,,,,,,0.0,0.1166032692417502,0.0,0.1166032692417502,0.1166032692417502,computed,272,True
agriculture__beauce__r0c1,agriculture,beauce,"Beauce, France",48.258,1.499,48.22202511725372,1.5000522800096348,45-60,32631,0.0,-4000.0,12.5,0.001,14,20,cuda:0,0.0178132905131583,bicubic,,0.0204066870506341,-0.1455877304398127,168685,169660,,,,,,0.0,0.7671853108331561,0.0,0.7671853108331561,0.7671853108331561,computed,272,True
agriculture__beauce__r0c2,agriculture,beauce,"Beauce, France",48.258,1.499,48.22271500154237,1.5538888379322469,45-60,32631,4000.0,-4000.0,12.5,0.001,14,20,cuda:0,0.0223925661215739,blurred_observation,12.5,0.0223925661215739,0.0,169672,169672,,,,,,0.0,0.0,0.0,0.0,0.0,computed,273,True
agriculture__beauce__r0c2,agriculture,beauce,"Beauce, France",48.258,1.499,48.22271500154237,1.5538888379322469,45-60,32631,4000.0,-4000.0,12.5,0.001,14,20,cuda:0,0.0223925661215739,psf_aware_matched,12.5,0.0179115814756773,0.2001103679483841,169672,170986,22.0,65536.0,170986.0,1441792.0,0.0001286655047781,0.2798008783720433,0.0403477000072598,1.5118398596532645,0.3201485783793032,1.8319884380325675,computed,273,True
agriculture__beauce__r0c2,agriculture,beauce,"Beauce, France",48.258,1.499,48.22271500154237,1.5538888379322469,45-60,32631,4000.0,-4000.0,12.5,0.001,14,20,cuda:0,0.0223925661215739,psf_aware_plus50,18.75,0.0357392324318199,-0.5960311220154071,169672,172934,48.0,65536.0,172934.0,3145728.0,0.0002775625383094,0.477381048258394,0.0799073963426053,1.5222713267430663,0.5572884446009994,2.0795597713440657,computed,273,True
agriculture__beauce__r0c2,agriculture,beauce,"Beauce, France",48.258,1.499,48.22271500154237,1.5538888379322469,45-60,32631,4000.0,-4000.0,12.5,0.001,14,20,cuda:0,0.0223925661215739,psf_aware_minus50,6.25,0.025622239476895,-0.1442297116724575,169129,169129,9.0,65536.0,169129.0,589824.0,5.32138190375394e-05,0.1948073687963187,0.0211100429296493,1.6053044539876282,0.2159174117259681,1.8212218657135963,computed,273,True
agriculture__beauce__r0c2,agriculture,beauce,"Beauce, France",48.258,1.499,48.22271500154237,1.5538888379322469,45-60,32631,4000.0,-4000.0,12.5,0.001,14,20,cuda:0,0.0223925661215739,nearest,,0.0269184685700957,-0.2021162926995339,168679,169672,,,,,,0.0,0.1329127578064799,0.0,0.1329127578064799,0.1329127578064799,computed,273,True
agriculture__beauce__r0c2,agriculture,beauce,"Beauce, France",48.258,1.499,48.22271500154237,1.5538888379322469,45-60,32631,4000.0,-4000.0,12.5,0.001,14,20,cuda:0,0.0223925661215739,bilinear,,0.0280440996625473,-0.2523843631984825,168679,169672,,,,,,0.0,0.1188767850399017,0.0,0.1188767850399017,0.1188767850399017,computed,273,True
agriculture__beauce__r0c2,agriculture,beauce,"Beauce, France",48.258,1.499,48.22271500154237,1.5538888379322469,45-60,32631,4000.0,-4000.0,12.5,0.001,14,20,cuda:0,0.0223925661215739,bicubic,,0.0255028591776082,-0.1388984647470859,168679,169672,,,,,,0.0,0.7887217616662383,0.0,0.7887217616662383,0.7887217616662383,computed,273,True
agriculture__beauce__r1c0,agriculture,beauce,"Beauce, France",48.258,1.499,48.2572840174543,1.4451277741343804,45-60,32631,-4000.0,0.0,12.5,0.001,14,20,cuda:0,0.0218523588273933,blurred_observation,12.5,0.0218523588273933,0.0,169651,169651,,,,,,0.0,0.0,0.0,0.0,0.0,computed,274,True
agriculture__beauce__r1c0,agriculture,beauce,"Beauce, France",48.258,1.499,48.2572840174543,1.4451277741343804,45-60,32631,-4000.0,0.0,12.5,0.001,14,20,cuda:0,0.0218523588273933,psf_aware_matched,12.5,0.0173347151992215,0.2067348272950999,169651,170984,22.0,65536.0,170984.0,1441792.0,0.0001286670097786,0.2873987480998039,0.0404866021126508,1.522611081134528,0.3278853502124548,1.8504964313469827,computed,274,True
agriculture__beauce__r1c0,agriculture,beauce,"Beauce, France",48.258,1.499,48.2572840174543,1.4451277741343804,45-60,32631,-4000.0,0.0,12.5,0.001,14,20,cuda:0,0.0218523588273933,psf_aware_plus50,18.75,0.0345109938270101,-0.5792800264540987,169651,172922,48.0,65536.0,172922.0,3145728.0,0.0002775817998866,0.43762924708426,0.0799229848198592,1.551362737081945,0.5175522319041193,2.068914968986064,computed,274,True
agriculture__beauce__r1c0,agriculture,beauce,"Beauce, France",48.258,1.499,48.2572840174543,1.4451277741343804,45-60,32631,-4000.0,0.0,12.5,0.001,14,20,cuda:0,0.0218523588273933,psf_aware_minus50,6.25,0.0253635509305864,-0.1606779446982025,169132,169132,9.0,65536.0,169132.0,589824.0,5.321287515076981e-05,0.1769247576594352,0.0209258343093097,1.5936514013446867,0.197850591968745,1.7915019933134315,computed,274,True
agriculture__beauce__r1c0,agriculture,beauce,"Beauce, France",48.258,1.499,48.2572840174543,1.4451277741343804,45-60,32631,-4000.0,0.0,12.5,0.001,14,20,cuda:0,0.0218523588273933,nearest,,0.0265678217013983,-0.2157873624193806,168665,169651,,,,,,0.0,0.1291677160188555,0.0,0.1291677160188555,0.1291677160188555,computed,274,True
agriculture__beauce__r1c0,agriculture,beauce,"Beauce, France",48.258,1.499,48.2572840174543,1.4451277741343804,45-60,32631,-4000.0,0.0,12.5,0.001,14,20,cuda:0,0.0218523588273933,bilinear,,0.0276325878424822,-0.2645128180781586,168665,169651,,,,,,0.0,0.1142526171170175,0.0,0.1142526171170175,0.1142526171170175,computed,274,True
agriculture__beauce__r1c0,agriculture,beauce,"Beauce, France",48.258,1.499,48.2572840174543,1.4451277741343804,45-60,32631,-4000.0,0.0,12.5,0.001,14,20,cuda:0,0.0218523588273933,bicubic,,0.0248596726332749,-0.1376196423294968,168665,169651,,,,,,0.0,0.765067471191287,0.0,0.765067471191287,0.765067471191287,computed,274,True
agriculture__beauce__r1c1,agriculture,beauce,"Beauce, France",48.258,1.499,48.258,1.4990000000000003,45-60,32631,0.0,0.0,12.5,0.001,14,20,cuda:0,0.0191196467932278,blurred_observation,12.5,0.0191196467932278,0.0,169655,169655,,,,,,0.0,0.0,0.0,0.0,0.0,computed,275,True
agriculture__beauce__r1c1,agriculture,beauce,"Beauce, France",48.258,1.499,48.258,1.4990000000000003,45-60,32631,0.0,0.0,12.5,0.001,14,20,cuda:0,0.0191196467932278,psf_aware_matched,12.5,0.0154603884905747,0.1913873379684604,169655,170981,22.0,65536.0,170981.0,1441792.0,0.0001286692673454,0.2876388519071042,0.0403096671216189,1.5038268030621111,0.3279485190287232,1.8317753220908344,computed,275,True
agriculture__beauce__r1c1,agriculture,beauce,"Beauce, France",48.258,1.499,48.258,1.4990000000000003,45-60,32631,0.0,0.0,12.5,0.001,14,20,cuda:0,0.0191196467932278,psf_aware_plus50,18.75,0.030898049350552,-0.6160366184952835,169655,172926,48.0,65536.0,172926.0,3145728.0,0.0002775753790638,0.4751626555807888,0.0797261926345527,1.513721845112741,0.5548888482153416,2.0686106933280826,computed,275,True
agriculture__beauce__r1c1,agriculture,beauce,"Beauce, France",48.258,1.499,48.258,1.4990000000000003,45-60,32631,0.0,0.0,12.5,0.001,14,20,cuda:0,0.0191196467932278,psf_aware_minus50,6.25,0.0225066965209456,-0.1771502248105096,169147,169147,9.0,65536.0,169147.0,589824.0,5.320815621914666e-05,0.1746222474612295,0.0209303833544254,1.520158875733614,0.195552630815655,1.715711506549269,computed,275,True
agriculture__beauce__r1c1,agriculture,beauce,"Beauce, France",48.258,1.499,48.258,1.4990000000000003,45-60,32631,0.0,0.0,12.5,0.001,14,20,cuda:0,0.0191196467932278,nearest,,0.0235009860701522,-0.2291537769660228,168669,169655,,,,,,0.0,0.1250577610917389,0.0,0.1250577610917389,0.1250577610917389,computed,275,True
agriculture__beauce__r1c1,agriculture,beauce,"Beauce, France",48.258,1.499,48.258,1.4990000000000003,45-60,32631,0.0,0.0,12.5,0.001,14,20,cuda:0,0.0191196467932278,bilinear,,0.0244341673935402,-0.2779612331643522,168669,169655,,,,,,0.0,0.1135212508961558,0.0,0.1135212508961558,0.1135212508961558,computed,275,True
agriculture__beauce__r1c1,agriculture,beauce,"Beauce, France",48.258,1.499,48.258,1.4990000000000003,45-60,32631,0.0,0.0,12.5,0.001,14,20,cuda:0,0.0191196467932278,bicubic,,0.0219957988614822,-0.1504291423036754,168669,169655,,,,,,0.0,0.7578857578337193,0.0,0.7578857578337193,0.7578857578337193,computed,275,True
agriculture__beauce__r1c2,agriculture,beauce,"Beauce, France",48.258,1.499,48.25869075095988,1.552874293944118,45-60,32631,4000.0,0.0,12.5,0.001,14,20,cuda:0,0.0230491059722424,blurred_observation,12.5,0.0230491059722424,0.0,169667,169667,,,,,,0.0,0.0,0.0,0.0,0.0,computed,276,True
agriculture__beauce__r1c2,agriculture,beauce,"Beauce, France",48.258,1.499,48.25869075095988,1.552874293944118,45-60,32631,4000.0,0.0,12.5,0.001,14,20,cuda:0,0.0230491059722424,psf_aware_matched,12.5,0.0181550883021113,0.2123300433441916,169667,170982,22.0,65536.0,170982.0,1441792.0,0.0001286685148144,0.3082043640315532,0.0405391217209398,1.5125907720066607,0.3487434857524931,1.8613342577591536,computed,276,True
agriculture__beauce__r1c2,agriculture,beauce,"Beauce, France",48.258,1.499,48.25869075095988,1.552874293944118,45-60,32631,4000.0,0.0,12.5,0.001,14,20,cuda:0,0.0230491059722424,psf_aware_plus50,18.75,0.0374973928355314,-0.6268480383008688,169667,172931,48.0,65536.0,172931.0,3145728.0,0.0002775673534531,0.4740909268148243,0.0799553273245692,1.5358782480470836,0.5540462541393936,2.089924502186477,computed,276,True
agriculture__beauce__r1c2,agriculture,beauce,"Beauce, France",48.258,1.499,48.25869075095988,1.552874293944118,45-60,32631,4000.0,0.0,12.5,0.001,14,20,cuda:0,0.0230491059722424,psf_aware_minus50,6.25,0.0266261928321563,-0.1551941695361969,169121,169121,9.0,65536.0,169121.0,589824.0,5.321633623263817e-05,0.194829530082643,0.021139838732779,1.557712784036994,0.215969368815422,1.773682152852416,computed,276,True
agriculture__beauce__r1c2,agriculture,beauce,"Beauce, France",48.258,1.499,48.25869075095988,1.552874293944118,45-60,32631,4000.0,0.0,12.5,0.001,14,20,cuda:0,0.0230491059722424,nearest,,0.0280992554811426,-0.2191039216437282,168680,169667,,,,,,0.0,0.127046188339591,0.0,0.127046188339591,0.127046188339591,computed,276,True
agriculture__beauce__r1c2,agriculture,beauce,"Beauce, France",48.258,1.499,48.25869075095988,1.552874293944118,45-60,32631,4000.0,0.0,12.5,0.001,14,20,cuda:0,0.0230491059722424,bilinear,,0.0292882183665285,-0.2706878263217551,168680,169667,,,,,,0.0,0.1142095951363444,0.0,0.1142095951363444,0.1142095951363444,computed,276,True
agriculture__beauce__r1c2,agriculture,beauce,"Beauce, France",48.258,1.499,48.25869075095988,1.552874293944118,45-60,32631,4000.0,0.0,12.5,0.001,14,20,cuda:0,0.0230491059722424,bicubic,,0.0263657238899819,-0.1438935601985442,168680,169667,,,,,,0.0,0.760362058877945,0.0,0.760362058877945,0.760362058877945,computed,276,True
agriculture__beauce__r2c0,agriculture,beauce,"Beauce, France",48.258,1.499,48.29325775714222,1.4440356211107468,45-60,32631,-4000.0,4000.0,12.5,0.001,14,20,cuda:0,0.0173572831540912,blurred_observation,12.5,0.0173572831540912,0.0,169657,169657,,,,,,0.0,0.0,0.0,0.0,0.0,computed,277,True
agriculture__beauce__r2c0,agriculture,beauce,"Beauce, France",48.258,1.499,48.29325775714222,1.4440356211107468,45-60,32631,-4000.0,4000.0,12.5,0.001,14,20,cuda:0,0.0173572831540912,psf_aware_matched,12.5,0.014115113078631,0.1867901817742684,169657,170973,22.0,65536.0,170973.0,1441792.0,0.0001286752879109,0.2816307940520346,0.0402546939440071,1.5146490409970284,0.3218854879960418,1.83653452899307,computed,277,True
agriculture__beauce__r2c0,agriculture,beauce,"Beauce, France",48.258,1.499,48.29325775714222,1.4440356211107468,45-60,32631,-4000.0,4000.0,12.5,0.001,14,20,cuda:0,0.0173572831540912,psf_aware_plus50,18.75,0.0273713791147789,-0.5769391368330232,169657,172923,48.0,65536.0,172923.0,3145728.0,0.0002775801946531,0.4800097858533263,0.0798619398847222,1.519354002084583,0.5598717257380486,2.079225727822632,computed,277,True
agriculture__beauce__r2c0,agriculture,beauce,"Beauce, France",48.258,1.499,48.29325775714222,1.4440356211107468,45-60,32631,-4000.0,4000.0,12.5,0.001,14,20,cuda:0,0.0173572831540912,psf_aware_minus50,6.25,0.0199501601665621,-0.1493826533480149,169103,169103,9.0,65536.0,169103.0,589824.0,5.322200079241646e-05,0.1945714610628783,0.0210688253864645,1.486903018783778,0.2156402864493429,1.702543305233121,computed,277,True
agriculture__beauce__r2c0,agriculture,beauce,"Beauce, France",48.258,1.499,48.29325775714222,1.4440356211107468,45-60,32631,-4000.0,4000.0,12.5,0.001,14,20,cuda:0,0.0173572831540912,nearest,,0.020909808844374,-0.2046706076489544,168673,169657,,,,,,0.0,0.1246331073343753,0.0,0.1246331073343753,0.1246331073343753,computed,277,True
agriculture__beauce__r2c0,agriculture,beauce,"Beauce, France",48.258,1.499,48.29325775714222,1.4440356211107468,45-60,32631,-4000.0,4000.0,12.5,0.001,14,20,cuda:0,0.0173572831540912,bilinear,,0.0217974627886348,-0.2558107507451135,168673,169657,,,,,,0.0,0.1144147436134517,0.0,0.1144147436134517,0.1144147436134517,computed,277,True
agriculture__beauce__r2c0,agriculture,beauce,"Beauce, France",48.258,1.499,48.29325775714222,1.4440356211107468,45-60,32631,-4000.0,4000.0,12.5,0.001,14,20,cuda:0,0.0173572831540912,bicubic,,0.0197421835411561,-0.1374005577884927,168673,169657,,,,,,0.0,0.7607729667797685,0.0,0.7607729667797685,0.7607729667797685,computed,277,True
agriculture__beauce__r2c1,agriculture,beauce,"Beauce, France",48.258,1.499,48.293974639245285,1.4979456519088707,45-60,32631,0.0,4000.0,12.5,0.001,14,20,cuda:0,0.0177429787599082,blurred_observation,12.5,0.0177429787599082,0.0,169667,169667,,,,,,0.0,0.0,0.0,0.0,0.0,computed,278,True
agriculture__beauce__r2c1,agriculture,beauce,"Beauce, France",48.258,1.499,48.293974639245285,1.4979456519088707,45-60,32631,0.0,4000.0,12.5,0.001,14,20,cuda:0,0.0177429787599082,psf_aware_matched,12.5,0.014496966194877,0.1829463140859878,169667,170981,22.0,65536.0,170981.0,1441792.0,0.0001286692673454,0.2770563089288771,0.0404930841177701,1.5322696240618825,0.3175493930466473,1.8498190171085296,computed,278,True
agriculture__beauce__r2c1,agriculture,beauce,"Beauce, France",48.258,1.499,48.293974639245285,1.4979456519088707,45-60,32631,0.0,4000.0,12.5,0.001,14,20,cuda:0,0.0177429787599082,psf_aware_plus50,18.75,0.0288811703703093,-0.6277520680782633,169667,172931,48.0,65536.0,172931.0,3145728.0,0.0002775673534531,0.4691969859413802,0.0797637640498578,1.5308686499483883,0.5489607499912381,2.0798293999396265,computed,278,True
agriculture__beauce__r2c1,agriculture,beauce,"Beauce, France",48.258,1.499,48.293974639245285,1.4979456519088707,45-60,32631,0.0,4000.0,12.5,0.001,14,20,cuda:0,0.0177429787599082,psf_aware_minus50,6.25,0.0209232500672098,-0.1792411156173856,169139,169139,9.0,65536.0,169139.0,589824.0,5.3210672878520034e-05,0.193871805910021,0.0209932220168411,1.569970590993762,0.2148650279268622,1.7848356189206245,computed,278,True
agriculture__beauce__r2c1,agriculture,beauce,"Beauce, France",48.258,1.499,48.293974639245285,1.4979456519088707,45-60,32631,0.0,4000.0,12.5,0.001,14,20,cuda:0,0.0177429787599082,nearest,,0.0217985536028176,-0.2285735049220301,168675,169667,,,,,,0.0,0.1279627028852701,0.0,0.1279627028852701,0.1279627028852701,computed,278,True
agriculture__beauce__r2c1,agriculture,beauce,"Beauce, France",48.258,1.499,48.293974639245285,1.4979456519088707,45-60,32631,0.0,4000.0,12.5,0.001,14,20,cuda:0,0.0177429787599082,bilinear,,0.0226804358385967,-0.2782766718881002,168675,169667,,,,,,0.0,0.1148828398436307,0.0,0.1148828398436307,0.1148828398436307,computed,278,True
agriculture__beauce__r2c1,agriculture,beauce,"Beauce, France",48.258,1.499,48.293974639245285,1.4979456519088707,45-60,32631,0.0,4000.0,12.5,0.001,14,20,cuda:0,0.0177429787599082,bicubic,,0.0204199753779959,-0.1508763919695708,168675,169667,,,,,,0.0,0.7589997379109263,0.0,0.7589997379109263,0.7589997379109263,computed,278,True
agriculture__beauce__r2c2,agriculture,beauce,"Beauce, France",48.258,1.499,48.294666258085485,1.5518577559693458,45-60,32631,4000.0,4000.0,12.5,0.001,14,20,cuda:0,0.024317357233209,blurred_observation,12.5,0.024317357233209,0.0,169663,169663,,,,,,0.0,0.0,0.0,0.0,0.0,computed,279,True
agriculture__beauce__r2c2,agriculture,beauce,"Beauce, France",48.258,1.499,48.294666258085485,1.5518577559693458,45-60,32631,4000.0,4000.0,12.5,0.001,14,20,cuda:0,0.024317357233209,psf_aware_matched,12.5,0.0189816421398815,0.2194200234078368,169663,170978,22.0,65536.0,170978.0,1441792.0,0.0001286715249915,0.2801849045790732,0.0404626470990479,1.510235001333058,0.3206475516781211,1.830882553011179,computed,279,True
agriculture__beauce__r2c2,agriculture,beauce,"Beauce, France",48.258,1.499,48.294666258085485,1.5518577559693458,45-60,32631,4000.0,4000.0,12.5,0.001,14,20,cuda:0,0.024317357233209,psf_aware_plus50,18.75,0.0397934345706106,-0.6364210217821993,169663,172916,48.0,65536.0,172916.0,3145728.0,0.0002775914316778,0.4754582159221172,0.0799784613773226,1.5243578790687025,0.5554366772994399,2.0797945563681424,computed,279,True
agriculture__beauce__r2c2,agriculture,beauce,"Beauce, France",48.258,1.499,48.294666258085485,1.5518577559693458,45-60,32631,4000.0,4000.0,12.5,0.001,14,20,cuda:0,0.024317357233209,psf_aware_minus50,6.25,0.0279095349867943,-0.1477207296473692,169090,169090,9.0,65536.0,169090.0,589824.0,5.322609261340115e-05,0.1757146571762859,0.020975227933377,1.4807410393841565,0.196689885109663,1.6774309244938197,computed,279,True
agriculture__beauce__r2c2,agriculture,beauce,"Beauce, France",48.258,1.499,48.294666258085485,1.5518577559693458,45-60,32631,4000.0,4000.0,12.5,0.001,14,20,cuda:0,0.024317357233209,nearest,,0.0294212448449387,-0.2098866074459611,168678,169663,,,,,,0.0,0.1244851374067366,0.0,0.1244851374067366,0.1244851374067366,computed,279,True
agriculture__beauce__r2c2,agriculture,beauce,"Beauce, France",48.258,1.499,48.294666258085485,1.5518577559693458,45-60,32631,4000.0,4000.0,12.5,0.001,14,20,cuda:0,0.024317357233209,bilinear,,0.030748529968208,-0.2644684072090011,168678,169663,,,,,,0.0,0.114444178994745,0.0,0.114444178994745,0.114444178994745,computed,279,True
agriculture__beauce__r2c2,agriculture,beauce,"Beauce, France",48.258,1.499,48.294666258085485,1.5518577559693458,45-60,32631,4000.0,4000.0,12.5,0.001,14,20,cuda:0,0.024317357233209,bicubic,,0.0277762733900736,-0.1422406277003221,168678,169663,,,,,,0.0,0.7662977296859026,0.0,0.7662977296859026,0.7662977296859026,computed,279,True
agriculture__iowa__r0c0,agriculture,iowa,"Iowa, USA",42.0,-93.5,41.96375434030079,-93.5479878080762,30-45,32615,-4000.0,-4000.0,12.5,0.001,14,20,cuda:0,0.0262909579170803,blurred_observation,12.5,0.0262909579170803,0.0,169945,169945,,,,,,0.0,0.0,0.0,0.0,0.0,computed,280,True
agriculture__iowa__r0c0,agriculture,iowa,"Iowa, USA",42.0,-93.5,41.96375434030079,-93.5479878080762,30-45,32615,-4000.0,-4000.0,12.5,0.001,14,20,cuda:0,0.0262909579170803,psf_aware_matched,12.5,0.0204018932575563,0.2239958193268423,169945,171274,22.0,65536.0,171274.0,1441792.0,0.0001284491516517,0.2748466040939092,0.0405923933722078,2.6565386787988245,0.3154389974661171,2.9719776762649417,computed,280,True
agriculture__iowa__r0c0,agriculture,iowa,"Iowa, USA",42.0,-93.5,41.96375434030079,-93.5479878080762,30-45,32615,-4000.0,-4000.0,12.5,0.001,14,20,cuda:0,0.0262909579170803,psf_aware_plus50,18.75,0.0455957760705126,-0.7342759519952904,169945,173230,48.0,65536.0,173230.0,3145728.0,0.0002770882641574,0.4710984681732952,0.0804240750148892,2.6296423971652985,0.5515225431881845,3.181164940353483,computed,280,True
agriculture__iowa__r0c0,agriculture,iowa,"Iowa, USA",42.0,-93.5,41.96375434030079,-93.5479878080762,30-45,32615,-4000.0,-4000.0,12.5,0.001,14,20,cuda:0,0.0262909579170803,psf_aware_minus50,6.25,0.0312976153367888,-0.1904326740584787,169410,169410,9.0,65536.0,169410.0,589824.0,5.312555339118116e-05,0.1929746069945395,0.0211065560579299,2.644408102147281,0.2140811630524695,2.8584892651997507,computed,280,True
agriculture__iowa__r0c0,agriculture,iowa,"Iowa, USA",42.0,-93.5,41.96375434030079,-93.5479878080762,30-45,32615,-4000.0,-4000.0,12.5,0.001,14,20,cuda:0,0.0262909579170803,nearest,,0.0332204932664934,-0.263571048695463,168957,169945,,,,,,0.0,0.1309598949737846,0.0,0.1309598949737846,0.1309598949737846,computed,280,True
agriculture__iowa__r0c0,agriculture,iowa,"Iowa, USA",42.0,-93.5,41.96375434030079,-93.5479878080762,30-45,32615,-4000.0,-4000.0,12.5,0.001,14,20,cuda:0,0.0262909579170803,bilinear,,0.0347975179837475,-0.3235545883682229,168957,169945,,,,,,0.0,0.1153262429870665,0.0,0.1153262429870665,0.1153262429870665,computed,280,True
agriculture__iowa__r0c0,agriculture,iowa,"Iowa, USA",42.0,-93.5,41.96375434030079,-93.5479878080762,30-45,32615,-4000.0,-4000.0,12.5,0.001,14,20,cuda:0,0.0262909579170803,bicubic,,0.0309773421906026,-0.1782507996970967,168957,169945,,,,,,0.0,0.7619326980784535,0.0,0.7619326980784535,0.7619326980784535,computed,280,True
agriculture__iowa__r0c1,agriculture,iowa,"Iowa, USA",42.0,-93.5,41.96397458943471,-93.49971823079127,30-45,32615,0.0,-4000.0,12.5,0.001,14,20,cuda:0,0.0173417610183597,blurred_observation,12.5,0.0173417610183597,0.0,169936,169936,,,,,,0.0,0.0,0.0,0.0,0.0,computed,281,True
agriculture__iowa__r0c1,agriculture,iowa,"Iowa, USA",42.0,-93.5,41.96397458943471,-93.49971823079127,30-45,32615,0.0,-4000.0,12.5,0.001,14,20,cuda:0,0.0173417610183597,psf_aware_matched,12.5,0.014443408156135,0.1671314037343857,169936,171291,22.0,65536.0,171291.0,1441792.0,0.0001284364035471,0.2975439829751849,0.040344834793359,2.595752573572099,0.3378888177685439,2.933641391340643,computed,281,True
agriculture__iowa__r0c1,agriculture,iowa,"Iowa, USA",42.0,-93.5,41.96397458943471,-93.49971823079127,30-45,32615,0.0,-4000.0,12.5,0.001,14,20,cuda:0,0.0173417610183597,psf_aware_plus50,18.75,0.0290795142238495,-0.6768489770481212,169936,173210,48.0,65536.0,173210.0,3145728.0,0.0002771202586455,0.4780684849247336,0.0803828798234462,2.725628816988319,0.5584513647481799,3.284080181736499,computed,281,True
agriculture__iowa__r0c1,agriculture,iowa,"Iowa, USA",42.0,-93.5,41.96397458943471,-93.49971823079127,30-45,32615,0.0,-4000.0,12.5,0.001,14,20,cuda:0,0.0173417610183597,psf_aware_minus50,6.25,0.0205975484202398,-0.1877426057499696,169414,169414,9.0,65536.0,169414.0,589824.0,5.312429905438748e-05,0.2009135000407695,0.02094685472548,2.6266048713587224,0.2218603547662496,2.848465226124972,computed,281,True
agriculture__iowa__r0c1,agriculture,iowa,"Iowa, USA",42.0,-93.5,41.96397458943471,-93.49971823079127,30-45,32615,0.0,-4000.0,12.5,0.001,14,20,cuda:0,0.0173417610183597,nearest,,0.021614550331367,-0.2463872791513901,168956,169936,,,,,,0.0,0.1292313612066209,0.0,0.1292313612066209,0.1292313612066209,computed,281,True
agriculture__iowa__r0c1,agriculture,iowa,"Iowa, USA",42.0,-93.5,41.96397458943471,-93.49971823079127,30-45,32615,0.0,-4000.0,12.5,0.001,14,20,cuda:0,0.0173417610183597,bilinear,,0.0225170333057134,-0.2984283015937437,168956,169936,,,,,,0.0,0.1167634362354874,0.0,0.1167634362354874,0.1167634362354874,computed,281,True
agriculture__iowa__r0c1,agriculture,iowa,"Iowa, USA",42.0,-93.5,41.96397458943471,-93.49971823079127,30-45,32615,0.0,-4000.0,12.5,0.001,14,20,cuda:0,0.0173417610183597,bicubic,,0.0203120574925468,-0.1712799796423465,168956,169936,,,,,,0.0,0.7622267762199044,0.0,0.7622267762199044,0.7622267762199044,computed,281,True
agriculture__iowa__r0c2,agriculture,iowa,"Iowa, USA",42.0,-93.5,41.96417454526009,-93.4514481395076,30-45,32615,4000.0,-4000.0,12.5,0.001,14,20,cuda:0,0.0173452213952613,blurred_observation,12.5,0.0173452213952613,0.0,169940,169940,,,,,,0.0,0.0,0.0,0.0,0.0,computed,282,True
agriculture__iowa__r0c2,agriculture,iowa,"Iowa, USA",42.0,-93.5,41.96417454526009,-93.4514481395076,30-45,32615,4000.0,-4000.0,12.5,0.001,14,20,cuda:0,0.0173452213952613,psf_aware_matched,12.5,0.0136935216832826,0.2105305910350805,169940,171297,22.0,65536.0,171297.0,1441792.0,0.0001284319048202,0.2804254600778222,0.0406473791226744,2.6227353806607425,0.3210728392004967,2.943808219861239,computed,282,True
agriculture__iowa__r0c2,agriculture,iowa,"Iowa, USA",42.0,-93.5,41.96417454526009,-93.4514481395076,30-45,32615,4000.0,-4000.0,12.5,0.001,14,20,cuda:0,0.0173452213952613,psf_aware_plus50,18.75,0.029155694791905,-0.6809064656776516,169940,173212,48.0,65536.0,173212.0,3145728.0,0.0002771170588642,0.4787366506643593,0.0798177793622016,2.627606377005577,0.558554430026561,3.186160807032138,computed,282,True
agriculture__iowa__r0c2,agriculture,iowa,"Iowa, USA",42.0,-93.5,41.96417454526009,-93.4514481395076,30-45,32615,4000.0,-4000.0,12.5,0.001,14,20,cuda:0,0.0173452213952613,psf_aware_minus50,6.25,0.0202696527258186,-0.1686015568158896,169420,169420,9.0,65536.0,169420.0,589824.0,5.312241766025263e-05,0.196159997023642,0.0209461627528071,2.6173229310661554,0.2171061597764492,2.8344290908426046,computed,282,True
agriculture__iowa__r0c2,agriculture,iowa,"Iowa, USA",42.0,-93.5,41.96417454526009,-93.4514481395076,30-45,32615,4000.0,-4000.0,12.5,0.001,14,20,cuda:0,0.0173452213952613,nearest,,0.0214735082338132,-0.2380071573880129,168947,169940,,,,,,0.0,0.1335583860054612,0.0,0.1335583860054612,0.1335583860054612,computed,282,True
agriculture__iowa__r0c2,agriculture,iowa,"Iowa, USA",42.0,-93.5,41.96417454526009,-93.4514481395076,30-45,32615,4000.0,-4000.0,12.5,0.001,14,20,cuda:0,0.0173452213952613,bilinear,,0.0225084384357169,-0.2976737467223251,168947,169940,,,,,,0.0,0.1236591557972133,0.0,0.1236591557972133,0.1236591557972133,computed,282,True
agriculture__iowa__r0c2,agriculture,iowa,"Iowa, USA",42.0,-93.5,41.96417454526009,-93.4514481395076,30-45,32615,4000.0,-4000.0,12.5,0.001,14,20,cuda:0,0.0173452213952613,bicubic,,0.020132862683683,-0.1607152324491674,168947,169940,,,,,,0.0,0.7610435737296939,0.0,0.7610435737296939,0.7610435737296939,computed,282,True
agriculture__iowa__r1c0,agriculture,iowa,"Iowa, USA",42.0,-93.5,41.99977947402992,-93.54829679120792,30-45,32615,-4000.0,0.0,12.5,0.001,14,20,cuda:0,0.0191602124552791,blurred_observation,12.5,0.0191602124552791,0.0,169940,169940,,,,,,0.0,0.0,0.0,0.0,0.0,computed,283,True
agriculture__iowa__r1c0,agriculture,iowa,"Iowa, USA",42.0,-93.5,41.99977947402992,-93.54829679120792,30-45,32615,-4000.0,0.0,12.5,0.001,14,20,cuda:0,0.0191602124552791,psf_aware_matched,12.5,0.0150389739229101,0.2150935717434355,169940,171267,22.0,65536.0,171267.0,1441792.0,0.0001284544016068,0.2986168349161744,0.0403545228764414,2.6342139332555234,0.3389713577926159,2.9731852910481398,computed,283,True
agriculture__iowa__r1c0,agriculture,iowa,"Iowa, USA",42.0,-93.5,41.99977947402992,-93.54829679120792,30-45,32615,-4000.0,0.0,12.5,0.001,14,20,cuda:0,0.0191602124552791,psf_aware_plus50,18.75,0.0335709810475996,-0.7521194572323164,169940,173225,48.0,65536.0,173225.0,3145728.0,0.0002770962620868,0.4711842373944819,0.0797567628324031,2.6695938538759947,0.5509410002268851,3.22053485410288,computed,283,True
agriculture__iowa__r1c0,agriculture,iowa,"Iowa, USA",42.0,-93.5,41.99977947402992,-93.54829679120792,30-45,32615,-4000.0,0.0,12.5,0.001,14,20,cuda:0,0.0191602124552791,psf_aware_minus50,6.25,0.0235304000244329,-0.2280865924297026,169402,169402,9.0,65536.0,169402.0,589824.0,5.312806224247648e-05,0.1928144702687859,0.0211009760387241,2.563425827305764,0.2139154463075101,2.777341273613274,computed,283,True
agriculture__iowa__r1c0,agriculture,iowa,"Iowa, USA",42.0,-93.5,41.99977947402992,-93.54829679120792,30-45,32615,-4000.0,0.0,12.5,0.001,14,20,cuda:0,0.0191602124552791,nearest,,0.0247647964199565,-0.2925115771946034,168956,169940,,,,,,0.0,0.1304746749810874,0.0,0.1304746749810874,0.1304746749810874,computed,283,True
agriculture__iowa__r1c0,agriculture,iowa,"Iowa, USA",42.0,-93.5,41.99977947402992,-93.54829679120792,30-45,32615,-4000.0,0.0,12.5,0.001,14,20,cuda:0,0.0191602124552791,bilinear,,0.0258713400200963,-0.3502637343130301,168956,169940,,,,,,0.0,0.1167860287241637,0.0,0.1167860287241637,0.1167860287241637,computed,283,True
agriculture__iowa__r1c0,agriculture,iowa,"Iowa, USA",42.0,-93.5,41.99977947402992,-93.54829679120792,30-45,32615,-4000.0,0.0,12.5,0.001,14,20,cuda:0,0.0191602124552791,bicubic,,0.0228726424772255,-0.1937572472440645,168956,169940,,,,,,0.0,0.7644328139722347,0.0,0.7644328139722347,0.7644328139722347,computed,283,True
agriculture__iowa__r1c1,agriculture,iowa,"Iowa, USA",42.0,-93.5,42.00000000000001,-93.5,30-45,32615,0.0,0.0,12.5,0.001,14,20,cuda:0,0.0178128972553002,blurred_observation,12.5,0.0178128972553002,0.0,169954,169954,,,,,,0.0,0.0,0.0,0.0,0.0,computed,284,True
agriculture__iowa__r1c1,agriculture,iowa,"Iowa, USA",42.0,-93.5,42.00000000000001,-93.5,30-45,32615,0.0,0.0,12.5,0.001,14,20,cuda:0,0.0178128972553002,psf_aware_matched,12.5,0.0132668451264856,0.2552112698826643,169954,171255,22.0,65536.0,171255.0,1441792.0,0.0001284634025283,0.2749387477524578,0.0403448748402297,2.608433603309095,0.3152836225926876,2.9237172259017825,computed,284,True
agriculture__iowa__r1c1,agriculture,iowa,"Iowa, USA",42.0,-93.5,42.00000000000001,-93.5,30-45,32615,0.0,0.0,12.5,0.001,14,20,cuda:0,0.0178128972553002,psf_aware_plus50,18.75,0.0324766239697974,-0.8232084036825613,169954,173240,48.0,65536.0,173240.0,3145728.0,0.0002770722696836,0.4337696218863129,0.079825023189187,2.641961948014796,0.5135946450755,3.155556593090296,computed,284,True
agriculture__iowa__r1c1,agriculture,iowa,"Iowa, USA",42.0,-93.5,42.00000000000001,-93.5,30-45,32615,0.0,0.0,12.5,0.001,14,20,cuda:0,0.0178128972553002,psf_aware_minus50,6.25,0.0212809466522144,-0.1946931679450529,169403,169403,9.0,65536.0,169403.0,589824.0,5.312774862310585e-05,0.1734790182672441,0.0209184200502932,2.6038952278904617,0.1943974383175373,2.798292666207999,computed,284,True
agriculture__iowa__r1c1,agriculture,iowa,"Iowa, USA",42.0,-93.5,42.00000000000001,-93.5,30-45,32615,0.0,0.0,12.5,0.001,14,20,cuda:0,0.0178128972553002,nearest,,0.0225577245264932,-0.2663703272515765,168971,169954,,,,,,0.0,0.1318629342131316,0.0,0.1318629342131316,0.1318629342131316,computed,284,True
agriculture__iowa__r1c1,agriculture,iowa,"Iowa, USA",42.0,-93.5,42.00000000000001,-93.5,30-45,32615,0.0,0.0,12.5,0.001,14,20,cuda:0,0.0178128972553002,bilinear,,0.0237814131110579,-0.3350671016744224,168971,169954,,,,,,0.0,0.1169985109008848,0.0,0.1169985109008848,0.1169985109008848,computed,284,True
agriculture__iowa__r1c1,agriculture,iowa,"Iowa, USA",42.0,-93.5,42.00000000000001,-93.5,30-45,32615,0.0,0.0,12.5,0.001,14,20,cuda:0,0.0178128972553002,bicubic,,0.0211330710288599,-0.1863915637065589,168971,169954,,,,,,0.0,0.7877964349463582,0.0,0.7877964349463582,0.7877964349463582,computed,284,True
agriculture__iowa__r1c2,agriculture,iowa,"Iowa, USA",42.0,-93.5,42.0002002071561,-93.45170269370288,30-45,32615,4000.0,0.0,12.5,0.001,14,20,cuda:0,0.0361270273086697,blurred_observation,12.5,0.0361270273086697,0.0,169949,169949,,,,,,0.0,0.0,0.0,0.0,0.0,computed,285,True
agriculture__iowa__r1c2,agriculture,iowa,"Iowa, USA",42.0,-93.5,42.0002002071561,-93.45170269370288,30-45,32615,4000.0,0.0,12.5,0.001,14,20,cuda:0,0.0361270273086697,psf_aware_matched,12.5,0.0273489444345398,0.2429782777068785,169949,171268,22.0,65536.0,171268.0,1441792.0,0.0001284536515869,0.273181018885225,0.0402881670743227,2.6478377073071897,0.3134691859595477,2.961306893266737,computed,285,True
agriculture__iowa__r1c2,agriculture,iowa,"Iowa, USA",42.0,-93.5,42.0002002071561,-93.45170269370288,30-45,32615,4000.0,0.0,12.5,0.001,14,20,cuda:0,0.0361270273086697,psf_aware_plus50,18.75,0.0621854491863527,-0.7212999191724105,169949,173231,48.0,65536.0,173231.0,3145728.0,0.000277086664627,0.4728921018540859,0.079954638145864,2.693271500058472,0.5528467399999499,3.246118240058422,computed,285,True
agriculture__iowa__r1c2,agriculture,iowa,"Iowa, USA",42.0,-93.5,42.0002002071561,-93.45170269370288,30-45,32615,4000.0,0.0,12.5,0.001,14,20,cuda:0,0.0361270273086697,psf_aware_minus50,6.25,0.0427989255097456,-0.1846788595162036,169411,169411,9.0,65536.0,169411.0,589824.0,5.312523980142966e-05,0.1729354886338114,0.0209965682588517,2.597787640057504,0.1939320568926632,2.7917196969501674,computed,285,True
agriculture__iowa__r1c2,agriculture,iowa,"Iowa, USA",42.0,-93.5,42.0002002071561,-93.45170269370288,30-45,32615,4000.0,0.0,12.5,0.001,14,20,cuda:0,0.0361270273086697,nearest,,0.0451527883972518,-0.249834037311343,168968,169949,,,,,,0.0,0.1285617318935692,0.0,0.1285617318935692,0.1285617318935692,computed,285,True
agriculture__iowa__r1c2,agriculture,iowa,"Iowa, USA",42.0,-93.5,42.0002002071561,-93.45170269370288,30-45,32615,4000.0,0.0,12.5,0.001,14,20,cuda:0,0.0361270273086697,bilinear,,0.0473817946076246,-0.3115331688598124,168968,169949,,,,,,0.0,0.1153139700181782,0.0,0.1153139700181782,0.1153139700181782,computed,285,True
agriculture__iowa__r1c2,agriculture,iowa,"Iowa, USA",42.0,-93.5,42.0002002071561,-93.45170269370288,30-45,32615,4000.0,0.0,12.5,0.001,14,20,cuda:0,0.0361270273086697,bicubic,,0.0421569289662776,-0.1669083261705528,168968,169949,,,,,,0.0,0.7570450608618557,0.0,0.7570450608618557,0.7570450608618557,computed,285,True
agriculture__iowa__r2c0,agriculture,iowa,"Iowa, USA",42.0,-93.5,42.03580437901741,-93.5486063391726,30-45,32615,-4000.0,4000.0,12.5,0.001,14,20,cuda:0,0.0158291629991961,blurred_observation,12.5,0.0158291629991961,0.0,169938,169938,,,,,,0.0,0.0,0.0,0.0,0.0,computed,286,True
agriculture__iowa__r2c0,agriculture,iowa,"Iowa, USA",42.0,-93.5,42.03580437901741,-93.5486063391726,30-45,32615,-4000.0,4000.0,12.5,0.001,14,20,cuda:0,0.0158291629991961,psf_aware_matched,12.5,0.012789966939362,0.1919997955664776,169938,171269,22.0,65536.0,171269.0,1441792.0,0.0001284529015758,0.2733790939673781,0.0403632000088691,2.672501831315458,0.3137422939762473,2.986244125291705,computed,286,True
agriculture__iowa__r2c0,agriculture,iowa,"Iowa, USA",42.0,-93.5,42.03580437901741,-93.5486063391726,30-45,32615,-4000.0,4000.0,12.5,0.001,14,20,cuda:0,0.0158291629991961,psf_aware_plus50,18.75,0.0270061027215796,-0.7060979612725622,169938,173225,48.0,65536.0,173225.0,3145728.0,0.0002770962620868,0.4722788091748953,0.0796625753864646,2.674869246315211,0.5519413845613599,3.226810630876571,computed,286,True
agriculture__iowa__r2c0,agriculture,iowa,"Iowa, USA",42.0,-93.5,42.03580437901741,-93.5486063391726,30-45,32615,-4000.0,4000.0,12.5,0.001,14,20,cuda:0,0.0158291629991961,psf_aware_minus50,6.25,0.0184555508324195,-0.1659208281168596,169404,169404,9.0,65536.0,169404.0,589824.0,5.312743500743784e-05,0.1926974691450595,0.0208921409212052,2.600802941247821,0.2135896100662648,2.8143925513140857,computed,286,True
agriculture__iowa__r2c0,agriculture,iowa,"Iowa, USA",42.0,-93.5,42.03580437901741,-93.5486063391726,30-45,32615,-4000.0,4000.0,12.5,0.001,14,20,cuda:0,0.0158291629991961,nearest,,0.0193778035867037,-0.22418371632712,168955,169938,,,,,,0.0,0.1305254818871617,0.0,0.1305254818871617,0.1305254818871617,computed,286,True
agriculture__iowa__r2c0,agriculture,iowa,"Iowa, USA",42.0,-93.5,42.03580437901741,-93.5486063391726,30-45,32615,-4000.0,4000.0,12.5,0.001,14,20,cuda:0,0.0158291629991961,bilinear,,0.0204095605813636,-0.2893644839212312,168955,169938,,,,,,0.0,0.1144794090650975,0.0,0.1144794090650975,0.1144794090650975,computed,286,True
agriculture__iowa__r2c0,agriculture,iowa,"Iowa, USA",42.0,-93.5,42.03580437901741,-93.5486063391726,30-45,32615,-4000.0,4000.0,12.5,0.001,14,20,cuda:0,0.0158291629991961,bicubic,,0.0184271190951372,-0.1641246663562074,168955,169938,,,,,,0.0,0.7804527059197426,0.0,0.7804527059197426,0.7804527059197426,computed,286,True
agriculture__iowa__r2c1,agriculture,iowa,"Iowa, USA",42.0,-93.5,42.03602518213272,-93.50028228429844,30-45,32615,0.0,4000.0,12.5,0.001,14,20,cuda:0,0.0165940059815466,blurred_observation,12.5,0.0165940059815466,0.0,169946,169946,,,,,,0.0,0.0,0.0,0.0,0.0,computed,287,True
agriculture__iowa__r2c1,agriculture,iowa,"Iowa, USA",42.0,-93.5,42.03602518213272,-93.50028228429844,30-45,32615,0.0,4000.0,12.5,0.001,14,20,cuda:0,0.0165940059815466,psf_aware_matched,12.5,0.0125017601968981,0.2466098776389066,169946,171263,22.0,65536.0,171263.0,1441792.0,0.0001284574017738,0.2938170740380883,0.0405054898001253,2.696803801227361,0.3343225638382137,3.031126365065574,computed,287,True
agriculture__iowa__r2c1,agriculture,iowa,"Iowa, USA",42.0,-93.5,42.03602518213272,-93.50028228429844,30-45,32615,0.0,4000.0,12.5,0.001,14,20,cuda:0,0.0165940059815466,psf_aware_plus50,18.75,0.0286174924499711,-0.7245680447382739,169946,173237,48.0,65536.0,173237.0,3145728.0,0.0002770770678319,0.485337623860687,0.0799757079221308,2.6568272029981017,0.5653133317828178,3.22214053478092,computed,287,True
agriculture__iowa__r2c1,agriculture,iowa,"Iowa, USA",42.0,-93.5,42.03602518213272,-93.50028228429844,30-45,32615,0.0,4000.0,12.5,0.001,14,20,cuda:0,0.0165940059815466,psf_aware_minus50,6.25,0.0197042352333184,-0.1874308865038689,169404,169404,9.0,65536.0,169404.0,589824.0,5.312743500743784e-05,0.1942659392952919,0.0210041529498994,2.5883801011368632,0.2152700922451913,2.8036501933820546,computed,287,True
agriculture__iowa__r2c1,agriculture,iowa,"Iowa, USA",42.0,-93.5,42.03602518213272,-93.50028228429844,30-45,32615,0.0,4000.0,12.5,0.001,14,20,cuda:0,0.0165940059815466,nearest,,0.0208466771980297,-0.2562775511357675,168967,169946,,,,,,0.0,0.1297679366543889,0.0,0.1297679366543889,0.1297679366543889,computed,287,True
agriculture__iowa__r2c1,agriculture,iowa,"Iowa, USA",42.0,-93.5,42.03602518213272,-93.50028228429844,30-45,32615,0.0,4000.0,12.5,0.001,14,20,cuda:0,0.0165940059815466,bilinear,,0.0219174930463789,-0.3208078308970254,168967,169946,,,,,,0.0,0.1170322750695049,0.0,0.1170322750695049,0.1170322750695049,computed,287,True
agriculture__iowa__r2c1,agriculture,iowa,"Iowa, USA",42.0,-93.5,42.03602518213272,-93.50028228429844,30-45,32615,0.0,4000.0,12.5,0.001,14,20,cuda:0,0.0165940059815466,bicubic,,0.0194081581933647,-0.1695884776073668,168967,169946,,,,,,0.0,0.7665956001728773,0.0,0.7665956001728773,0.7665956001728773,computed,287,True
agriculture__iowa__r2c2,agriculture,iowa,"Iowa, USA",42.0,-93.5,42.036225640900085,-93.45195771324136,30-45,32615,4000.0,4000.0,12.5,0.001,14,20,cuda:0,0.0283069227826294,blurred_observation,12.5,0.0283069227826294,0.0,169960,169960,,,,,,0.0,0.0,0.0,0.0,0.0,computed,288,True
agriculture__iowa__r2c2,agriculture,iowa,"Iowa, USA",42.0,-93.5,42.036225640900085,-93.45195771324136,30-45,32615,4000.0,4000.0,12.5,0.001,14,20,cuda:0,0.0283069227826294,psf_aware_matched,12.5,0.0219765167758584,0.2236345524161197,169960,171253,22.0,65536.0,171253.0,1441792.0,0.0001284649028046,0.2787900422699749,0.0404285630211234,2.6713957358151674,0.3192186052910983,2.990614341106266,computed,288,True
agriculture__iowa__r2c2,agriculture,iowa,"Iowa, USA",42.0,-93.5,42.036225640900085,-93.45195771324136,30-45,32615,4000.0,4000.0,12.5,0.001,14,20,cuda:0,0.0283069227826294,psf_aware_plus50,18.75,0.0492162563749967,-0.7386650167851658,169960,173253,48.0,65536.0,173253.0,3145728.0,0.000277051479628,0.4341371469199657,0.0799074582755565,2.6716620209626853,0.5140446051955223,3.185706626158208,computed,288,True
agriculture__iowa__r2c2,agriculture,iowa,"Iowa, USA",42.0,-93.5,42.036225640900085,-93.45195771324136,30-45,32615,4000.0,4000.0,12.5,0.001,14,20,cuda:0,0.0283069227826294,psf_aware_minus50,6.25,0.0331092518385265,-0.1696521056977655,169396,169396,9.0,65536.0,169396.0,589824.0,5.312994403645895e-05,0.1754171792417764,0.0211172667331993,2.6059369049035013,0.1965344459749758,2.802471350878477,computed,288,True
agriculture__iowa__r2c2,agriculture,iowa,"Iowa, USA",42.0,-93.5,42.036225640900085,-93.45195771324136,30-45,32615,4000.0,4000.0,12.5,0.001,14,20,cuda:0,0.0283069227826294,nearest,,0.0349591782082457,-0.2350045420584723,168971,169960,,,,,,0.0,0.1296470975503325,0.0,0.1296470975503325,0.1296470975503325,computed,288,True
agriculture__iowa__r2c2,agriculture,iowa,"Iowa, USA",42.0,-93.5,42.036225640900085,-93.45195771324136,30-45,32615,4000.0,4000.0,12.5,0.001,14,20,cuda:0,0.0283069227826294,bilinear,,0.0367665272181827,-0.2988528460163302,168971,169960,,,,,,0.0,0.1146516059525311,0.0,0.1146516059525311,0.1146516059525311,computed,288,True
agriculture__iowa__r2c2,agriculture,iowa,"Iowa, USA",42.0,-93.5,42.036225640900085,-93.45195771324136,30-45,32615,4000.0,4000.0,12.5,0.001,14,20,cuda:0,0.0283069227826294,bicubic,,0.0330186729146127,-0.1664522197684683,168971,169960,,,,,,0.0,0.7554374057799578,0.0,0.7554374057799578,0.7554374057799578,computed,288,True
agriculture__punjab__r0c0,agriculture,punjab,"Punjab, India",30.5,75.5,30.464058580111665,75.45814854761825,30-45,32643,-4000.0,-4000.0,12.5,0.001,14,20,cuda:0,0.0161048321336708,blurred_observation,12.5,0.0161048321336708,0.0,170375,170375,,,,,,0.0,0.0,0.0,0.0,0.0,computed,289,True
agriculture__punjab__r0c0,agriculture,punjab,"Punjab, India",30.5,75.5,30.464058580111665,75.45814854761825,30-45,32643,-4000.0,-4000.0,12.5,0.001,14,20,cuda:0,0.0161048321336708,psf_aware_matched,12.5,0.0133735039594469,0.169596811165353,170375,171712,22.0,65536.0,171712.0,1441792.0,0.0001281215057771,0.2781118280254304,0.0403524399735033,1.7735292119905353,0.3184642679989338,2.091993479989469,computed,289,True
agriculture__punjab__r0c0,agriculture,punjab,"Punjab, India",30.5,75.5,30.464058580111665,75.45814854761825,30-45,32643,-4000.0,-4000.0,12.5,0.001,14,20,cuda:0,0.0161048321336708,psf_aware_plus50,18.75,0.0257692277854394,-0.6000929144466527,170375,173660,48.0,65536.0,173660.0,3145728.0,0.0002764021651502,0.4318068041466176,0.0796660920605063,1.798377696890384,0.511472896207124,2.309850593097508,computed,289,True
agriculture__punjab__r0c0,agriculture,punjab,"Punjab, India",30.5,75.5,30.464058580111665,75.45814854761825,30-45,32643,-4000.0,-4000.0,12.5,0.001,14,20,cuda:0,0.0161048321336708,psf_aware_minus50,6.25,0.018823958212899,-0.1688391444666646,169829,169829,9.0,65536.0,169829.0,589824.0,5.299448268552485e-05,0.1736863502301275,0.0222609126940369,1.830591952893883,0.1959472629241645,2.0265392158180475,computed,289,True
agriculture__punjab__r0c0,agriculture,punjab,"Punjab, India",30.5,75.5,30.464058580111665,75.45814854761825,30-45,32643,-4000.0,-4000.0,12.5,0.001,14,20,cuda:0,0.0161048321336708,nearest,,0.0196195456141539,-0.2182396842954228,169372,170375,,,,,,0.0,0.1284317462705075,0.0,0.1284317462705075,0.1284317462705075,computed,289,True
agriculture__punjab__r0c0,agriculture,punjab,"Punjab, India",30.5,75.5,30.464058580111665,75.45814854761825,30-45,32643,-4000.0,-4000.0,12.5,0.001,14,20,cuda:0,0.0161048321336708,bilinear,,0.0203940150568466,-0.2663289432373759,169372,170375,,,,,,0.0,0.1157903829589486,0.0,0.1157903829589486,0.1157903829589486,computed,289,True
agriculture__punjab__r0c0,agriculture,punjab,"Punjab, India",30.5,75.5,30.464058580111665,75.45814854761825,30-45,32643,-4000.0,-4000.0,12.5,0.001,14,20,cuda:0,0.0161048321336708,bicubic,,0.0185662077522743,-0.1528346025698383,169372,170375,,,,,,0.0,0.7739533572457731,0.0,0.7739533572457731,0.7739533572457731,computed,289,True
agriculture__punjab__r0c1,agriculture,punjab,"Punjab, India",30.5,75.5,30.463905593165304,75.49981554705344,30-45,32643,0.0,-4000.0,12.5,0.001,14,20,cuda:0,0.0171627496096413,blurred_observation,12.5,0.0171627496096413,0.0,170353,170353,,,,,,0.0,0.0,0.0,0.0,0.0,computed,290,True
agriculture__punjab__r0c1,agriculture,punjab,"Punjab, India",30.5,75.5,30.463905593165304,75.49981554705344,30-45,32643,0.0,-4000.0,12.5,0.001,14,20,cuda:0,0.0171627496096413,psf_aware_matched,12.5,0.0142690737951323,0.1686021109859617,170353,171690,22.0,65536.0,171690.0,1441792.0,0.0001281379230007,0.2729874718934297,0.0403440641239285,1.8049913342110813,0.3133315360173583,2.11832287022844,computed,290,True
agriculture__punjab__r0c1,agriculture,punjab,"Punjab, India",30.5,75.5,30.463905593165304,75.49981554705344,30-45,32643,0.0,-4000.0,12.5,0.001,14,20,cuda:0,0.0171627496096413,psf_aware_plus50,18.75,0.0265680331073909,-0.5480056349750642,170353,173708,48.0,65536.0,173708.0,3145728.0,0.0002763257881041,0.4271924840286374,0.0801496170461177,1.8253102591261268,0.5073421010747552,2.332652360200882,computed,290,True
agriculture__punjab__r0c1,agriculture,punjab,"Punjab, India",30.5,75.5,30.463905593165304,75.49981554705344,30-45,32643,0.0,-4000.0,12.5,0.001,14,20,cuda:0,0.0171627496096413,psf_aware_minus50,6.25,0.0198297185005986,-0.155392868369941,169845,169845,9.0,65536.0,169845.0,589824.0,5.298949041773382e-05,0.1788864200934767,0.0223799282684922,1.786852829158306,0.201266348361969,1.9881191775202751,computed,290,True
agriculture__punjab__r0c1,agriculture,punjab,"Punjab, India",30.5,75.5,30.463905593165304,75.49981554705344,30-45,32643,0.0,-4000.0,12.5,0.001,14,20,cuda:0,0.0171627496096413,nearest,,0.0206232582345095,-0.2016290340170332,169378,170353,,,,,,0.0,0.1300497408956289,0.0,0.1300497408956289,0.1300497408956289,computed,290,True
agriculture__punjab__r0c1,agriculture,punjab,"Punjab, India",30.5,75.5,30.463905593165304,75.49981554705344,30-45,32643,0.0,-4000.0,12.5,0.001,14,20,cuda:0,0.0171627496096413,bilinear,,0.0214207355152971,-0.2480946236763725,169378,170353,,,,,,0.0,0.1172579717822372,0.0,0.1172579717822372,0.1172579717822372,computed,290,True
agriculture__punjab__r0c1,agriculture,punjab,"Punjab, India",30.5,75.5,30.463905593165304,75.49981554705344,30-45,32643,0.0,-4000.0,12.5,0.001,14,20,cuda:0,0.0171627496096413,bicubic,,0.0195648000916842,-0.1399572059650318,169378,170353,,,,,,0.0,0.7667005700059235,0.0,0.7667005700059235,0.7667005700059235,computed,290,True
agriculture__punjab__r0c2,agriculture,punjab,"Punjab, India",30.5,75.5,30.463739298956902,75.54148221322303,30-45,32643,4000.0,-4000.0,12.5,0.001,14,20,cuda:0,0.0149635080776095,blurred_observation,12.5,0.0149635080776095,0.0,170346,170346,,,,,,0.0,0.0,0.0,0.0,0.0,computed,291,True
agriculture__punjab__r0c2,agriculture,punjab,"Punjab, India",30.5,75.5,30.463739298956902,75.54148221322303,30-45,32643,4000.0,-4000.0,12.5,0.001,14,20,cuda:0,0.0149635080776095,psf_aware_matched,12.5,0.0125111812826584,0.163887156823916,170346,171688,22.0,65536.0,171688.0,1441792.0,0.0001281394156842,0.2715549287386238,0.0404991279356181,1.7817191048525274,0.312054056674242,2.0937731615267694,computed,291,True
agriculture__punjab__r0c2,agriculture,punjab,"Punjab, India",30.5,75.5,30.463739298956902,75.54148221322303,30-45,32643,4000.0,-4000.0,12.5,0.001,14,20,cuda:0,0.0149635080776095,psf_aware_plus50,18.75,0.0229856183964532,-0.5361116041262715,170346,173703,48.0,65536.0,173703.0,3145728.0,0.0002763337420769,0.4283130369149148,0.0797898760065436,1.799154689069837,0.5081029129214585,2.307257601991296,computed,291,True
agriculture__punjab__r0c2,agriculture,punjab,"Punjab, India",30.5,75.5,30.463739298956902,75.54148221322303,30-45,32643,4000.0,-4000.0,12.5,0.001,14,20,cuda:0,0.0149635080776095,psf_aware_minus50,6.25,0.0174057909354027,-0.1632159280515033,169849,169849,9.0,65536.0,169849.0,589824.0,5.2988242497748e-05,0.1740451101213693,0.0221994370222091,1.755048360209912,0.1962445471435785,1.9512929073534904,computed,291,True
agriculture__punjab__r0c2,agriculture,punjab,"Punjab, India",30.5,75.5,30.463739298956902,75.54148221322303,30-45,32643,4000.0,-4000.0,12.5,0.001,14,20,cuda:0,0.0149635080776095,nearest,,0.0180793702344968,-0.2082307264263529,169374,170346,,,,,,0.0,0.1240885402075946,0.0,0.1240885402075946,0.1240885402075946,computed,291,True
agriculture__punjab__r0c2,agriculture,punjab,"Punjab, India",30.5,75.5,30.463739298956902,75.54148221322303,30-45,32643,4000.0,-4000.0,12.5,0.001,14,20,cuda:0,0.0149635080776095,bilinear,,0.0187650586457933,-0.2540547676698981,169374,170346,,,,,,0.0,0.1136387870647013,0.0,0.1136387870647013,0.1136387870647013,computed,291,True
agriculture__punjab__r0c2,agriculture,punjab,"Punjab, India",30.5,75.5,30.463739298956902,75.54148221322303,30-45,32643,4000.0,-4000.0,12.5,0.001,14,20,cuda:0,0.0149635080776095,bicubic,,0.0171156518931166,-0.1438261538901688,169374,170346,,,,,,0.0,0.760363947134465,0.0,0.760363947134465,0.760363947134465,computed,291,True
agriculture__punjab__r1c0,agriculture,punjab,"Punjab, India",30.5,75.5,30.500153206436096,75.45831762506182,30-45,32643,-4000.0,0.0,12.5,0.001,14,20,cuda:0,0.0157561108796383,blurred_observation,12.5,0.0157561108796383,0.0,170385,170385,,,,,,0.0,0.0,0.0,0.0,0.0,computed,292,True
agriculture__punjab__r1c0,agriculture,punjab,"Punjab, India",30.5,75.5,30.500153206436096,75.45831762506182,30-45,32643,-4000.0,0.0,12.5,0.001,14,20,cuda:0,0.0157561108796383,psf_aware_matched,12.5,0.0129411423534221,0.1786588421292495,170385,171718,22.0,65536.0,171718.0,1441792.0,0.0001281170290825,0.2709932443685829,0.040271146222949,1.894698644056916,0.311264390591532,2.205963034648448,computed,292,True
agriculture__punjab__r1c0,agriculture,punjab,"Punjab, India",30.5,75.5,30.500153206436096,75.45831762506182,30-45,32643,-4000.0,0.0,12.5,0.001,14,20,cuda:0,0.0157561108796383,psf_aware_plus50,18.75,0.0250826681603588,-0.5919327016651763,170385,173674,48.0,65536.0,173674.0,3145728.0,0.0002763798841507,0.4336617169901728,0.0800457098521292,1.9137361319735648,0.5137074268423021,2.4274435588158667,computed,292,True
agriculture__punjab__r1c0,agriculture,punjab,"Punjab, India",30.5,75.5,30.500153206436096,75.45831762506182,30-45,32643,-4000.0,0.0,12.5,0.001,14,20,cuda:0,0.0157561108796383,psf_aware_minus50,6.25,0.0183674018411508,-0.1657319487949951,169829,169829,9.0,65536.0,169829.0,589824.0,5.299448268552485e-05,0.1735950680449605,0.0223269388079643,1.9399785660207272,0.1959220068529248,2.135900572873652,computed,292,True
agriculture__punjab__r1c0,agriculture,punjab,"Punjab, India",30.5,75.5,30.500153206436096,75.45831762506182,30-45,32643,-4000.0,0.0,12.5,0.001,14,20,cuda:0,0.0157561108796383,nearest,,0.0191903163522923,-0.2179602250128836,169384,170385,,,,,,0.0,0.1288544670678675,0.0,0.1288544670678675,0.1288544670678675,computed,292,True
agriculture__punjab__r1c0,agriculture,punjab,"Punjab, India",30.5,75.5,30.500153206436096,75.45831762506182,30-45,32643,-4000.0,0.0,12.5,0.001,14,20,cuda:0,0.0157561108796383,bilinear,,0.0199640932839225,-0.2670698649196565,169384,170385,,,,,,0.0,0.1163142239674925,0.0,0.1163142239674925,0.1163142239674925,computed,292,True
agriculture__punjab__r1c0,agriculture,punjab,"Punjab, India",30.5,75.5,30.500153206436096,75.45831762506182,30-45,32643,-4000.0,0.0,12.5,0.001,14,20,cuda:0,0.0157561108796383,bicubic,,0.0181252568755382,-0.1503636280550391,169384,170385,,,,,,0.0,0.7614421397447586,0.0,0.7614421397447586,0.7614421397447586,computed,292,True
agriculture__punjab__r1c1,agriculture,punjab,"Punjab, India",30.5,75.5,30.5,75.5,30-45,32643,0.0,0.0,12.5,0.001,14,20,cuda:0,0.016768802265857,blurred_observation,12.5,0.016768802265857,0.0,170351,170351,,,,,,0.0,0.0,0.0,0.0,0.0,computed,293,True
agriculture__punjab__r1c1,agriculture,punjab,"Punjab, India",30.5,75.5,30.5,75.5,30-45,32643,0.0,0.0,12.5,0.001,14,20,cuda:0,0.016768802265857,psf_aware_matched,12.5,0.0139599017184849,0.1675075239625977,170351,171699,22.0,65536.0,171699.0,1441792.0,0.0001281312063553,0.2736129267141223,0.0402500662021338,1.972322067245841,0.3138629929162562,2.286185060162097,computed,293,True
agriculture__punjab__r1c1,agriculture,punjab,"Punjab, India",30.5,75.5,30.5,75.5,30-45,32643,0.0,0.0,12.5,0.001,14,20,cuda:0,0.016768802265857,psf_aware_plus50,18.75,0.0260654674878223,-0.5544024596732355,170351,173687,48.0,65536.0,173687.0,3145728.0,0.0002763591978674,0.4340095063671469,0.0808108998462557,2.224903668742627,0.5148204062134027,2.7397240749560297,computed,293,True
agriculture__punjab__r1c1,agriculture,punjab,"Punjab, India",30.5,75.5,30.5,75.5,30-45,32643,0.0,0.0,12.5,0.001,14,20,cuda:0,0.016768802265857,psf_aware_minus50,6.25,0.0196243572760424,-0.1702897419214968,169856,169856,9.0,65536.0,169856.0,589824.0,5.29860587792012e-05,0.1748035470955073,0.0226109358482062,1.8771104710176587,0.1974144829437136,2.0745249539613724,computed,293,True
agriculture__punjab__r1c1,agriculture,punjab,"Punjab, India",30.5,75.5,30.5,75.5,30-45,32643,0.0,0.0,12.5,0.001,14,20,cuda:0,0.016768802265857,nearest,,0.0204568159600415,-0.2199330420690581,169365,170351,,,,,,0.0,0.1261934959329664,0.0,0.1261934959329664,0.1261934959329664,computed,293,True
agriculture__punjab__r1c1,agriculture,punjab,"Punjab, India",30.5,75.5,30.5,75.5,30-45,32643,0.0,0.0,12.5,0.001,14,20,cuda:0,0.016768802265857,bilinear,,0.0211730394723359,-0.2626447098995481,169365,170351,,,,,,0.0,0.1160216499119997,0.0,0.1160216499119997,0.1160216499119997,computed,293,True
agriculture__punjab__r1c1,agriculture,punjab,"Punjab, India",30.5,75.5,30.5,75.5,30-45,32643,0.0,0.0,12.5,0.001,14,20,cuda:0,0.016768802265857,bicubic,,0.0192388092604921,-0.1472977589856996,169365,170351,,,,,,0.0,0.7594336858019233,0.0,0.7594336858019233,0.7594336858019233,computed,293,True
agriculture__punjab__r1c2,agriculture,punjab,"Punjab, India",30.5,75.5,30.49983346721075,75.54168204115916,30-45,32643,4000.0,0.0,12.5,0.001,14,20,cuda:0,0.014342560381796,blurred_observation,12.5,0.014342560381796,0.0,170358,170358,,,,,,0.0,0.0,0.0,0.0,0.0,computed,294,True
agriculture__punjab__r1c2,agriculture,punjab,"Punjab, India",30.5,75.5,30.49983346721075,75.54168204115916,30-45,32643,4000.0,0.0,12.5,0.001,14,20,cuda:0,0.014342560381796,psf_aware_matched,12.5,0.0119420559732162,0.1673693081764246,170358,171688,22.0,65536.0,171688.0,1441792.0,0.0001281394156842,0.2828761520795524,0.0403582099825143,1.966965100262314,0.3232343620620668,2.290199462324381,computed,294,True
agriculture__punjab__r1c2,agriculture,punjab,"Punjab, India",30.5,75.5,30.49983346721075,75.54168204115916,30-45,32643,4000.0,0.0,12.5,0.001,14,20,cuda:0,0.014342560381796,psf_aware_plus50,18.75,0.0223595779828232,-0.5589669757432247,170358,173693,48.0,65536.0,173693.0,3145728.0,0.0002763496513964,0.4503265209496021,0.0800072983838617,1.9413851099088788,0.5303338193334639,2.4717189292423427,computed,294,True
agriculture__punjab__r1c2,agriculture,punjab,"Punjab, India",30.5,75.5,30.49983346721075,75.54168204115916,30-45,32643,4000.0,0.0,12.5,0.001,14,20,cuda:0,0.014342560381796,psf_aware_minus50,6.25,0.0166220330801319,-0.158930667722968,169838,169838,9.0,65536.0,169838.0,589824.0,5.299167441915237e-05,0.1873144931159913,0.0223194039426744,1.889726716093719,0.2096338970586657,2.0993606131523848,computed,294,True
agriculture__punjab__r1c2,agriculture,punjab,"Punjab, India",30.5,75.5,30.49983346721075,75.54168204115916,30-45,32643,4000.0,0.0,12.5,0.001,14,20,cuda:0,0.014342560381796,nearest,,0.0173301724837374,-0.2083039584573258,169357,170358,,,,,,0.0,0.1380104776471853,0.0,0.1380104776471853,0.1380104776471853,computed,294,True
agriculture__punjab__r1c2,agriculture,punjab,"Punjab, India",30.5,75.5,30.49983346721075,75.54168204115916,30-45,32643,4000.0,0.0,12.5,0.001,14,20,cuda:0,0.014342560381796,bilinear,,0.0179713676265834,-0.2530097240791906,169357,170358,,,,,,0.0,0.1173973362892866,0.0,0.1173973362892866,0.1173973362892866,computed,294,True
agriculture__punjab__r1c2,agriculture,punjab,"Punjab, India",30.5,75.5,30.49983346721075,75.54168204115916,30-45,32643,4000.0,0.0,12.5,0.001,14,20,cuda:0,0.014342560381796,bicubic,,0.0164092646526947,-0.1440959086720521,169357,170358,,,,,,0.0,0.7638128101825714,0.0,0.7638128101825714,0.7638128101825714,computed,294,True
agriculture__punjab__r2c0,agriculture,punjab,"Punjab, India",30.5,75.5,30.536247631864065,75.45848700846322,30-45,32643,-4000.0,4000.0,12.5,0.001,14,20,cuda:0,0.0176709610535312,blurred_observation,12.5,0.0176709610535312,0.0,170369,170369,,,,,,0.0,0.0,0.0,0.0,0.0,computed,295,True
agriculture__punjab__r2c0,agriculture,punjab,"Punjab, India",30.5,75.5,30.536247631864065,75.45848700846322,30-45,32643,-4000.0,4000.0,12.5,0.001,14,20,cuda:0,0.0176709610535312,psf_aware_matched,12.5,0.0145518591316568,0.1765100331796121,170369,171695,22.0,65536.0,171695.0,1441792.0,0.0001281341914441,0.2823860528878867,0.0406845491379499,2.1362552139908075,0.3230706020258367,2.459325816016644,computed,295,True
agriculture__punjab__r2c0,agriculture,punjab,"Punjab, India",30.5,75.5,30.536247631864065,75.45848700846322,30-45,32643,-4000.0,4000.0,12.5,0.001,14,20,cuda:0,0.0176709610535312,psf_aware_plus50,18.75,0.0277552567957969,-0.5706704752343112,170369,173709,48.0,65536.0,173709.0,3145728.0,0.0002763241973645,0.4760371693409979,0.0798509116284549,2.126379888970405,0.5558880809694529,2.6822679699398577,computed,295,True
agriculture__punjab__r2c0,agriculture,punjab,"Punjab, India",30.5,75.5,30.536247631864065,75.45848700846322,30-45,32643,-4000.0,4000.0,12.5,0.001,14,20,cuda:0,0.0176709610535312,psf_aware_minus50,6.25,0.020397821110768,-0.1543130590903454,169837,169837,9.0,65536.0,169837.0,589824.0,5.299198643405148e-05,0.1764988568611443,0.0226414836943149,2.0942036360502243,0.1991403405554592,2.293343976605684,computed,295,True
agriculture__punjab__r2c0,agriculture,punjab,"Punjab, India",30.5,75.5,30.536247631864065,75.45848700846322,30-45,32643,-4000.0,4000.0,12.5,0.001,14,20,cuda:0,0.0176709610535312,nearest,,0.0212954907111569,-0.2051121977263041,169361,170369,,,,,,0.0,0.1268745958805084,0.0,0.1268745958805084,0.1268745958805084,computed,295,True
agriculture__punjab__r2c0,agriculture,punjab,"Punjab, India",30.5,75.5,30.536247631864065,75.45848700846322,30-45,32643,-4000.0,4000.0,12.5,0.001,14,20,cuda:0,0.0176709610535312,bilinear,,0.0221502704792957,-0.2534841999931516,169361,170369,,,,,,0.0,0.1140078557655215,0.0,0.1140078557655215,0.1140078557655215,computed,295,True
agriculture__punjab__r2c0,agriculture,punjab,"Punjab, India",30.5,75.5,30.536247631864065,75.45848700846322,30-45,32643,-4000.0,4000.0,12.5,0.001,14,20,cuda:0,0.0176709610535312,bicubic,,0.0202052505674292,-0.1434154886211764,169361,170369,,,,,,0.0,0.7642738427966833,0.0,0.7642738427966833,0.7642738427966833,computed,295,True
agriculture__punjab__r2c1,agriculture,punjab,"Punjab, India",30.5,75.5,30.536094205779698,75.50018478672578,30-45,32643,0.0,4000.0,12.5,0.001,14,20,cuda:0,0.0150070290885063,blurred_observation,12.5,0.0150070290885063,0.0,170378,170378,,,,,,0.0,0.0,0.0,0.0,0.0,computed,296,True
agriculture__punjab__r2c1,agriculture,punjab,"Punjab, India",30.5,75.5,30.536094205779698,75.50018478672578,30-45,32643,0.0,4000.0,12.5,0.001,14,20,cuda:0,0.0150070290885063,psf_aware_matched,12.5,0.0122167538571628,0.1859312202893333,170378,171711,22.0,65536.0,171711.0,1441792.0,0.0001281222519232,0.2716877204366028,0.0403816848993301,2.0871778801083565,0.3120694053359329,2.399247285444289,computed,296,True
agriculture__punjab__r2c1,agriculture,punjab,"Punjab, India",30.5,75.5,30.536094205779698,75.50018478672578,30-45,32643,0.0,4000.0,12.5,0.001,14,20,cuda:0,0.0150070290885063,psf_aware_plus50,18.75,0.0236769270039856,-0.5777224702069486,170378,173665,48.0,65536.0,173665.0,3145728.0,0.000276394207238,0.430583065841347,0.0798926409333944,2.097718944773078,0.5104757067747414,2.60819465154782,computed,296,True
agriculture__punjab__r2c1,agriculture,punjab,"Punjab, India",30.5,75.5,30.536094205779698,75.50018478672578,30-45,32643,0.0,4000.0,12.5,0.001,14,20,cuda:0,0.0150070290885063,psf_aware_minus50,6.25,0.0175274449604451,-0.1679490228928279,169829,169829,9.0,65536.0,169829.0,589824.0,5.299448268552485e-05,0.173864949028939,0.0222697500139474,2.065235630143434,0.1961346990428865,2.2613703291863203,computed,296,True
agriculture__punjab__r2c1,agriculture,punjab,"Punjab, India",30.5,75.5,30.536094205779698,75.50018478672578,30-45,32643,0.0,4000.0,12.5,0.001,14,20,cuda:0,0.0150070290885063,nearest,,0.0182755157105571,-0.2177970471553323,169385,170378,,,,,,0.0,0.1267211060039699,0.0,0.1267211060039699,0.1267211060039699,computed,296,True
agriculture__punjab__r2c1,agriculture,punjab,"Punjab, India",30.5,75.5,30.536094205779698,75.50018478672578,30-45,32643,0.0,4000.0,12.5,0.001,14,20,cuda:0,0.0150070290885063,bilinear,,0.0189784558340878,-0.2646377722172324,169385,170378,,,,,,0.0,0.1160497940145433,0.0,0.1160497940145433,0.1160497940145433,computed,296,True
agriculture__punjab__r2c1,agriculture,punjab,"Punjab, India",30.5,75.5,30.536094205779698,75.50018478672578,30-45,32643,0.0,4000.0,12.5,0.001,14,20,cuda:0,0.0150070290885063,bicubic,,0.0172179766706526,-0.1473274669561111,169385,170378,,,,,,0.0,0.7737283799797297,0.0,0.7737283799797297,0.7737283799797297,computed,296,True
agriculture__punjab__r2c2,agriculture,punjab,"Punjab, India",30.5,75.5,30.535927434237298,75.54188223069458,30-45,32643,4000.0,4000.0,12.5,0.001,14,20,cuda:0,0.0137387558915334,blurred_observation,12.5,0.0137387558915334,0.0,170368,170368,,,,,,0.0,0.0,0.0,0.0,0.0,computed,297,True
agriculture__punjab__r2c2,agriculture,punjab,"Punjab, India",30.5,75.5,30.535927434237298,75.54188223069458,30-45,32643,4000.0,4000.0,12.5,0.001,14,20,cuda:0,0.0137387558915334,psf_aware_matched,12.5,0.0114819667357588,0.1642644482216485,170368,171714,22.0,65536.0,171714.0,1441792.0,0.0001281200135108,0.2821467402391135,0.040430957917124,2.1043934556655586,0.3225776981562376,2.426971153821796,computed,297,True
agriculture__punjab__r2c2,agriculture,punjab,"Punjab, India",30.5,75.5,30.535927434237298,75.54188223069458,30-45,32643,4000.0,4000.0,12.5,0.001,14,20,cuda:0,0.0137387558915334,psf_aware_plus50,18.75,0.0214714482837079,-0.5628378910887966,170368,173668,48.0,65536.0,173668.0,3145728.0,0.0002763894327106,0.4293426270596683,0.0803677099756896,2.102040268946439,0.509710337035358,2.611750605981797,computed,297,True
agriculture__punjab__r2c2,agriculture,punjab,"Punjab, India",30.5,75.5,30.535927434237298,75.54188223069458,30-45,32643,4000.0,4000.0,12.5,0.001,14,20,cuda:0,0.0137387558915334,psf_aware_minus50,6.25,0.0162085292037245,-0.1797668822191567,169827,169827,9.0,65536.0,169827.0,589824.0,5.2995106785140175e-05,0.1729623791761696,0.0222971020266413,2.058260458055884,0.195259481202811,2.253519939258694,computed,297,True
agriculture__punjab__r2c2,agriculture,punjab,"Punjab, India",30.5,75.5,30.535927434237298,75.54188223069458,30-45,32643,4000.0,4000.0,12.5,0.001,14,20,cuda:0,0.0137387558915334,nearest,,0.0168339954408596,-0.2252925646079535,169393,170368,,,,,,0.0,0.1265352237969637,0.0,0.1265352237969637,0.1265352237969637,computed,297,True
agriculture__punjab__r2c2,agriculture,punjab,"Punjab, India",30.5,75.5,30.535927434237298,75.54188223069458,30-45,32643,4000.0,4000.0,12.5,0.001,14,20,cuda:0,0.0137387558915334,bilinear,,0.0174094970095603,-0.2671814789495592,169393,170368,,,,,,0.0,0.1161890979856252,0.0,0.1161890979856252,0.1161890979856252,computed,297,True
agriculture__punjab__r2c2,agriculture,punjab,"Punjab, India",30.5,75.5,30.535927434237298,75.54188223069458,30-45,32643,4000.0,4000.0,12.5,0.001,14,20,cuda:0,0.0137387558915334,bicubic,,0.0157824883015309,-0.1487567306772617,169393,170368,,,,,,0.0,0.7623160541988909,0.0,0.7623160541988909,0.7623160541988909,computed,297,True
agriculture__pampas__r0c0,agriculture,pampas,"Pampas, Argentina",-34.5,-59.0,-34.53532879431714,-59.04442484253823,30-45,32721,-4000.0,-4000.0,12.5,0.001,14,20,cuda:0,0.0372159989427269,blurred_observation,12.5,0.0372159989427269,0.0,170089,170089,,,,,,0.0,0.0,0.0,0.0,0.0,computed,298,True
agriculture__pampas__r0c0,agriculture,pampas,"Pampas, Argentina",-34.5,-59.0,-34.53532879431714,-59.04442484253823,30-45,32721,-4000.0,-4000.0,12.5,0.001,14,20,cuda:0,0.0372159989427269,psf_aware_matched,12.5,0.0289365488291671,0.2224701834902066,170089,171422,22.0,65536.0,171422.0,1441792.0,0.0001283382529663,0.2746602101251483,0.0405196058563888,2.6556027340702717,0.3151798159815371,2.9707825500518084,computed,298,True
agriculture__pampas__r0c0,agriculture,pampas,"Pampas, Argentina",-34.5,-59.0,-34.53532879431714,-59.04442484253823,30-45,32721,-4000.0,-4000.0,12.5,0.001,14,20,cuda:0,0.0372159989427269,psf_aware_plus50,18.75,0.0577451795761316,-0.551622453155103,170089,173397,48.0,65536.0,173397.0,3145728.0,0.000276821398294,0.4376395707949996,0.0802986100316047,2.705406886059791,0.5179381808266044,3.223345066886395,computed,298,True
agriculture__pampas__r0c0,agriculture,pampas,"Pampas, Argentina",-34.5,-59.0,-34.53532879431714,-59.04442484253823,30-45,32721,-4000.0,-4000.0,12.5,0.001,14,20,cuda:0,0.0372159989427269,psf_aware_minus50,6.25,0.0431615205448548,-0.1597571413111254,169544,169544,9.0,65536.0,169544.0,589824.0,5.30835653281744e-05,0.1760084391571581,0.0225423560477793,2.6530855470336974,0.1985507952049374,2.851636342238635,computed,298,True
agriculture__pampas__r0c0,agriculture,pampas,"Pampas, Argentina",-34.5,-59.0,-34.53532879431714,-59.04442484253823,30-45,32721,-4000.0,-4000.0,12.5,0.001,14,20,cuda:0,0.0372159989427269,nearest,,0.0451734227518286,-0.2138172838339693,169091,170089,,,,,,0.0,0.1236849748529493,0.0,0.1236849748529493,0.1236849748529493,computed,298,True
agriculture__pampas__r0c0,agriculture,pampas,"Pampas, Argentina",-34.5,-59.0,-34.53532879431714,-59.04442484253823,30-45,32721,-4000.0,-4000.0,12.5,0.001,14,20,cuda:0,0.0372159989427269,bilinear,,0.0470659977805048,-0.264671085490314,169091,170089,,,,,,0.0,0.1089726290665566,0.0,0.1089726290665566,0.1089726290665566,computed,298,True
agriculture__pampas__r0c0,agriculture,pampas,"Pampas, Argentina",-34.5,-59.0,-34.53532879431714,-59.04442484253823,30-45,32721,-4000.0,-4000.0,12.5,0.001,14,20,cuda:0,0.0372159989427269,bicubic,,0.0423947743291298,-0.1391545446455089,169091,170089,,,,,,0.0,0.7603283901698887,0.0,0.7603283901698887,0.7603283901698887,computed,298,True
agriculture__pampas__r0c1,agriculture,pampas,"Pampas, Argentina",-34.5,-59.0,-34.536050574988764,-59.00086205658685,30-45,32721,0.0,-4000.0,12.5,0.001,14,20,cuda:0,0.0262766850943505,blurred_observation,12.5,0.0262766850943505,0.0,170090,170090,,,,,,0.0,0.0,0.0,0.0,0.0,computed,299,True
agriculture__pampas__r0c1,agriculture,pampas,"Pampas, Argentina",-34.5,-59.0,-34.536050574988764,-59.00086205658685,30-45,32721,0.0,-4000.0,12.5,0.001,14,20,cuda:0,0.0262766850943505,psf_aware_matched,12.5,0.0197591676240074,0.248034234415068,170090,171427,22.0,65536.0,171427.0,1441792.0,0.000128334509733,0.273113340139389,0.0405818140134215,2.652217361610383,0.3136951541528106,2.9659125157631934,computed,299,True
agriculture__pampas__r0c1,agriculture,pampas,"Pampas, Argentina",-34.5,-59.0,-34.536050574988764,-59.00086205658685,30-45,32721,0.0,-4000.0,12.5,0.001,14,20,cuda:0,0.0262766850943505,psf_aware_plus50,18.75,0.0408480817771852,-0.5545370974502237,170090,173414,48.0,65536.0,173414.0,3145728.0,0.0002767942611323,0.4339153082109988,0.079891568981111,2.7469190917909145,0.5138068771921098,3.2607259689830244,computed,299,True
agriculture__pampas__r0c1,agriculture,pampas,"Pampas, Argentina",-34.5,-59.0,-34.536050574988764,-59.00086205658685,30-45,32721,0.0,-4000.0,12.5,0.001,14,20,cuda:0,0.0262766850943505,psf_aware_minus50,6.25,0.0307102309730659,-0.1687254637636406,169557,169557,9.0,65536.0,169557.0,589824.0,5.307949539093049e-05,0.173093837685883,0.0222904686816036,2.620728080160916,0.1953843063674867,2.8161123865284026,computed,299,True
agriculture__pampas__r0c1,agriculture,pampas,"Pampas, Argentina",-34.5,-59.0,-34.536050574988764,-59.00086205658685,30-45,32721,0.0,-4000.0,12.5,0.001,14,20,cuda:0,0.0262766850943505,nearest,,0.0322336455684626,-0.2267013686362158,169105,170090,,,,,,0.0,0.1236476651392877,0.0,0.1236476651392877,0.1236476651392877,computed,299,True
agriculture__pampas__r0c1,agriculture,pampas,"Pampas, Argentina",-34.5,-59.0,-34.536050574988764,-59.00086205658685,30-45,32721,0.0,-4000.0,12.5,0.001,14,20,cuda:0,0.0262766850943505,bilinear,,0.0335630068308598,-0.2772922729920728,169105,170090,,,,,,0.0,0.1087617399170994,0.0,0.1087617399170994,0.1087617399170994,computed,299,True
agriculture__pampas__r0c1,agriculture,pampas,"Pampas, Argentina",-34.5,-59.0,-34.536050574988764,-59.00086205658685,30-45,32721,0.0,-4000.0,12.5,0.001,14,20,cuda:0,0.0262766850943505,bicubic,,0.0299560794625649,-0.1400250585263316,169105,170090,,,,,,0.0,0.7635815222747624,0.0,0.7635815222747624,0.7635815222747624,computed,299,True
agriculture__pampas__r0c2,agriculture,pampas,"Pampas, Argentina",-34.5,-59.0,-34.53675682889747,-58.95729773795751,30-45,32721,4000.0,-4000.0,12.5,0.001,14,20,cuda:0,0.0292599694373698,blurred_observation,12.5,0.0292599694373698,0.0,170093,170093,,,,,,0.0,0.0,0.0,0.0,0.0,computed,300,True
agriculture__pampas__r0c2,agriculture,pampas,"Pampas, Argentina",-34.5,-59.0,-34.53675682889747,-58.95729773795751,30-45,32721,4000.0,-4000.0,12.5,0.001,14,20,cuda:0,0.0292599694373698,psf_aware_matched,12.5,0.022272247424173,0.2388150824338288,170093,171430,22.0,65536.0,171430.0,1441792.0,0.0001283322638978,0.2829811298288405,0.0404276023618876,2.684364330023527,0.3234087321907282,3.0077730622142558,computed,300,True
agriculture__pampas__r0c2,agriculture,pampas,"Pampas, Argentina",-34.5,-59.0,-34.53675682889747,-58.95729773795751,30-45,32721,4000.0,-4000.0,12.5,0.001,14,20,cuda:0,0.0292599694373698,psf_aware_plus50,18.75,0.045052253661023,-0.5397231961385365,170093,173417,48.0,65536.0,173417.0,3145728.0,0.0002767894727737,0.4353487021289766,0.0798390889540314,2.6862314958125357,0.515187791083008,3.201419286895544,computed,300,True
agriculture__pampas__r0c2,agriculture,pampas,"Pampas, Argentina",-34.5,-59.0,-34.53675682889747,-58.95729773795751,30-45,32721,4000.0,-4000.0,12.5,0.001,14,20,cuda:0,0.0292599694373698,psf_aware_minus50,6.25,0.0340154255085651,-0.1625243006960139,169583,169583,9.0,65536.0,169583.0,589824.0,5.307135738841747e-05,0.1738328379578888,0.0226343302056193,2.6018542419187725,0.1964671681635081,2.7983214100822806,computed,300,True
agriculture__pampas__r0c2,agriculture,pampas,"Pampas, Argentina",-34.5,-59.0,-34.53675682889747,-58.95729773795751,30-45,32721,4000.0,-4000.0,12.5,0.001,14,20,cuda:0,0.0292599694373698,nearest,,0.035673341536405,-0.219185878261521,169106,170093,,,,,,0.0,0.1220260332338512,0.0,0.1220260332338512,0.1220260332338512,computed,300,True
agriculture__pampas__r0c2,agriculture,pampas,"Pampas, Argentina",-34.5,-59.0,-34.53675682889747,-58.95729773795751,30-45,32721,4000.0,-4000.0,12.5,0.001,14,20,cuda:0,0.0292599694373698,bilinear,,0.0371118545244522,-0.2683490529232799,169106,170093,,,,,,0.0,0.1087117162533104,0.0,0.1087117162533104,0.1087117162533104,computed,300,True
agriculture__pampas__r0c2,agriculture,pampas,"Pampas, Argentina",-34.5,-59.0,-34.53675682889747,-58.95729773795751,30-45,32721,4000.0,-4000.0,12.5,0.001,14,20,cuda:0,0.0292599694373698,bicubic,,0.0332737679600811,-0.1371771262886192,169106,170093,,,,,,0.0,0.7545825666747987,0.0,0.7545825666747987,0.7545825666747987,computed,300,True
agriculture__pampas__r1c0,agriculture,pampas,"Pampas, Argentina",-34.5,-59.0,-34.49927918565872,-59.043544048759365,30-45,32721,-4000.0,0.0,12.5,0.001,14,20,cuda:0,0.0343688146735654,blurred_observation,12.5,0.0343688146735654,0.0,170083,170083,,,,,,0.0,0.0,0.0,0.0,0.0,computed,301,True
agriculture__pampas__r1c0,agriculture,pampas,"Pampas, Argentina",-34.5,-59.0,-34.49927918565872,-59.043544048759365,30-45,32721,-4000.0,0.0,12.5,0.001,14,20,cuda:0,0.0343688146735654,psf_aware_matched,12.5,0.0258640346409986,0.2474563092543371,170083,171420,22.0,65536.0,171420.0,1441792.0,0.0001283397503208,0.2738838498480618,0.0404377006925642,2.650532309897244,0.314321550540626,2.96485386043787,computed,301,True
agriculture__pampas__r1c0,agriculture,pampas,"Pampas, Argentina",-34.5,-59.0,-34.49927918565872,-59.043544048759365,30-45,32721,-4000.0,0.0,12.5,0.001,14,20,cuda:0,0.0343688146735654,psf_aware_plus50,18.75,0.0537111287771794,-0.562786767228576,170083,173406,48.0,65536.0,173406.0,3145728.0,0.0002768070308985,0.4286760636605322,0.0796795273199677,2.694767363835126,0.5083555909805,3.203122954815626,computed,301,True
agriculture__pampas__r1c0,agriculture,pampas,"Pampas, Argentina",-34.5,-59.0,-34.49927918565872,-59.043544048759365,30-45,32721,-4000.0,0.0,12.5,0.001,14,20,cuda:0,0.0343688146735654,psf_aware_minus50,6.25,0.0400610661681099,-0.1656225723409259,169568,169568,9.0,65536.0,169568.0,589824.0,5.307605208529911e-05,0.1724948943592608,0.0224054772406816,2.596048244740814,0.1949003715999424,2.7909486163407564,computed,301,True
agriculture__pampas__r1c0,agriculture,pampas,"Pampas, Argentina",-34.5,-59.0,-34.49927918565872,-59.043544048759365,30-45,32721,-4000.0,0.0,12.5,0.001,14,20,cuda:0,0.0343688146735654,nearest,,0.0420621371791524,-0.2238460237473425,169101,170083,,,,,,0.0,0.1227615969255566,0.0,0.1227615969255566,0.1227615969255566,computed,301,True
agriculture__pampas__r1c0,agriculture,pampas,"Pampas, Argentina",-34.5,-59.0,-34.49927918565872,-59.043544048759365,30-45,32721,-4000.0,0.0,12.5,0.001,14,20,cuda:0,0.0343688146735654,bilinear,,0.0438147206953793,-0.274839447083961,169101,170083,,,,,,0.0,0.1080618649721145,0.0,0.1080618649721145,0.1080618649721145,computed,301,True
agriculture__pampas__r1c0,agriculture,pampas,"Pampas, Argentina",-34.5,-59.0,-34.49927918565872,-59.043544048759365,30-45,32721,-4000.0,0.0,12.5,0.001,14,20,cuda:0,0.0343688146735654,bicubic,,0.0392200844755487,-0.1411532474442478,169101,170083,,,,,,0.0,0.7567507629282773,0.0,0.7567507629282773,0.7567507629282773,computed,301,True
agriculture__pampas__r1c1,agriculture,pampas,"Pampas, Argentina",-34.5,-59.0,-34.499999999999986,-59.00000000000001,30-45,32721,0.0,0.0,12.5,0.001,14,20,cuda:0,0.044806749041104,blurred_observation,12.5,0.044806749041104,0.0,170094,170094,,,,,,0.0,0.0,0.0,0.0,0.0,computed,302,True
agriculture__pampas__r1c1,agriculture,pampas,"Pampas, Argentina",-34.5,-59.0,-34.499999999999986,-59.00000000000001,30-45,32721,0.0,0.0,12.5,0.001,14,20,cuda:0,0.044806749041104,psf_aware_matched,12.5,0.0345978793572924,0.2278422314113065,170094,171425,22.0,65536.0,171425.0,1441792.0,0.0001283360070001,0.271966096945107,0.040390470996499,2.728054231032729,0.312356567941606,3.040410798974335,computed,302,True
agriculture__pampas__r1c1,agriculture,pampas,"Pampas, Argentina",-34.5,-59.0,-34.499999999999986,-59.00000000000001,30-45,32721,0.0,0.0,12.5,0.001,14,20,cuda:0,0.044806749041104,psf_aware_plus50,18.75,0.0703988056956631,-0.5711652195762282,170094,173405,48.0,65536.0,173405.0,3145728.0,0.0002768086272022,0.4305701721459627,0.0797887141816318,2.6705859028734267,0.5103588863275945,3.180944789201021,computed,302,True
agriculture__pampas__r1c1,agriculture,pampas,"Pampas, Argentina",-34.5,-59.0,-34.499999999999986,-59.00000000000001,30-45,32721,0.0,0.0,12.5,0.001,14,20,cuda:0,0.044806749041104,psf_aware_minus50,6.25,0.0518078292664545,-0.1562505732993033,169558,169558,9.0,65536.0,169558.0,589824.0,5.3079182344684414e-05,0.1728236665949225,0.0223747291602194,2.620341867674142,0.1951983957551419,2.815540263429284,computed,302,True
agriculture__pampas__r1c1,agriculture,pampas,"Pampas, Argentina",-34.5,-59.0,-34.499999999999986,-59.00000000000001,30-45,32721,0.0,0.0,12.5,0.001,14,20,cuda:0,0.044806749041104,nearest,,0.0543740650415622,-0.213523993710893,169099,170094,,,,,,0.0,0.1237591058015823,0.0,0.1237591058015823,0.1237591058015823,computed,302,True
agriculture__pampas__r1c1,agriculture,pampas,"Pampas, Argentina",-34.5,-59.0,-34.499999999999986,-59.00000000000001,30-45,32721,0.0,0.0,12.5,0.001,14,20,cuda:0,0.044806749041104,bilinear,,0.0566753837486206,-0.2648849774088451,169099,170094,,,,,,0.0,0.1093078246340155,0.0,0.1093078246340155,0.1093078246340155,computed,302,True
agriculture__pampas__r1c1,agriculture,pampas,"Pampas, Argentina",-34.5,-59.0,-34.499999999999986,-59.00000000000001,30-45,32721,0.0,0.0,12.5,0.001,14,20,cuda:0,0.044806749041104,bicubic,,0.0511167404002083,-0.140826806098246,169099,170094,,,,,,0.0,0.7587192519567907,0.0,0.7587192519567907,0.7587192519567907,computed,302,True
agriculture__pampas__r1c2,agriculture,pampas,"Pampas, Argentina",-34.5,-59.0,-34.500705308349865,-58.956454421214055,30-45,32721,4000.0,0.0,12.5,0.001,14,20,cuda:0,0.0451409953100313,blurred_observation,12.5,0.0451409953100313,0.0,170105,170105,,,,,,0.0,0.0,0.0,0.0,0.0,computed,303,True
agriculture__pampas__r1c2,agriculture,pampas,"Pampas, Argentina",-34.5,-59.0,-34.500705308349865,-58.956454421214055,30-45,32721,4000.0,0.0,12.5,0.001,14,20,cuda:0,0.0451409953100313,psf_aware_matched,12.5,0.0347716883947324,0.2297093106627772,170105,171433,22.0,65536.0,171433.0,1441792.0,0.0001283300181411,0.2770870858803391,0.0404160800389945,2.6776011302135885,0.3175031659193337,2.995104296132922,computed,303,True
agriculture__pampas__r1c2,agriculture,pampas,"Pampas, Argentina",-34.5,-59.0,-34.500705308349865,-58.956454421214055,30-45,32721,4000.0,0.0,12.5,0.001,14,20,cuda:0,0.0451409953100313,psf_aware_plus50,18.75,0.07091615148958,-0.5709921990537243,170105,173419,48.0,65536.0,173419.0,3145728.0,0.0002767862806266,0.4323421181179583,0.0798154543153941,2.6961510349065065,0.5121575724333525,3.208308607339859,computed,303,True
agriculture__pampas__r1c2,agriculture,pampas,"Pampas, Argentina",-34.5,-59.0,-34.500705308349865,-58.956454421214055,30-45,32721,4000.0,0.0,12.5,0.001,14,20,cuda:0,0.0451409953100313,psf_aware_minus50,6.25,0.0522103990654621,-0.1566071750717412,169583,169583,9.0,65536.0,169583.0,589824.0,5.307135738841747e-05,0.1806149943731725,0.0223959190770983,2.675210392102599,0.2030109134502709,2.87822130555287,computed,303,True
agriculture__pampas__r1c2,agriculture,pampas,"Pampas, Argentina",-34.5,-59.0,-34.500705308349865,-58.956454421214055,30-45,32721,4000.0,0.0,12.5,0.001,14,20,cuda:0,0.0451409953100313,nearest,,0.0547676384106073,-0.2132572185096837,169113,170105,,,,,,0.0,0.1233842456713318,0.0,0.1233842456713318,0.1233842456713318,computed,303,True
agriculture__pampas__r1c2,agriculture,pampas,"Pampas, Argentina",-34.5,-59.0,-34.500705308349865,-58.956454421214055,30-45,32721,4000.0,0.0,12.5,0.001,14,20,cuda:0,0.0451409953100313,bilinear,,0.0570585374526638,-0.2640070751825905,169113,170105,,,,,,0.0,0.1080640689469873,0.0,0.1080640689469873,0.1080640689469873,computed,303,True
agriculture__pampas__r1c2,agriculture,pampas,"Pampas, Argentina",-34.5,-59.0,-34.500705308349865,-58.956454421214055,30-45,32721,4000.0,0.0,12.5,0.001,14,20,cuda:0,0.0451409953100313,bicubic,,0.0514584519504858,-0.1399494317098188,169113,170105,,,,,,0.0,0.760418860707432,0.0,0.760418860707432,0.760418860707432,computed,303,True
agriculture__pampas__r2c0,agriculture,pampas,"Pampas, Argentina",-34.5,-59.0,-34.4632293442151,-59.04266481822355,30-45,32721,-4000.0,4000.0,12.5,0.001,14,20,cuda:0,0.0349315300715985,blurred_observation,12.5,0.0349315300715985,0.0,170085,170085,,,,,,0.0,0.0,0.0,0.0,0.0,computed,304,True
agriculture__pampas__r2c0,agriculture,pampas,"Pampas, Argentina",-34.5,-59.0,-34.4632293442151,-59.04266481822355,30-45,32721,-4000.0,4000.0,12.5,0.001,14,20,cuda:0,0.0349315300715985,psf_aware_matched,12.5,0.0262414359769051,0.2487750773264584,170085,171420,22.0,65536.0,171420.0,1441792.0,0.0001283397503208,0.2728978521190583,0.0403678081929683,2.6484876070171595,0.3132656603120267,2.961753267329186,computed,304,True
agriculture__pampas__r2c0,agriculture,pampas,"Pampas, Argentina",-34.5,-59.0,-34.4632293442151,-59.04266481822355,30-45,32721,-4000.0,4000.0,12.5,0.001,14,20,cuda:0,0.0349315300715985,psf_aware_plus50,18.75,0.054819209831975,-0.5693331989641752,170085,173410,48.0,65536.0,173410.0,3145728.0,0.0002768006458681,0.4305440010502934,0.0799930710345506,2.7072589830495417,0.5105370720848441,3.217796055134386,computed,304,True
agriculture__pampas__r2c0,agriculture,pampas,"Pampas, Argentina",-34.5,-59.0,-34.4632293442151,-59.04266481822355,30-45,32721,-4000.0,4000.0,12.5,0.001,14,20,cuda:0,0.0349315300715985,psf_aware_minus50,6.25,0.0406484856635946,-0.1636617571654652,169546,169546,9.0,65536.0,169546.0,589824.0,5.308293914335932e-05,0.1705746967345476,0.0223154062405228,2.580483574885875,0.1928901029750704,2.773373677860945,computed,304,True
agriculture__pampas__r2c0,agriculture,pampas,"Pampas, Argentina",-34.5,-59.0,-34.4632293442151,-59.04266481822355,30-45,32721,-4000.0,4000.0,12.5,0.001,14,20,cuda:0,0.0349315300715985,nearest,,0.0426903230712563,-0.2221143186042726,169095,170085,,,,,,0.0,0.1273019858635962,0.0,0.1273019858635962,0.1273019858635962,computed,304,True
agriculture__pampas__r2c0,agriculture,pampas,"Pampas, Argentina",-34.5,-59.0,-34.4632293442151,-59.04266481822355,30-45,32721,-4000.0,4000.0,12.5,0.001,14,20,cuda:0,0.0349315300715985,bilinear,,0.0444981992799946,-0.2738691717421893,169095,170085,,,,,,0.0,0.1097026732750237,0.0,0.1097026732750237,0.1097026732750237,computed,304,True
agriculture__pampas__r2c0,agriculture,pampas,"Pampas, Argentina",-34.5,-59.0,-34.4632293442151,-59.04266481822355,30-45,32721,-4000.0,4000.0,12.5,0.001,14,20,cuda:0,0.0349315300715985,bicubic,,0.0398368559708333,-0.1404268833681314,169095,170085,,,,,,0.0,0.7632973529398441,0.0,0.7632973529398441,0.7632973529398441,computed,304,True
agriculture__pampas__r2c1,agriculture,pampas,"Pampas, Argentina",-34.5,-59.0,-34.46394919304205,-58.99913947344097,30-45,32721,0.0,4000.0,12.5,0.001,14,20,cuda:0,0.0447441564136483,blurred_observation,12.5,0.0447441564136483,0.0,170088,170088,,,,,,0.0,0.0,0.0,0.0,0.0,computed,305,True
agriculture__pampas__r2c1,agriculture,pampas,"Pampas, Argentina",-34.5,-59.0,-34.46394919304205,-58.99913947344097,30-45,32721,0.0,4000.0,12.5,0.001,14,20,cuda:0,0.0447441564136483,psf_aware_matched,12.5,0.035911820954751,0.197396401381326,170088,171424,22.0,65536.0,171424.0,1441792.0,0.0001283367556468,0.2748471437953412,0.040521970950067,2.6876191650517285,0.3153691147454083,3.002988279797137,computed,305,True
agriculture__pampas__r2c1,agriculture,pampas,"Pampas, Argentina",-34.5,-59.0,-34.46394919304205,-58.99913947344097,30-45,32721,0.0,4000.0,12.5,0.001,14,20,cuda:0,0.0447441564136483,psf_aware_plus50,18.75,0.0677409032709599,-0.5139608990437194,170088,173410,48.0,65536.0,173410.0,3145728.0,0.0002768006458681,0.4456341131590307,0.0799939217977225,2.792470849119127,0.5256280349567533,3.31809888407588,computed,305,True
agriculture__pampas__r2c1,agriculture,pampas,"Pampas, Argentina",-34.5,-59.0,-34.46394919304205,-58.99913947344097,30-45,32721,0.0,4000.0,12.5,0.001,14,20,cuda:0,0.0447441564136483,psf_aware_minus50,6.25,0.0510180345471433,-0.1402167039533517,169564,169564,9.0,65536.0,169564.0,589824.0,5.30773041447477e-05,0.1804214580915868,0.0224535777233541,2.641324359923601,0.2028750358149409,2.844199395738542,computed,305,True
agriculture__pampas__r2c1,agriculture,pampas,"Pampas, Argentina",-34.5,-59.0,-34.46394919304205,-58.99913947344097,30-45,32721,0.0,4000.0,12.5,0.001,14,20,cuda:0,0.0447441564136483,nearest,,0.0532583945876954,-0.1902871538203805,169106,170088,,,,,,0.0,0.1239547859877348,0.0,0.1239547859877348,0.1239547859877348,computed,305,True
agriculture__pampas__r2c1,agriculture,pampas,"Pampas, Argentina",-34.5,-59.0,-34.46394919304205,-58.99913947344097,30-45,32721,0.0,4000.0,12.5,0.001,14,20,cuda:0,0.0447441564136483,bilinear,,0.0552639116456612,-0.2351090304342837,169106,170088,,,,,,0.0,0.1093087657354772,0.0,0.1093087657354772,0.1093087657354772,computed,305,True
agriculture__pampas__r2c1,agriculture,pampas,"Pampas, Argentina",-34.5,-59.0,-34.46394919304205,-58.99913947344097,30-45,32721,0.0,4000.0,12.5,0.001,14,20,cuda:0,0.0447441564136483,bicubic,,0.0505839362860595,-0.1305149172648134,169106,170088,,,,,,0.0,0.7566949077881873,0.0,0.7566949077881873,0.7566949077881873,computed,305,True
agriculture__pampas__r2c2,agriculture,pampas,"Pampas, Argentina",-34.5,-59.0,-34.46465355663164,-58.955612601275895,30-45,32721,4000.0,4000.0,12.5,0.001,14,20,cuda:0,0.0642657960227972,blurred_observation,12.5,0.0642657960227972,0.0,170097,170097,,,,,,0.0,0.0,0.0,0.0,0.0,computed,306,True
agriculture__pampas__r2c2,agriculture,pampas,"Pampas, Argentina",-34.5,-59.0,-34.46465355663164,-58.955612601275895,30-45,32721,4000.0,4000.0,12.5,0.001,14,20,cuda:0,0.0642657960227972,psf_aware_matched,12.5,0.0515526874155947,0.1978207599372574,170097,171431,22.0,65536.0,171431.0,1441792.0,0.0001283315153035,0.275526151061058,0.0407575569115579,2.688892446924001,0.3162837079726159,3.005176154896617,computed,306,True
agriculture__pampas__r2c2,agriculture,pampas,"Pampas, Argentina",-34.5,-59.0,-34.46465355663164,-58.955612601275895,30-45,32721,4000.0,4000.0,12.5,0.001,14,20,cuda:0,0.0642657960227972,psf_aware_plus50,18.75,0.1001929227675528,-0.5590396286698294,170097,173414,48.0,65536.0,173414.0,3145728.0,0.0002767942611323,0.438170847017318,0.0804891199804842,2.7363394228741527,0.5186599669978023,3.254999389871955,computed,306,True
agriculture__pampas__r2c2,agriculture,pampas,"Pampas, Argentina",-34.5,-59.0,-34.46465355663164,-58.955612601275895,30-45,32721,4000.0,4000.0,12.5,0.001,14,20,cuda:0,0.0642657960227972,psf_aware_minus50,6.25,0.0737984323499552,-0.1483314129303925,169577,169577,9.0,65536.0,169577.0,589824.0,5.307323516750503e-05,0.1748363180086016,0.0224060779437422,2.6335442438721657,0.1972423959523439,2.8307866398245096,computed,306,True
agriculture__pampas__r2c2,agriculture,pampas,"Pampas, Argentina",-34.5,-59.0,-34.46465355663164,-58.955612601275895,30-45,32721,4000.0,4000.0,12.5,0.001,14,20,cuda:0,0.0642657960227972,nearest,,0.0771913781913867,-0.2011269286076265,169111,170097,,,,,,0.0,0.1353287389501929,0.0,0.1353287389501929,0.1353287389501929,computed,306,True
agriculture__pampas__r2c2,agriculture,pampas,"Pampas, Argentina",-34.5,-59.0,-34.46465355663164,-58.955612601275895,30-45,32721,4000.0,4000.0,12.5,0.001,14,20,cuda:0,0.0642657960227972,bilinear,,0.080285865555003,-0.2492783179177131,169111,170097,,,,,,0.0,0.108311447314918,0.0,0.108311447314918,0.108311447314918,computed,306,True
agriculture__pampas__r2c2,agriculture,pampas,"Pampas, Argentina",-34.5,-59.0,-34.46465355663164,-58.955612601275895,30-45,32721,4000.0,4000.0,12.5,0.001,14,20,cuda:0,0.0642657960227972,bicubic,,0.0731537360455455,-0.138299695526924,169111,170097,,,,,,0.0,0.7593594649806619,0.0,0.7593594649806619,0.7593594649806619,computed,306,True
agriculture__canterbury__r0c0,agriculture,canterbury,Canterbury Plains,-43.5,172.0,-43.53643410798007,171.95109473025653,30-45,32759,-4000.0,-4000.0,12.5,0.001,14,20,cuda:0,0.0273607543186498,blurred_observation,12.5,0.0273607543186498,0.0,169878,169878,,,,,,0.0,0.0,0.0,0.0,0.0,computed,307,True
agriculture__canterbury__r0c0,agriculture,canterbury,Canterbury Plains,-43.5,172.0,-43.53643410798007,171.95109473025653,30-45,32759,-4000.0,-4000.0,12.5,0.001,14,20,cuda:0,0.0273607543186498,psf_aware_matched,12.5,0.0222020728033658,0.1885431028401047,169878,171197,22.0,65536.0,171197.0,1441792.0,0.0001285069247708,0.3013499118387699,0.0405662036500871,1.5821074401028454,0.341916115488857,1.9240235555917025,computed,307,True
agriculture__canterbury__r0c0,agriculture,canterbury,Canterbury Plains,-43.5,172.0,-43.53643410798007,171.95109473025653,30-45,32759,-4000.0,-4000.0,12.5,0.001,14,20,cuda:0,0.0273607543186498,psf_aware_plus50,18.75,0.0430183803511873,-0.5722658757936641,169878,173159,48.0,65536.0,173159.0,3145728.0,0.0002772018780427,0.5072524817660451,0.0801048018038272,1.5675560692325234,0.5873572835698724,2.154913352802396,computed,307,True
agriculture__canterbury__r0c0,agriculture,canterbury,Canterbury Plains,-43.5,172.0,-43.53643410798007,171.95109473025653,30-45,32759,-4000.0,-4000.0,12.5,0.001,14,20,cuda:0,0.0273607543186498,psf_aware_minus50,6.25,0.031320119785721,-0.1447096604486661,169317,169317,9.0,65536.0,169317.0,589824.0,5.315473342901185e-05,0.1767230532132089,0.0212043020874261,1.5743020456284285,0.1979273553006351,1.7722294009290636,computed,307,True
agriculture__canterbury__r0c0,agriculture,canterbury,Canterbury Plains,-43.5,172.0,-43.53643410798007,171.95109473025653,30-45,32759,-4000.0,-4000.0,12.5,0.001,14,20,cuda:0,0.0273607543186498,nearest,,0.0327816710196461,-0.1981274579590535,168880,169878,,,,,,0.0,0.1255619702860713,0.0,0.1255619702860713,0.1255619702860713,computed,307,True
agriculture__canterbury__r0c0,agriculture,canterbury,Canterbury Plains,-43.5,172.0,-43.53643410798007,171.95109473025653,30-45,32759,-4000.0,-4000.0,12.5,0.001,14,20,cuda:0,0.0273607543186498,bilinear,,0.0341437409629732,-0.247909343628728,168880,169878,,,,,,0.0,0.11293605575338,0.0,0.11293605575338,0.11293605575338,computed,307,True
agriculture__canterbury__r0c0,agriculture,canterbury,Canterbury Plains,-43.5,172.0,-43.53643410798007,171.95109473025653,30-45,32759,-4000.0,-4000.0,12.5,0.001,14,20,cuda:0,0.0273607543186498,bicubic,,0.0310892470627776,-0.136271562571149,168880,169878,,,,,,0.0,0.7787355240434408,0.0,0.7787355240434408,0.7787355240434408,computed,307,True
agriculture__canterbury__r0c1,agriculture,canterbury,Canterbury Plains,-43.5,172.0,-43.53601158936348,172.00059494953987,30-45,32759,0.0,-4000.0,12.5,0.001,14,20,cuda:0,0.0240161863163708,blurred_observation,12.5,0.0240161863163708,0.0,169862,169862,,,,,,0.0,0.0,0.0,0.0,0.0,computed,308,True
agriculture__canterbury__r0c1,agriculture,canterbury,Canterbury Plains,-43.5,172.0,-43.53601158936348,172.00059494953987,30-45,32759,0.0,-4000.0,12.5,0.001,14,20,cuda:0,0.0240161863163708,psf_aware_matched,12.5,0.0193723312248103,0.1933635519972173,169862,171180,22.0,65536.0,171180.0,1441792.0,0.0001285196868793,0.3024569079279899,0.0407466972246766,1.572541382163763,0.3432036051526665,1.9157449873164296,computed,308,True
agriculture__canterbury__r0c1,agriculture,canterbury,Canterbury Plains,-43.5,172.0,-43.53601158936348,172.00059494953987,30-45,32759,0.0,-4000.0,12.5,0.001,14,20,cuda:0,0.0240161863163708,psf_aware_plus50,18.75,0.0366239924406559,-0.5249711989322348,169862,173158,48.0,65536.0,173158.0,3145728.0,0.0002772034789036,0.5132042337208986,0.0797587968409061,1.5834163902327418,0.5929630305618048,2.1763794207945466,computed,308,True
agriculture__canterbury__r0c1,agriculture,canterbury,Canterbury Plains,-43.5,172.0,-43.53601158936348,172.00059494953987,30-45,32759,0.0,-4000.0,12.5,0.001,14,20,cuda:0,0.0240161863163708,psf_aware_minus50,6.25,0.0273757929510675,-0.1398892642836722,169328,169328,9.0,65536.0,169328.0,589824.0,5.315128035528678e-05,0.1913458979688584,0.0209627640433609,1.5976416328921914,0.2123086620122194,1.8099502949044108,computed,308,True
agriculture__canterbury__r0c1,agriculture,canterbury,Canterbury Plains,-43.5,172.0,-43.53601158936348,172.00059494953987,30-45,32759,0.0,-4000.0,12.5,0.001,14,20,cuda:0,0.0240161863163708,nearest,,0.0285970972411062,-0.1907426459967443,168894,169862,,,,,,0.0,0.1263647708110511,0.0,0.1263647708110511,0.1263647708110511,computed,308,True
agriculture__canterbury__r0c1,agriculture,canterbury,Canterbury Plains,-43.5,172.0,-43.53601158936348,172.00059494953987,30-45,32759,0.0,-4000.0,12.5,0.001,14,20,cuda:0,0.0240161863163708,bilinear,,0.0297831011892053,-0.2401261714439411,168894,169862,,,,,,0.0,0.1121607879176735,0.0,0.1121607879176735,0.1121607879176735,computed,308,True
agriculture__canterbury__r0c1,agriculture,canterbury,Canterbury Plains,-43.5,172.0,-43.53601158936348,172.00059494953987,30-45,32759,0.0,-4000.0,12.5,0.001,14,20,cuda:0,0.0240161863163708,bicubic,,0.02714284532191,-0.1301896547749499,168894,169862,,,,,,0.0,0.7559837209992111,0.0,0.7559837209992111,0.7559837209992111,computed,308,True
agriculture__canterbury__r0c2,agriculture,canterbury,Canterbury Plains,-43.5,172.0,-43.535567644236046,172.0500940661603,30-45,32759,4000.0,-4000.0,12.5,0.001,14,20,cuda:0,0.0221116571605044,blurred_observation,12.5,0.0221116571605044,0.0,169868,169868,,,,,,0.0,0.0,0.0,0.0,0.0,computed,309,True
agriculture__canterbury__r0c2,agriculture,canterbury,Canterbury Plains,-43.5,172.0,-43.535567644236046,172.0500940661603,30-45,32759,4000.0,-4000.0,12.5,0.001,14,20,cuda:0,0.0221116571605044,psf_aware_matched,12.5,0.0166390750115137,0.2474976031541308,169868,171189,22.0,65536.0,171189.0,1441792.0,0.0001285129301532,0.2751641948707402,0.0404140860773623,1.5723170866258442,0.3155782809481025,1.8878953675739467,computed,309,True
agriculture__canterbury__r0c2,agriculture,canterbury,Canterbury Plains,-43.5,172.0,-43.535567644236046,172.0500940661603,30-45,32759,4000.0,-4000.0,12.5,0.001,14,20,cuda:0,0.0221116571605044,psf_aware_plus50,18.75,0.0345204331172827,-0.5611870637603202,169868,173155,48.0,65536.0,173155.0,3145728.0,0.0002772082815974,0.4739958220161497,0.0798276672139763,1.5968912821263077,0.5538234892301261,2.1507147713564336,computed,309,True
agriculture__canterbury__r0c2,agriculture,canterbury,Canterbury Plains,-43.5,172.0,-43.535567644236046,172.0500940661603,30-45,32759,4000.0,-4000.0,12.5,0.001,14,20,cuda:0,0.0221116571605044,psf_aware_minus50,6.25,0.0253987029229181,-0.1486566899329902,169322,169322,9.0,65536.0,169322.0,589824.0,5.3153163794427183e-05,0.2036199369467795,0.0210421248339116,1.6282352190464735,0.2246620617806911,1.8528972808271649,computed,309,True
agriculture__canterbury__r0c2,agriculture,canterbury,Canterbury Plains,-43.5,172.0,-43.535567644236046,172.0500940661603,30-45,32759,4000.0,-4000.0,12.5,0.001,14,20,cuda:0,0.0221116571605044,nearest,,0.026742671892378,-0.2094377051099323,168884,169868,,,,,,0.0,0.1384986042976379,0.0,0.1384986042976379,0.1384986042976379,computed,309,True
agriculture__canterbury__r0c2,agriculture,canterbury,Canterbury Plains,-43.5,172.0,-43.535567644236046,172.0500940661603,30-45,32759,4000.0,-4000.0,12.5,0.001,14,20,cuda:0,0.0221116571605044,bilinear,,0.0279295397774523,-0.2631138215791353,168884,169868,,,,,,0.0,0.1154488660395145,0.0,0.1154488660395145,0.1154488660395145,computed,309,True
agriculture__canterbury__r0c2,agriculture,canterbury,Canterbury Plains,-43.5,172.0,-43.535567644236046,172.0500940661603,30-45,32759,4000.0,-4000.0,12.5,0.001,14,20,cuda:0,0.0221116571605044,bicubic,,0.0249769061994381,-0.1295809272971013,168884,169868,,,,,,0.0,0.7623204425908625,0.0,0.7623204425908625,0.7623204425908625,computed,309,True
agriculture__canterbury__r1c0,agriculture,canterbury,Canterbury Plains,-43.5,172.0,-43.50042199067015,171.95052920225243,30-45,32759,-4000.0,0.0,12.5,0.001,14,20,cuda:0,0.0223735068225879,blurred_observation,12.5,0.0223735068225879,0.0,169859,169859,,,,,,0.0,0.0,0.0,0.0,0.0,computed,310,True
agriculture__canterbury__r1c0,agriculture,canterbury,Canterbury Plains,-43.5,172.0,-43.50042199067015,171.95052920225243,30-45,32759,-4000.0,0.0,12.5,0.001,14,20,cuda:0,0.0223735068225879,psf_aware_matched,12.5,0.0184005676861118,0.1775733758672589,169859,171188,22.0,65536.0,171188.0,1441792.0,0.0001285136808654,0.2747731539420783,0.0403089779429137,1.545998818706721,0.3150821318849921,1.8610809505917127,computed,310,True
agriculture__canterbury__r1c0,agriculture,canterbury,Canterbury Plains,-43.5,172.0,-43.50042199067015,171.95052920225243,30-45,32759,-4000.0,0.0,12.5,0.001,14,20,cuda:0,0.0223735068225879,psf_aware_plus50,18.75,0.0345491189163154,-0.5441977509504772,169859,173158,48.0,65536.0,173158.0,3145728.0,0.0002772034789036,0.4278056561015546,0.0797385079786181,1.5772495390847323,0.5075441640801728,2.0847937031649053,computed,310,True
agriculture__canterbury__r1c0,agriculture,canterbury,Canterbury Plains,-43.5,172.0,-43.50042199067015,171.95052920225243,30-45,32759,-4000.0,0.0,12.5,0.001,14,20,cuda:0,0.0223735068225879,psf_aware_minus50,6.25,0.0257374595596236,-0.1503542901749983,169338,169338,9.0,65536.0,169338.0,589824.0,5.3148141586649184e-05,0.1744859963655471,0.020911106839776,1.618721139151603,0.1953971032053232,1.8141182423569264,computed,310,True
agriculture__canterbury__r1c0,agriculture,canterbury,Canterbury Plains,-43.5,172.0,-43.50042199067015,171.95052920225243,30-45,32759,-4000.0,0.0,12.5,0.001,14,20,cuda:0,0.0223735068225879,nearest,,0.0267579077124555,-0.1959639552544867,168904,169859,,,,,,0.0,0.1271441471762955,0.0,0.1271441471762955,0.1271441471762955,computed,310,True
agriculture__canterbury__r1c0,agriculture,canterbury,Canterbury Plains,-43.5,172.0,-43.50042199067015,171.95052920225243,30-45,32759,-4000.0,0.0,12.5,0.001,14,20,cuda:0,0.0223735068225879,bilinear,,0.0278283043517107,-0.2438061039057013,168904,169859,,,,,,0.0,0.1147543103434145,0.0,0.1147543103434145,0.1147543103434145,computed,310,True
agriculture__canterbury__r1c0,agriculture,canterbury,Canterbury Plains,-43.5,172.0,-43.50042199067015,171.95052920225243,30-45,32759,-4000.0,0.0,12.5,0.001,14,20,cuda:0,0.0223735068225879,bicubic,,0.0253786745452619,-0.1343181355745295,168904,169859,,,,,,0.0,0.7586796879768372,0.0,0.7586796879768372,0.7586796879768372,computed,310,True
agriculture__canterbury__r1c1,agriculture,canterbury,Canterbury Plains,-43.5,172.0,-43.50000000000001,172.0,30-45,32759,0.0,0.0,12.5,0.001,14,20,cuda:0,0.0196327333848315,blurred_observation,12.5,0.0196327333848315,0.0,169871,169871,,,,,,0.0,0.0,0.0,0.0,0.0,computed,311,True
agriculture__canterbury__r1c1,agriculture,canterbury,Canterbury Plains,-43.5,172.0,-43.50000000000001,172.0,30-45,32759,0.0,0.0,12.5,0.001,14,20,cuda:0,0.0196327333848315,psf_aware_matched,12.5,0.0150351279622683,0.2341806070730493,169871,171202,22.0,65536.0,171202.0,1441792.0,0.0001285031716919,0.2763360543176532,0.0404976140707731,1.5438175979070363,0.3168336683884263,1.8606512662954628,computed,311,True
agriculture__canterbury__r1c1,agriculture,canterbury,Canterbury Plains,-43.5,172.0,-43.50000000000001,172.0,30-45,32759,0.0,0.0,12.5,0.001,14,20,cuda:0,0.0196327333848315,psf_aware_plus50,18.75,0.0298497266193221,-0.5204060501521595,169871,173159,48.0,65536.0,173159.0,3145728.0,0.0002772018780427,0.4690256980247795,0.0797894359566271,1.5804603612050414,0.5488151339814067,2.129275495186448,computed,311,True
agriculture__canterbury__r1c1,agriculture,canterbury,Canterbury Plains,-43.5,172.0,-43.50000000000001,172.0,30-45,32759,0.0,0.0,12.5,0.001,14,20,cuda:0,0.0196327333848315,psf_aware_minus50,6.25,0.0223334277260807,-0.1375607913738485,169327,169327,9.0,65536.0,169327.0,589824.0,5.315159425254094e-05,0.193011533934623,0.0210195728577673,1.5269861072301865,0.2140311067923903,1.7410172140225768,computed,311,True
agriculture__canterbury__r1c1,agriculture,canterbury,Canterbury Plains,-43.5,172.0,-43.50000000000001,172.0,30-45,32759,0.0,0.0,12.5,0.001,14,20,cuda:0,0.0196327333848315,nearest,,0.0233497020586918,-0.1893250726224444,168884,169871,,,,,,0.0,0.1241684006527066,0.0,0.1241684006527066,0.1241684006527066,computed,311,True
agriculture__canterbury__r1c1,agriculture,canterbury,Canterbury Plains,-43.5,172.0,-43.50000000000001,172.0,30-45,32759,0.0,0.0,12.5,0.001,14,20,cuda:0,0.0196327333848315,bilinear,,0.0243654811127403,-0.2410641266877953,168884,169871,,,,,,0.0,0.1134730628691613,0.0,0.1134730628691613,0.1134730628691613,computed,311,True
agriculture__canterbury__r1c1,agriculture,canterbury,Canterbury Plains,-43.5,172.0,-43.50000000000001,172.0,30-45,32759,0.0,0.0,12.5,0.001,14,20,cuda:0,0.0196327333848315,bicubic,,0.022047330880975,-0.1229883505680864,168884,169871,,,,,,0.0,0.7709009549580514,0.0,0.7709009549580514,0.7709009549580514,computed,311,True
agriculture__canterbury__r1c2,agriculture,canterbury,Canterbury Plains,-43.5,172.0,-43.49955660958402,172.0494696975147,30-45,32759,4000.0,0.0,12.5,0.001,14,20,cuda:0,0.023116512439499,blurred_observation,12.5,0.023116512439499,0.0,169868,169868,,,,,,0.0,0.0,0.0,0.0,0.0,computed,312,True
agriculture__canterbury__r1c2,agriculture,canterbury,Canterbury Plains,-43.5,172.0,-43.49955660958402,172.0494696975147,30-45,32759,4000.0,0.0,12.5,0.001,14,20,cuda:0,0.023116512439499,psf_aware_matched,12.5,0.0185261483721364,0.1985751128928529,169868,171192,22.0,65536.0,171192.0,1441792.0,0.000128510678069,0.2718896619044244,0.0404054098762571,1.5812550159171224,0.3122950717806816,1.893550087697804,computed,312,True
agriculture__canterbury__r1c2,agriculture,canterbury,Canterbury Plains,-43.5,172.0,-43.49955660958402,172.0494696975147,30-45,32759,4000.0,0.0,12.5,0.001,14,20,cuda:0,0.023116512439499,psf_aware_plus50,18.75,0.0362000919250476,-0.5659841431440509,169868,173153,48.0,65536.0,173153.0,3145728.0,0.0002772114834857,0.4312678328715265,0.0804671184159815,1.6068043881095946,0.511734951287508,2.1185393393971026,computed,312,True
agriculture__canterbury__r1c2,agriculture,canterbury,Canterbury Plains,-43.5,172.0,-43.49955660958402,172.0494696975147,30-45,32759,4000.0,0.0,12.5,0.001,14,20,cuda:0,0.023116512439499,psf_aware_minus50,6.25,0.0265207122859451,-0.1472626917817159,169321,169321,9.0,65536.0,169321.0,589824.0,5.315347771392798e-05,0.1998573504388332,0.0210031112655997,1.607987378258258,0.2208604617044329,1.828847839962691,computed,312,True
agriculture__canterbury__r1c2,agriculture,canterbury,Canterbury Plains,-43.5,172.0,-43.49955660958402,172.0494696975147,30-45,32759,4000.0,0.0,12.5,0.001,14,20,cuda:0,0.023116512439499,nearest,,0.0276811840491643,-0.1974636797662301,168887,169868,,,,,,0.0,0.1273145298473537,0.0,0.1273145298473537,0.1273145298473537,computed,312,True
agriculture__canterbury__r1c2,agriculture,canterbury,Canterbury Plains,-43.5,172.0,-43.49955660958402,172.0494696975147,30-45,32759,4000.0,0.0,12.5,0.001,14,20,cuda:0,0.023116512439499,bilinear,,0.0288631338134342,-0.2485937871889372,168887,169868,,,,,,0.0,0.1128244050778448,0.0,0.1128244050778448,0.1128244050778448,computed,312,True
agriculture__canterbury__r1c2,agriculture,canterbury,Canterbury Plains,-43.5,172.0,-43.49955660958402,172.0494696975147,30-45,32759,4000.0,0.0,12.5,0.001,14,20,cuda:0,0.023116512439499,bicubic,,0.026233923455208,-0.1348564591595695,168887,169868,,,,,,0.0,0.7587522640824318,0.0,0.7587522640824318,0.7587522640824318,computed,312,True
agriculture__canterbury__r2c0,agriculture,canterbury,Canterbury Plains,-43.5,172.0,-43.464409639779,171.9499647200933,30-45,32759,-4000.0,4000.0,12.5,0.001,14,20,cuda:0,0.02262936118465,blurred_observation,12.5,0.02262936118465,0.0,169875,169875,,,,,,0.0,0.0,0.0,0.0,0.0,computed,313,True
agriculture__canterbury__r2c0,agriculture,canterbury,Canterbury Plains,-43.5,172.0,-43.464409639779,171.9499647200933,30-45,32759,-4000.0,4000.0,12.5,0.001,14,20,cuda:0,0.02262936118465,psf_aware_matched,12.5,0.0185717825844774,0.1793059276867706,169875,171202,22.0,65536.0,171202.0,1441792.0,0.0001285031716919,0.2730934019200504,0.0403067129664123,1.5750567759387195,0.3134001148864627,1.8884568908251824,computed,313,True
agriculture__canterbury__r2c0,agriculture,canterbury,Canterbury Plains,-43.5,172.0,-43.464409639779,171.9499647200933,30-45,32759,-4000.0,4000.0,12.5,0.001,14,20,cuda:0,0.02262936118465,psf_aware_plus50,18.75,0.0345731655085067,-0.5278012148199016,169875,173164,48.0,65536.0,173164.0,3145728.0,0.0002771938740153,0.4715686850249767,0.0796000761911273,1.5557157630100846,0.551168761216104,2.1068845242261887,computed,313,True
agriculture__canterbury__r2c0,agriculture,canterbury,Canterbury Plains,-43.5,172.0,-43.464409639779,171.9499647200933,30-45,32759,-4000.0,4000.0,12.5,0.001,14,20,cuda:0,0.02262936118465,psf_aware_minus50,6.25,0.0260188358413437,-0.1497821626088489,169325,169325,9.0,65536.0,169325.0,589824.0,5.315222205817215e-05,0.1939885942265391,0.020926556084305,1.5297592408023777,0.2149151503108441,1.7446743911132216,computed,313,True
agriculture__canterbury__r2c0,agriculture,canterbury,Canterbury Plains,-43.5,172.0,-43.464409639779,171.9499647200933,30-45,32759,-4000.0,4000.0,12.5,0.001,14,20,cuda:0,0.02262936118465,nearest,,0.0270127000642872,-0.1937013972188688,168887,169875,,,,,,0.0,0.124982523266226,0.0,0.124982523266226,0.124982523266226,computed,313,True
agriculture__canterbury__r2c0,agriculture,canterbury,Canterbury Plains,-43.5,172.0,-43.464409639779,171.9499647200933,30-45,32759,-4000.0,4000.0,12.5,0.001,14,20,cuda:0,0.02262936118465,bilinear,,0.0280127713574625,-0.2378949246019419,168887,169875,,,,,,0.0,0.1143952412530779,0.0,0.1143952412530779,0.1143952412530779,computed,313,True
agriculture__canterbury__r2c0,agriculture,canterbury,Canterbury Plains,-43.5,172.0,-43.464409639779,171.9499647200933,30-45,32759,-4000.0,4000.0,12.5,0.001,14,20,cuda:0,0.02262936118465,bicubic,,0.0254959524710786,-0.1266757493964538,168887,169875,,,,,,0.0,0.7682687290944159,0.0,0.7682687290944159,0.7682687290944159,computed,313,True
agriculture__canterbury__r2c1,agriculture,canterbury,Canterbury Plains,-43.5,172.0,-43.46398817643424,171.9994061506943,30-45,32759,0.0,4000.0,12.5,0.001,14,20,cuda:0,0.0221552722565172,blurred_observation,12.5,0.0221552722565172,0.0,169868,169868,,,,,,0.0,0.0,0.0,0.0,0.0,computed,314,True
agriculture__canterbury__r2c1,agriculture,canterbury,Canterbury Plains,-43.5,172.0,-43.46398817643424,171.9994061506943,30-45,32759,0.0,4000.0,12.5,0.001,14,20,cuda:0,0.0221552722565172,psf_aware_matched,12.5,0.0182798086605167,0.1749228603977316,169868,171196,22.0,65536.0,171196.0,1441792.0,0.0001285076754129,0.2751899841241538,0.0403476911596953,1.6007836339995265,0.3155376752838492,1.916321309283376,computed,314,True
agriculture__canterbury__r2c1,agriculture,canterbury,Canterbury Plains,-43.5,172.0,-43.46398817643424,171.9994061506943,30-45,32759,0.0,4000.0,12.5,0.001,14,20,cuda:0,0.0221552722565172,psf_aware_plus50,18.75,0.0335071084064033,-0.5123762876146485,169868,173153,48.0,65536.0,173153.0,3145728.0,0.0002772114834857,0.4698396488092839,0.0798049950972199,1.5919605330564082,0.5496446439065039,2.141605176962912,computed,314,True
agriculture__canterbury__r2c1,agriculture,canterbury,Canterbury Plains,-43.5,172.0,-43.46398817643424,171.9994061506943,30-45,32759,0.0,4000.0,12.5,0.001,14,20,cuda:0,0.0221552722565172,psf_aware_minus50,6.25,0.0252388950257611,-0.1391823460141343,169326,169326,9.0,65536.0,169326.0,589824.0,5.315190815350271e-05,0.1946420422755181,0.0209713513031601,1.6106555722653866,0.2156133935786783,1.826268965844065,computed,314,True
agriculture__canterbury__r2c1,agriculture,canterbury,Canterbury Plains,-43.5,172.0,-43.46398817643424,171.9994061506943,30-45,32759,0.0,4000.0,12.5,0.001,14,20,cuda:0,0.0221552722565172,nearest,,0.026289194307749,-0.1865886369333962,168891,169868,,,,,,0.0,0.1271262541413307,0.0,0.1271262541413307,0.1271262541413307,computed,314,True
agriculture__canterbury__r2c1,agriculture,canterbury,Canterbury Plains,-43.5,172.0,-43.46398817643424,171.9994061506943,30-45,32759,0.0,4000.0,12.5,0.001,14,20,cuda:0,0.0221552722565172,bilinear,,0.0272745726444989,-0.2310646571484031,168891,169868,,,,,,0.0,0.1145298751071095,0.0,0.1145298751071095,0.1145298751071095,computed,314,True
agriculture__canterbury__r2c1,agriculture,canterbury,Canterbury Plains,-43.5,172.0,-43.46398817643424,171.9994061506943,30-45,32759,0.0,4000.0,12.5,0.001,14,20,cuda:0,0.0221552722565172,bicubic,,0.0249025721948412,-0.124002084312724,168891,169868,,,,,,0.0,0.7670355229638517,0.0,0.7670355229638517,0.7670355229638517,computed,314,True
agriculture__canterbury__r2c2,agriculture,canterbury,Canterbury Plains,-43.5,172.0,-43.4635453400772,172.0488464834848,30-45,32759,4000.0,4000.0,12.5,0.001,14,20,cuda:0,0.0198656323085068,blurred_observation,12.5,0.0198656323085068,0.0,169869,169869,,,,,,0.0,0.0,0.0,0.0,0.0,computed,315,True
agriculture__canterbury__r2c2,agriculture,canterbury,Canterbury Plains,-43.5,172.0,-43.4635453400772,172.0488464834848,30-45,32759,4000.0,4000.0,12.5,0.001,14,20,cuda:0,0.0198656323085068,psf_aware_matched,12.5,0.0160077897735685,0.1941968156375432,169869,171192,22.0,65536.0,171192.0,1441792.0,0.000128510678069,0.2829701388254761,0.040390090085566,1.553356545045972,0.3233602289110422,1.876716773957014,computed,315,True
agriculture__canterbury__r2c2,agriculture,canterbury,Canterbury Plains,-43.5,172.0,-43.4635453400772,172.0488464834848,30-45,32759,4000.0,4000.0,12.5,0.001,14,20,cuda:0,0.0198656323085068,psf_aware_plus50,18.75,0.0316974877259638,-0.5955942017707783,169869,173151,48.0,65536.0,173151.0,3145728.0,0.0002772146854479,0.4312591459602117,0.0796497408300638,1.575451544020325,0.5109088867902756,2.0863604308106005,computed,315,True
agriculture__canterbury__r2c2,agriculture,canterbury,Canterbury Plains,-43.5,172.0,-43.4635453400772,172.0488464834848,30-45,32759,4000.0,4000.0,12.5,0.001,14,20,cuda:0,0.0198656323085068,psf_aware_minus50,6.25,0.022916237655071,-0.1535619556019773,169326,169326,9.0,65536.0,169326.0,589824.0,5.315190815350271e-05,0.1760247489437461,0.0208562132902443,1.5354765192605555,0.1968809622339904,1.732357481494546,computed,315,True
agriculture__canterbury__r2c2,agriculture,canterbury,Canterbury Plains,-43.5,172.0,-43.4635453400772,172.0488464834848,30-45,32759,4000.0,4000.0,12.5,0.001,14,20,cuda:0,0.0198656323085068,nearest,,0.0239810798834009,-0.2071641874259286,168884,169869,,,,,,0.0,0.1241488237865269,0.0,0.1241488237865269,0.1241488237865269,computed,315,True
agriculture__canterbury__r2c2,agriculture,canterbury,Canterbury Plains,-43.5,172.0,-43.4635453400772,172.0488464834848,30-45,32759,4000.0,4000.0,12.5,0.001,14,20,cuda:0,0.0198656323085068,bilinear,,0.0249803129250687,-0.257463771458793,168884,169869,,,,,,0.0,0.1123968348838388,0.0,0.1123968348838388,0.1123968348838388,computed,315,True
agriculture__canterbury__r2c2,agriculture,canterbury,Canterbury Plains,-43.5,172.0,-43.4635453400772,172.0488464834848,30-45,32759,4000.0,4000.0,12.5,0.001,14,20,cuda:0,0.0198656323085068,bicubic,,0.0226090760742666,-0.1380999971787953,168884,169869,,,,,,0.0,0.7672407417558134,0.0,0.7672407417558134,0.7672407417558134,computed,315,True
agriculture__nile_delta__r0c0,agriculture,nile_delta,Nile Delta,30.8,31.0,30.76327713680268,30.95897564043118,30-45,32636,-4000.0,-4000.0,12.5,0.001,14,20,cuda:0,0.045332968929227,blurred_observation,12.5,0.045332968929227,0.0,170202,170202,,,,,,0.0,0.0,0.0,0.0,0.0,computed,316,True
agriculture__nile_delta__r0c0,agriculture,nile_delta,Nile Delta,30.8,31.0,30.76327713680268,30.95897564043118,30-45,32636,-4000.0,-4000.0,12.5,0.001,14,20,cuda:0,0.045332968929227,psf_aware_matched,12.5,0.0380368967814814,0.160944061685793,170202,171546,22.0,65536.0,171546.0,1441792.0,0.0001282454851759,0.2746631563641131,0.0402005319483578,1.6808403651230035,0.3148636883124709,1.9957040534354744,computed,316,True
agriculture__nile_delta__r0c0,agriculture,nile_delta,Nile Delta,30.8,31.0,30.76327713680268,30.95897564043118,30-45,32636,-4000.0,-4000.0,12.5,0.001,14,20,cuda:0,0.045332968929227,psf_aware_plus50,18.75,0.0695627251517661,-0.5344842130319338,170202,173526,48.0,65536.0,173526.0,3145728.0,0.0002766156080356,0.4282709956169128,0.0798854972235858,1.6818028376437724,0.5081564928404987,2.189959330484271,computed,316,True
agriculture__nile_delta__r0c0,agriculture,nile_delta,Nile Delta,30.8,31.0,30.76327713680268,30.95897564043118,30-45,32636,-4000.0,-4000.0,12.5,0.001,14,20,cuda:0,0.045332968929227,psf_aware_minus50,6.25,0.0515059074955586,-0.1361688570622554,169691,169691,9.0,65536.0,169691.0,589824.0,5.303758007201325e-05,0.1745044100098312,0.0222488297149539,1.6512059960514307,0.1967532397247851,1.847959235776216,computed,316,True
agriculture__nile_delta__r0c0,agriculture,nile_delta,Nile Delta,30.8,31.0,30.76327713680268,30.95897564043118,30-45,32636,-4000.0,-4000.0,12.5,0.001,14,20,cuda:0,0.045332968929227,nearest,,0.0536684556203159,-0.1838725079776282,169218,170202,,,,,,0.0,0.1298527978360653,0.0,0.1298527978360653,0.1298527978360653,computed,316,True
agriculture__nile_delta__r0c0,agriculture,nile_delta,Nile Delta,30.8,31.0,30.76327713680268,30.95897564043118,30-45,32636,-4000.0,-4000.0,12.5,0.001,14,20,cuda:0,0.045332968929227,bilinear,,0.0557496558901152,-0.2297817064915939,169218,170202,,,,,,0.0,0.1142529509961605,0.0,0.1142529509961605,0.1142529509961605,computed,316,True
agriculture__nile_delta__r0c0,agriculture,nile_delta,Nile Delta,30.8,31.0,30.76327713680268,30.95897564043118,30-45,32636,-4000.0,-4000.0,12.5,0.001,14,20,cuda:0,0.045332968929227,bicubic,,0.0514793221638877,-0.1355824112084118,169218,170202,,,,,,0.0,0.7653506733477116,0.0,0.7653506733477116,0.7653506733477116,computed,316,True
agriculture__nile_delta__r0c1,agriculture,nile_delta,Nile Delta,30.8,31.0,30.76392794120949,31.00074652291647,30-45,32636,0.0,-4000.0,12.5,0.001,14,20,cuda:0,0.0598991415891268,blurred_observation,12.5,0.0598991415891268,0.0,170219,170219,,,,,,0.0,0.0,0.0,0.0,0.0,computed,317,True
agriculture__nile_delta__r0c1,agriculture,nile_delta,Nile Delta,30.8,31.0,30.76392794120949,31.00074652291647,30-45,32636,0.0,-4000.0,12.5,0.001,14,20,cuda:0,0.0598991415891268,psf_aware_matched,12.5,0.0507355174029588,0.1529842322119585,170219,171554,22.0,65536.0,171554.0,1441792.0,0.0001282395047623,0.2697965679690242,0.0403107898309826,1.6561118992976844,0.3101073578000068,1.9662192570976915,computed,317,True
agriculture__nile_delta__r0c1,agriculture,nile_delta,Nile Delta,30.8,31.0,30.76392794120949,31.00074652291647,30-45,32636,0.0,-4000.0,12.5,0.001,14,20,cuda:0,0.0598991415891268,psf_aware_plus50,18.75,0.0910130473884311,-0.5194382586102413,170219,173532,48.0,65536.0,173532.0,3145728.0,0.000276606043842,0.4268960016779601,0.0796966790221631,1.6894643097184598,0.5065926807001233,2.196056990418583,computed,317,True
agriculture__nile_delta__r0c1,agriculture,nile_delta,Nile Delta,30.8,31.0,30.76392794120949,31.00074652291647,30-45,32636,0.0,-4000.0,12.5,0.001,14,20,cuda:0,0.0598991415891268,psf_aware_minus50,6.25,0.0679163805477203,-0.1338456402862513,169665,169665,9.0,65536.0,169665.0,589824.0,5.304570771815047e-05,0.1720188022591173,0.0225272076204419,1.6398851741105318,0.1945460098795592,1.834431183990091,computed,317,True
agriculture__nile_delta__r0c1,agriculture,nile_delta,Nile Delta,30.8,31.0,30.76392794120949,31.00074652291647,30-45,32636,0.0,-4000.0,12.5,0.001,14,20,cuda:0,0.0598991415891268,nearest,,0.070680688503304,-0.179995015423299,169225,170219,,,,,,0.0,0.1274500670842826,0.0,0.1274500670842826,0.1274500670842826,computed,317,True
agriculture__nile_delta__r0c1,agriculture,nile_delta,Nile Delta,30.8,31.0,30.76392794120949,31.00074652291647,30-45,32636,0.0,-4000.0,12.5,0.001,14,20,cuda:0,0.0598991415891268,bilinear,,0.0732952000457689,-0.2236435798785108,169225,170219,,,,,,0.0,0.1159254489466548,0.0,0.1159254489466548,0.1159254489466548,computed,317,True
agriculture__nile_delta__r0c1,agriculture,nile_delta,Nile Delta,30.8,31.0,30.76392794120949,31.00074652291647,30-45,32636,0.0,-4000.0,12.5,0.001,14,20,cuda:0,0.0598991415891268,bicubic,,0.0677177095963845,-0.1305288823817958,169225,170219,,,,,,0.0,0.7756979297846556,0.0,0.7756979297846556,0.7756979297846556,computed,317,True
agriculture__nile_delta__r0c2,agriculture,nile_delta,Nile Delta,30.8,31.0,30.764565305883355,31.04251875051399,30-45,32636,4000.0,-4000.0,12.5,0.001,14,20,cuda:0,0.0406581865253883,blurred_observation,12.5,0.0406581865253883,0.0,170228,170228,,,,,,0.0,0.0,0.0,0.0,0.0,computed,318,True
agriculture__nile_delta__r0c2,agriculture,nile_delta,Nile Delta,30.8,31.0,30.764565305883355,31.04251875051399,30-45,32636,4000.0,-4000.0,12.5,0.001,14,20,cuda:0,0.0406581865253883,psf_aware_matched,12.5,0.0330318368489197,0.1875723028548375,170228,171565,22.0,65536.0,171565.0,1441792.0,0.0001282312826042,0.2727655721828341,0.0409723930060863,1.68675118079409,0.3137379651889205,2.0004891459830105,computed,318,True
agriculture__nile_delta__r0c2,agriculture,nile_delta,Nile Delta,30.8,31.0,30.764565305883355,31.04251875051399,30-45,32636,4000.0,-4000.0,12.5,0.001,14,20,cuda:0,0.0406581865253883,psf_aware_plus50,18.75,0.0635564925677553,-0.563190540435651,170228,173539,48.0,65536.0,173539.0,3145728.0,0.000276594886452,0.4277112768031657,0.0798831530846655,1.7177618560381234,0.5075944298878312,2.2253562859259546,computed,318,True
agriculture__nile_delta__r0c2,agriculture,nile_delta,Nile Delta,30.8,31.0,30.764565305883355,31.04251875051399,30-45,32636,4000.0,-4000.0,12.5,0.001,14,20,cuda:0,0.0406581865253883,psf_aware_minus50,6.25,0.0472401261810936,-0.1618847326502197,169714,169714,9.0,65536.0,169714.0,589824.0,5.303039230705776e-05,0.1749442936852574,0.0223573660477995,1.7334843459539115,0.197301659733057,1.9307860056869688,computed,318,True
agriculture__nile_delta__r0c2,agriculture,nile_delta,Nile Delta,30.8,31.0,30.764565305883355,31.04251875051399,30-45,32636,4000.0,-4000.0,12.5,0.001,14,20,cuda:0,0.0406581865253883,nearest,,0.0493813142980569,-0.2145478812052181,169230,170228,,,,,,0.0,0.1307343882508576,0.0,0.1307343882508576,0.1307343882508576,computed,318,True
agriculture__nile_delta__r0c2,agriculture,nile_delta,Nile Delta,30.8,31.0,30.764565305883355,31.04251875051399,30-45,32636,4000.0,-4000.0,12.5,0.001,14,20,cuda:0,0.0406581865253883,bilinear,,0.0514356442113673,-0.2650747268142213,169230,170228,,,,,,0.0,0.1140502970665693,0.0,0.1140502970665693,0.1140502970665693,computed,318,True
agriculture__nile_delta__r0c2,agriculture,nile_delta,Nile Delta,30.8,31.0,30.764565305883355,31.04251875051399,30-45,32636,4000.0,-4000.0,12.5,0.001,14,20,cuda:0,0.0406581865253883,bicubic,,0.0466328825858843,-0.1469493986596088,169230,170228,,,,,,0.0,0.7560455282218754,0.0,0.7560455282218754,0.7560455282218754,computed,318,True
agriculture__nile_delta__r1c0,agriculture,nile_delta,Nile Delta,30.8,31.0,30.799348267874887,30.958213546374623,30-45,32636,-4000.0,0.0,12.5,0.001,14,20,cuda:0,0.0625869291373294,blurred_observation,12.5,0.0625869291373294,0.0,170203,170203,,,,,,0.0,0.0,0.0,0.0,0.0,computed,319,True
agriculture__nile_delta__r1c0,agriculture,nile_delta,Nile Delta,30.8,31.0,30.799348267874887,30.958213546374623,30-45,32636,-4000.0,0.0,12.5,0.001,14,20,cuda:0,0.0625869291373294,psf_aware_matched,12.5,0.053690944566033,0.1421380581203571,170203,171540,22.0,65536.0,171540.0,1441792.0,0.0001282499708522,0.2738598440773785,0.0406153970398008,1.7245046482421458,0.3144752411171794,2.038979889359325,computed,319,True
agriculture__nile_delta__r1c0,agriculture,nile_delta,Nile Delta,30.8,31.0,30.799348267874887,30.958213546374623,30-45,32636,-4000.0,0.0,12.5,0.001,14,20,cuda:0,0.0625869291373294,psf_aware_plus50,18.75,0.0935736806095563,-0.4950994065268028,170203,173531,48.0,65536.0,173531.0,3145728.0,0.0002766076378283,0.4301561368629336,0.0803516800515353,1.7229426195845008,0.510507816914469,2.23345043649897,computed,319,True
agriculture__nile_delta__r1c0,agriculture,nile_delta,Nile Delta,30.8,31.0,30.799348267874887,30.958213546374623,30-45,32636,-4000.0,0.0,12.5,0.001,14,20,cuda:0,0.0625869291373294,psf_aware_minus50,6.25,0.0706870611793273,-0.1294221038425509,169685,169685,9.0,65536.0,169685.0,589824.0,5.3039455461590594e-05,0.1748065920546651,0.0226500113494694,1.6813362250104549,0.1974566034041345,1.8787928284145887,computed,319,True
agriculture__nile_delta__r1c0,agriculture,nile_delta,Nile Delta,30.8,31.0,30.799348267874887,30.958213546374623,30-45,32636,-4000.0,0.0,12.5,0.001,14,20,cuda:0,0.0625869291373294,nearest,,0.0735059875719972,-0.1744622812649736,169213,170203,,,,,,0.0,0.1281527979299426,0.0,0.1281527979299426,0.1281527979299426,computed,319,True
agriculture__nile_delta__r1c0,agriculture,nile_delta,Nile Delta,30.8,31.0,30.799348267874887,30.958213546374623,30-45,32636,-4000.0,0.0,12.5,0.001,14,20,cuda:0,0.0625869291373294,bilinear,,0.0761423102970725,-0.2165848579980591,169213,170203,,,,,,0.0,0.1166374869644641,0.0,0.1166374869644641,0.1166374869644641,computed,319,True
agriculture__nile_delta__r1c0,agriculture,nile_delta,Nile Delta,30.8,31.0,30.799348267874887,30.958213546374623,30-45,32636,-4000.0,0.0,12.5,0.001,14,20,cuda:0,0.0625869291373294,bicubic,,0.070743531385434,-0.1303243722056917,169213,170203,,,,,,0.0,0.7757881521247327,0.0,0.7757881521247327,0.7757881521247327,computed,319,True
agriculture__nile_delta__r1c1,agriculture,nile_delta,Nile Delta,30.8,31.0,30.799999999999997,31.0,30-45,32636,0.0,0.0,12.5,0.001,14,20,cuda:0,0.0979422857129986,blurred_observation,12.5,0.0979422857129986,0.0,170217,170217,,,,,,0.0,0.0,0.0,0.0,0.0,computed,320,True
agriculture__nile_delta__r1c1,agriculture,nile_delta,Nile Delta,30.8,31.0,30.799999999999997,31.0,30-45,32636,0.0,0.0,12.5,0.001,14,20,cuda:0,0.0979422857129986,psf_aware_matched,12.5,0.0826390779915768,0.1562471981332451,170217,171551,22.0,65536.0,171551.0,1441792.0,0.000128241747352,0.274255805183202,0.0405389131046831,1.6903434051200747,0.3147947182878852,2.00513812340796,computed,320,True
agriculture__nile_delta__r1c1,agriculture,nile_delta,Nile Delta,30.8,31.0,30.799999999999997,31.0,30-45,32636,0.0,0.0,12.5,0.001,14,20,cuda:0,0.0979422857129986,psf_aware_plus50,18.75,0.1501427379953196,-0.5329715546488731,170217,173534,48.0,65536.0,173534.0,3145728.0,0.0002766028559244,0.444450011011213,0.0796168176457285,1.791886251885444,0.5240668286569417,2.3159530805423856,computed,320,True
agriculture__nile_delta__r1c1,agriculture,nile_delta,Nile Delta,30.8,31.0,30.799999999999997,31.0,30-45,32636,0.0,0.0,12.5,0.001,14,20,cuda:0,0.0979422857129986,psf_aware_minus50,6.25,0.1109422665556834,-0.1327310338741612,169667,169667,9.0,65536.0,169667.0,589824.0,5.304508242616419e-05,0.1952494322322309,0.0224232696928083,1.740736210718751,0.2176727019250393,1.9584089126437905,computed,320,True
agriculture__nile_delta__r1c1,agriculture,nile_delta,Nile Delta,30.8,31.0,30.799999999999997,31.0,30-45,32636,0.0,0.0,12.5,0.001,14,20,cuda:0,0.0979422857129986,nearest,,0.1156046687237432,-0.1803346009557187,169223,170217,,,,,,0.0,0.1313911513425409,0.0,0.1313911513425409,0.1313911513425409,computed,320,True
agriculture__nile_delta__r1c1,agriculture,nile_delta,Nile Delta,30.8,31.0,30.799999999999997,31.0,30-45,32636,0.0,0.0,12.5,0.001,14,20,cuda:0,0.0979422857129986,bilinear,,0.119999107597954,-0.2252022374645079,169223,170217,,,,,,0.0,0.1172366719692945,0.0,0.1172366719692945,0.1172366719692945,computed,320,True
agriculture__nile_delta__r1c1,agriculture,nile_delta,Nile Delta,30.8,31.0,30.799999999999997,31.0,30-45,32636,0.0,0.0,12.5,0.001,14,20,cuda:0,0.0979422857129986,bicubic,,0.110946244661603,-0.1327716507118286,169223,170217,,,,,,0.0,0.7736710207536817,0.0,0.7736710207536817,0.7736710207536817,computed,320,True
agriculture__nile_delta__r1c2,agriculture,nile_delta,Nile Delta,30.8,31.0,30.800638273245827,31.04178780082707,30-45,32636,4000.0,0.0,12.5,0.001,14,20,cuda:0,0.0446402434984117,blurred_observation,12.5,0.0446402434984117,0.0,170222,170222,,,,,,0.0,0.0,0.0,0.0,0.0,computed,321,True
agriculture__nile_delta__r1c2,agriculture,nile_delta,Nile Delta,30.8,31.0,30.800638273245827,31.04178780082707,30-45,32636,4000.0,0.0,12.5,0.001,14,20,cuda:0,0.0446402434984117,psf_aware_matched,12.5,0.0367531118772448,0.1766820922795269,170222,171562,22.0,65536.0,171562.0,1441792.0,0.0001282335249064,0.2725492618046701,0.0402679899707436,1.6626043249852955,0.3128172517754137,1.9754215767607093,computed,321,True
agriculture__nile_delta__r1c2,agriculture,nile_delta,Nile Delta,30.8,31.0,30.800638273245827,31.04178780082707,30-45,32636,4000.0,0.0,12.5,0.001,14,20,cuda:0,0.0446402434984117,psf_aware_plus50,18.75,0.0693000743895879,-0.5524125533063795,170222,173542,48.0,65536.0,173542.0,3145728.0,0.0002765901049889,0.4702057125978172,0.0796484882012009,1.706677663139999,0.5498542007990181,2.256531863939017,computed,321,True
agriculture__nile_delta__r1c2,agriculture,nile_delta,Nile Delta,30.8,31.0,30.800638273245827,31.04178780082707,30-45,32636,4000.0,0.0,12.5,0.001,14,20,cuda:0,0.0446402434984117,psf_aware_minus50,6.25,0.0515226352102153,-0.1541746005943818,169678,169678,9.0,65536.0,169678.0,589824.0,5.304164358372918e-05,0.1739425556734204,0.0223321081139147,1.6602628198452294,0.1962746637873351,1.8565374836325643,computed,321,True
agriculture__nile_delta__r1c2,agriculture,nile_delta,Nile Delta,30.8,31.0,30.800638273245827,31.04178780082707,30-45,32636,4000.0,0.0,12.5,0.001,14,20,cuda:0,0.0446402434984117,nearest,,0.0537997645610516,-0.2051852845060258,169232,170222,,,,,,0.0,0.1272220150567591,0.0,0.1272220150567591,0.1272220150567591,computed,321,True
agriculture__nile_delta__r1c2,agriculture,nile_delta,Nile Delta,30.8,31.0,30.800638273245827,31.04178780082707,30-45,32636,4000.0,0.0,12.5,0.001,14,20,cuda:0,0.0446402434984117,bilinear,,0.0558968179269859,-0.2521620301863871,169232,170222,,,,,,0.0,0.1172267333604395,0.0,0.1172267333604395,0.1172267333604395,computed,321,True
agriculture__nile_delta__r1c2,agriculture,nile_delta,Nile Delta,30.8,31.0,30.800638273245827,31.04178780082707,30-45,32636,4000.0,0.0,12.5,0.001,14,20,cuda:0,0.0446402434984117,bicubic,,0.0509849338608856,-0.1421293851746026,169232,170222,,,,,,0.0,0.7706644670106471,0.0,0.7706644670106471,0.7706644670106471,computed,321,True
agriculture__nile_delta__r2c0,agriculture,nile_delta,Nile Delta,30.8,31.0,30.835419180952112,30.957450077044548,30-45,32636,-4000.0,4000.0,12.5,0.001,14,20,cuda:0,0.0325061779105769,blurred_observation,12.5,0.0325061779105769,0.0,170202,170202,,,,,,0.0,0.0,0.0,0.0,0.0,computed,322,True
agriculture__nile_delta__r2c0,agriculture,nile_delta,Nile Delta,30.8,31.0,30.835419180952112,30.957450077044548,30-45,32636,-4000.0,4000.0,12.5,0.001,14,20,cuda:0,0.0325061779105769,psf_aware_matched,12.5,0.0269122340647994,0.1720886368482375,170202,171544,22.0,65536.0,171544.0,1441792.0,0.0001282469803665,0.2780598793178797,0.0403989870101213,1.686272082850337,0.318458866328001,2.004730949178338,computed,322,True
agriculture__nile_delta__r2c0,agriculture,nile_delta,Nile Delta,30.8,31.0,30.835419180952112,30.957450077044548,30-45,32636,-4000.0,4000.0,12.5,0.001,14,20,cuda:0,0.0325061779105769,psf_aware_plus50,18.75,0.0505406227612742,-0.5548005336188497,170202,173523,48.0,65536.0,173523.0,3145728.0,0.0002766203903805,0.460340338293463,0.0799935813993215,1.6877520959824324,0.5403339196927845,2.228086015675217,computed,322,True
agriculture__nile_delta__r2c0,agriculture,nile_delta,Nile Delta,30.8,31.0,30.835419180952112,30.957450077044548,30-45,32636,-4000.0,4000.0,12.5,0.001,14,20,cuda:0,0.0325061779105769,psf_aware_minus50,6.25,0.0374361510486389,-0.1516626516849875,169679,169679,9.0,65536.0,169679.0,589824.0,5.304133098379882e-05,0.174778058193624,0.0224841157905757,1.7426477605476975,0.1972621739841997,1.9399099345318973,computed,322,True
agriculture__nile_delta__r2c0,agriculture,nile_delta,Nile Delta,30.8,31.0,30.835419180952112,30.957450077044548,30-45,32636,-4000.0,4000.0,12.5,0.001,14,20,cuda:0,0.0325061779105769,nearest,,0.0390873289233546,-0.2024584689987922,169208,170202,,,,,,0.0,0.1302426969632506,0.0,0.1302426969632506,0.1302426969632506,computed,322,True
agriculture__nile_delta__r2c0,agriculture,nile_delta,Nile Delta,30.8,31.0,30.835419180952112,30.957450077044548,30-45,32636,-4000.0,4000.0,12.5,0.001,14,20,cuda:0,0.0325061779105769,bilinear,,0.0406726830971256,-0.2512293265918388,169208,170202,,,,,,0.0,0.114048623945564,0.0,0.114048623945564,0.114048623945564,computed,322,True
agriculture__nile_delta__r2c0,agriculture,nile_delta,Nile Delta,30.8,31.0,30.835419180952112,30.957450077044548,30-45,32636,-4000.0,4000.0,12.5,0.001,14,20,cuda:0,0.0325061779105769,bicubic,,0.0370987317323282,-0.1412824920353665,169208,170202,,,,,,0.0,0.7740463321097195,0.0,0.7740463321097195,0.7740463321097195,computed,322,True
agriculture__nile_delta__r2c1,agriculture,nile_delta,Nile Delta,30.8,31.0,30.836071841472997,30.999252129880908,30-45,32636,0.0,4000.0,12.5,0.001,14,20,cuda:0,0.0382037382714844,blurred_observation,12.5,0.0382037382714844,0.0,170214,170214,,,,,,0.0,0.0,0.0,0.0,0.0,computed,323,True
agriculture__nile_delta__r2c1,agriculture,nile_delta,Nile Delta,30.8,31.0,30.836071841472997,30.999252129880908,30-45,32636,0.0,4000.0,12.5,0.001,14,20,cuda:0,0.0382037382714844,psf_aware_matched,12.5,0.0315939249995295,0.1730148297264531,170214,171548,22.0,65536.0,171548.0,1441792.0,0.0001282439900202,0.2758773360401392,0.0405620760284364,1.684660711325705,0.3164394120685756,2.0011001233942807,computed,323,True
agriculture__nile_delta__r2c1,agriculture,nile_delta,Nile Delta,30.8,31.0,30.836071841472997,30.999252129880908,30-45,32636,0.0,4000.0,12.5,0.001,14,20,cuda:0,0.0382037382714844,psf_aware_plus50,18.75,0.0595260201525399,-0.5581203004149646,170214,173529,48.0,65536.0,173529.0,3145728.0,0.0002766108258561,0.4425241127610206,0.0797575251199305,1.7138133789412675,0.5222816378809512,2.236095016822219,computed,323,True
agriculture__nile_delta__r2c1,agriculture,nile_delta,Nile Delta,30.8,31.0,30.836071841472997,30.999252129880908,30-45,32636,0.0,4000.0,12.5,0.001,14,20,cuda:0,0.0382037382714844,psf_aware_minus50,6.25,0.0444704909987786,-0.1640350659603331,169662,169662,9.0,65536.0,169662.0,589824.0,5.304664568377126e-05,0.1721534673124551,0.0221602930687367,1.6428174679167569,0.1943137603811919,1.8371312282979488,computed,323,True
agriculture__nile_delta__r2c1,agriculture,nile_delta,Nile Delta,30.8,31.0,30.836071841472997,30.999252129880908,30-45,32636,0.0,4000.0,12.5,0.001,14,20,cuda:0,0.0382037382714844,nearest,,0.0463525173935604,-0.2132979517388851,169222,170214,,,,,,0.0,0.1268785437569022,0.0,0.1268785437569022,0.1268785437569022,computed,323,True
agriculture__nile_delta__r2c1,agriculture,nile_delta,Nile Delta,30.8,31.0,30.836071841472997,30.999252129880908,30-45,32636,0.0,4000.0,12.5,0.001,14,20,cuda:0,0.0382037382714844,bilinear,,0.0481798701170369,-0.2611297296264538,169222,170214,,,,,,0.0,0.1164113790728151,0.0,0.1164113790728151,0.1164113790728151,computed,323,True
agriculture__nile_delta__r2c1,agriculture,nile_delta,Nile Delta,30.8,31.0,30.836071841472997,30.999252129880908,30-45,32636,0.0,4000.0,12.5,0.001,14,20,cuda:0,0.0382037382714844,bicubic,,0.0437792155916766,-0.1459406218462606,169222,170214,,,,,,0.0,0.7628242173232138,0.0,0.7628242173232138,0.7628242173232138,computed,323,True
agriculture__nile_delta__r2c2,agriculture,nile_delta,Nile Delta,30.8,31.0,30.836711023954354,31.041055532013974,30-45,32636,4000.0,4000.0,12.5,0.001,14,20,cuda:0,0.0402085842201805,blurred_observation,12.5,0.0402085842201805,0.0,170218,170218,,,,,,0.0,0.0,0.0,0.0,0.0,computed,324,True
agriculture__nile_delta__r2c2,agriculture,nile_delta,Nile Delta,30.8,31.0,30.836711023954354,31.041055532013974,30-45,32636,4000.0,4000.0,12.5,0.001,14,20,cuda:0,0.0402085842201805,psf_aware_matched,12.5,0.0338361397331544,0.1584846771060345,170218,171552,22.0,65536.0,171552.0,1441792.0,0.0001282409998134,0.2742894580587744,0.0403510970063507,1.6590750911273062,0.3146405550651252,1.9737156461924317,computed,324,True
agriculture__nile_delta__r2c2,agriculture,nile_delta,Nile Delta,30.8,31.0,30.836711023954354,31.041055532013974,30-45,32636,4000.0,4000.0,12.5,0.001,14,20,cuda:0,0.0402085842201805,psf_aware_plus50,18.75,0.0608224778379324,-0.5126739480522651,170218,173539,48.0,65536.0,173539.0,3145728.0,0.000276594886452,0.4833355317823589,0.07976053096354,1.691300727892667,0.563096062745899,2.254396790638566,computed,324,True
agriculture__nile_delta__r2c2,agriculture,nile_delta,Nile Delta,30.8,31.0,30.836711023954354,31.041055532013974,30-45,32636,4000.0,4000.0,12.5,0.001,14,20,cuda:0,0.0402085842201805,psf_aware_minus50,6.25,0.0458940426320676,-0.1413991196694171,169712,169712,9.0,65536.0,169712.0,589824.0,5.3031017252757614e-05,0.1757408617995679,0.0222309259697794,1.742509430274367,0.1979717877693474,1.9404812180437148,computed,324,True
agriculture__nile_delta__r2c2,agriculture,nile_delta,Nile Delta,30.8,31.0,30.836711023954354,31.041055532013974,30-45,32636,4000.0,4000.0,12.5,0.001,14,20,cuda:0,0.0402085842201805,nearest,,0.0477997784344774,-0.1887953620233899,169229,170218,,,,,,0.0,0.1297833058051765,0.0,0.1297833058051765,0.1297833058051765,computed,324,True
agriculture__nile_delta__r2c2,agriculture,nile_delta,Nile Delta,30.8,31.0,30.836711023954354,31.041055532013974,30-45,32636,4000.0,4000.0,12.5,0.001,14,20,cuda:0,0.0402085842201805,bilinear,,0.0495426263437913,-0.2321405317953513,169229,170218,,,,,,0.0,0.1171228061430156,0.0,0.1171228061430156,0.1171228061430156,computed,324,True
agriculture__nile_delta__r2c2,agriculture,nile_delta,Nile Delta,30.8,31.0,30.836711023954354,31.041055532013974,30-45,32636,4000.0,4000.0,12.5,0.001,14,20,cuda:0,0.0402085842201805,bicubic,,0.0456275088734903,-0.1347703421646502,169229,170218,,,,,,0.0,0.7630060007795691,0.0,0.7630060007795691,0.7630060007795691,computed,324,True
agriculture__ukraine__r0c0,agriculture,ukraine,Central Ukraine,49.0,31.0,48.96307988174321,30.946825298431406,45-60,32636,-4000.0,-4000.0,12.5,0.001,14,20,cuda:0,0.0278911784167056,blurred_observation,12.5,0.0278911784167056,0.0,169588,169588,,,,,,0.0,0.0,0.0,0.0,0.0,computed,325,True
agriculture__ukraine__r0c0,agriculture,ukraine,Central Ukraine,49.0,31.0,48.96307988174321,30.946825298431406,45-60,32636,-4000.0,-4000.0,12.5,0.001,14,20,cuda:0,0.0278911784167056,psf_aware_matched,12.5,0.0227575491568476,0.1840592456567994,169588,170908,22.0,65536.0,170908.0,1441792.0,0.0001287242258993,0.2770970049314201,0.0404121428728103,1.501371453050524,0.3175091478042304,1.8188806008547544,computed,325,True
agriculture__ukraine__r0c0,agriculture,ukraine,Central Ukraine,49.0,31.0,48.96307988174321,30.946825298431406,45-60,32636,-4000.0,-4000.0,12.5,0.001,14,20,cuda:0,0.0278911784167056,psf_aware_plus50,18.75,0.043340294125682,-0.5539068833220417,169588,172889,48.0,65536.0,172889.0,3145728.0,0.000277634783011,0.4349771882407367,0.0808896189555525,1.5506671010516584,0.5158668071962893,2.066533908247948,computed,325,True
agriculture__ukraine__r0c0,agriculture,ukraine,Central Ukraine,49.0,31.0,48.96307988174321,30.946825298431406,45-60,32636,-4000.0,-4000.0,12.5,0.001,14,20,cuda:0,0.0278911784167056,psf_aware_minus50,6.25,0.0315827077097966,-0.1323547265711779,169046,169046,9.0,65536.0,169046.0,589824.0,5.3239946523431495e-05,0.1902953488752246,0.0209073689766228,1.503537124954164,0.2112027178518474,1.7147398428060114,computed,325,True
agriculture__ukraine__r0c0,agriculture,ukraine,Central Ukraine,49.0,31.0,48.96307988174321,30.946825298431406,45-60,32636,-4000.0,-4000.0,12.5,0.001,14,20,cuda:0,0.0278911784167056,nearest,,0.0329696122397853,-0.1820802888714767,168596,169588,,,,,,0.0,0.1266420460306108,0.0,0.1266420460306108,0.1266420460306108,computed,325,True
agriculture__ukraine__r0c0,agriculture,ukraine,Central Ukraine,49.0,31.0,48.96307988174321,30.946825298431406,45-60,32636,-4000.0,-4000.0,12.5,0.001,14,20,cuda:0,0.0278911784167056,bilinear,,0.0342575874022591,-0.2282588742016118,168596,169588,,,,,,0.0,0.1144776362925767,0.0,0.1144776362925767,0.1144776362925767,computed,325,True
agriculture__ukraine__r0c0,agriculture,ukraine,Central Ukraine,49.0,31.0,48.96307988174321,30.946825298431406,45-60,32636,-4000.0,-4000.0,12.5,0.001,14,20,cuda:0,0.0278911784167056,bicubic,,0.0314731408403946,-0.1284263565408736,168596,169588,,,,,,0.0,0.7659777398221195,0.0,0.7659777398221195,0.7659777398221195,computed,325,True
agriculture__ukraine__r0c1,agriculture,ukraine,Central Ukraine,49.0,31.0,48.96403935228539,31.001438992156054,45-60,32636,0.0,-4000.0,12.5,0.001,14,20,cuda:0,0.0289291408308271,blurred_observation,12.5,0.0289291408308271,0.0,169585,169585,,,,,,0.0,0.0,0.0,0.0,0.0,computed,326,True
agriculture__ukraine__r0c1,agriculture,ukraine,Central Ukraine,49.0,31.0,48.96403935228539,31.001438992156054,45-60,32636,0.0,-4000.0,12.5,0.001,14,20,cuda:0,0.0289291408308271,psf_aware_matched,12.5,0.0248971965044902,0.1393731099694606,169585,170918,22.0,65536.0,170918.0,1441792.0,0.0001287166945552,0.2809454440139234,0.0405112002044916,1.530776506755501,0.321456644218415,1.852233150973916,computed,326,True
agriculture__ukraine__r0c1,agriculture,ukraine,Central Ukraine,49.0,31.0,48.96403935228539,31.001438992156054,45-60,32636,0.0,-4000.0,12.5,0.001,14,20,cuda:0,0.0289291408308271,psf_aware_plus50,18.75,0.0429141755970742,-0.4834237853114702,169585,172900,48.0,65536.0,172900.0,3145728.0,0.0002776171197223,0.4361045639961958,0.0798978707753121,1.5848919046111405,0.516002434771508,2.1008943393826485,computed,326,True
agriculture__ukraine__r0c1,agriculture,ukraine,Central Ukraine,49.0,31.0,48.96403935228539,31.001438992156054,45-60,32636,0.0,-4000.0,12.5,0.001,14,20,cuda:0,0.0289291408308271,psf_aware_minus50,6.25,0.032175178227503,-0.1122064915670397,169055,169055,9.0,65536.0,169055.0,589824.0,5.323711218242584e-05,0.1791022480465471,0.0215053223073482,1.495474963914603,0.2006075703538954,1.6960825342684984,computed,326,True
agriculture__ukraine__r0c1,agriculture,ukraine,Central Ukraine,49.0,31.0,48.96403935228539,31.001438992156054,45-60,32636,0.0,-4000.0,12.5,0.001,14,20,cuda:0,0.0289291408308271,nearest,,0.0334174518596443,-0.1551484385611063,168606,169585,,,,,,0.0,0.1261182748712599,0.0,0.1261182748712599,0.1261182748712599,computed,326,True
agriculture__ukraine__r0c1,agriculture,ukraine,Central Ukraine,49.0,31.0,48.96403935228539,31.001438992156054,45-60,32636,0.0,-4000.0,12.5,0.001,14,20,cuda:0,0.0289291408308271,bilinear,,0.0345401121025115,-0.1939556831119335,168606,169585,,,,,,0.0,0.1157497148960828,0.0,0.1157497148960828,0.1157497148960828,computed,326,True
agriculture__ukraine__r0c1,agriculture,ukraine,Central Ukraine,49.0,31.0,48.96403935228539,31.001438992156054,45-60,32636,0.0,-4000.0,12.5,0.001,14,20,cuda:0,0.0289291408308271,bicubic,,0.0322700819761223,-0.1154870504047265,168606,169585,,,,,,0.0,0.7660832898691297,0.0,0.7660832898691297,0.7660832898691297,computed,326,True
agriculture__ukraine__r0c2,agriculture,ukraine,Central Ukraine,49.0,31.0,48.96497298016016,31.05605553843792,45-60,32636,4000.0,-4000.0,12.5,0.001,14,20,cuda:0,0.0276236385566243,blurred_observation,12.5,0.0276236385566243,0.0,169590,169590,,,,,,0.0,0.0,0.0,0.0,0.0,computed,327,True
agriculture__ukraine__r0c2,agriculture,ukraine,Central Ukraine,49.0,31.0,48.96497298016016,31.05605553843792,45-60,32636,4000.0,-4000.0,12.5,0.001,14,20,cuda:0,0.0276236385566243,psf_aware_matched,12.5,0.0222532908382902,0.1944113085365527,169590,170919,22.0,65536.0,170919.0,1441792.0,0.0001287159414693,0.2891433918848634,0.040415549185127,1.5476180859841406,0.3295589410699904,1.877177027054131,computed,327,True
agriculture__ukraine__r0c2,agriculture,ukraine,Central Ukraine,49.0,31.0,48.96497298016016,31.05605553843792,45-60,32636,4000.0,-4000.0,12.5,0.001,14,20,cuda:0,0.0276236385566243,psf_aware_plus50,18.75,0.0432780182798919,-0.5667023079229214,169590,172877,48.0,65536.0,172877.0,3145728.0,0.0002776540546168,0.4577856492251158,0.0799603392370045,1.5661293771117926,0.5377459884621203,2.103875365573913,computed,327,True
agriculture__ukraine__r0c2,agriculture,ukraine,Central Ukraine,49.0,31.0,48.96497298016016,31.05605553843792,45-60,32636,4000.0,-4000.0,12.5,0.001,14,20,cuda:0,0.0276236385566243,psf_aware_minus50,6.25,0.0323889945820398,-0.1725100773979213,169054,169054,9.0,65536.0,169054.0,589824.0,5.323742709430123e-05,0.1870270692743361,0.0209931218996644,1.5503672831691802,0.2080201911740005,1.7583874743431809,computed,327,True
agriculture__ukraine__r0c2,agriculture,ukraine,Central Ukraine,49.0,31.0,48.96497298016016,31.05605553843792,45-60,32636,4000.0,-4000.0,12.5,0.001,14,20,cuda:0,0.0276236385566243,nearest,,0.0339181626860493,-0.2278673070718804,168617,169590,,,,,,0.0,0.1291764169000089,0.0,0.1291764169000089,0.1291764169000089,computed,327,True
agriculture__ukraine__r0c2,agriculture,ukraine,Central Ukraine,49.0,31.0,48.96497298016016,31.05605553843792,45-60,32636,4000.0,-4000.0,12.5,0.001,14,20,cuda:0,0.0276236385566243,bilinear,,0.0352131680733652,-0.2747476405464644,168617,169590,,,,,,0.0,0.1225666170939803,0.0,0.1225666170939803,0.1225666170939803,computed,327,True
agriculture__ukraine__r0c2,agriculture,ukraine,Central Ukraine,49.0,31.0,48.96497298016016,31.05605553843792,45-60,32636,4000.0,-4000.0,12.5,0.001,14,20,cuda:0,0.0276236385566243,bicubic,,0.0316821077791845,-0.14692015370245,168617,169590,,,,,,0.0,0.7894215239211917,0.0,0.7894215239211917,0.7894215239211917,computed,327,True
agriculture__ukraine__r1c0,agriculture,ukraine,Central Ukraine,49.0,31.0,48.99903932061803,30.945347050167964,45-60,32636,-4000.0,0.0,12.5,0.001,14,20,cuda:0,0.0178709240510832,blurred_observation,12.5,0.0178709240510832,0.0,169583,169583,,,,,,0.0,0.0,0.0,0.0,0.0,computed,328,True
agriculture__ukraine__r1c0,agriculture,ukraine,Central Ukraine,49.0,31.0,48.99903932061803,30.945347050167964,45-60,32636,-4000.0,0.0,12.5,0.001,14,20,cuda:0,0.0178709240510832,psf_aware_matched,12.5,0.0144926512404243,0.1890373883858639,169583,170905,22.0,65536.0,170905.0,1441792.0,0.0001287264854743,0.2765111560001969,0.0410565226338803,1.5991528150625527,0.3175676786340773,1.91672049369663,computed,328,True
agriculture__ukraine__r1c0,agriculture,ukraine,Central Ukraine,49.0,31.0,48.99903932061803,30.945347050167964,45-60,32636,-4000.0,0.0,12.5,0.001,14,20,cuda:0,0.0178709240510832,psf_aware_plus50,18.75,0.0269898362093165,-0.5102652852290839,169583,172891,48.0,65536.0,172891.0,3145728.0,0.0002776315713368,0.4647986018098891,0.0799681437201798,1.6029411810450256,0.5447667455300689,2.1477079265750945,computed,328,True
agriculture__ukraine__r1c0,agriculture,ukraine,Central Ukraine,49.0,31.0,48.99903932061803,30.945347050167964,45-60,32636,-4000.0,0.0,12.5,0.001,14,20,cuda:0,0.0178709240510832,psf_aware_minus50,6.25,0.0203766668222883,-0.1402133859470584,169046,169046,9.0,65536.0,169046.0,589824.0,5.3239946523431495e-05,0.1903313966467976,0.0208910782821476,1.627292973920703,0.2112224749289453,1.838515448849648,computed,328,True
agriculture__ukraine__r1c0,agriculture,ukraine,Central Ukraine,49.0,31.0,48.99903932061803,30.945347050167964,45-60,32636,-4000.0,0.0,12.5,0.001,14,20,cuda:0,0.0178709240510832,nearest,,0.0212579159101283,-0.1895252785677728,168599,169583,,,,,,0.0,0.1288583138957619,0.0,0.1288583138957619,0.1288583138957619,computed,328,True
agriculture__ukraine__r1c0,agriculture,ukraine,Central Ukraine,49.0,31.0,48.99903932061803,30.945347050167964,45-60,32636,-4000.0,0.0,12.5,0.001,14,20,cuda:0,0.0178709240510832,bilinear,,0.022070109292221,-0.2349730338025351,168599,169583,,,,,,0.0,0.1144341439940035,0.0,0.1144341439940035,0.1144341439940035,computed,328,True
agriculture__ukraine__r1c0,agriculture,ukraine,Central Ukraine,49.0,31.0,48.99903932061803,30.945347050167964,45-60,32636,-4000.0,0.0,12.5,0.001,14,20,cuda:0,0.0178709240510832,bicubic,,0.0200915230750473,-0.1242576498907723,168599,169583,,,,,,0.0,0.7625300399959087,0.0,0.7625300399959087,0.7625300399959087,computed,328,True
agriculture__ukraine__r1c1,agriculture,ukraine,Central Ukraine,49.0,31.0,48.99999999999999,31.0,45-60,32636,0.0,0.0,12.5,0.001,14,20,cuda:0,0.0314803046645666,blurred_observation,12.5,0.0314803046645666,0.0,169588,169588,,,,,,0.0,0.0,0.0,0.0,0.0,computed,329,True
agriculture__ukraine__r1c1,agriculture,ukraine,Central Ukraine,49.0,31.0,48.99999999999999,31.0,45-60,32636,0.0,0.0,12.5,0.001,14,20,cuda:0,0.0314803046645666,psf_aware_matched,12.5,0.0259462615149398,0.1757938243798449,169588,170912,22.0,65536.0,170912.0,1441792.0,0.0001287212132559,0.275730486959219,0.0404287739656865,2.0472713438794017,0.3161592609249055,2.3634306048043072,computed,329,True
agriculture__ukraine__r1c1,agriculture,ukraine,Central Ukraine,49.0,31.0,48.99999999999999,31.0,45-60,32636,0.0,0.0,12.5,0.001,14,20,cuda:0,0.0314803046645666,psf_aware_plus50,18.75,0.0492924355566377,-0.5658182499142035,169588,172896,48.0,65536.0,172896.0,3145728.0,0.0002776235424764,0.4304811120964587,0.0800627232529223,2.009767058771104,0.510543835349381,2.5203108941204846,computed,329,True
agriculture__ukraine__r1c1,agriculture,ukraine,Central Ukraine,49.0,31.0,48.99999999999999,31.0,45-60,32636,0.0,0.0,12.5,0.001,14,20,cuda:0,0.0314803046645666,psf_aware_minus50,6.25,0.0358567756313995,-0.1390225098983537,169054,169054,9.0,65536.0,169054.0,589824.0,5.323742709430123e-05,0.1770737073384225,0.0212080087512731,1.9672355321235957,0.1982817160896957,2.165517248213291,computed,329,True
agriculture__ukraine__r1c1,agriculture,ukraine,Central Ukraine,49.0,31.0,48.99999999999999,31.0,45-60,32636,0.0,0.0,12.5,0.001,14,20,cuda:0,0.0314803046645666,nearest,,0.0374618107818297,-0.1900078852793212,168598,169588,,,,,,0.0,0.1258534919470548,0.0,0.1258534919470548,0.1258534919470548,computed,329,True
agriculture__ukraine__r1c1,agriculture,ukraine,Central Ukraine,49.0,31.0,48.99999999999999,31.0,45-60,32636,0.0,0.0,12.5,0.001,14,20,cuda:0,0.0314803046645666,bilinear,,0.0389232183261594,-0.2364308014455249,168598,169588,,,,,,0.0,0.1150258746929466,0.0,0.1150258746929466,0.1150258746929466,computed,329,True
agriculture__ukraine__r1c1,agriculture,ukraine,Central Ukraine,49.0,31.0,48.99999999999999,31.0,45-60,32636,0.0,0.0,12.5,0.001,14,20,cuda:0,0.0314803046645666,bicubic,,0.035706491486923,-0.1342485997955822,168598,169588,,,,,,0.0,0.7598798098042607,0.0,0.7598798098042607,0.7598798098042607,computed,329,True
agriculture__ukraine__r1c2,agriculture,ukraine,Central Ukraine,49.0,31.0,49.00093480419986,31.05465580967537,45-60,32636,4000.0,0.0,12.5,0.001,14,20,cuda:0,0.0411555613416865,blurred_observation,12.5,0.0411555613416865,0.0,169609,169609,,,,,,0.0,0.0,0.0,0.0,0.0,computed,330,True
agriculture__ukraine__r1c2,agriculture,ukraine,Central Ukraine,49.0,31.0,49.00093480419986,31.05465580967537,45-60,32636,4000.0,0.0,12.5,0.001,14,20,cuda:0,0.0411555613416865,psf_aware_matched,12.5,0.0337891376269793,0.1789897519207376,169609,170897,22.0,65536.0,170897.0,1441792.0,0.0001287325113957,0.2765810876153409,0.04033022839576,2.143262606114149,0.316911316011101,2.46017392212525,computed,330,True
agriculture__ukraine__r1c2,agriculture,ukraine,Central Ukraine,49.0,31.0,49.00093480419986,31.05465580967537,45-60,32636,4000.0,0.0,12.5,0.001,14,20,cuda:0,0.0411555613416865,psf_aware_plus50,18.75,0.0643333837946278,-0.5631759523460664,169609,172920,48.0,65536.0,172920.0,3145728.0,0.0002775850104094,0.5075503662228584,0.0797591069713234,2.1917056497186422,0.5873094731941819,2.779015122912824,computed,330,True
agriculture__ukraine__r1c2,agriculture,ukraine,Central Ukraine,49.0,31.0,49.00093480419986,31.05465580967537,45-60,32636,4000.0,0.0,12.5,0.001,14,20,cuda:0,0.0411555613416865,psf_aware_minus50,6.25,0.046956716799679,-0.1409567812677725,169058,169058,9.0,65536.0,169058.0,589824.0,5.32361674691526e-05,0.1857320060953498,0.0209032916463911,2.1975898249074817,0.2066352977417409,2.4042251226492226,computed,330,True
agriculture__ukraine__r1c2,agriculture,ukraine,Central Ukraine,49.0,31.0,49.00093480419986,31.05465580967537,45-60,32636,4000.0,0.0,12.5,0.001,14,20,cuda:0,0.0411555613416865,nearest,,0.049047705385494,-0.1917637322033927,168591,169609,,,,,,0.0,0.1226681596599519,0.0,0.1226681596599519,0.1226681596599519,computed,330,True
agriculture__ukraine__r1c2,agriculture,ukraine,Central Ukraine,49.0,31.0,49.00093480419986,31.05465580967537,45-60,32636,4000.0,0.0,12.5,0.001,14,20,cuda:0,0.0411555613416865,bilinear,,0.0510236965287766,-0.2397764692154651,168591,169609,,,,,,0.0,0.1085622920654714,0.0,0.1085622920654714,0.1085622920654714,computed,330,True
agriculture__ukraine__r1c2,agriculture,ukraine,Central Ukraine,49.0,31.0,49.00093480419986,31.05465580967537,45-60,32636,4000.0,0.0,12.5,0.001,14,20,cuda:0,0.0411555613416865,bicubic,,0.0467735114558609,-0.1365052481615394,168591,169609,,,,,,0.0,0.7562362891621888,0.0,0.7562362891621888,0.7562362891621888,computed,330,True
agriculture__ukraine__r2c0,agriculture,ukraine,Central Ukraine,49.0,31.0,49.03499850094106,30.94386586418345,45-60,32636,-4000.0,4000.0,12.5,0.001,14,20,cuda:0,0.029546809688739,blurred_observation,12.5,0.029546809688739,0.0,169582,169582,,,,,,0.0,0.0,0.0,0.0,0.0,computed,331,True
agriculture__ukraine__r2c0,agriculture,ukraine,Central Ukraine,49.0,31.0,49.03499850094106,30.94386586418345,45-60,32636,-4000.0,4000.0,12.5,0.001,14,20,cuda:0,0.029546809688739,psf_aware_matched,12.5,0.024124726260229,0.1835082530272772,169582,170908,22.0,65536.0,170908.0,1441792.0,0.0001287242258993,0.2853681612759828,0.0404028249904513,2.146721248049289,0.3257709862664342,2.472492234315723,computed,331,True
agriculture__ukraine__r2c0,agriculture,ukraine,Central Ukraine,49.0,31.0,49.03499850094106,30.94386586418345,45-60,32636,-4000.0,4000.0,12.5,0.001,14,20,cuda:0,0.029546809688739,psf_aware_plus50,18.75,0.0454867271256885,-0.5394801538598823,169582,172892,48.0,65536.0,172892.0,3145728.0,0.0002776299655276,0.4292191928252578,0.079795085825026,2.2048821970820427,0.5090142786502838,2.7138964757323265,computed,331,True
agriculture__ukraine__r2c0,agriculture,ukraine,Central Ukraine,49.0,31.0,49.03499850094106,30.94386586418345,45-60,32636,-4000.0,4000.0,12.5,0.001,14,20,cuda:0,0.029546809688739,psf_aware_minus50,6.25,0.0335725418211728,-0.136249299834497,169048,169048,9.0,65536.0,169048.0,589824.0,5.323931664379348e-05,0.1736317677423358,0.0212974580936133,2.1953833349980414,0.1949292258359491,2.3903125608339906,computed,331,True
agriculture__ukraine__r2c0,agriculture,ukraine,Central Ukraine,49.0,31.0,49.03499850094106,30.94386586418345,45-60,32636,-4000.0,4000.0,12.5,0.001,14,20,cuda:0,0.029546809688739,nearest,,0.035041111816707,-0.18595246613248,168597,169582,,,,,,0.0,0.1292942599393427,0.0,0.1292942599393427,0.1292942599393427,computed,331,True
agriculture__ukraine__r2c0,agriculture,ukraine,Central Ukraine,49.0,31.0,49.03499850094106,30.94386586418345,45-60,32636,-4000.0,4000.0,12.5,0.001,14,20,cuda:0,0.029546809688739,bilinear,,0.0363843927942062,-0.2314152755406702,168597,169582,,,,,,0.0,0.1083547999151051,0.0,0.1083547999151051,0.1083547999151051,computed,331,True
agriculture__ukraine__r2c0,agriculture,ukraine,Central Ukraine,49.0,31.0,49.03499850094106,30.94386586418345,45-60,32636,-4000.0,4000.0,12.5,0.001,14,20,cuda:0,0.029546809688739,bicubic,,0.0333885517663415,-0.1300222297457292,168597,169582,,,,,,0.0,0.7603277680464089,0.0,0.7603277680464089,0.7603277680464089,computed,331,True
agriculture__ukraine__r2c1,agriculture,ukraine,Central Ukraine,49.0,31.0,49.03596039089362,30.998558147996302,45-60,32636,0.0,4000.0,12.5,0.001,14,20,cuda:0,0.0186448512828826,blurred_observation,12.5,0.0186448512828826,0.0,169585,169585,,,,,,0.0,0.0,0.0,0.0,0.0,computed,332,True
agriculture__ukraine__r2c1,agriculture,ukraine,Central Ukraine,49.0,31.0,49.03596039089362,30.998558147996302,45-60,32636,0.0,4000.0,12.5,0.001,14,20,cuda:0,0.0186448512828826,psf_aware_matched,12.5,0.015536329347786,0.1667228066308292,169585,170910,22.0,65536.0,170910.0,1441792.0,0.00012872271956,0.2819548370316624,0.0405463869683444,2.157466799020767,0.3225012240000069,2.479968023020774,computed,332,True
agriculture__ukraine__r2c1,agriculture,ukraine,Central Ukraine,49.0,31.0,49.03596039089362,30.998558147996302,45-60,32636,0.0,4000.0,12.5,0.001,14,20,cuda:0,0.0186448512828826,psf_aware_plus50,18.75,0.0282701340258498,-0.5162434710221573,169585,172885,48.0,65536.0,172885.0,3145728.0,0.0002776412065824,0.4502334636636078,0.0796876922249794,2.182405173778534,0.5299211558885872,2.712326329667121,computed,332,True
agriculture__ukraine__r2c1,agriculture,ukraine,Central Ukraine,49.0,31.0,49.03596039089362,30.998558147996302,45-60,32636,0.0,4000.0,12.5,0.001,14,20,cuda:0,0.0186448512828826,psf_aware_minus50,6.25,0.0212543279120438,-0.1399569559214935,169050,169050,9.0,65536.0,169050.0,589824.0,5.323868677905945e-05,0.1752013601362705,0.0209656599909067,2.1399000477977097,0.1961670201271772,2.336067067924887,computed,332,True
agriculture__ukraine__r2c1,agriculture,ukraine,Central Ukraine,49.0,31.0,49.03596039089362,30.998558147996302,45-60,32636,0.0,4000.0,12.5,0.001,14,20,cuda:0,0.0186448512828826,nearest,,0.0220874082446768,-0.1846384779134584,168599,169585,,,,,,0.0,0.1228118422441184,0.0,0.1228118422441184,0.1228118422441184,computed,332,True
agriculture__ukraine__r2c1,agriculture,ukraine,Central Ukraine,49.0,31.0,49.03596039089362,30.998558147996302,45-60,32636,0.0,4000.0,12.5,0.001,14,20,cuda:0,0.0186448512828826,bilinear,,0.0229239657618659,-0.2295064956035295,168599,169585,,,,,,0.0,0.1077993968501687,0.0,0.1077993968501687,0.1077993968501687,computed,332,True
agriculture__ukraine__r2c1,agriculture,ukraine,Central Ukraine,49.0,31.0,49.03596039089362,30.998558147996302,45-60,32636,0.0,4000.0,12.5,0.001,14,20,cuda:0,0.0186448512828826,bicubic,,0.0210050676681987,-0.1265881046465076,168599,169585,,,,,,0.0,0.7629122943617404,0.0,0.7629122943617404,0.7629122943617404,computed,332,True
agriculture__ukraine__r2c2,agriculture,ukraine,Central Ukraine,49.0,31.0,49.03689637310298,31.05325329896441,45-60,32636,4000.0,4000.0,12.5,0.001,14,20,cuda:0,0.0360382449435348,blurred_observation,12.5,0.0360382449435348,0.0,169567,169567,,,,,,0.0,0.0,0.0,0.0,0.0,computed,333,True
agriculture__ukraine__r2c2,agriculture,ukraine,Central Ukraine,49.0,31.0,49.03689637310298,31.05325329896441,45-60,32636,4000.0,4000.0,12.5,0.001,14,20,cuda:0,0.0360382449435348,psf_aware_matched,12.5,0.0286393749516402,0.2053060575920727,169567,170915,22.0,65536.0,170915.0,1441792.0,0.0001287189538659,0.2746913903392851,0.0404547937214374,2.15365948760882,0.3151461840607226,2.468805671669543,computed,333,True
agriculture__ukraine__r2c2,agriculture,ukraine,Central Ukraine,49.0,31.0,49.03689637310298,31.05325329896441,45-60,32636,4000.0,4000.0,12.5,0.001,14,20,cuda:0,0.0360382449435348,psf_aware_plus50,18.75,0.0555387611898028,-0.5411061575507234,169567,172914,48.0,65536.0,172914.0,3145728.0,0.0002775946424234,0.4860090860165655,0.0798273170366883,2.220150555949658,0.5658364030532539,2.785986959002912,computed,333,True
agriculture__ukraine__r2c2,agriculture,ukraine,Central Ukraine,49.0,31.0,49.03689637310298,31.05325329896441,45-60,32636,4000.0,4000.0,12.5,0.001,14,20,cuda:0,0.0360382449435348,psf_aware_minus50,6.25,0.0414761739140301,-0.1508932795982578,169056,169056,9.0,65536.0,169056.0,589824.0,5.323679727427598e-05,0.1733510857447981,0.0221554241143167,2.1040868959389627,0.1955065098591148,2.2995934057980776,computed,333,True
agriculture__ukraine__r2c2,agriculture,ukraine,Central Ukraine,49.0,31.0,49.03689637310298,31.05325329896441,45-60,32636,4000.0,4000.0,12.5,0.001,14,20,cuda:0,0.0360382449435348,nearest,,0.0434160494872421,-0.2047215272349385,168609,169567,,,,,,0.0,0.1473078979179263,0.0,0.1473078979179263,0.1473078979179263,computed,333,True
agriculture__ukraine__r2c2,agriculture,ukraine,Central Ukraine,49.0,31.0,49.03689637310298,31.05325329896441,45-60,32636,4000.0,4000.0,12.5,0.001,14,20,cuda:0,0.0360382449435348,bilinear,,0.0451159809946462,-0.2518917351645309,168609,169567,,,,,,0.0,0.1074829376302659,0.0,0.1074829376302659,0.1074829376302659,computed,333,True
agriculture__ukraine__r2c2,agriculture,ukraine,Central Ukraine,49.0,31.0,49.03689637310298,31.05325329896441,45-60,32636,4000.0,4000.0,12.5,0.001,14,20,cuda:0,0.0360382449435348,bicubic,,0.0409423915753067,-0.1360817276050967,168609,169567,,,,,,0.0,0.7654211563058197,0.0,0.7654211563058197,0.7654211563058197,computed,333,True
agriculture__po_valley__r0c0,agriculture,po_valley,"Po Valley, Italy",45.0,10.0,44.96443021657764,9.948661611790412,45-60,32632,-4000.0,-4000.0,12.5,0.001,14,20,cuda:0,0.0292338176991972,blurred_observation,12.5,0.0292338176991972,0.0,169808,169808,,,,,,0.0,0.0,0.0,0.0,0.0,computed,334,True
agriculture__po_valley__r0c0,agriculture,po_valley,"Po Valley, Italy",45.0,10.0,44.96443021657764,9.948661611790412,45-60,32632,-4000.0,-4000.0,12.5,0.001,14,20,cuda:0,0.0292338176991972,psf_aware_matched,12.5,0.0224519305896794,0.2319877334975653,169808,171141,22.0,65536.0,171141.0,1441792.0,0.0001285489742376,0.2714162161573767,0.0403048591688275,1.5212726858444512,0.3117210753262043,1.8329937611706557,computed,334,True
agriculture__po_valley__r0c0,agriculture,po_valley,"Po Valley, Italy",45.0,10.0,44.96443021657764,9.948661611790412,45-60,32632,-4000.0,-4000.0,12.5,0.001,14,20,cuda:0,0.0292338176991972,psf_aware_plus50,18.75,0.0485504091132391,-0.6607618482403113,169808,173099,48.0,65536.0,173099.0,3145728.0,0.0002772979624376,0.5148135330528021,0.0806542229838669,1.623263591900468,0.595467756036669,2.218731347937137,computed,334,True
agriculture__po_valley__r0c0,agriculture,po_valley,"Po Valley, Italy",45.0,10.0,44.96443021657764,9.948661611790412,45-60,32632,-4000.0,-4000.0,12.5,0.001,14,20,cuda:0,0.0292338176991972,psf_aware_minus50,6.25,0.0340908831599033,-0.1661454385015006,169279,169279,9.0,65536.0,169279.0,589824.0,5.316666568209879e-05,0.2028974378481507,0.0211106752976775,1.6234959429129958,0.2240081131458282,1.847504056058824,computed,334,True
agriculture__po_valley__r0c0,agriculture,po_valley,"Po Valley, Italy",45.0,10.0,44.96443021657764,9.948661611790412,45-60,32632,-4000.0,-4000.0,12.5,0.001,14,20,cuda:0,0.0292338176991972,nearest,,0.0360625131999177,-0.2335889062107681,168822,169808,,,,,,0.0,0.130277101881802,0.0,0.130277101881802,0.130277101881802,computed,334,True
agriculture__po_valley__r0c0,agriculture,po_valley,"Po Valley, Italy",45.0,10.0,44.96443021657764,9.948661611790412,45-60,32632,-4000.0,-4000.0,12.5,0.001,14,20,cuda:0,0.0292338176991972,bilinear,,0.0377311028135286,-0.2906662825144701,168822,169808,,,,,,0.0,0.1175592029467225,0.0,0.1175592029467225,0.1175592029467225,computed,334,True
agriculture__po_valley__r0c0,agriculture,po_valley,"Po Valley, Italy",45.0,10.0,44.96443021657764,9.948661611790412,45-60,32632,-4000.0,-4000.0,12.5,0.001,14,20,cuda:0,0.0292338176991972,bicubic,,0.0336775226600964,-0.1520056328811669,168822,169808,,,,,,0.0,0.7612533122301102,0.0,0.7612533122301102,0.7612533122301102,computed,334,True
agriculture__po_valley__r0c1,agriculture,po_valley,"Po Valley, Italy",45.0,10.0,44.96399766755218,9.999374277733768,45-60,32632,0.0,-4000.0,12.5,0.001,14,20,cuda:0,0.0299577068545526,blurred_observation,12.5,0.0299577068545526,0.0,169806,169806,,,,,,0.0,0.0,0.0,0.0,0.0,computed,335,True
agriculture__po_valley__r0c1,agriculture,po_valley,"Po Valley, Italy",45.0,10.0,44.96399766755218,9.999374277733768,45-60,32632,0.0,-4000.0,12.5,0.001,14,20,cuda:0,0.0299577068545526,psf_aware_matched,12.5,0.0227927030604756,0.2391706357520535,169806,171133,22.0,65536.0,171133.0,1441792.0,0.0001285549835508,0.274504124186933,0.0422202269546687,1.4943985557183623,0.3167243511416018,1.811122906859964,computed,335,True
agriculture__po_valley__r0c1,agriculture,po_valley,"Po Valley, Italy",45.0,10.0,44.96399766755218,9.999374277733768,45-60,32632,0.0,-4000.0,12.5,0.001,14,20,cuda:0,0.0299577068545526,psf_aware_plus50,18.75,0.0485948479363168,-0.6221150761721896,169806,173096,48.0,65536.0,173096.0,3145728.0,0.0002773027684059,0.4328527939505875,0.0798024102114141,1.5956276580691338,0.5126552041620016,2.108282862231136,computed,335,True
agriculture__po_valley__r0c1,agriculture,po_valley,"Po Valley, Italy",45.0,10.0,44.96399766755218,9.999374277733768,45-60,32632,0.0,-4000.0,12.5,0.001,14,20,cuda:0,0.0299577068545526,psf_aware_minus50,6.25,0.0346927032549164,-0.1580560362431158,169273,169273,9.0,65536.0,169273.0,589824.0,5.316855021178806e-05,0.195568417198956,0.0209942739456892,1.542416665237397,0.2165626911446452,1.7589793563820422,computed,335,True
agriculture__po_valley__r0c1,agriculture,po_valley,"Po Valley, Italy",45.0,10.0,44.96399766755218,9.999374277733768,45-60,32632,0.0,-4000.0,12.5,0.001,14,20,cuda:0,0.0299577068545526,nearest,,0.0366933798730973,-0.2248394061416962,168819,169806,,,,,,0.0,0.1267087631858885,0.0,0.1267087631858885,0.1267087631858885,computed,335,True
agriculture__po_valley__r0c1,agriculture,po_valley,"Po Valley, Italy",45.0,10.0,44.96399766755218,9.999374277733768,45-60,32632,0.0,-4000.0,12.5,0.001,14,20,cuda:0,0.0299577068545526,bilinear,,0.0384336697862777,-0.2829309657403558,168819,169806,,,,,,0.0,0.1138040912337601,0.0,0.1138040912337601,0.1138040912337601,computed,335,True
agriculture__po_valley__r0c1,agriculture,po_valley,"Po Valley, Italy",45.0,10.0,44.96399766755218,9.999374277733768,45-60,32632,0.0,-4000.0,12.5,0.001,14,20,cuda:0,0.0299577068545526,bicubic,,0.0343159118985705,-0.1454785930437636,168819,169806,,,,,,0.0,0.7602884150110185,0.0,0.7602884150110185,0.7602884150110185,computed,335,True
agriculture__po_valley__r0c2,agriculture,po_valley,"Po Valley, Italy",45.0,10.0,44.96354260375915,10.050085768378684,45-60,32632,4000.0,-4000.0,12.5,0.001,14,20,cuda:0,0.0247800020999542,blurred_observation,12.5,0.0247800020999542,0.0,169800,169800,,,,,,0.0,0.0,0.0,0.0,0.0,computed,336,True
agriculture__po_valley__r0c2,agriculture,po_valley,"Po Valley, Italy",45.0,10.0,44.96354260375915,10.050085768378684,45-60,32632,4000.0,-4000.0,12.5,0.001,14,20,cuda:0,0.0247800020999542,psf_aware_matched,12.5,0.0191151021583109,0.2286077264559131,169800,171135,22.0,65536.0,171135.0,1441792.0,0.0001285534811698,0.2738196281716227,0.0404111011885106,1.4919863468967378,0.3142307293601334,1.8062170762568712,computed,336,True
agriculture__po_valley__r0c2,agriculture,po_valley,"Po Valley, Italy",45.0,10.0,44.96354260375915,10.050085768378684,45-60,32632,4000.0,-4000.0,12.5,0.001,14,20,cuda:0,0.0247800020999542,psf_aware_plus50,18.75,0.0402953422489703,-0.626123439636219,169800,173099,48.0,65536.0,173099.0,3145728.0,0.0002772979624376,0.4259733250364661,0.0797201939858496,1.5199794271029532,0.5056935190223157,2.025672946125269,computed,336,True
agriculture__po_valley__r0c2,agriculture,po_valley,"Po Valley, Italy",45.0,10.0,44.96354260375915,10.050085768378684,45-60,32632,4000.0,-4000.0,12.5,0.001,14,20,cuda:0,0.0247800020999542,psf_aware_minus50,6.25,0.0286496357366161,-0.156159536268525,169269,169269,9.0,65536.0,169269.0,589824.0,5.316980663913652e-05,0.1803414458408951,0.020974616985768,1.499253401067108,0.2013160628266632,1.7005694638937712,computed,336,True
agriculture__po_valley__r0c2,agriculture,po_valley,"Po Valley, Italy",45.0,10.0,44.96354260375915,10.050085768378684,45-60,32632,4000.0,-4000.0,12.5,0.001,14,20,cuda:0,0.0247800020999542,nearest,,0.0301896125662533,-0.2183054886145103,168821,169800,,,,,,0.0,0.1255092197097838,0.0,0.1255092197097838,0.1255092197097838,computed,336,True
agriculture__po_valley__r0c2,agriculture,po_valley,"Po Valley, Italy",45.0,10.0,44.96354260375915,10.050085768378684,45-60,32632,4000.0,-4000.0,12.5,0.001,14,20,cuda:0,0.0247800020999542,bilinear,,0.0315635518473359,-0.2737509754849547,168821,169800,,,,,,0.0,0.1143723772838711,0.0,0.1143723772838711,0.1143723772838711,computed,336,True
agriculture__po_valley__r0c2,agriculture,po_valley,"Po Valley, Italy",45.0,10.0,44.96354260375915,10.050085768378684,45-60,32632,4000.0,-4000.0,12.5,0.001,14,20,cuda:0,0.0247800020999542,bicubic,,0.0283271698964855,-0.1431463880520773,168821,169800,,,,,,0.0,0.7653591982088983,0.0,0.7653591982088983,0.7653591982088983,computed,336,True
agriculture__po_valley__r1c0,agriculture,po_valley,"Po Valley, Italy",45.0,10.0,45.00043308930792,9.949255594072977,45-60,32632,-4000.0,0.0,12.5,0.001,14,20,cuda:0,0.0369310826053418,blurred_observation,12.5,0.0369310826053418,0.0,169810,169810,,,,,,0.0,0.0,0.0,0.0,0.0,computed,337,True
agriculture__po_valley__r1c0,agriculture,po_valley,"Po Valley, Italy",45.0,10.0,45.00043308930792,9.949255594072977,45-60,32632,-4000.0,0.0,12.5,0.001,14,20,cuda:0,0.0369310826053418,psf_aware_matched,12.5,0.028828800490745,0.2193892391723407,169810,171129,22.0,65536.0,171129.0,1441792.0,0.000128557988418,0.2743615950457752,0.040463529061526,1.5061018620617688,0.3148251241073012,1.82092698616907,computed,337,True
agriculture__po_valley__r1c0,agriculture,po_valley,"Po Valley, Italy",45.0,10.0,45.00043308930792,9.949255594072977,45-60,32632,-4000.0,0.0,12.5,0.001,14,20,cuda:0,0.0369310826053418,psf_aware_plus50,18.75,0.0610677925660314,-0.6535608560036721,169810,173106,48.0,65536.0,173106.0,3145728.0,0.0002772867491594,0.4467775588855147,0.0802528928034007,1.5597378322854638,0.5270304516889155,2.0867682839743797,computed,337,True
agriculture__po_valley__r1c0,agriculture,po_valley,"Po Valley, Italy",45.0,10.0,45.00043308930792,9.949255594072977,45-60,32632,-4000.0,0.0,12.5,0.001,14,20,cuda:0,0.0369310826053418,psf_aware_minus50,6.25,0.0427408812921865,-0.1573146053943281,169271,169271,9.0,65536.0,169271.0,589824.0,5.316917841803971e-05,0.2527958680875599,0.0212280880659818,2.1309368908405304,0.2740239561535418,2.404960846994072,computed,337,True
agriculture__po_valley__r1c0,agriculture,po_valley,"Po Valley, Italy",45.0,10.0,45.00043308930792,9.949255594072977,45-60,32632,-4000.0,0.0,12.5,0.001,14,20,cuda:0,0.0369310826053418,nearest,,0.0452906248352699,-0.226355190267802,168829,169810,,,,,,0.0,0.1439456599764526,0.0,0.1439456599764526,0.1439456599764526,computed,337,True
agriculture__po_valley__r1c0,agriculture,po_valley,"Po Valley, Italy",45.0,10.0,45.00043308930792,9.949255594072977,45-60,32632,-4000.0,0.0,12.5,0.001,14,20,cuda:0,0.0369310826053418,bilinear,,0.0473367536541443,-0.2817591663911136,168829,169810,,,,,,0.0,0.1229864121414721,0.0,0.1229864121414721,0.1229864121414721,computed,337,True
agriculture__po_valley__r1c0,agriculture,po_valley,"Po Valley, Italy",45.0,10.0,45.00043308930792,9.949255594072977,45-60,32632,-4000.0,0.0,12.5,0.001,14,20,cuda:0,0.0369310826053418,bicubic,,0.0425607045844758,-0.1524358773690459,168829,169810,,,,,,0.0,0.7695641829632223,0.0,0.7695641829632223,0.7695641829632223,computed,337,True
agriculture__po_valley__r1c1,agriculture,po_valley,"Po Valley, Italy",45.0,10.0,45.0,10.0,45-60,32632,0.0,0.0,12.5,0.001,14,20,cuda:0,0.0278379461111729,blurred_observation,12.5,0.0278379461111729,0.0,169802,169802,,,,,,0.0,0.0,0.0,0.0,0.0,computed,338,True
agriculture__po_valley__r1c1,agriculture,po_valley,"Po Valley, Italy",45.0,10.0,45.0,10.0,45-60,32632,0.0,0.0,12.5,0.001,14,20,cuda:0,0.0278379461111729,psf_aware_matched,12.5,0.0207326856406787,0.2552365193221794,169802,171130,22.0,65536.0,171130.0,1441792.0,0.0001285572371881,0.2942711054347455,0.0414733630605042,1.588711969088763,0.3357444684952497,1.9244564375840127,computed,338,True
agriculture__po_valley__r1c1,agriculture,po_valley,"Po Valley, Italy",45.0,10.0,45.0,10.0,45-60,32632,0.0,0.0,12.5,0.001,14,20,cuda:0,0.0278379461111729,psf_aware_plus50,18.75,0.0454948629641208,-0.6342751287193982,169802,173097,48.0,65536.0,173097.0,3145728.0,0.000277301166398,0.4762098658829927,0.080041151959449,1.5343457167036831,0.5562510178424418,2.090596734546125,computed,338,True
agriculture__po_valley__r1c1,agriculture,po_valley,"Po Valley, Italy",45.0,10.0,45.0,10.0,45-60,32632,0.0,0.0,12.5,0.001,14,20,cuda:0,0.0278379461111729,psf_aware_minus50,6.25,0.0323789825202941,-0.1631239744119859,169269,169269,9.0,65536.0,169269.0,589824.0,5.316980663913652e-05,0.1966967028565704,0.0213702861219644,1.626810250338167,0.2180669889785349,1.844877239316702,computed,338,True
agriculture__po_valley__r1c1,agriculture,po_valley,"Po Valley, Italy",45.0,10.0,45.0,10.0,45-60,32632,0.0,0.0,12.5,0.001,14,20,cuda:0,0.0278379461111729,nearest,,0.0342780742485232,-0.2313435090229409,168817,169802,,,,,,0.0,0.1281738872639835,0.0,0.1281738872639835,0.1281738872639835,computed,338,True
agriculture__po_valley__r1c1,agriculture,po_valley,"Po Valley, Italy",45.0,10.0,45.0,10.0,45-60,32632,0.0,0.0,12.5,0.001,14,20,cuda:0,0.0278379461111729,bilinear,,0.0357710947893864,-0.2849760771334151,168817,169802,,,,,,0.0,0.1145940767601132,0.0,0.1145940767601132,0.1145940767601132,computed,338,True
agriculture__po_valley__r1c1,agriculture,po_valley,"Po Valley, Italy",45.0,10.0,45.0,10.0,45-60,32632,0.0,0.0,12.5,0.001,14,20,cuda:0,0.0278379461111729,bicubic,,0.0318517339514859,-0.1441840509455543,168817,169802,,,,,,0.0,0.7710498468950391,0.0,0.7710498468950391,0.7710498468950391,computed,338,True
agriculture__po_valley__r1c2,agriculture,po_valley,"Po Valley, Italy",45.0,10.0,44.99954436781082,10.050743227930448,45-60,32632,4000.0,0.0,12.5,0.001,14,20,cuda:0,0.0213814986099415,blurred_observation,12.5,0.0213814986099415,0.0,169800,169800,,,,,,0.0,0.0,0.0,0.0,0.0,computed,339,True
agriculture__po_valley__r1c2,agriculture,po_valley,"Po Valley, Italy",45.0,10.0,44.99954436781082,10.050743227930448,45-60,32632,4000.0,0.0,12.5,0.001,14,20,cuda:0,0.0213814986099415,psf_aware_matched,12.5,0.0167574057576178,0.2162660782894649,169800,171136,22.0,65536.0,171136.0,1441792.0,0.0001285527299925,0.2799695860594511,0.0404306869022548,1.530786506365985,0.3204002729617059,1.8511867793276904,computed,339,True
agriculture__po_valley__r1c2,agriculture,po_valley,"Po Valley, Italy",45.0,10.0,44.99954436781082,10.050743227930448,45-60,32632,4000.0,0.0,12.5,0.001,14,20,cuda:0,0.0213814986099415,psf_aware_plus50,18.75,0.034940835969103,-0.6341621607784298,169800,173096,48.0,65536.0,173096.0,3145728.0,0.0002773027684059,0.4341313559561968,0.0799866588786244,1.5904384702444077,0.5141180148348212,2.104556485079229,computed,339,True
agriculture__po_valley__r1c2,agriculture,po_valley,"Po Valley, Italy",45.0,10.0,44.99954436781082,10.050743227930448,45-60,32632,4000.0,0.0,12.5,0.001,14,20,cuda:0,0.0213814986099415,psf_aware_minus50,6.25,0.0244767909840374,-0.1447649872706653,169270,169270,9.0,65536.0,169270.0,589824.0,5.316949252673244e-05,0.1942359218373894,0.0210360931232571,1.489689527079463,0.2152720149606466,1.7049615420401096,computed,339,True
agriculture__po_valley__r1c2,agriculture,po_valley,"Po Valley, Italy",45.0,10.0,44.99954436781082,10.050743227930448,45-60,32632,4000.0,0.0,12.5,0.001,14,20,cuda:0,0.0213814986099415,nearest,,0.0258628433358329,-0.2095898331376904,168819,169800,,,,,,0.0,0.1262675472535193,0.0,0.1262675472535193,0.1262675472535193,computed,339,True
agriculture__po_valley__r1c2,agriculture,po_valley,"Po Valley, Italy",45.0,10.0,44.99954436781082,10.050743227930448,45-60,32632,4000.0,0.0,12.5,0.001,14,20,cuda:0,0.0213814986099415,bilinear,,0.0270378423531267,-0.2645438398108961,168819,169800,,,,,,0.0,0.1131500620394945,0.0,0.1131500620394945,0.1131500620394945,computed,339,True
agriculture__po_valley__r1c2,agriculture,po_valley,"Po Valley, Italy",45.0,10.0,44.99954436781082,10.050743227930448,45-60,32632,4000.0,0.0,12.5,0.001,14,20,cuda:0,0.0213814986099415,bicubic,,0.0243779833565233,-0.1401438131744705,168819,169800,,,,,,0.0,0.7682169009931386,0.0,0.7682169009931386,0.7682169009931386,computed,339,True
agriculture__po_valley__r2c0,agriculture,po_valley,"Po Valley, Italy",45.0,10.0,45.03643572792597,9.949850694621672,45-60,32632,-4000.0,4000.0,12.5,0.001,14,20,cuda:0,0.0286393467723984,blurred_observation,12.5,0.0286393467723984,0.0,169811,169811,,,,,,0.0,0.0,0.0,0.0,0.0,computed,340,True
agriculture__po_valley__r2c0,agriculture,po_valley,"Po Valley, Italy",45.0,10.0,45.03643572792597,9.949850694621672,45-60,32632,-4000.0,4000.0,12.5,0.001,14,20,cuda:0,0.0286393467723984,psf_aware_matched,12.5,0.0223869696879761,0.2183142351014836,169811,171132,22.0,65536.0,171132.0,1441792.0,0.0001285557347544,0.2749593672342598,0.0404492728412151,1.513743104878813,0.315408640075475,1.829151744954288,computed,340,True
agriculture__po_valley__r2c0,agriculture,po_valley,"Po Valley, Italy",45.0,10.0,45.03643572792597,9.949850694621672,45-60,32632,-4000.0,4000.0,12.5,0.001,14,20,cuda:0,0.0286393467723984,psf_aware_plus50,18.75,0.0473048708091189,-0.6517440563522052,169811,173099,48.0,65536.0,173099.0,3145728.0,0.0002772979624376,0.4326849970966577,0.080055187921971,1.5491998218931258,0.5127401850186288,2.0619400069117546,computed,340,True
agriculture__po_valley__r2c0,agriculture,po_valley,"Po Valley, Italy",45.0,10.0,45.03643572792597,9.949850694621672,45-60,32632,-4000.0,4000.0,12.5,0.001,14,20,cuda:0,0.0286393467723984,psf_aware_minus50,6.25,0.0333635098667529,-0.1649535910123298,169272,169272,9.0,65536.0,169272.0,589824.0,5.316886431305828e-05,0.1963061830028891,0.0209589279256761,1.5540592251345515,0.2172651109285652,1.7713243360631168,computed,340,True
agriculture__po_valley__r2c0,agriculture,po_valley,"Po Valley, Italy",45.0,10.0,45.03643572792597,9.949850694621672,45-60,32632,-4000.0,4000.0,12.5,0.001,14,20,cuda:0,0.0286393467723984,nearest,,0.0351031498021155,-0.2256965943073348,168826,169811,,,,,,0.0,0.1296107186935842,0.0,0.1296107186935842,0.1296107186935842,computed,340,True
agriculture__po_valley__r2c0,agriculture,po_valley,"Po Valley, Italy",45.0,10.0,45.03643572792597,9.949850694621672,45-60,32632,-4000.0,4000.0,12.5,0.001,14,20,cuda:0,0.0286393467723984,bilinear,,0.0366690031888211,-0.280371493115245,168826,169811,,,,,,0.0,0.1162669048644602,0.0,0.1162669048644602,0.1162669048644602,computed,340,True
agriculture__po_valley__r2c0,agriculture,po_valley,"Po Valley, Italy",45.0,10.0,45.03643572792597,9.949850694621672,45-60,32632,-4000.0,4000.0,12.5,0.001,14,20,cuda:0,0.0286393467723984,bicubic,,0.0329506795826148,-0.1505387970081577,168826,169811,,,,,,0.0,0.7661947319284081,0.0,0.7661947319284081,0.7661947319284081,computed,340,True
agriculture__po_valley__r2c1,agriculture,po_valley,"Po Valley, Italy",45.0,10.0,45.03600209766428,10.000626900264272,45-60,32632,0.0,4000.0,12.5,0.001,14,20,cuda:0,0.033523233678928,blurred_observation,12.5,0.033523233678928,0.0,169801,169801,,,,,,0.0,0.0,0.0,0.0,0.0,computed,341,True
agriculture__po_valley__r2c1,agriculture,po_valley,"Po Valley, Italy",45.0,10.0,45.03600209766428,10.000626900264272,45-60,32632,0.0,4000.0,12.5,0.001,14,20,cuda:0,0.033523233678928,psf_aware_matched,12.5,0.0265090638079439,0.2092330930292397,169801,171133,22.0,65536.0,171133.0,1441792.0,0.0001285549835508,0.2749546668492257,0.0406481996178627,1.5890879519283772,0.3156028664670884,1.9046908183954656,computed,341,True
agriculture__po_valley__r2c1,agriculture,po_valley,"Po Valley, Italy",45.0,10.0,45.03600209766428,10.000626900264272,45-60,32632,0.0,4000.0,12.5,0.001,14,20,cuda:0,0.033523233678928,psf_aware_plus50,18.75,0.0545718015665256,-0.6278799977708664,169801,173098,48.0,65536.0,173098.0,3145728.0,0.0002772995644086,0.4309988338500261,0.0798104153946042,1.5295633301138878,0.5108092492446303,2.040372579358518,computed,341,True
agriculture__po_valley__r2c1,agriculture,po_valley,"Po Valley, Italy",45.0,10.0,45.03600209766428,10.000626900264272,45-60,32632,0.0,4000.0,12.5,0.001,14,20,cuda:0,0.033523233678928,psf_aware_minus50,6.25,0.0387286831490338,-0.1552788588344871,169261,169261,9.0,65536.0,169261.0,589824.0,5.317231967198587e-05,0.1939546796493232,0.0210425551049411,1.5591647359542549,0.2149972347542643,1.7741619707085192,computed,341,True
agriculture__po_valley__r2c1,agriculture,po_valley,"Po Valley, Italy",45.0,10.0,45.03600209766428,10.000626900264272,45-60,32632,0.0,4000.0,12.5,0.001,14,20,cuda:0,0.033523233678928,nearest,,0.0407431695471404,-0.2153711046303603,168822,169801,,,,,,0.0,0.1280348640866577,0.0,0.1280348640866577,0.1280348640866577,computed,341,True
agriculture__po_valley__r2c1,agriculture,po_valley,"Po Valley, Italy",45.0,10.0,45.03600209766428,10.000626900264272,45-60,32632,0.0,4000.0,12.5,0.001,14,20,cuda:0,0.033523233678928,bilinear,,0.0424878745780063,-0.2674157566342801,168822,169801,,,,,,0.0,0.1133945048786699,0.0,0.1133945048786699,0.1133945048786699,computed,341,True
agriculture__po_valley__r2c1,agriculture,po_valley,"Po Valley, Italy",45.0,10.0,45.03600209766428,10.000626900264272,45-60,32632,0.0,4000.0,12.5,0.001,14,20,cuda:0,0.033523233678928,bicubic,,0.0384421132559439,-0.1467304623452177,168822,169801,,,,,,0.0,0.7628982472233474,0.0,0.7628982472233474,0.7628982472233474,computed,341,True
agriculture__po_valley__r2c2,agriculture,po_valley,"Po Valley, Italy",45.0,10.0,45.03554589637275,10.051401925203386,45-60,32632,4000.0,4000.0,12.5,0.001,14,20,cuda:0,0.0217163355412133,blurred_observation,12.5,0.0217163355412133,0.0,169803,169803,,,,,,0.0,0.0,0.0,0.0,0.0,computed,342,True
agriculture__po_valley__r2c2,agriculture,po_valley,"Po Valley, Italy",45.0,10.0,45.03554589637275,10.051401925203386,45-60,32632,4000.0,4000.0,12.5,0.001,14,20,cuda:0,0.0217163355412133,psf_aware_matched,12.5,0.0160692963729284,0.2600364669061217,169803,171129,22.0,65536.0,171129.0,1441792.0,0.000128557988418,0.2740616570226848,0.0404126341454684,1.4956288863904774,0.3144742911681533,1.8101031775586307,computed,342,True
agriculture__po_valley__r2c2,agriculture,po_valley,"Po Valley, Italy",45.0,10.0,45.03554589637275,10.051401925203386,45-60,32632,4000.0,4000.0,12.5,0.001,14,20,cuda:0,0.0217163355412133,psf_aware_plus50,18.75,0.0359952426454734,-0.657519178461831,169803,173097,48.0,65536.0,173097.0,3145728.0,0.000277301166398,0.4264460997655988,0.0798797160387039,1.5181874637492,0.5063258158043027,2.024513279553503,computed,342,True
agriculture__po_valley__r2c2,agriculture,po_valley,"Po Valley, Italy",45.0,10.0,45.03554589637275,10.051401925203386,45-60,32632,4000.0,4000.0,12.5,0.001,14,20,cuda:0,0.0217163355412133,psf_aware_minus50,6.25,0.0253746910241063,-0.1684609945333581,169270,169270,9.0,65536.0,169270.0,589824.0,5.316949252673244e-05,0.173922308254987,0.0210014577023684,1.485256148967892,0.1949237659573555,1.6801799149252474,computed,342,True
agriculture__po_valley__r2c2,agriculture,po_valley,"Po Valley, Italy",45.0,10.0,45.03554589637275,10.051401925203386,45-60,32632,4000.0,4000.0,12.5,0.001,14,20,cuda:0,0.0217163355412133,nearest,,0.026786140633081,-0.2334558278603749,168818,169803,,,,,,0.0,0.1300170389004051,0.0,0.1300170389004051,0.1300170389004051,computed,342,True
agriculture__po_valley__r2c2,agriculture,po_valley,"Po Valley, Italy",45.0,10.0,45.03554589637275,10.051401925203386,45-60,32632,4000.0,4000.0,12.5,0.001,14,20,cuda:0,0.0217163355412133,bilinear,,0.0280530546843011,-0.2917950466855659,168818,169803,,,,,,0.0,0.1150141418911516,0.0,0.1150141418911516,0.1150141418911516,computed,342,True
agriculture__po_valley__r2c2,agriculture,po_valley,"Po Valley, Italy",45.0,10.0,45.03554589637275,10.051401925203386,45-60,32632,4000.0,4000.0,12.5,0.001,14,20,cuda:0,0.0217163355412133,bicubic,,0.0248929093370071,-0.1462757742790073,168818,169803,,,,,,0.0,0.7754160473123193,0.0,0.7754160473123193,0.7754160473123193,computed,342,True
agriculture__western_australia__r0c0,agriculture,western_australia,Western Australian wheat belt,-31.5,117.0,-31.536083047998236,116.95786272830834,30-45,32750,-4000.0,-4000.0,12.5,0.001,14,20,cuda:0,0.0342796836418604,blurred_observation,12.5,0.0342796836418604,0.0,170515,170515,,,,,,0.0,0.0,0.0,0.0,0.0,computed,343,True
agriculture__western_australia__r0c0,agriculture,western_australia,Western Australian wheat belt,-31.5,117.0,-31.536083047998236,116.95786272830834,30-45,32750,-4000.0,-4000.0,12.5,0.001,14,20,cuda:0,0.0342796836418604,psf_aware_matched,12.5,0.0314290502362188,0.0831581013239159,170515,171897,22.0,65536.0,171897.0,1441792.0,0.0001279836180968,0.2797826319001615,0.0402792706154286,2.3033505408093333,0.3200619025155902,2.6234124433249235,computed,343,True
agriculture__western_australia__r0c0,agriculture,western_australia,Western Australian wheat belt,-31.5,117.0,-31.536083047998236,116.95786272830834,30-45,32750,-4000.0,-4000.0,12.5,0.001,14,20,cuda:0,0.0342796836418604,psf_aware_plus50,18.75,0.0467529113402871,-0.3638664763870542,170515,173518,48.0,65536.0,173518.0,3145728.0,0.0002766283613227,0.4347564401105046,0.0802338672801852,2.277075503952801,0.5149903073906898,2.792065811343491,computed,343,True
agriculture__western_australia__r0c0,agriculture,western_australia,Western Australian wheat belt,-31.5,117.0,-31.536083047998236,116.95786272830834,30-45,32750,-4000.0,-4000.0,12.5,0.001,14,20,cuda:0,0.0342796836418604,psf_aware_minus50,6.25,0.0378546293239612,-0.1042875926000459,169679,169679,9.0,65536.0,169679.0,589824.0,5.304133098379882e-05,0.1739294710569083,0.022230165079236,2.231192971114069,0.1961596361361444,2.4273526072502136,computed,343,True
agriculture__western_australia__r0c0,agriculture,western_australia,Western Australian wheat belt,-31.5,117.0,-31.536083047998236,116.95786272830834,30-45,32750,-4000.0,-4000.0,12.5,0.001,14,20,cuda:0,0.0342796836418604,nearest,,0.0389999319338,-0.1376981287591441,169415,170515,,,,,,0.0,0.1252051037736237,0.0,0.1252051037736237,0.1252051037736237,computed,343,True
agriculture__western_australia__r0c0,agriculture,western_australia,Western Australian wheat belt,-31.5,117.0,-31.536083047998236,116.95786272830834,30-45,32750,-4000.0,-4000.0,12.5,0.001,14,20,cuda:0,0.0342796836418604,bilinear,,0.0400187390246365,-0.1674185632147407,169415,170515,,,,,,0.0,0.1107670878991484,0.0,0.1107670878991484,0.1107670878991484,computed,343,True
agriculture__western_australia__r0c0,agriculture,western_australia,Western Australian wheat belt,-31.5,117.0,-31.536083047998236,116.95786272830834,30-45,32750,-4000.0,-4000.0,12.5,0.001,14,20,cuda:0,0.0342796836418604,bicubic,,0.0379261673736329,-0.1063744861203925,169415,170515,,,,,,0.0,0.7600370179861784,0.0,0.7600370179861784,0.7600370179861784,computed,343,True
agriculture__western_australia__r0c1,agriculture,western_australia,Western Australian wheat belt,-31.5,117.0,-31.53608998913279,117.0,30-45,32750,0.0,-4000.0,12.5,0.001,14,20,cuda:0,0.0394213316796722,blurred_observation,12.5,0.0394213316796722,0.0,170414,170414,,,,,,0.0,0.0,0.0,0.0,0.0,computed,344,True
agriculture__western_australia__r0c1,agriculture,western_australia,Western Australian wheat belt,-31.5,117.0,-31.53608998913279,117.0,30-45,32750,0.0,-4000.0,12.5,0.001,14,20,cuda:0,0.0394213316796722,psf_aware_matched,12.5,0.0351797682461819,0.1075956405520803,170414,171585,22.0,65536.0,171585.0,1441792.0,0.0001282163359268,0.2722888183780014,0.0403213910758495,2.2449308605864644,0.312610209453851,2.5575410700403154,computed,344,True
agriculture__western_australia__r0c1,agriculture,western_australia,Western Australian wheat belt,-31.5,117.0,-31.53608998913279,117.0,30-45,32750,0.0,-4000.0,12.5,0.001,14,20,cuda:0,0.0394213316796722,psf_aware_plus50,18.75,0.052981680860063,-0.3439850609456503,170414,173822,48.0,65536.0,173822.0,3145728.0,0.000276144561678,0.4322891980409622,0.0796223077923059,2.284649008885026,0.5119115058332682,2.796560514718294,computed,344,True
agriculture__western_australia__r0c1,agriculture,western_australia,Western Australian wheat belt,-31.5,117.0,-31.53608998913279,117.0,30-45,32750,0.0,-4000.0,12.5,0.001,14,20,cuda:0,0.0394213316796722,psf_aware_minus50,6.25,0.0434009193206857,-0.1009501067429823,169704,169704,9.0,65536.0,169704.0,589824.0,5.3033517182859566e-05,0.1735891872085631,0.0222994456999003,2.2159200133755803,0.1958886329084634,2.411808646284044,computed,344,True
agriculture__western_australia__r0c1,agriculture,western_australia,Western Australian wheat belt,-31.5,117.0,-31.53608998913279,117.0,30-45,32750,0.0,-4000.0,12.5,0.001,14,20,cuda:0,0.0394213316796722,nearest,,0.0447837638758867,-0.1360286922772731,169558,170414,,,,,,0.0,0.1222697049379348,0.0,0.1222697049379348,0.1222697049379348,computed,344,True
agriculture__western_australia__r0c1,agriculture,western_australia,Western Australian wheat belt,-31.5,117.0,-31.53608998913279,117.0,30-45,32750,0.0,-4000.0,12.5,0.001,14,20,cuda:0,0.0394213316796722,bilinear,,0.0460329868752994,-0.1677177029267236,169558,170414,,,,,,0.0,0.1084339800290763,0.0,0.1084339800290763,0.1084339800290763,computed,344,True
agriculture__western_australia__r0c1,agriculture,western_australia,Western Australian wheat belt,-31.5,117.0,-31.53608998913279,117.0,30-45,32750,0.0,-4000.0,12.5,0.001,14,20,cuda:0,0.0394213316796722,bicubic,,0.0430619780500769,-0.0923521914477074,169558,170414,,,,,,0.0,0.778069943189621,0.0,0.778069943189621,0.778069943189621,computed,344,True
agriculture__western_australia__r0c2,agriculture,western_australia,Western Australian wheat belt,-31.5,117.0,-31.536083047998236,117.04213727169166,30-45,32750,4000.0,-4000.0,12.5,0.001,14,20,cuda:0,0.0351373848916445,blurred_observation,12.5,0.0351373848916445,0.0,170684,170684,,,,,,0.0,0.0,0.0,0.0,0.0,computed,345,True
agriculture__western_australia__r0c2,agriculture,western_australia,Western Australian wheat belt,-31.5,117.0,-31.536083047998236,117.04213727169166,30-45,32750,4000.0,-4000.0,12.5,0.001,14,20,cuda:0,0.0351373848916445,psf_aware_matched,12.5,0.0301756052373573,0.1412108405218008,170684,171898,22.0,65536.0,171898.0,1441792.0,0.0001279828735645,0.2730795159004628,0.0406744801439344,2.351480280980468,0.3137539960443973,2.665234277024865,computed,345,True
agriculture__western_australia__r0c2,agriculture,western_australia,Western Australian wheat belt,-31.5,117.0,-31.536083047998236,117.04213727169166,30-45,32750,4000.0,-4000.0,12.5,0.001,14,20,cuda:0,0.0351373848916445,psf_aware_plus50,18.75,0.0486410774844627,-0.3843112580648902,170684,173614,48.0,65536.0,173614.0,3145728.0,0.0002764753994493,0.5070571708492935,0.0797240207903087,2.3361816848628223,0.5867811916396022,2.9229628765024245,computed,345,True
agriculture__western_australia__r0c2,agriculture,western_australia,Western Australian wheat belt,-31.5,117.0,-31.536083047998236,117.04213727169166,30-45,32750,4000.0,-4000.0,12.5,0.001,14,20,cuda:0,0.0351373848916445,psf_aware_minus50,6.25,0.0394763656011222,-0.1234861593387806,169565,169565,9.0,65536.0,169565.0,589824.0,5.30769911243476e-05,0.1895289877429604,0.0230922871269285,2.3839580859057605,0.212621274869889,2.596579360775649,computed,345,True
agriculture__western_australia__r0c2,agriculture,western_australia,Western Australian wheat belt,-31.5,117.0,-31.536083047998236,117.04213727169166,30-45,32750,4000.0,-4000.0,12.5,0.001,14,20,cuda:0,0.0351373848916445,nearest,,0.0409127895229093,-0.1643663764128959,169558,170684,,,,,,0.0,0.1425653561018407,0.0,0.1425653561018407,0.1425653561018407,computed,345,True
agriculture__western_australia__r0c2,agriculture,western_australia,Western Australian wheat belt,-31.5,117.0,-31.536083047998236,117.04213727169166,30-45,32750,4000.0,-4000.0,12.5,0.001,14,20,cuda:0,0.0351373848916445,bilinear,,0.0421162300509593,-0.1986159522353727,169558,170684,,,,,,0.0,0.1098561026155948,0.0,0.1098561026155948,0.1098561026155948,computed,345,True
agriculture__western_australia__r0c2,agriculture,western_australia,Western Australian wheat belt,-31.5,117.0,-31.536083047998236,117.04213727169166,30-45,32750,4000.0,-4000.0,12.5,0.001,14,20,cuda:0,0.0351373848916445,bicubic,,0.0387589670066305,-0.1030691989786398,169558,170684,,,,,,0.0,0.7621891549788415,0.0,0.7621891549788415,0.7621891549788415,computed,345,True
agriculture__western_australia__r1c0,agriculture,western_australia,Western Australian wheat belt,-31.5,117.0,-31.499993068617112,116.95787892220514,30-45,32750,-4000.0,0.0,12.5,0.001,14,20,cuda:0,0.0318692554864087,blurred_observation,12.5,0.0318692554864087,0.0,170145,170145,,,,,,0.0,0.0,0.0,0.0,0.0,computed,346,True
agriculture__western_australia__r1c0,agriculture,western_australia,Western Australian wheat belt,-31.5,117.0,-31.499993068617112,116.95787892220514,30-45,32750,-4000.0,0.0,12.5,0.001,14,20,cuda:0,0.0318692554864087,psf_aware_matched,12.5,0.0288119568218317,0.0959325411878796,170145,171327,22.0,65536.0,171327.0,1441792.0,0.0001284094159122,0.2739335638470948,0.0406608427874743,2.3217836250551045,0.3145944066345691,2.6363780316896737,computed,346,True
agriculture__western_australia__r1c0,agriculture,western_australia,Western Australian wheat belt,-31.5,117.0,-31.499993068617112,116.95787892220514,30-45,32750,-4000.0,0.0,12.5,0.001,14,20,cuda:0,0.0318692554864087,psf_aware_plus50,18.75,0.0432841350032457,-0.3581784181216612,170145,173657,48.0,65536.0,173657.0,3145728.0,0.0002764069401175,0.5047758109867573,0.0797857879661023,2.35774500714615,0.5845615989528596,2.942306606099009,computed,346,True
agriculture__western_australia__r1c0,agriculture,western_australia,Western Australian wheat belt,-31.5,117.0,-31.499993068617112,116.95787892220514,30-45,32750,-4000.0,0.0,12.5,0.001,14,20,cuda:0,0.0318692554864087,psf_aware_minus50,6.25,0.0357774478491468,-0.1226320572316108,169968,169968,9.0,65536.0,169968.0,589824.0,5.295114374470489e-05,0.1908206236548721,0.0225919811055064,2.3016323070041835,0.2134126047603786,2.515044911764562,computed,346,True
agriculture__western_australia__r1c0,agriculture,western_australia,Western Australian wheat belt,-31.5,117.0,-31.499993068617112,116.95787892220514,30-45,32750,-4000.0,0.0,12.5,0.001,14,20,cuda:0,0.0318692554864087,nearest,,0.0368600446495955,-0.1566020004864932,169321,170145,,,,,,0.0,0.1464996268041432,0.0,0.1464996268041432,0.1464996268041432,computed,346,True
agriculture__western_australia__r1c0,agriculture,western_australia,Western Australian wheat belt,-31.5,117.0,-31.499993068617112,116.95787892220514,30-45,32750,-4000.0,0.0,12.5,0.001,14,20,cuda:0,0.0318692554864087,bilinear,,0.0378823286489147,-0.1886794363636892,169321,170145,,,,,,0.0,0.1090788813307881,0.0,0.1090788813307881,0.1090788813307881,computed,346,True
agriculture__western_australia__r1c0,agriculture,western_australia,Western Australian wheat belt,-31.5,117.0,-31.499993068617112,116.95787892220514,30-45,32750,-4000.0,0.0,12.5,0.001,14,20,cuda:0,0.0318692554864087,bicubic,,0.0355726795993,-0.1162067973150708,169321,170145,,,,,,0.0,0.7630263702012599,0.0,0.7630263702012599,0.7630263702012599,computed,346,True
agriculture__western_australia__r1c1,agriculture,western_australia,Western Australian wheat belt,-31.5,117.0,-31.5,117.0,30-45,32750,0.0,0.0,12.5,0.001,14,20,cuda:0,0.0231918032029407,blurred_observation,12.5,0.0231918032029407,0.0,170144,170144,,,,,,0.0,0.0,0.0,0.0,0.0,computed,347,True
agriculture__western_australia__r1c1,agriculture,western_australia,Western Australian wheat belt,-31.5,117.0,-31.5,117.0,30-45,32750,0.0,0.0,12.5,0.001,14,20,cuda:0,0.0231918032029407,psf_aware_matched,12.5,0.0179028820627735,0.2280513116589643,170144,171584,22.0,65536.0,171584.0,1441792.0,0.0001282170831779,0.2792856711894274,0.0407328810542821,2.350806995760649,0.3200185522437095,2.670825548004359,computed,347,True
agriculture__western_australia__r1c1,agriculture,western_australia,Western Australian wheat belt,-31.5,117.0,-31.5,117.0,30-45,32750,0.0,0.0,12.5,0.001,14,20,cuda:0,0.0231918032029407,psf_aware_plus50,18.75,0.0354784057556505,-0.5297821150514013,170144,173926,48.0,65536.0,173926.0,3145728.0,0.0002759794395317,0.4473769436590373,0.0797238708473742,2.290970431640744,0.5271008145064116,2.818071246147156,computed,347,True
agriculture__western_australia__r1c1,agriculture,western_australia,Western Australian wheat belt,-31.5,117.0,-31.5,117.0,30-45,32750,0.0,0.0,12.5,0.001,14,20,cuda:0,0.0231918032029407,psf_aware_minus50,6.25,0.0273262673218045,-0.1782726458432324,169834,169834,9.0,65536.0,169834.0,589824.0,5.299292250079489e-05,0.1728668687865138,0.0222556539811193,2.2300087776966397,0.1951225227676332,2.4251313004642725,computed,347,True
agriculture__western_australia__r1c1,agriculture,western_australia,Western Australian wheat belt,-31.5,117.0,-31.5,117.0,30-45,32750,0.0,0.0,12.5,0.001,14,20,cuda:0,0.0231918032029407,nearest,,0.0285766948731645,-0.2321894344783428,169427,170144,,,,,,0.0,0.121412290725857,0.0,0.121412290725857,0.121412290725857,computed,347,True
agriculture__western_australia__r1c1,agriculture,western_australia,Western Australian wheat belt,-31.5,117.0,-31.5,117.0,30-45,32750,0.0,0.0,12.5,0.001,14,20,cuda:0,0.0231918032029407,bilinear,,0.0296671749377692,-0.2792094982078612,169427,170144,,,,,,0.0,0.1080032042227685,0.0,0.1080032042227685,0.1080032042227685,computed,347,True
agriculture__western_australia__r1c1,agriculture,western_australia,Western Australian wheat belt,-31.5,117.0,-31.5,117.0,30-45,32750,0.0,0.0,12.5,0.001,14,20,cuda:0,0.0231918032029407,bicubic,,0.0264999641764962,-0.1426435428331003,169427,170144,,,,,,0.0,0.7563800220377743,0.0,0.7563800220377743,0.7563800220377743,computed,347,True
agriculture__western_australia__r1c2,agriculture,western_australia,Western Australian wheat belt,-31.5,117.0,-31.499993068617112,117.04212107779485,30-45,32750,4000.0,0.0,12.5,0.001,14,20,cuda:0,0.0329872223242926,blurred_observation,12.5,0.0329872223242926,0.0,170144,170144,,,,,,0.0,0.0,0.0,0.0,0.0,computed,348,True
agriculture__western_australia__r1c2,agriculture,western_australia,Western Australian wheat belt,-31.5,117.0,-31.499993068617112,117.04212107779485,30-45,32750,4000.0,0.0,12.5,0.001,14,20,cuda:0,0.0329872223242926,psf_aware_matched,12.5,0.0264959948028549,0.1967800579758833,170144,171377,22.0,65536.0,171377.0,1441792.0,0.0001283719518955,0.2719998420216143,0.0404257583431899,2.2522403760813177,0.3124256003648042,2.564665976446122,computed,348,True
agriculture__western_australia__r1c2,agriculture,western_australia,Western Australian wheat belt,-31.5,117.0,-31.499993068617112,117.04212107779485,30-45,32750,4000.0,0.0,12.5,0.001,14,20,cuda:0,0.0329872223242926,psf_aware_plus50,18.75,0.0508800337219887,-0.5424164308772186,170144,173660,48.0,65536.0,173660.0,3145728.0,0.0002764021651502,0.4812160870060324,0.0796835948713123,2.295496293809265,0.5608996818773448,2.8563959756866097,computed,348,True
agriculture__western_australia__r1c2,agriculture,western_australia,Western Australian wheat belt,-31.5,117.0,-31.499993068617112,117.04212107779485,30-45,32750,4000.0,0.0,12.5,0.001,14,20,cuda:0,0.0329872223242926,psf_aware_minus50,6.25,0.0380895010657144,-0.1546743975974081,169980,169980,9.0,65536.0,169980.0,589824.0,5.294740557712672e-05,0.1764121130108833,0.0223445417359471,2.2477355641312897,0.1987566547468304,2.44649221887812,computed,348,True
agriculture__western_australia__r1c2,agriculture,western_australia,Western Australian wheat belt,-31.5,117.0,-31.499993068617112,117.04212107779485,30-45,32750,4000.0,0.0,12.5,0.001,14,20,cuda:0,0.0329872223242926,nearest,,0.0398328158556492,-0.2075225814425523,169320,170144,,,,,,0.0,0.1546570882201194,0.0,0.1546570882201194,0.1546570882201194,computed,348,True
agriculture__western_australia__r1c2,agriculture,western_australia,Western Australian wheat belt,-31.5,117.0,-31.499993068617112,117.04212107779485,30-45,32750,4000.0,0.0,12.5,0.001,14,20,cuda:0,0.0329872223242926,bilinear,,0.0414064621787483,-0.2552273050360951,169320,170144,,,,,,0.0,0.1096980636939406,0.0,0.1096980636939406,0.1096980636939406,computed,348,True
agriculture__western_australia__r1c2,agriculture,western_australia,Western Australian wheat belt,-31.5,117.0,-31.499993068617112,117.04212107779485,30-45,32750,4000.0,0.0,12.5,0.001,14,20,cuda:0,0.0329872223242926,bicubic,,0.0375971486298812,-0.1397488476073887,169320,170144,,,,,,0.0,0.7770557031035423,0.0,0.7770557031035423,0.7770557031035423,computed,348,True
agriculture__western_australia__r2c0,agriculture,western_australia,Western Australian wheat belt,-31.5,117.0,-31.463902885463376,116.95789508704188,30-45,32750,-4000.0,4000.0,12.5,0.001,14,20,cuda:0,0.0335335888473933,blurred_observation,12.5,0.0335335888473933,0.0,170097,170097,,,,,,0.0,0.0,0.0,0.0,0.0,computed,349,True
agriculture__western_australia__r2c0,agriculture,western_australia,Western Australian wheat belt,-31.5,117.0,-31.463902885463376,116.95789508704188,30-45,32750,-4000.0,4000.0,12.5,0.001,14,20,cuda:0,0.0335335888473933,psf_aware_matched,12.5,0.0265811632770516,0.2073272145722691,170097,171757,22.0,65536.0,171757.0,1441792.0,0.0001280879381917,0.2800800357945263,0.0405471776612103,2.290409028995782,0.3206272134557366,2.6110362424515188,computed,349,True
agriculture__western_australia__r2c0,agriculture,western_australia,Western Australian wheat belt,-31.5,117.0,-31.463902885463376,116.95789508704188,30-45,32750,-4000.0,4000.0,12.5,0.001,14,20,cuda:0,0.0335335888473933,psf_aware_plus50,18.75,0.0514384487023296,-0.5339380743414821,170097,173724,48.0,65536.0,173724.0,3145728.0,0.0002763003384679,0.43776874570176,0.0797184309922158,2.3695156509056687,0.5174871766939759,2.8870028275996447,computed,349,True
agriculture__western_australia__r2c0,agriculture,western_australia,Western Australian wheat belt,-31.5,117.0,-31.463902885463376,116.95789508704188,30-45,32750,-4000.0,4000.0,12.5,0.001,14,20,cuda:0,0.0335335888473933,psf_aware_minus50,6.25,0.0393228760232303,-0.1726414432461502,169874,169874,9.0,65536.0,169874.0,589824.0,5.298044432932644e-05,0.1756608700379729,0.0223429589532315,2.226656327955425,0.1980038289912045,2.4246601569466293,computed,349,True
agriculture__western_australia__r2c0,agriculture,western_australia,Western Australian wheat belt,-31.5,117.0,-31.463902885463376,116.95789508704188,30-45,32750,-4000.0,4000.0,12.5,0.001,14,20,cuda:0,0.0335335888473933,nearest,,0.0410358906910938,-0.2237249904220637,169409,170097,,,,,,0.0,0.1254468923434615,0.0,0.1254468923434615,0.1254468923434615,computed,349,True
agriculture__western_australia__r2c0,agriculture,western_australia,Western Australian wheat belt,-31.5,117.0,-31.463902885463376,116.95789508704188,30-45,32750,-4000.0,4000.0,12.5,0.001,14,20,cuda:0,0.0335335888473933,bilinear,,0.0425933189574804,-0.2701688194280858,169409,170097,,,,,,0.0,0.1122502069920301,0.0,0.1122502069920301,0.1122502069920301,computed,349,True
agriculture__western_australia__r2c0,agriculture,western_australia,Western Australian wheat belt,-31.5,117.0,-31.463902885463376,116.95789508704188,30-45,32750,-4000.0,4000.0,12.5,0.001,14,20,cuda:0,0.0335335888473933,bicubic,,0.0382728437989082,-0.1413285936403199,169409,170097,,,,,,0.0,0.7578135561197996,0.0,0.7578135561197996,0.7578135561197996,computed,349,True
agriculture__western_australia__r2c1,agriculture,western_australia,Western Australian wheat belt,-31.5,117.0,-31.463909807101928,117.0,30-45,32750,0.0,4000.0,12.5,0.001,14,20,cuda:0,0.0260167601306267,blurred_observation,12.5,0.0260167601306267,0.0,170322,170322,,,,,,0.0,0.0,0.0,0.0,0.0,computed,350,True
agriculture__western_australia__r2c1,agriculture,western_australia,Western Australian wheat belt,-31.5,117.0,-31.463909807101928,117.0,30-45,32750,0.0,4000.0,12.5,0.001,14,20,cuda:0,0.0260167601306267,psf_aware_matched,12.5,0.0204813472959686,0.2127633420481858,170322,171898,22.0,65536.0,171898.0,1441792.0,0.0001279828735645,0.2727347230538726,0.0403602439910173,2.28524844488129,0.3130949670448899,2.59834341192618,computed,350,True
agriculture__western_australia__r2c1,agriculture,western_australia,Western Australian wheat belt,-31.5,117.0,-31.463909807101928,117.0,30-45,32750,0.0,4000.0,12.5,0.001,14,20,cuda:0,0.0260167601306267,psf_aware_plus50,18.75,0.0407343842192698,-0.5656978045977978,170322,173659,48.0,65536.0,173659.0,3145728.0,0.0002764037567877,0.4965900159440934,0.079707721248269,2.3307407493703067,0.5762977371923625,2.9070384865626693,computed,350,True
agriculture__western_australia__r2c1,agriculture,western_australia,Western Australian wheat belt,-31.5,117.0,-31.463909807101928,117.0,30-45,32750,0.0,4000.0,12.5,0.001,14,20,cuda:0,0.0260167601306267,psf_aware_minus50,6.25,0.0309128334565059,-0.188189201933548,169843,169843,9.0,65536.0,169843.0,589824.0,5.29901143997692e-05,0.17663315217942,0.022278846707195,2.240300059784204,0.198911998886615,2.439212058670819,computed,350,True
agriculture__western_australia__r2c1,agriculture,western_australia,Western Australian wheat belt,-31.5,117.0,-31.463909807101928,117.0,30-45,32750,0.0,4000.0,12.5,0.001,14,20,cuda:0,0.0260167601306267,nearest,,0.0323310666293986,-0.2427014919255339,169289,170322,,,,,,0.0,0.1225999812595546,0.0,0.1225999812595546,0.1225999812595546,computed,350,True
agriculture__western_australia__r2c1,agriculture,western_australia,Western Australian wheat belt,-31.5,117.0,-31.463909807101928,117.0,30-45,32750,0.0,4000.0,12.5,0.001,14,20,cuda:0,0.0260167601306267,bilinear,,0.033528849919947,-0.2887404024022615,169289,170322,,,,,,0.0,0.1075329729355871,0.0,0.1075329729355871,0.1075329729355871,computed,350,True
agriculture__western_australia__r2c1,agriculture,western_australia,Western Australian wheat belt,-31.5,117.0,-31.463909807101928,117.0,30-45,32750,0.0,4000.0,12.5,0.001,14,20,cuda:0,0.0260167601306267,bicubic,,0.0299190892400949,-0.1499928926536249,169289,170322,,,,,,0.0,0.757769713178277,0.0,0.757769713178277,0.757769713178277,computed,350,True
agriculture__western_australia__r2c2,agriculture,western_australia,Western Australian wheat belt,-31.5,117.0,-31.463902885463376,117.04210491295812,30-45,32750,4000.0,4000.0,12.5,0.001,14,20,cuda:0,0.0145975432089358,blurred_observation,12.5,0.0145975432089358,0.0,170268,170268,,,,,,0.0,0.0,0.0,0.0,0.0,computed,351,True
agriculture__western_australia__r2c2,agriculture,western_australia,Western Australian wheat belt,-31.5,117.0,-31.463902885463376,117.04210491295812,30-45,32750,4000.0,4000.0,12.5,0.001,14,20,cuda:0,0.0145975432089358,psf_aware_matched,12.5,0.0120095548689532,0.1772893084089931,170268,171594,22.0,65536.0,171594.0,1441792.0,0.0001282096110586,0.2726359460502863,0.0403921538963913,2.265671313740313,0.3130280999466777,2.5786994136869907,computed,351,True
agriculture__western_australia__r2c2,agriculture,western_australia,Western Australian wheat belt,-31.5,117.0,-31.463902885463376,117.04210491295812,30-45,32750,4000.0,4000.0,12.5,0.001,14,20,cuda:0,0.0145975432089358,psf_aware_plus50,18.75,0.0228441092084887,-0.5649283500325406,170268,173657,48.0,65536.0,173657.0,3145728.0,0.0002764069401175,0.442464851308614,0.0798771511763334,2.526788332965225,0.5223420024849474,3.0491303354501724,computed,351,True
agriculture__western_australia__r2c2,agriculture,western_australia,Western Australian wheat belt,-31.5,117.0,-31.463902885463376,117.04210491295812,30-45,32750,4000.0,4000.0,12.5,0.001,14,20,cuda:0,0.0145975432089358,psf_aware_minus50,6.25,0.01698640073063,-0.1636479157829673,169863,169863,9.0,65536.0,169863.0,589824.0,5.29838752406351e-05,0.175066736061126,0.0225649089552462,2.233365084975958,0.1976316450163722,2.43099672999233,computed,351,True
agriculture__western_australia__r2c2,agriculture,western_australia,Western Australian wheat belt,-31.5,117.0,-31.463902885463376,117.04210491295812,30-45,32750,4000.0,4000.0,12.5,0.001,14,20,cuda:0,0.0145975432089358,nearest,,0.0177043494982337,-0.2128307650698389,169472,170268,,,,,,0.0,0.1242890586145222,0.0,0.1242890586145222,0.1242890586145222,computed,351,True
agriculture__western_australia__r2c2,agriculture,western_australia,Western Australian wheat belt,-31.5,117.0,-31.463902885463376,117.04210491295812,30-45,32750,4000.0,4000.0,12.5,0.001,14,20,cuda:0,0.0145975432089358,bilinear,,0.0184157385320023,-0.2615642419012773,169472,170268,,,,,,0.0,0.1094847489148378,0.0,0.1094847489148378,0.1094847489148378,computed,351,True
agriculture__western_australia__r2c2,agriculture,western_australia,Western Australian wheat belt,-31.5,117.0,-31.463902885463376,117.04210491295812,30-45,32750,4000.0,4000.0,12.5,0.001,14,20,cuda:0,0.0145975432089358,bicubic,,0.0167612570508571,-0.1482245204519587,169472,170268,,,,,,0.0,0.760067184921354,0.0,0.760067184921354,0.760067184921354,computed,351,True
agriculture__mato_grosso__r0c0,agriculture,mato_grosso,"Mato Grosso, Brazil",-13.0,-56.0,-13.036305061804198,-56.03674117298044,00-15,32721,-4000.0,-4000.0,12.5,0.001,14,20,cuda:0,0.0145779071815873,blurred_observation,12.5,0.0145779071815873,0.0,170804,170804,,,,,,0.0,0.0,0.0,0.0,0.0,computed,352,True
agriculture__mato_grosso__r0c0,agriculture,mato_grosso,"Mato Grosso, Brazil",-13.0,-56.0,-13.036305061804198,-56.03674117298044,00-15,32721,-4000.0,-4000.0,12.5,0.001,14,20,cuda:0,0.0145779071815873,psf_aware_matched,12.5,0.011812912935922,0.1896701777027073,170804,172117,22.0,65536.0,172117.0,1441792.0,0.0001278200293986,0.2684637140482664,0.0402233153581619,2.85698158480227,0.3086870294064283,3.1656686142086983,computed,352,True
agriculture__mato_grosso__r0c0,agriculture,mato_grosso,"Mato Grosso, Brazil",-13.0,-56.0,-13.036305061804198,-56.03674117298044,00-15,32721,-4000.0,-4000.0,12.5,0.001,14,20,cuda:0,0.0145779071815873,psf_aware_plus50,18.75,0.0216349898319854,-0.4840943602186973,170804,174124,48.0,65536.0,174124.0,3145728.0,0.0002756656176058,0.4946611830964684,0.0797413839027285,2.761278259102255,0.574402566999197,3.335680826101452,computed,352,True
agriculture__mato_grosso__r0c0,agriculture,mato_grosso,"Mato Grosso, Brazil",-13.0,-56.0,-13.036305061804198,-56.03674117298044,00-15,32721,-4000.0,-4000.0,12.5,0.001,14,20,cuda:0,0.0145779071815873,psf_aware_minus50,6.25,0.0170241960183171,-0.1678079580462432,170257,170257,9.0,65536.0,170257.0,589824.0,5.28612626793612e-05,0.1713607562705874,0.0222624973393976,2.6692873840220277,0.1936232536099851,2.8629106376320124,computed,352,True
agriculture__mato_grosso__r0c0,agriculture,mato_grosso,"Mato Grosso, Brazil",-13.0,-56.0,-13.036305061804198,-56.03674117298044,00-15,32721,-4000.0,-4000.0,12.5,0.001,14,20,cuda:0,0.0145779071815873,nearest,,0.0176793054150331,-0.2127464659236573,169803,170804,,,,,,0.0,0.1294065825641155,0.0,0.1294065825641155,0.1294065825641155,computed,352,True
agriculture__mato_grosso__r0c0,agriculture,mato_grosso,"Mato Grosso, Brazil",-13.0,-56.0,-13.036305061804198,-56.03674117298044,00-15,32721,-4000.0,-4000.0,12.5,0.001,14,20,cuda:0,0.0145779071815873,bilinear,,0.0182541422147072,-0.2521785183104446,169803,170804,,,,,,0.0,0.1167582757771015,0.0,0.1167582757771015,0.1167582757771015,computed,352,True
agriculture__mato_grosso__r0c0,agriculture,mato_grosso,"Mato Grosso, Brazil",-13.0,-56.0,-13.036305061804198,-56.03674117298044,00-15,32721,-4000.0,-4000.0,12.5,0.001,14,20,cuda:0,0.0145779071815873,bicubic,,0.0165141614345158,-0.132821140154745,169803,170804,,,,,,0.0,0.7709025582298636,0.0,0.7709025582298636,0.7709025582298636,computed,352,True
agriculture__mato_grosso__r0c1,agriculture,mato_grosso,"Mato Grosso, Brazil",-13.0,-56.0,-13.036165273811926,-55.99985496760605,00-15,32721,0.0,-4000.0,12.5,0.001,14,20,cuda:0,0.0225562917335817,blurred_observation,12.5,0.0225562917335817,0.0,170803,170803,,,,,,0.0,0.0,0.0,0.0,0.0,computed,353,True
agriculture__mato_grosso__r0c1,agriculture,mato_grosso,"Mato Grosso, Brazil",-13.0,-56.0,-13.036165273811926,-55.99985496760605,00-15,32721,0.0,-4000.0,12.5,0.001,14,20,cuda:0,0.0225562917335817,psf_aware_matched,12.5,0.0185782677912087,0.1763598373951954,170803,172125,22.0,65536.0,172125.0,1441792.0,0.0001278140885984,0.2661985629238188,0.0404690601862967,2.7547946092672646,0.3066676231101155,3.06146223237738,computed,353,True
agriculture__mato_grosso__r0c1,agriculture,mato_grosso,"Mato Grosso, Brazil",-13.0,-56.0,-13.036165273811926,-55.99985496760605,00-15,32721,0.0,-4000.0,12.5,0.001,14,20,cuda:0,0.0225562917335817,psf_aware_plus50,18.75,0.0336579580666041,-0.4921760395789802,170803,174120,48.0,65536.0,174120.0,3145728.0,0.000275671950379,0.4249837002716958,0.0801351200789213,3.0892055686563253,0.5051188203506172,3.5943243890069425,computed,353,True
agriculture__mato_grosso__r0c1,agriculture,mato_grosso,"Mato Grosso, Brazil",-13.0,-56.0,-13.036165273811926,-55.99985496760605,00-15,32721,0.0,-4000.0,12.5,0.001,14,20,cuda:0,0.0225562917335817,psf_aware_minus50,6.25,0.0261203710945025,-0.1580082135404614,170271,170271,9.0,65536.0,170271.0,589824.0,5.2856916327501456e-05,0.1680285949259996,0.0224640080705285,2.803843829780817,0.1904926029965281,2.994336432777345,computed,353,True
agriculture__mato_grosso__r0c1,agriculture,mato_grosso,"Mato Grosso, Brazil",-13.0,-56.0,-13.036165273811926,-55.99985496760605,00-15,32721,0.0,-4000.0,12.5,0.001,14,20,cuda:0,0.0225562917335817,nearest,,0.0272178265720917,-0.206662287115654,169790,170803,,,,,,0.0,0.1326734400354325,0.0,0.1326734400354325,0.1326734400354325,computed,353,True
agriculture__mato_grosso__r0c1,agriculture,mato_grosso,"Mato Grosso, Brazil",-13.0,-56.0,-13.036165273811926,-55.99985496760605,00-15,32721,0.0,-4000.0,12.5,0.001,14,20,cuda:0,0.0225562917335817,bilinear,,0.0281208689158673,-0.2466973405030488,169790,170803,,,,,,0.0,0.1190600763075053,0.0,0.1190600763075053,0.1190600763075053,computed,353,True
agriculture__mato_grosso__r0c1,agriculture,mato_grosso,"Mato Grosso, Brazil",-13.0,-56.0,-13.036165273811926,-55.99985496760605,00-15,32721,0.0,-4000.0,12.5,0.001,14,20,cuda:0,0.0225562917335817,bicubic,,0.0256073101143108,-0.135262410008057,169790,170803,,,,,,0.0,0.7674508700147271,0.0,0.7674508700147271,0.7674508700147271,computed,353,True
agriculture__mato_grosso__r0c2,agriculture,mato_grosso,"Mato Grosso, Brazil",-13.0,-56.0,-13.036020235583043,-55.962969200399336,00-15,32721,4000.0,-4000.0,12.5,0.001,14,20,cuda:0,0.0177593626026206,blurred_observation,12.5,0.0177593626026206,0.0,170788,170788,,,,,,0.0,0.0,0.0,0.0,0.0,computed,354,True
agriculture__mato_grosso__r0c2,agriculture,mato_grosso,"Mato Grosso, Brazil",-13.0,-56.0,-13.036020235583043,-55.962969200399336,00-15,32721,4000.0,-4000.0,12.5,0.001,14,20,cuda:0,0.0177593626026206,psf_aware_matched,12.5,0.0138699705139931,0.21900516227162,170788,172129,22.0,65536.0,172129.0,1441792.0,0.0001278111184053,0.2670672191306948,0.0404274016618728,2.8847820311784744,0.3074946207925677,3.192276651971042,computed,354,True
agriculture__mato_grosso__r0c2,agriculture,mato_grosso,"Mato Grosso, Brazil",-13.0,-56.0,-13.036020235583043,-55.962969200399336,00-15,32721,4000.0,-4000.0,12.5,0.001,14,20,cuda:0,0.0177593626026206,psf_aware_plus50,18.75,0.0262782550439797,-0.4796845828296818,170788,174108,48.0,65536.0,174108.0,3145728.0,0.0002756909504445,0.502645465079695,0.079936773981899,2.92359780985862,0.582582239061594,3.506180048920214,computed,354,True
agriculture__mato_grosso__r0c2,agriculture,mato_grosso,"Mato Grosso, Brazil",-13.0,-56.0,-13.036020235583043,-55.962969200399336,00-15,32721,4000.0,-4000.0,12.5,0.001,14,20,cuda:0,0.0177593626026206,psf_aware_minus50,6.25,0.0207353426881365,-0.1675724603470132,170260,170260,9.0,65536.0,170260.0,589824.0,5.2860331258075886e-05,0.1809543571434915,0.0222335821017622,2.7057725992053747,0.2031879392452538,2.9089605384506285,computed,354,True
agriculture__mato_grosso__r0c2,agriculture,mato_grosso,"Mato Grosso, Brazil",-13.0,-56.0,-13.036020235583043,-55.962969200399336,00-15,32721,4000.0,-4000.0,12.5,0.001,14,20,cuda:0,0.0177593626026206,nearest,,0.0215590861632968,-0.2139560774616715,169810,170788,,,,,,0.0,0.1291362098418176,0.0,0.1291362098418176,0.1291362098418176,computed,354,True
agriculture__mato_grosso__r0c2,agriculture,mato_grosso,"Mato Grosso, Brazil",-13.0,-56.0,-13.036020235583043,-55.962969200399336,00-15,32721,4000.0,-4000.0,12.5,0.001,14,20,cuda:0,0.0177593626026206,bilinear,,0.0223069118180137,-0.2560648891037371,169810,170788,,,,,,0.0,0.1169146816246211,0.0,0.1169146816246211,0.1169146816246211,computed,354,True
agriculture__mato_grosso__r0c2,agriculture,mato_grosso,"Mato Grosso, Brazil",-13.0,-56.0,-13.036020235583043,-55.962969200399336,00-15,32721,4000.0,-4000.0,12.5,0.001,14,20,cuda:0,0.0177593626026206,bicubic,,0.0200828374436098,-0.1308309815492125,169810,170788,,,,,,0.0,0.7684142347425222,0.0,0.7684142347425222,0.7684142347425222,computed,354,True
agriculture__mato_grosso__r1c0,agriculture,mato_grosso,"Mato Grosso, Brazil",-13.0,-56.0,-13.000139387050169,-56.036880858509534,00-15,32721,-4000.0,0.0,12.5,0.001,14,20,cuda:0,0.0152685579415662,blurred_observation,12.5,0.0152685579415662,0.0,170804,170804,,,,,,0.0,0.0,0.0,0.0,0.0,computed,355,True
agriculture__mato_grosso__r1c0,agriculture,mato_grosso,"Mato Grosso, Brazil",-13.0,-56.0,-13.000139387050169,-56.036880858509534,00-15,32721,-4000.0,0.0,12.5,0.001,14,20,cuda:0,0.0152685579415662,psf_aware_matched,12.5,0.0121495559748622,0.2042761326014316,170804,172152,22.0,65536.0,172152.0,1441792.0,0.000127794042474,0.2982543888501823,0.040327011141926,2.801023136824369,0.3385813999921083,3.1396045368164778,computed,355,True
agriculture__mato_grosso__r1c0,agriculture,mato_grosso,"Mato Grosso, Brazil",-13.0,-56.0,-13.000139387050169,-56.036880858509534,00-15,32721,-4000.0,0.0,12.5,0.001,14,20,cuda:0,0.0152685579415662,psf_aware_plus50,18.75,0.0231102390349937,-0.5135836091029691,170804,174134,48.0,65536.0,174134.0,3145728.0,0.0002756497869456,0.4328509108163416,0.0799105241894722,3.088619608897716,0.5127614350058138,3.6013810439035296,computed,355,True
agriculture__mato_grosso__r1c0,agriculture,mato_grosso,"Mato Grosso, Brazil",-13.0,-56.0,-13.000139387050169,-56.036880858509534,00-15,32721,-4000.0,0.0,12.5,0.001,14,20,cuda:0,0.0152685579415662,psf_aware_minus50,6.25,0.0174052384298787,-0.1399399011019675,170268,170268,9.0,65536.0,170268.0,589824.0,5.285784762844457e-05,0.1638238108716905,0.0223536491394042,2.9240092001855373,0.1861774600110948,3.110186660196632,computed,355,True
agriculture__mato_grosso__r1c0,agriculture,mato_grosso,"Mato Grosso, Brazil",-13.0,-56.0,-13.000139387050169,-56.036880858509534,00-15,32721,-4000.0,0.0,12.5,0.001,14,20,cuda:0,0.0152685579415662,nearest,,0.0182148230599962,-0.192962893398672,169812,170804,,,,,,0.0,0.1485143331810832,0.0,0.1485143331810832,0.1485143331810832,computed,355,True
agriculture__mato_grosso__r1c0,agriculture,mato_grosso,"Mato Grosso, Brazil",-13.0,-56.0,-13.000139387050169,-56.036880858509534,00-15,32721,-4000.0,0.0,12.5,0.001,14,20,cuda:0,0.0152685579415662,bilinear,,0.0189128047863714,-0.2386765573246605,169812,170804,,,,,,0.0,0.1096941861324012,0.0,0.1096941861324012,0.1096941861324012,computed,355,True
agriculture__mato_grosso__r1c0,agriculture,mato_grosso,"Mato Grosso, Brazil",-13.0,-56.0,-13.000139387050169,-56.036880858509534,00-15,32721,-4000.0,0.0,12.5,0.001,14,20,cuda:0,0.0152685579415662,bicubic,,0.017274169664911,-0.1313556742568873,169812,170804,,,,,,0.0,0.7689871299080551,0.0,0.7689871299080551,0.7689871299080551,computed,355,True
agriculture__mato_grosso__r1c1,agriculture,mato_grosso,"Mato Grosso, Brazil",-13.0,-56.0,-13.000000000000002,-56.0,00-15,32721,0.0,0.0,12.5,0.001,14,20,cuda:0,0.0126081800933368,blurred_observation,12.5,0.0126081800933368,0.0,170798,170798,,,,,,0.0,0.0,0.0,0.0,0.0,computed,356,True
agriculture__mato_grosso__r1c1,agriculture,mato_grosso,"Mato Grosso, Brazil",-13.0,-56.0,-13.000000000000002,-56.0,00-15,32721,0.0,0.0,12.5,0.001,14,20,cuda:0,0.0126081800933368,psf_aware_matched,12.5,0.0099806618377314,0.2083979001056621,170798,172116,22.0,65536.0,172116.0,1441792.0,0.0001278207720374,0.2665554089471698,0.0404045381583273,2.943389837164432,0.3069599471054971,3.250349784269929,computed,356,True
agriculture__mato_grosso__r1c1,agriculture,mato_grosso,"Mato Grosso, Brazil",-13.0,-56.0,-13.000000000000002,-56.0,00-15,32721,0.0,0.0,12.5,0.001,14,20,cuda:0,0.0126081800933368,psf_aware_plus50,18.75,0.0184945304941917,-0.4668675698855022,170798,174113,48.0,65536.0,174113.0,3145728.0,0.0002756830334323,0.495677878614515,0.0796655612066388,2.7638128688558936,0.5753434398211539,3.3391563086770475,computed,356,True
agriculture__mato_grosso__r1c1,agriculture,mato_grosso,"Mato Grosso, Brazil",-13.0,-56.0,-13.000000000000002,-56.0,00-15,32721,0.0,0.0,12.5,0.001,14,20,cuda:0,0.0126081800933368,psf_aware_minus50,6.25,0.0145737516627438,-0.1558965334295765,170268,170268,9.0,65536.0,170268.0,589824.0,5.285784762844457e-05,0.1777860159054398,0.0222319290041923,2.737994046881795,0.2000179449096322,2.938011991791427,computed,356,True
agriculture__mato_grosso__r1c1,agriculture,mato_grosso,"Mato Grosso, Brazil",-13.0,-56.0,-13.000000000000002,-56.0,00-15,32721,0.0,0.0,12.5,0.001,14,20,cuda:0,0.0126081800933368,nearest,,0.015163233634209,-0.202650463584554,169809,170798,,,,,,0.0,0.1337903249077499,0.0,0.1337903249077499,0.1337903249077499,computed,356,True
agriculture__mato_grosso__r1c1,agriculture,mato_grosso,"Mato Grosso, Brazil",-13.0,-56.0,-13.000000000000002,-56.0,00-15,32721,0.0,0.0,12.5,0.001,14,20,cuda:0,0.0126081800933368,bilinear,,0.01565347586279,-0.2415333336698295,169809,170798,,,,,,0.0,0.1172166639007628,0.0,0.1172166639007628,0.1172166639007628,computed,356,True
agriculture__mato_grosso__r1c1,agriculture,mato_grosso,"Mato Grosso, Brazil",-13.0,-56.0,-13.000000000000002,-56.0,00-15,32721,0.0,0.0,12.5,0.001,14,20,cuda:0,0.0126081800933368,bicubic,,0.0141103994877849,-0.1191464099756918,169809,170798,,,,,,0.0,0.7619978319853544,0.0,0.7619978319853544,0.7619978319853544,computed,356,True
agriculture__mato_grosso__r1c2,agriculture,mato_grosso,"Mato Grosso, Brazil",-13.0,-56.0,-12.999855377771578,-55.96311957935426,00-15,32721,4000.0,0.0,12.5,0.001,14,20,cuda:0,0.0275322934137836,blurred_observation,12.5,0.0275322934137836,0.0,170798,170798,,,,,,0.0,0.0,0.0,0.0,0.0,computed,357,True
agriculture__mato_grosso__r1c2,agriculture,mato_grosso,"Mato Grosso, Brazil",-13.0,-56.0,-12.999855377771578,-55.96311957935426,00-15,32721,4000.0,0.0,12.5,0.001,14,20,cuda:0,0.0275322934137836,psf_aware_matched,12.5,0.0210270791224975,0.2362757868921042,170798,172110,22.0,65536.0,172110.0,1441792.0,0.0001278252280518,0.2664249818772077,0.0403640321455895,2.823560174088925,0.3067890140227973,3.1303491881117225,computed,357,True
agriculture__mato_grosso__r1c2,agriculture,mato_grosso,"Mato Grosso, Brazil",-13.0,-56.0,-12.999855377771578,-55.96311957935426,00-15,32721,4000.0,0.0,12.5,0.001,14,20,cuda:0,0.0275322934137836,psf_aware_plus50,18.75,0.0409167308407853,-0.4861359431939287,170798,174112,48.0,65536.0,174112.0,3145728.0,0.0002756846167983,0.4656469491310417,0.0797300226986408,2.8942275820299983,0.5453769718296826,3.439604553859681,computed,357,True
agriculture__mato_grosso__r1c2,agriculture,mato_grosso,"Mato Grosso, Brazil",-13.0,-56.0,-12.999855377771578,-55.96311957935426,00-15,32721,4000.0,0.0,12.5,0.001,14,20,cuda:0,0.0275322934137836,psf_aware_minus50,6.25,0.031955993345917,-0.1606731362930609,170274,170274,9.0,65536.0,170274.0,589824.0,5.285598505937489e-05,0.1670281700789928,0.0225833440199494,2.896836172323674,0.1896115140989422,3.086447686422616,computed,357,True
agriculture__mato_grosso__r1c2,agriculture,mato_grosso,"Mato Grosso, Brazil",-13.0,-56.0,-12.999855377771578,-55.96311957935426,00-15,32721,4000.0,0.0,12.5,0.001,14,20,cuda:0,0.0275322934137836,nearest,,0.0334836811655655,-0.2161602617819871,169780,170798,,,,,,0.0,0.1340572708286345,0.0,0.1340572708286345,0.1340572708286345,computed,357,True
agriculture__mato_grosso__r1c2,agriculture,mato_grosso,"Mato Grosso, Brazil",-13.0,-56.0,-12.999855377771578,-55.96311957935426,00-15,32721,4000.0,0.0,12.5,0.001,14,20,cuda:0,0.0275322934137836,bilinear,,0.0347506976084652,-0.2621795462584981,169780,170798,,,,,,0.0,0.1189170749858021,0.0,0.1189170749858021,0.1189170749858021,computed,357,True
agriculture__mato_grosso__r1c2,agriculture,mato_grosso,"Mato Grosso, Brazil",-13.0,-56.0,-12.999855377771578,-55.96311957935426,00-15,32721,4000.0,0.0,12.5,0.001,14,20,cuda:0,0.0275322934137836,bicubic,,0.0312119221974496,-0.1336477397056905,169780,170798,,,,,,0.0,0.7690566116943955,0.0,0.7690566116943955,0.7690566116943955,computed,357,True
agriculture__mato_grosso__r2c0,agriculture,mato_grosso,"Mato Grosso, Brazil",-13.0,-56.0,-12.963973610301924,-56.03702012231636,00-15,32721,-4000.0,4000.0,12.5,0.001,14,20,cuda:0,0.0148569735732057,blurred_observation,12.5,0.0148569735732057,0.0,170803,170803,,,,,,0.0,0.0,0.0,0.0,0.0,computed,358,True
agriculture__mato_grosso__r2c0,agriculture,mato_grosso,"Mato Grosso, Brazil",-13.0,-56.0,-12.963973610301924,-56.03702012231636,00-15,32721,-4000.0,4000.0,12.5,0.001,14,20,cuda:0,0.0148569735732057,psf_aware_matched,12.5,0.0123826593052798,0.1665422810193503,170803,172135,22.0,65536.0,172135.0,1441792.0,0.0001278066633746,0.2688252991065383,0.0405841576866805,2.76770397881046,0.3094094567932188,3.0771134356036782,computed,358,True
agriculture__mato_grosso__r2c0,agriculture,mato_grosso,"Mato Grosso, Brazil",-13.0,-56.0,-12.963973610301924,-56.03702012231636,00-15,32721,-4000.0,4000.0,12.5,0.001,14,20,cuda:0,0.0148569735732057,psf_aware_plus50,18.75,0.0221736850982802,-0.4924765793667445,170803,174115,48.0,65536.0,174115.0,3145728.0,0.0002756798667547,0.4597667120397091,0.0796222588978707,2.9077884261496365,0.5393889709375799,3.4471773970872164,computed,358,True
agriculture__mato_grosso__r2c0,agriculture,mato_grosso,"Mato Grosso, Brazil",-13.0,-56.0,-12.963973610301924,-56.03702012231636,00-15,32721,-4000.0,4000.0,12.5,0.001,14,20,cuda:0,0.0148569735732057,psf_aware_minus50,6.25,0.01722129107852,-0.159138568407922,170273,170273,9.0,65536.0,170273.0,589824.0,5.2856295478437565e-05,0.182155302260071,0.0224992642179131,2.8227293100208044,0.2046545664779842,3.0273838764987886,computed,358,True
agriculture__mato_grosso__r2c0,agriculture,mato_grosso,"Mato Grosso, Brazil",-13.0,-56.0,-12.963973610301924,-56.03702012231636,00-15,32721,-4000.0,4000.0,12.5,0.001,14,20,cuda:0,0.0148569735732057,nearest,,0.017899138668559,-0.2047634452846931,169797,170803,,,,,,0.0,0.1461783093400299,0.0,0.1461783093400299,0.1461783093400299,computed,358,True
agriculture__mato_grosso__r2c0,agriculture,mato_grosso,"Mato Grosso, Brazil",-13.0,-56.0,-12.963973610301924,-56.03702012231636,00-15,32721,-4000.0,4000.0,12.5,0.001,14,20,cuda:0,0.0148569735732057,bilinear,,0.0184556618067387,-0.2422221602401679,169797,170803,,,,,,0.0,0.1177880261093378,0.0,0.1177880261093378,0.1177880261093378,computed,358,True
agriculture__mato_grosso__r2c0,agriculture,mato_grosso,"Mato Grosso, Brazil",-13.0,-56.0,-12.963973610301924,-56.03702012231636,00-15,32721,-4000.0,4000.0,12.5,0.001,14,20,cuda:0,0.0148569735732057,bicubic,,0.0167997796817055,-0.1307672857413935,169797,170803,,,,,,0.0,0.7704573539085686,0.0,0.7704573539085686,0.7704573539085686,computed,358,True
agriculture__mato_grosso__r2c1,agriculture,mato_grosso,"Mato Grosso, Brazil",-13.0,-56.0,-12.963834624082317,-56.00014459453,00-15,32721,0.0,4000.0,12.5,0.001,14,20,cuda:0,0.0122938149678389,blurred_observation,12.5,0.0122938149678389,0.0,170807,170807,,,,,,0.0,0.0,0.0,0.0,0.0,computed,359,True
agriculture__mato_grosso__r2c1,agriculture,mato_grosso,"Mato Grosso, Brazil",-13.0,-56.0,-12.963834624082317,-56.00014459453,00-15,32721,0.0,4000.0,12.5,0.001,14,20,cuda:0,0.0122938149678389,psf_aware_matched,12.5,0.0100566381180774,0.1819758029231796,170807,172156,22.0,65536.0,172156.0,1441792.0,0.0001277910732126,0.2627203748561442,0.0402079448103904,2.812177394982428,0.3029283196665346,3.115105714648962,computed,359,True
agriculture__mato_grosso__r2c1,agriculture,mato_grosso,"Mato Grosso, Brazil",-13.0,-56.0,-12.963834624082317,-56.00014459453,00-15,32721,0.0,4000.0,12.5,0.001,14,20,cuda:0,0.0122938149678389,psf_aware_plus50,18.75,0.0183404125107489,-0.4918406173126997,170807,174149,48.0,65536.0,174149.0,3145728.0,0.0002756260443643,0.4864612719975412,0.0799655788578093,2.934501653071493,0.5664268508553505,3.5009285039268434,computed,359,True
agriculture__mato_grosso__r2c1,agriculture,mato_grosso,"Mato Grosso, Brazil",-13.0,-56.0,-12.963834624082317,-56.00014459453,00-15,32721,0.0,4000.0,12.5,0.001,14,20,cuda:0,0.0122938149678389,psf_aware_minus50,6.25,0.0142292140617249,-0.1574286825488302,170260,170260,9.0,65536.0,170260.0,589824.0,5.2860331258075886e-05,0.1724189002998173,0.0224405531771481,2.9507115646265447,0.1948594534769654,3.14557101810351,computed,359,True
agriculture__mato_grosso__r2c1,agriculture,mato_grosso,"Mato Grosso, Brazil",-13.0,-56.0,-12.963834624082317,-56.00014459453,00-15,32721,0.0,4000.0,12.5,0.001,14,20,cuda:0,0.0122938149678389,nearest,,0.0148034325101533,-0.2041365962380013,169818,170807,,,,,,0.0,0.1270420141518116,0.0,0.1270420141518116,0.1270420141518116,computed,359,True
agriculture__mato_grosso__r2c1,agriculture,mato_grosso,"Mato Grosso, Brazil",-13.0,-56.0,-12.963834624082317,-56.00014459453,00-15,32721,0.0,4000.0,12.5,0.001,14,20,cuda:0,0.0122938149678389,bilinear,,0.0153129703175187,-0.2455832756209548,169818,170807,,,,,,0.0,0.1093804622069001,0.0,0.1093804622069001,0.1093804622069001,computed,359,True
agriculture__mato_grosso__r2c1,agriculture,mato_grosso,"Mato Grosso, Brazil",-13.0,-56.0,-12.963834624082317,-56.00014459453,00-15,32721,0.0,4000.0,12.5,0.001,14,20,cuda:0,0.0122938149678389,bicubic,,0.0138823698503645,-0.1292157793720931,169818,170807,,,,,,0.0,0.7643365110270679,0.0,0.7643365110270679,0.7643365110270679,computed,359,True
agriculture__mato_grosso__r2c2,agriculture,mato_grosso,"Mato Grosso, Brazil",-13.0,-56.0,-12.963690417738611,-55.96326950430455,00-15,32721,4000.0,4000.0,12.5,0.001,14,20,cuda:0,0.015364118192626,blurred_observation,12.5,0.015364118192626,0.0,170803,170803,,,,,,0.0,0.0,0.0,0.0,0.0,computed,360,True
agriculture__mato_grosso__r2c2,agriculture,mato_grosso,"Mato Grosso, Brazil",-13.0,-56.0,-12.963690417738611,-55.96326950430455,00-15,32721,4000.0,4000.0,12.5,0.001,14,20,cuda:0,0.015364118192626,psf_aware_matched,12.5,0.0123501079087147,0.1961720318812649,170803,172145,22.0,65536.0,172145.0,1441792.0,0.0001277992390136,0.2701392071321606,0.0405906708911061,2.939546317793429,0.3107298780232668,3.250276195816696,computed,360,True
agriculture__mato_grosso__r2c2,agriculture,mato_grosso,"Mato Grosso, Brazil",-13.0,-56.0,-12.963690417738611,-55.96326950430455,00-15,32721,4000.0,4000.0,12.5,0.001,14,20,cuda:0,0.015364118192626,psf_aware_plus50,18.75,0.0228709008606878,-0.4885918328631851,170803,174124,48.0,65536.0,174124.0,3145728.0,0.0002756656176058,0.4763778131455183,0.0796592277474701,2.860501992981881,0.5560370408929884,3.4165390338748693,computed,360,True
agriculture__mato_grosso__r2c2,agriculture,mato_grosso,"Mato Grosso, Brazil",-13.0,-56.0,-12.963690417738611,-55.96326950430455,00-15,32721,4000.0,4000.0,12.5,0.001,14,20,cuda:0,0.015364118192626,psf_aware_minus50,6.25,0.0176819943330958,-0.1508629464710975,170260,170260,9.0,65536.0,170260.0,589824.0,5.2860331258075886e-05,0.1631009508855641,0.0223873117938637,2.703164256643504,0.1854882626794278,2.888652519322932,computed,360,True
agriculture__mato_grosso__r2c2,agriculture,mato_grosso,"Mato Grosso, Brazil",-13.0,-56.0,-12.963690417738611,-55.96326950430455,00-15,32721,4000.0,4000.0,12.5,0.001,14,20,cuda:0,0.015364118192626,nearest,,0.0183913591668339,-0.1970331740653257,169815,170803,,,,,,0.0,0.1471199318766594,0.0,0.1471199318766594,0.1471199318766594,computed,360,True
agriculture__mato_grosso__r2c2,agriculture,mato_grosso,"Mato Grosso, Brazil",-13.0,-56.0,-12.963690417738611,-55.96326950430455,00-15,32721,4000.0,4000.0,12.5,0.001,14,20,cuda:0,0.015364118192626,bilinear,,0.0190397820091982,-0.2392368875641879,169815,170803,,,,,,0.0,0.1104520210064947,0.0,0.1104520210064947,0.1104520210064947,computed,360,True
agriculture__mato_grosso__r2c2,agriculture,mato_grosso,"Mato Grosso, Brazil",-13.0,-56.0,-12.963690417738611,-55.96326950430455,00-15,32721,4000.0,4000.0,12.5,0.001,14,20,cuda:0,0.015364118192626,bicubic,,0.0173329848674164,-0.1281470664379125,169815,170803,,,,,,0.0,0.758101241197437,0.0,0.758101241197437,0.758101241197437,computed,360,True
